r_id,npf,proved,cost,seconds
golden_1,O=[CH:31][CH:32]([C:26](=[O:2])[N:33]1[CH2:22][CH2:19][O:25][CH2:20][CH2:23]1)[c:30]1[cH:17][cH:11][cH:6][cH:12][cH:18]1.[CH2:1]=[CH:3][CH2:21][C:27]([NH2:24])([c:28]1[cH:13][cH:7][cH:4][cH:8][cH:14]1)[c:29]1[cH:15][cH:9][cH:5][cH:10][cH:16]1>>[CH2:1]=[CH:3][CH2:21][CH:31]([N:24]=[C:27]([c:28]1[cH:13][cH:7][cH:4][cH:8][cH:14]1)[c:29]1[cH:15][cH:9][cH:5][cH:10][cH:16]1)[CH:32]([C:26](=[O:2])[N:33]1[CH2:22][CH2:19][O:25][CH2:20][CH2:23]1)[c:30]1[cH:17][cH:11][cH:6][cH:12][cH:18]1,1,4,0.21
golden_2,C=C[CH2:8][S:10][CH2:9][C:11]([CH3:1])=[O:4].[CH3:2][CH:12]([NH2:3])[CH:13]([OH:5])[CH:7]=[CH2:6]>>[CH3:1][C:11](=[O:4])[CH2:9][S:10][CH2:8][CH:6]=[CH:7][CH:13]([OH:5])[CH:12]([CH3:2])[NH2:3],1,3,0.03
golden_3,CC(C)(C)[Si](C)(C)[O:14][CH:17]([CH2:11][CH2:10][CH:16](OS(C)(=O)=O)[CH2:9][CH:2]=[CH2:1])[CH2:12][O:13][CH2:8][c:15]1[cH:6][cH:4][cH:3][cH:5][cH:7]1>>[CH2:1]=[CH:2][CH2:9][CH:16]1[CH2:10][CH2:11][CH:17]([CH2:12][O:13][CH2:8][c:15]2[cH:6][cH:4][cH:3][cH:5][cH:7]2)[O:14]1,1,3,0.08
golden_4,[CH3:1][CH2:12][O:15][C:17](=[O:3])[CH2:21][C:18](=[O:4])[O:16][CH2:13][CH3:2].[O:5]=[N+:23]([O-:6])[CH:14]=[CH:22][c:20]1[cH:10][cH:8][c:19]([Cl:7])[cH:9][cH:11]1>>[CH3:1][CH2:12][O:15][C:17](=[O:3])[CH:21]([C:18](=[O:4])[O:16][CH2:13][CH3:2])[CH:22]([CH2:14][N+:23](=[O:5])[O-:6])[c:20]1[cH:10][cH:8][c:19]([Cl:7])[cH:9][cH:11]1,1,3,0.06
golden_5,[CH3:1][N:17]([CH2:3][C:4]#[C:14][c:15]1[cH:9][cH:8][s:13][cH:10]1)[c:16]1[cH:11][cH:6][cH:5][cH:7][cH:12]1.[OH2:2]>>[CH3:1][N:17]([C:14](=[CH:4][CH:3]=[O:2])[c:15]1[cH:9][cH:8][s:13][cH:10]1)[c:16]1[cH:11][cH:6][cH:5][cH:7][cH:12]1,1,5,0.04
golden_6,[CH3:1][O:10][C:11](=[O:2])[c:13]1[cH:4][cH:6][c:14]([CH:3]=[C:12]2[CH2:8][CH2:9]2)[cH:7][cH:5]1>>[CH3:1][O:10][C:11](=[O:2])[c:13]1[cH:4][cH:6][c:14]([C:12]2=[CH:3][CH2:8][CH2:9]2)[cH:7][cH:5]1,1,4,0.06
golden_7,[N-]=[N+]=[N:6][c:8]1[cH:4][cH:2][cH:3][cH:5][c:9]1[N+:10]([O-:1])=[O:7]>>[O-:1][n+:10]1[o:7][n:6][c:8]2[cH:4][cH:2][cH:3][cH:5][c:9]21,1,2,0.01
golden_8,O[CH3:2].[CH3:1][CH:5]([CH:6]=[CH:16][c:15]1[cH:9][cH:7][c:14]([Br:4])[cH:8][cH:10]1)[O:12][C:13](=[O:3])[NH2:11]>>[CH3:1][CH:5]=[CH:6][CH:16]([NH:11][C:13](=[O:3])[O:12][CH3:2])[c:15]1[cH:9][cH:7][c:14]([Br:4])[cH:8][cH:10]1,1,4,0.03
golden_9,O=[C:14]([CH3:2])[c:13]1[cH:7][cH:5][cH:4][cH:6][cH:8]1.[CH3:1][C:12]([CH2:3][CH2:9][OH:11])=[CH2:10]>>[CH3:1][C:12]1=[CH:3][CH2:9][O:11][C:14]([CH3:2])([c:13]2[cH:7][cH:5][cH:4][cH:6][cH:8]2)[CH2:10]1,1,4,0.24
golden_10,CC[O:6][C:28](=[O:5])[CH2:23][c:31]1[cH:18][s:27][c:32](-[c:36]2[cH:22][cH:17][c:30]([C:37]([CH2:24][CH3:1])([CH2:25][CH3:2])[c:29]3[cH:16][cH:21][c:35]([CH:14]=[CH:15][C:40]([OH:7])([C:38]([F:8])([F:9])[F:10])[C:39]([F:11])([F:12])[F:13])[c:33]([CH3:3])[cH:19]3)[cH:20][c:34]2[CH3:4])[n:26]1.O>>[CH3:1][CH2:24][C:37]([CH2:25][CH3:2])([c:29]1[cH:16][cH:21][c:35]([CH:14]=[CH:15][C:40]([OH:7])([C:38]([F:8])([F:9])[F:10])[C:39]([F:11])([F:12])[F:13])[c:33]([CH3:3])[cH:19]1)[c:30]1[cH:17][cH:22][c:36](-[c:32]2[n:26][c:31]([CH2:23][C:28](=[O:5])[OH:6])[cH:18][s:27]2)[c:34]([CH3:4])[cH:20]1,1,1,0.18
golden_11,C=C[CH2:7][CH2:8][CH2:6][CH3:1].[CH3:2][C:9](=[O:3])[CH:5]=[CH2:4]>>[CH3:1][CH2:6][CH2:8][CH2:7][CH:4]=[CH:5][C:9]([CH3:2])=[O:3],1,3,0.02
golden_12,CC[O:7][C:22](=[O:5])[CH2:16][CH2:19][N:33]([CH3:4])[C:23](=[O:6])[c:26]1[cH:12][cH:10][c:25]([NH:20][CH:32]([c:27]2[o:21][c:29]3[cH:14][cH:9][c:24]([F:8])[cH:15][c:30]3[c:28]2[CH3:3])[CH:31]([CH2:17][CH3:1])[CH2:18][CH3:2])[cH:11][cH:13]1.O>>[CH3:1][CH2:17][CH:31]([CH2:18][CH3:2])[CH:32]([NH:20][c:25]1[cH:10][cH:12][c:26]([C:23](=[O:6])[N:33]([CH3:4])[CH2:19][CH2:16][C:22](=[O:5])[OH:7])[cH:13][cH:11]1)[c:27]1[o:21][c:29]2[cH:14][cH:9][c:24]([F:8])[cH:15][c:30]2[c:28]1[CH3:3],1,1,0.12
golden_13,[CH3:1][CH:27]=[C:19]([CH:7]=[CH:23][CH:24]=[O:3])[c:20]1[cH:13][cH:9][cH:8][cH:10][cH:14]1.[O:2]=[C:18]1[NH:17][c:21]2[cH:15][cH:11][cH:12][cH:16][c:22]2[C:28]1=[CH:25][C:26]([F:4])([F:5])[F:6]>>[CH3:1][C:27]12[C:19]([c:20]3[cH:13][cH:9][cH:8][cH:10][cH:14]3)=[CH:7][CH:23]([CH:24]1[OH:3])[CH:25]([C:26]([F:4])([F:5])[F:6])[C:28]21[C:18](=[O:2])[NH:17][c:21]2[cH:15][cH:11][cH:12][cH:16][c:22]21,1,4,1.31
golden_14,Cl[CH2:6][CH:12]1[O:1][C:11](=[S:10])[S:9][CH2:5]1.[CH2:2]1[CH2:3][CH2:7][NH:13][CH2:8][CH2:4]1>>[O:1]=[C:11]([S:9][CH2:5][CH:12]1[CH2:6][S:10]1)[N:13]1[CH2:7][CH2:3][CH2:2][CH2:4][CH2:8]1,1,6,0.04
golden_15,[O:1]=[C:14]1[O:5][C:15](=[O:2])[CH2:12][CH2:10][CH2:11]1.[O:3]=[N+:19]([O-:4])[c:16]1[cH:7][cH:8][c:17]([F:6])[c:18]([NH2:13])[cH:9]1>>[O:1]=[C:14]([OH:5])[CH2:11][CH2:10][CH2:12][C:15](=[O:2])[NH:13][c:18]1[cH:9][c:16]([N+:19](=[O:3])[O-:4])[cH:7][cH:8][c:17]1[F:6],1,2,0.03
golden_16,CCOP(=O)(OCC)[CH:13]([O:3][CH2:11][CH:5]=[CH2:1])[C:12](=[O:2])[O:4]CC.O.O=[CH:15][c:14]1[cH:9][cH:7][cH:6][cH:8][cH:10]1>>[CH2:1]=[CH:5][CH2:11][CH:15]([C:13](=[O:3])[C:12](=[O:2])[OH:4])[c:14]1[cH:9][cH:7][cH:6][cH:8][cH:10]1,1,7,0.16
golden_17,O=[CH:28][CH2:19][CH2:17][CH2:15][CH3:2].[Br:5][c:26]1[cH:12][cH:9][cH:13][c:27]([N+:22]#[C-:23])[n:21]1.[CH3:1][CH2:14][CH2:16][CH2:18][C:24]([OH:3])=[O:4].[cH:6]1[cH:7][cH:10][c:25]([CH2:20][NH2:29])[cH:11][cH:8]1>>[CH3:1][CH2:14][CH2:16][CH2:18][C:24](=[O:4])[N:29]([CH2:20][c:25]1[cH:10][cH:7][cH:6][cH:8][cH:11]1)[CH:28]([CH2:19][CH2:17][CH2:15][CH3:2])[C:23](=[O:3])[NH:22][c:27]1[cH:13][cH:9][cH:12][c:26]([Br:5])[n:21]1,1,6,0.86
golden_18,CC[O:3][C:8](=[O:1])[C:9](=[O:2])[c:11]1[cH:6][cH:5][c:10]([Br:4])[s:7]1.O>>[O:1]=[C:8]([OH:3])[C:9](=[O:2])[c:11]1[cH:6][cH:5][c:10]([Br:4])[s:7]1,1,1,0.01
golden_19,[CH3:1][CH2:10][CH2:12][CH2:13][CH2:11][CH:5]([O:15][C:16](=[O:4])[CH2:14][c:23]1[c:19]2[cH:9][cH:7][cH:6][cH:8][c:18]2[n:21]([CH3:2])[cH:20]1)[C:17]#[C:22][CH3:3]>>[CH3:1][CH2:10][CH2:12][CH2:13][CH2:11][CH:5]=[C:17]1[CH:20]2[N:21]([CH3:2])[c:18]3[cH:8][cH:6][cH:7][cH:9][c:19]3[C:23]23[CH2:14][C:16](=[O:4])[O:15][C:22]13[CH3:3],1,4,0.09
golden_20,O[C:12]([CH3:1])=[O:2].[O:3]=[C:13]1[CH:4]=[C:14]2[O:10][CH2:8][C:17]2([OH:11])[CH2:9][CH:15]2[CH2:6][CH2:5][CH2:7][N:16]12>>[CH3:1][C:12](=[O:2])[O:10][CH2:8][C:17]12[CH2:9][CH:15]3[CH2:6][CH2:5][CH2:7][N:16]3[C:14]1=[CH:4][C:13](=[O:3])[O:11]2,1,6,0.06
golden_21,C[O:3][CH:10]1[O:2][C:9](=[CH2:4])[CH:12]2[CH2:6][C:8](=[O:1])[O:7][CH:11]2[CH2:5]1.O>>[O:1]=[C:8]1[CH2:6][CH:12]2[C:9](=[O:2])[CH2:4][CH:10]([OH:3])[CH2:5][CH:11]2[O:7]1,1,3,0.02
golden_22,O=C(Cl)[C:25](=[O:2])[Cl:6].O=C(O)[c:28]1[cH:10][cH:8][cH:9][c:27]([CH2:22][n:35]2[cH:16][cH:13][c:30]([NH:24][C:26](=[O:3])[CH:34]([CH2:21][CH:33]3[CH2:19][CH2:17][CH2:18][CH2:20]3)[c:29]3[cH:12][cH:15][c:32]([S:36]([CH3:1])(=[O:4])=[O:5])[c:31]([Cl:7])[cH:14]3)[n:23]2)[cH:11]1>>[CH3:1][S:36](=[O:4])(=[O:5])[c:32]1[cH:15][cH:12][c:29]([CH:34]([CH2:21][CH:33]2[CH2:19][CH2:17][CH2:18][CH2:20]2)[C:26](=[O:3])[NH:24][c:30]2[cH:13][cH:16][n:35]([CH2:22][c:27]3[cH:9][cH:8][cH:10][c:28]([C:25](=[O:2])[Cl:6])[cH:11]3)[n:23]2)[cH:14][c:31]1[Cl:7],1,3,0.20
golden_23,CCO[C:10](=[O:2])[c:11]1[cH:6][cH:4][cH:5][n:9][cH:7]1.[N:1]#[C:3][CH3:8]>>[N:1]#[C:3][CH2:8][C:10](=[O:2])[c:11]1[cH:6][cH:4][cH:5][n:9][cH:7]1,1,3,0.04
golden_24,C[O:5][C:25](=[O:2])[CH:35]([CH2:18][c:27]1[cH:11][cH:12][c:28]([Cl:7])[c:29]([Cl:8])[cH:13]1)[NH:21][C:24](=[O:1])[c:31]1[cH:15][cH:10][c:26]([Cl:6])[cH:14][c:30]1[NH:22][S:36](=[O:3])(=[O:4])[c:32]1[cH:16][cH:9][cH:17][c:33]2[n:19][s:23][n:20][c:34]12.O>>[O:1]=[C:24]([NH:21][CH:35]([CH2:18][c:27]1[cH:11][cH:12][c:28]([Cl:7])[c:29]([Cl:8])[cH:13]1)[C:25](=[O:2])[OH:5])[c:31]1[cH:15][cH:10][c:26]([Cl:6])[cH:14][c:30]1[NH:22][S:36](=[O:3])(=[O:4])[c:32]1[cH:16][cH:9][cH:17][c:33]2[n:19][s:23][n:20][c:34]12,1,1,0.15
golden_25,[CH3:1][O:20][C:22](=[O:3])[C:29]([CH2:18][CH:28]=[CH:27][CH:7]1[O:5][CH:6]1[c:25]1[cH:14][cH:10][cH:8][cH:11][cH:15]1)([CH2:19][C:30]#[C:24][c:26]1[cH:16][cH:12][cH:9][cH:13][cH:17]1)[C:23](=[O:4])[O:21][CH3:2]>>[CH3:1][O:20][C:22](=[O:3])[C:29]1([C:23](=[O:4])[O:21][CH3:2])[CH2:18][CH:28]2[CH:27]([CH:7]=[CH:6][c:25]3[cH:14][cH:10][cH:8][cH:11][cH:15]3)[C:30]2([C:24](=[O:5])[c:26]2[cH:16][cH:12][cH:9][cH:13][cH:17]2)[CH2:19]1,1,5,1.46
golden_26,C[O:5][C:20](=[O:2])[CH2:15][CH:29]1[NH:18][c:26]2[cH:10][cH:8][c:23]([C:21](=[O:3])[NH:17][CH2:14][c:24]3[cH:12][c:27]4[cH:11][cH:6][cH:7][cH:13][c:28]4[nH:19]3)[cH:9][c:25]2[CH2:16][N:30]([CH3:1])[C:22]1=[O:4].O>>[CH3:1][N:30]1[CH2:16][c:25]2[cH:9][c:23]([C:21](=[O:3])[NH:17][CH2:14][c:24]3[cH:12][c:27]4[cH:11][cH:6][cH:7][cH:13][c:28]4[nH:19]3)[cH:8][cH:10][c:26]2[NH:18][CH:29]([CH2:15][C:20](=[O:2])[OH:5])[C:22]1=[O:4],1,1,0.13
golden_27,O=[C:13]([CH3:1])[CH:6]=[CH:7][CH:14]=[O:11].[O:2]=[C:12]1[O:9][CH:16]([CH:15]([OH:3])[CH2:8][OH:10])[C:18]([OH:5])=[C:17]1[OH:4]>>[CH3:1][c:13]1[cH:6][cH:7][c:14]([C:17]2([OH:4])[C:12](=[O:2])[O:9][CH:16]3[CH:15]([OH:3])[CH2:8][O:10][C:18]32[OH:5])[o:11]1,1,5,0.08
golden_28,[CH2:1]=[CH:4][CH2:9][O:3][c:11]1[cH:5][cH:7][c:14]2[cH:8][cH:6][c:13](=[O:2])[o:10][c:15]2[cH:12]1>>[CH2:1]=[CH:4][CH2:9][c:12]1[c:11]([OH:3])[cH:5][cH:7][c:14]2[cH:8][cH:6][c:13](=[O:2])[o:10][c:15]12,1,3,0.05
golden_29,CCOC(C)(OCC)O[CH2:15][CH3:1].[CH2:2]1[CH2:3][CH2:8][CH:19]([NH2:13])[CH2:9][CH2:4]1.[CH2:5]1[CH:16]2[CH2:6][CH:18]3[CH2:7][CH:17]1[CH2:11][C:20]([NH2:14])([CH2:10]2)[CH2:12]3>>[CH3:1][C:15](=[N:13][CH:19]1[CH2:8][CH2:3][CH2:2][CH2:4][CH2:9]1)[NH:14][C:20]12[CH2:10][CH:16]3[CH2:5][CH:17]([CH2:7][CH:18]([CH2:6]3)[CH2:12]1)[CH2:11]2,1,5,0.09
golden_30,F[c:12]1[cH:6][cH:3][cH:4][cH:7][c:13]1I.[CH3:1][CH2:8][C:10]#[CH:5].[O+:2]#[C-:11].[SH-:9]>>[CH3:1][CH2:8][c:10]1[cH:5][c:11](=[O:2])[c:13]2[cH:7][cH:4][cH:3][cH:6][c:12]2[s:9]1,1,6,0.05
golden_31,CC[O:4][C:11](=[O:2])[c:14]1[cH:8][n:21]([CH:20]2[CH2:9][CH2:10]2)[c:19]2[c:16]([F:7])[c:13]([F:6])[c:12]([F:5])[c:15]([CH3:1])[c:18]2[c:17]1=[O:3].O>>[CH3:1][c:15]1[c:12]([F:5])[c:13]([F:6])[c:16]([F:7])[c:19]2[c:18]1[c:17](=[O:3])[c:14]([C:11](=[O:2])[OH:4])[cH:8][n:21]2[CH:20]1[CH2:9][CH2:10]1,1,1,0.05
golden_32,CC1(C)O[C:19](=[O:4])[CH:24]([CH:25]([CH2:12][CH:23]([CH3:2])[CH3:3])[C:20](=[O:5])[N:26]2[CH2:13][CH2:15][N:27]([c:22]3[cH:10][cH:8][c:21]([O:18][CH3:1])[cH:9][cH:11]3)[CH2:16][CH2:14]2)[O:7]1.[OH:6][NH2:17]>>[CH3:1][O:18][c:21]1[cH:8][cH:10][c:22]([N:27]2[CH2:15][CH2:13][N:26]([C:20](=[O:5])[CH:25]([CH2:12][CH:23]([CH3:2])[CH3:3])[CH:24]([OH:7])[C:19](=[O:4])[NH:17][OH:6])[CH2:14][CH2:16]2)[cH:11][cH:9]1,1,3,0.11
golden_33,O[CH2:7][CH3:1].[CH3:2][CH2:8][OH:12].[O:3]=[C:13]1[O:11][C:14](=[O:4])[CH:16]2[CH2:10][CH:6]=[CH:5][CH2:9][CH:15]12>>[CH3:1][CH2:7][O:11][C:13](=[O:3])[CH:15]1[CH2:9][CH:5]=[CH:6][CH2:10][CH:16]1[C:14](=[O:4])[O:12][CH2:8][CH3:2],1,4,0.04
golden_34,O=C(O[OH:2])c1cccc(Cl)c1.[o:1]1[c:7]([CH2:5][OH:6])[cH:3][cH:4][cH:8]1>>[O:1]=[C:7]1[CH:3]=[CH:4][CH:8]([OH:2])[O:6][CH2:5]1,1,4,0.36
golden_35,CC[O:5][C:20](=[O:4])[c:26]1[cH:11][cH:7][cH:6][cH:10][c:25]1[CH2:16][CH2:15][c:21]1[cH:8][cH:14][c:28]2[o:18][c:23](-[c:24]3[n:17][c:22]([C:29]([CH3:1])([CH3:2])[CH3:3])[cH:9][s:19]3)[cH:13][c:27]2[cH:12]1.O>>[CH3:1][C:29]([CH3:2])([CH3:3])[c:22]1[cH:9][s:19][c:24](-[c:23]2[cH:13][c:27]3[cH:12][c:21]([CH2:15][CH2:16][c:25]4[cH:10][cH:6][cH:7][cH:11][c:26]4[C:20](=[O:4])[OH:5])[cH:8][cH:14][c:28]3[o:18]2)[n:17]1,1,1,0.11
golden_36,C[O:8][C:12](=[O:4])[CH2:6][CH2:7][CH:14]=[CH:17][CH:16]1[O:11][C:19]([CH3:2])([CH3:3])[O:10][CH:15]1[C:13](=[O:5])[NH:18][O:9][CH3:1]>>[CH3:1][O:9][N:18]1[C:13](=[O:5])[CH:15]2[O:10][C:19]([CH3:2])([CH3:3])[O:11][CH:16]2[CH:17]1[CH:14]1[CH2:7][CH2:6][C:12](=[O:4])[O:8]1,1,3,0.05
golden_37,C[O:5][C:17](=[O:1])[CH2:14][CH2:12][CH2:10][CH2:9][CH2:11][CH2:13][CH2:15][n:22]1[c:19](=[O:2])[o:16][c:20]2[cH:7][cH:6][c:18]([N+:23](=[O:3])[O-:4])[cH:8][c:21]21.O>>[O:1]=[C:17]([OH:5])[CH2:14][CH2:12][CH2:10][CH2:9][CH2:11][CH2:13][CH2:15][n:22]1[c:19](=[O:2])[o:16][c:20]2[cH:7][cH:6][c:18]([N+:23](=[O:3])[O-:4])[cH:8][c:21]21,1,1,0.04
golden_38,[CH3:2][c:10]1[cH:6][cH:5][c:9]([N+:12](=[O:3])[O-:4])[cH:7][c:11]1[OH:8].[CH4:1]>>[CH3:1][O:8][c:11]1[cH:7][c:9]([N+:12](=[O:3])[O-:4])[cH:5][cH:6][c:10]1[CH3:2],1,2,0.02
golden_39,O=[CH:33][c:31]1[cH:21][cH:13][cH:7][cH:14][cH:22]1.[OH:1][C:28](=[O:2])[C:35]([F:3])([F:4])[S:26][c:30]1[cH:19][cH:11][cH:6][cH:12][cH:20]1.[cH:5]1[cH:9][cH:17][c:29]([N+:25]#[C-:27])[cH:18][cH:10]1.[cH:8]1[cH:15][cH:23][c:32]([NH2:34])[cH:24][cH:16]1>>[O:1]=[C:27]([NH:25][c:29]1[cH:17][cH:9][cH:5][cH:10][cH:18]1)[CH:33]([c:31]1[cH:21][cH:13][cH:7][cH:14][cH:22]1)[N:34]([C:28](=[O:2])[C:35]([F:3])([F:4])[S:26][c:30]1[cH:19][cH:11][cH:6][cH:12][cH:20]1)[c:32]1[cH:23][cH:15][cH:8][cH:16][cH:24]1,1,6,0.99
golden_40,I[c:20]1[cH:9][cH:7][c:19]([O:15][C:17]([CH3:2])=[O:3])[cH:8][cH:10]1.[CH3:1][CH2:14][C:22]#[C:23][c:25]1[cH:13][c:21]([N+:26](=[O:5])[O-:6])[cH:11][cH:12][c:24]1[OH:16].[O+:4]#[C-:18]>>[CH3:1][CH2:14][c:22]1[o:16][c:24]2[cH:12][cH:11][c:21]([N+:26](=[O:5])[O-:6])[cH:13][c:25]2[c:23]1[C:18](=[O:4])[c:20]1[cH:9][cH:7][c:19]([O:15][C:17]([CH3:2])=[O:3])[cH:8][cH:10]1,1,4,1.15
golden_41,Cl[CH:31]([CH3:1])[c:26]1[cH:12][cH:8][c:24]([F:2])[cH:9][cH:13]1.[cH:3]1[cH:4][cH:10][c:25]([CH2:16][CH2:19][N:32]2[CH2:20][CH2:17][CH:30]([NH:23][c:27]3[n:22][c:28]4[cH:14][cH:6][cH:7][cH:15][c:29]4[nH:33]3)[CH2:18][CH2:21]2)[cH:11][cH:5]1>>[CH3:1][CH:31]([c:26]1[cH:12][cH:8][c:24]([F:2])[cH:9][cH:13]1)[n:33]1[c:27]([NH:23][CH:30]2[CH2:17][CH2:20][N:32]([CH2:19][CH2:16][c:25]3[cH:10][cH:4][cH:3][cH:5][cH:11]3)[CH2:21][CH2:18]2)[n:22][c:28]2[cH:14][cH:6][cH:7][cH:15][c:29]21,1,2,0.11
golden_42,C[S:15][CH2:10][CH2:11][CH:18]([NH:12][C:16](=[O:6])[O:14][C:19]([CH3:3])([CH3:4])[CH3:5])[C:17](=[O:7])[O:13][CH3:2].I[CH2:9][CH:8]=[CH2:1]>>[CH2:1]=[CH:8][CH2:9][S:15][CH2:10][CH2:11][CH:18]([NH:12][C:16](=[O:6])[O:14][C:19]([CH3:3])([CH3:4])[CH3:5])[C:17](=[O:7])[O:13][CH3:2],1,3,0.04
golden_43,[CH2:1]=[CH:5][CH2:9][O:4][c:11]1[cH:7][cH:6][c:10]([N+:13](=[O:2])[O-:3])[cH:8][cH:12]1>>[CH2:1]=[CH:5][CH2:9][c:12]1[cH:8][c:10]([N+:13](=[O:2])[O-:3])[cH:6][cH:7][c:11]1[OH:4],1,3,0.03
golden_44,C=C[CH2:12][C:21]1([N+:19](=[O:3])[O-:4])[CH2:13][O:16][C:20]2([CH2:10][CH2:8][CH2:7][CH2:9][CH2:11]2)[O:17][CH2:14]1.[CH3:1][O:15][C:18](=[O:2])[CH:6]=[CH2:5]>>[CH3:1][O:15][C:18](=[O:2])[CH:6]=[CH:5][CH2:12][C:21]1([N+:19](=[O:3])[O-:4])[CH2:13][O:16][C:20]2([CH2:10][CH2:8][CH2:7][CH2:9][CH2:11]2)[O:17][CH2:14]1,1,3,0.05
golden_45,CCCCO[N:9]=[O:2].[N:1]#[C:3][CH3:11].[cH:4]1[cH:5][cH:8][c:14]2[cH:12][cH:6][s:10][c:13]2[cH:7]1>>[N:1]#[C:3][C:11](=[N:9][OH:2])[c:12]1[cH:6][s:10][c:13]2[cH:7][cH:4][cH:5][cH:8][c:14]12,1,7,0.04
golden_46,O=[C:15]([CH2:11][CH2:9][CH2:10][C:13](=[O:2])[OH:5])[NH:12][c:16]1[cH:7][c:14]([N+:19](=[O:3])[O-:4])[cH:6][cH:8][c:17]1[NH:18][CH3:1]>>[CH3:1][n:18]1[c:15]([CH2:11][CH2:9][CH2:10][C:13](=[O:2])[OH:5])[n:12][c:16]2[cH:7][c:14]([N+:19](=[O:3])[O-:4])[cH:6][cH:8][c:17]21,1,2,0.06
golden_47,O[CH:4]([CH2:5][N+:12](=[O:1])[O-:2])[c:11]1[cH:8][cH:6][c:10]([Cl:3])[cH:7][cH:9]1>>[O:1]=[N+:12]([O-:2])[CH:5]=[CH:4][c:11]1[cH:8][cH:6][c:10]([Cl:3])[cH:7][cH:9]1,1,2,0.03
golden_48,O[c:21]1[cH:8][cH:6][cH:7][cH:9][c:22]1[N+:26](=[O:4])[O-:5].[CH2:10]1[CH2:11][CH2:14][CH:23]([N+:18]#[C-:20])[CH2:15][CH2:12]1.[CH3:1][CH2:16][CH:24]=[O:3].[CH3:2][O:19][CH2:13][CH2:17][NH2:25]>>[CH3:1][CH2:16][CH:24]([C:20](=[O:3])[NH:18][CH:23]1[CH2:14][CH2:11][CH2:10][CH2:12][CH2:15]1)[N:25]([CH2:17][CH2:13][O:19][CH3:2])[c:21]1[cH:8][cH:6][cH:7][cH:9][c:22]1[N+:26](=[O:4])[O-:5],1,6,0.16
golden_49,[CH3:1][C:8]1([C:12]([CH3:5])=[CH:11][CH3:4])[O:6][CH:9]([CH3:2])[O:7][CH:10]1[CH3:3]>>[CH3:1][C:8](=[O:6])[C:12]1([CH3:5])[CH:10]([CH3:3])[O:7][CH:9]([CH3:2])[CH:11]1[CH3:4],1,4,0.04
golden_50,[CH2:1]=[CH:3][CH2:5][CH:4]([OH:2])[CH:6]=[CH2:7]>>[CH2:1]=[CH:3][CH2:5][CH2:7][CH2:6][CH:4]=[O:2],1,3,0.01
golden_51,[CH2:1]=[CH:3][CH2:8][O:2][c:9]1[cH:6][cH:4][cH:5][cH:7][cH:10]1>>[CH2:1]=[CH:3][CH2:8][c:10]1[cH:7][cH:5][cH:4][cH:6][c:9]1[OH:2],1,3,0.03
golden_52,[CH3:1][CH:26]1[CH2:16][CH2:14][CH2:17][N:27]1[CH2:18][CH2:15][c:21]1[cH:6][cH:11][c:25]2[cH:13][c:23]([CH:19]([OH:2])[c:22]3[cH:7][cH:4][cH:5][c:20]([F:3])[cH:9]3)[cH:8][cH:10][c:24]2[cH:12]1>>[CH3:1][CH:26]1[CH2:16][CH2:14][CH2:17][N:27]1[CH2:18][CH2:15][c:21]1[cH:6][cH:11][c:25]2[cH:13][c:23]([C:19](=[O:2])[c:22]3[cH:7][cH:4][cH:5][c:20]([F:3])[cH:9]3)[cH:8][cH:10][c:24]2[cH:12]1,1,1,0.10
golden_53,CC[O:5][C:11](=[O:4])[C:14]([CH3:2])([CH3:3])[O:10][c:12]1[cH:6][cH:8][c:13]([CH3:1])[n:9][cH:7]1.O>>[CH3:1][c:13]1[cH:8][cH:6][c:12]([O:10][C:14]([CH3:2])([CH3:3])[C:11](=[O:4])[OH:5])[cH:7][n:9]1,1,1,0.04
golden_54,[CH3:1][O:18][c:21]1[cH:4][cH:9][c:26]2[c:23]([O:19][CH2:13][CH2:16][n:28]3[cH:10][c:22]([CH:27]4[CH:15]=[CH:12][CH2:11][CH2:14][O:20]4)[cH:5][cH:7][c:24]3=[O:2])[cH:6][cH:3][n:17][c:25]2[cH:8]1>>[CH3:1][O:18][c:21]1[cH:4][cH:9][c:26]2[c:23]([O:19][CH2:13][CH2:16][n:28]3[cH:10][c:22]([CH:27]4[CH2:15][CH2:12][CH2:11][CH2:14][O:20]4)[cH:5][cH:7][c:24]3=[O:2])[cH:6][cH:3][n:17][c:25]2[cH:8]1,1,2,0.10
golden_55,[CH3:1][C:27]([CH3:2])([CH3:3])[O:19][C:20](=[O:4])[NH:17][CH:24]1[CH2:12][CH2:13][N:25]([N:18]=[C:23]2[CH2:10][CH2:14][N:26]([c:22]3[cH:8][cH:6][n:16][cH:7][cH:9]3)[CH2:15][CH2:11]2)[C:21]1=[O:5]>>[CH3:1][C:27]([CH3:2])([CH3:3])[O:19][C:20](=[O:4])[NH:17][CH:24]1[CH2:12][CH2:13][N:25]([NH:18][CH:23]2[CH2:10][CH2:14][N:26]([c:22]3[cH:8][cH:6][n:16][cH:7][cH:9]3)[CH2:15][CH2:11]2)[C:21]1=[O:5],1,1,0.07
golden_56,C[O:2][c:26]1[cH:5][cH:16][c:35]2[c:33]([C:25](=[O:1])[c:29]3[cH:9][cH:7][c:28]([O:24][CH2:20][CH2:23][N:36]4[CH2:21][CH2:18][CH2:17][CH2:19][CH2:22]4)[cH:8][cH:10]3)[c:32](-[c:31]3[cH:12][c:27]([F:3])[cH:6][cH:11][c:30]3[F:4])[cH:13][cH:14][c:34]2[cH:15]1>>[O:1]=[C:25]([c:29]1[cH:9][cH:7][c:28]([O:24][CH2:20][CH2:23][N:36]2[CH2:21][CH2:18][CH2:17][CH2:19][CH2:22]2)[cH:8][cH:10]1)[c:33]1[c:32](-[c:31]2[cH:12][c:27]([F:3])[cH:6][cH:11][c:30]2[F:4])[cH:13][cH:14][c:34]2[cH:15][c:26]([OH:2])[cH:5][cH:16][c:35]12,1,1,0.15
golden_57,[CH3:1][c:10]1[cH:6][c:9]([N+:13](=[O:3])[O-:4])[n:8][n:12]1[CH2:7][C:11]([CH3:2])=[O:5]>>[CH3:1][c:10]1[cH:6][c:9]([N+:13](=[O:3])[O-:4])[n:8][n:12]1[CH2:7][CH:11]([CH3:2])[OH:5],1,1,0.01
golden_58,[CH3:1][CH2:12][O:15][c:22]1[cH:11][c:18]([CH:16]([OH:5])[c:17]2[cH:6][cH:9][c:20]([O:13][CH3:2])[c:19]([CH3:4])[cH:8]2)[cH:7][cH:10][c:21]1[O:14][CH3:3]>>[CH3:1][CH2:12][O:15][c:22]1[cH:11][c:18]([C:16](=[O:5])[c:17]2[cH:6][cH:9][c:20]([O:13][CH3:2])[c:19]([CH3:4])[cH:8]2)[cH:7][cH:10][c:21]1[O:14][CH3:3],1,1,0.07
golden_59,[CH3:1][C:21]([CH3:2])([CH3:3])[C:19](=[O:4])[C:15](=[CH:7][c:18]1[cH:11][cH:9][c:16]([Cl:5])[cH:10][c:17]1[Cl:6])[n:20]1[cH:12][n:13][cH:8][n:14]1>>[CH3:1][C:21]([CH3:2])([CH3:3])[CH:19]([OH:4])[C:15](=[CH:7][c:18]1[cH:11][cH:9][c:16]([Cl:5])[cH:10][c:17]1[Cl:6])[n:20]1[cH:12][n:13][cH:8][n:14]1,1,1,0.04
golden_60,[OH:1][CH2:2][CH2:3][CH:6]=[C:10]1[CH2:7][CH2:4][CH2:5][O:9][CH2:8]1>>[OH:1][CH2:2][CH2:3][CH2:6][CH:10]1[CH2:7][CH2:4][CH2:5][O:9][CH2:8]1,1,2,0.02
golden_61,CC[O:7][C:33](=[O:5])[CH:8]=[CH:9][c:36]1[n:25][c:40]([CH2:24][O:28][c:39]2[cH:19][cH:15][c:34]([CH2:23][O:29][c:41]3[n:26][n:43](-[c:35]4[cH:16][cH:13][cH:12][cH:14][cH:17]4)[cH:20][c:37]3[CH:10]=[CH:11][P:44](=[O:6])([O:30][CH2:21][CH3:1])[O:31][CH2:22][CH3:2])[cH:18][c:38]2[O:27][CH3:3])[c:42]([CH3:4])[o:32]1.O>>[CH3:1][CH2:21][O:30][P:44](=[O:6])([CH:11]=[CH:10][c:37]1[cH:20][n:43](-[c:35]2[cH:16][cH:13][cH:12][cH:14][cH:17]2)[n:26][c:41]1[O:29][CH2:23][c:34]1[cH:15][cH:19][c:39]([O:28][CH2:24][c:40]2[n:25][c:36]([CH:9]=[CH:8][C:33](=[O:5])[OH:7])[o:32][c:42]2[CH3:4])[c:38]([O:27][CH3:3])[cH:18]1)[O:31][CH2:22][CH3:2],1,1,0.17
golden_62,[CH3:1][c:19]1[s:14][c:20]([C:16](=[O:5])[CH:11]=[CH:12][c:17]2[cH:7][cH:9][c:18]([C:15](=[O:4])[OH:6])[cH:10][cH:8]2)[c:21]2[c:22]1[CH:24]1[CH:23]([CH2:13]2)[C:25]1([CH3:2])[CH3:3]>>[CH3:1][c:19]1[s:14][c:20]([C:16](=[O:5])[CH2:11][CH2:12][c:17]2[cH:7][cH:9][c:18]([C:15](=[O:4])[OH:6])[cH:10][cH:8]2)[c:21]2[c:22]1[CH:24]1[CH:23]([CH2:13]2)[C:25]1([CH3:2])[CH3:3],1,2,0.09
golden_63,[CH3:1][O:10][c:13]1[cH:3][cH:5][c:17]2[c:15]([cH:4]1)[s:11][c:16]1[n:9][c:14]([CH:12]([OH:2])[CH:18]3[CH2:7][CH2:8]3)[cH:6][n:19]12>>[CH3:1][O:10][c:13]1[cH:3][cH:5][c:17]2[c:15]([cH:4]1)[s:11][c:16]1[n:9][c:14]([C:12](=[O:2])[CH:18]3[CH2:7][CH2:8]3)[cH:6][n:19]12,1,1,0.04
golden_64,C[O:4][c:11]1[cH:6][cH:5][c:10]([N+:14](=[O:2])[O-:3])[c:12]2[n:7][c:9]([CH3:1])[s:8][c:13]12>>[CH3:1][c:9]1[n:7][c:12]2[c:10]([N+:14](=[O:2])[O-:3])[cH:5][cH:6][c:11]([OH:4])[c:13]2[s:8]1,1,1,0.02
golden_65,[CH3:1][O:17][c:22]1[cH:10][c:23]([O:18][CH3:2])[cH:14][c:25]([CH:20]([OH:3])[c:26]2[cH:12][cH:7][cH:11][c:24]([O:19][CH2:16][c:21]3[cH:8][cH:5][cH:4][cH:6][cH:9]3)[cH:15]2)[cH:13]1>>[CH3:1][O:17][c:22]1[cH:10][c:23]([O:18][CH3:2])[cH:14][c:25]([C:20](=[O:3])[c:26]2[cH:12][cH:7][cH:11][c:24]([O:19][CH2:16][c:21]3[cH:8][cH:5][cH:4][cH:6][cH:9]3)[cH:15]2)[cH:13]1,1,1,0.10
golden_66,CC(C)(C)[N:15]([CH2:12][C:17](=[O:1])[O-:4])[C:18](=[O:2])[C:20]1=[C:21]([OH:5])[C:25]2([CH2:13][CH2:10][O:16][CH2:11][CH2:14]2)[c:24]2[c:22]([Cl:6])[cH:8][cH:7][cH:9][c:23]2[C:19]1=[O:3]>>[O:1]=[C:17]([OH:4])[CH2:12][NH:15][C:18](=[O:2])[C:20]1=[C:21]([OH:5])[C:25]2([CH2:13][CH2:10][O:16][CH2:11][CH2:14]2)[c:24]2[c:22]([Cl:6])[cH:8][cH:7][cH:9][c:23]2[C:19]1=[O:3],1,1,0.07
golden_67,C[O:7][c:26]1[c:23]([O:19][CH3:1])[cH:10][c:22]([F:8])[c:27]([F:9])[c:28]1[C:20](=[O:4])[c:24]1[cH:11][n:16][c:21]([NH:18][CH:29]2[CH2:12][CH2:14][N:30]([S:31]([CH3:2])(=[O:5])=[O:6])[CH2:15][CH2:13]2)[n:17][c:25]1[NH2:3]>>[CH3:1][O:19][c:23]1[cH:10][c:22]([F:8])[c:27]([F:9])[c:28]([C:20](=[O:4])[c:24]2[cH:11][n:16][c:21]([NH:18][CH:29]3[CH2:12][CH2:14][N:30]([S:31]([CH3:2])(=[O:5])=[O:6])[CH2:15][CH2:13]3)[n:17][c:25]2[NH2:3])[c:26]1[OH:7],1,1,0.06
golden_68,C[Si](C)(C)[c:10]1[c:13]([F:2])[n:12][c:15](-[c:14]2[cH:6][cH:4][cH:8][c:16]3[cH:7][cH:3][cH:5][cH:9][c:17]23)[n:18]1[CH2:11][CH3:1]>>[CH3:1][CH2:11][n:18]1[cH:10][c:13]([F:2])[n:12][c:15]1-[c:14]1[cH:6][cH:4][cH:8][c:16]2[cH:7][cH:3][cH:5][cH:9][c:17]12,1,2,0.04
golden_69,C[O:7][C:21](=[O:4])[CH:28]([CH2:18][CH:27]([CH3:2])[CH3:3])[N:33]1[C:23](=[O:6])[CH:30]([N:32]2[C:22](=[O:5])[O:20][CH2:19][CH:29]2[c:24]2[cH:14][cH:10][cH:9][cH:11][cH:15]2)[CH:31]1[c:26]1[cH:17][cH:13][cH:12][cH:16][c:25]1[CH:8]=[CH2:1].O>>[CH2:1]=[CH:8][c:25]1[cH:16][cH:12][cH:13][cH:17][c:26]1[CH:31]1[CH:30]([N:32]2[C:22](=[O:5])[O:20][CH2:19][CH:29]2[c:24]2[cH:14][cH:10][cH:9][cH:11][cH:15]2)[C:23](=[O:6])[N:33]1[CH:28]([CH2:18][CH:27]([CH3:2])[CH3:3])[C:21](=[O:4])[OH:7],1,1,0.11
golden_70,C[O:2][c:15]1[cH:5][c:13]([NH:11][CH3:1])[cH:3][cH:6][c:16]1-[c:14]1[cH:4][cH:7][c:17]2[n:9][o:12][n:10][c:18]2[cH:8]1>>[CH3:1][NH:11][c:13]1[cH:3][cH:6][c:16](-[c:14]2[cH:4][cH:7][c:17]3[n:9][o:12][n:10][c:18]3[cH:8]2)[c:15]([OH:2])[cH:5]1,1,1,0.03
golden_71,CC[O:5][C:21](=[O:3])[c:23]1[cH:8][cH:6][c:22]([O:18][CH2:14][CH2:12][CH2:10][CH2:11][CH2:13][CH2:17][P:24](=[O:4])([O:19][CH2:15][CH3:1])[O:20][CH2:16][CH3:2])[cH:7][cH:9]1.O>>[CH3:1][CH2:15][O:19][P:24](=[O:4])([CH2:17][CH2:13][CH2:11][CH2:10][CH2:12][CH2:14][O:18][c:22]1[cH:6][cH:8][c:23]([C:21](=[O:3])[OH:5])[cH:9][cH:7]1)[O:20][CH2:16][CH3:2],1,1,0.05
golden_72,[CH3:1][C:21]([CH3:2])([CH3:3])[O:15][C:16](=[O:4])[N:20]1[CH2:13][CH2:10][CH2:11][C:19](=[CH:12][c:18]2[cH:8][cH:6][c:17]([F:5])[cH:7][cH:9]2)[CH2:14]1>>[CH3:1][C:21]([CH3:2])([CH3:3])[O:15][C:16](=[O:4])[N:20]1[CH2:13][CH2:10][CH2:11][CH:19]([CH2:12][c:18]2[cH:8][cH:6][c:17]([F:5])[cH:7][cH:9]2)[CH2:14]1,1,2,0.05
golden_73,[OH:1][CH2:3][C:11]1=[C:12]([c:14]2[cH:6][cH:4][c:13]([Br:2])[cH:5][cH:7]2)[CH2:10][CH2:8][CH2:9]1>>[O:1]=[CH:3][C:11]1=[C:12]([c:14]2[cH:6][cH:4][c:13]([Br:2])[cH:5][cH:7]2)[CH2:10][CH2:8][CH2:9]1,1,1,0.32
golden_74,[CH3:1][c:37]1[cH:17][c:40]([NH:30][C:33](=[O:5])[CH2:22][CH2:20][CH2:21][CH2:29][N:45]([CH3:3])[C:35](=[O:7])[CH2:23][CH2:26][N:44]2[CH2:27][CH2:24][CH:43]([O:32][C:34](=[O:6])[NH:31][c:41]3[cH:18][cH:12][cH:13][cH:19][c:42]3-[c:36]3[cH:14][cH:10][cH:9][cH:11][cH:15]3)[CH2:25][CH2:28]2)[c:38]([CH3:2])[cH:16][c:39]1[CH2:8][OH:4]>>[CH3:1][c:37]1[cH:17][c:40]([NH:30][C:33](=[O:5])[CH2:22][CH2:20][CH2:21][CH2:29][N:45]([CH3:3])[C:35](=[O:7])[CH2:23][CH2:26][N:44]2[CH2:27][CH2:24][CH:43]([O:32][C:34](=[O:6])[NH:31][c:41]3[cH:18][cH:12][cH:13][cH:19][c:42]3-[c:36]3[cH:14][cH:10][cH:9][cH:11][cH:15]3)[CH2:25][CH2:28]2)[c:38]([CH3:2])[cH:16][c:39]1[CH:8]=[O:4],1,1,0.31
golden_75,[O:1]=[C:12]([NH:11][c:13]1[cH:6][cH:7][c:14]2[c:15]([cH:8]1)[C:16](=[O:2])[CH2:10][CH2:9]2)[C:17]([F:3])([F:4])[F:5]>>[O:1]=[C:12]([NH:11][c:13]1[cH:6][cH:7][c:14]2[c:15]([cH:8]1)[CH:16]([OH:2])[CH2:10][CH2:9]2)[C:17]([F:3])([F:4])[F:5],1,1,0.03
golden_76,N[CH:12]1[O:13][C:17]2=[c:25]3[o:16][c:23](=[O:5])[c:22]([CH3:3])[cH:11][c:24]3=[CH:8][CH:26]([c:18]3[cH:9][c:19]([Br:6])[c:21]([O:15][CH3:2])[c:20]([O:14][CH3:1])[cH:10]3)[CH:27]2[N:28]1[C:7]#[N:4]>>[CH3:1][O:14][c:20]1[cH:10][c:18]([CH:26]2[CH:8]=[c:24]3[cH:11][c:22]([CH3:3])[c:23](=[O:5])[o:16][c:25]3=[C:17]3[O:13][CH2:12][N:28]([C:7]#[N:4])[CH:27]32)[cH:9][c:19]([Br:6])[c:21]1[O:15][CH3:2],1,2,0.09
golden_77,C[O:3][c:10]1[cH:4][cH:7][c:13]2[nH:9][c:14]3[c:11]([CH3:1])[cH:5][cH:6][c:12]([CH3:2])[c:16]3[c:15]2[cH:8]1>>[CH3:1][c:11]1[cH:5][cH:6][c:12]([CH3:2])[c:16]2[c:14]1[nH:9][c:13]1[cH:7][cH:4][c:10]([OH:3])[cH:8][c:15]12,1,1,0.03
golden_78,[CH3:1][O:19][c:26]1[cH:13][cH:9][c:23]([CH2:16][CH2:17][C:28](=[O:7])[c:25]2[cH:11][cH:8][cH:10][c:24]([O:18][CH2:15][C:22](=[O:6])[O:21][C:29]([CH3:3])([CH3:4])[CH3:5])[cH:12]2)[cH:14][c:27]1[O:20][CH3:2]>>[CH3:1][O:19][c:26]1[cH:13][cH:9][c:23]([CH2:16][CH2:17][CH:28]([OH:7])[c:25]2[cH:11][cH:8][cH:10][c:24]([O:18][CH2:15][C:22](=[O:6])[O:21][C:29]([CH3:3])([CH3:4])[CH3:5])[cH:12]2)[cH:14][c:27]1[O:20][CH3:2],1,1,0.09
golden_79,C[O:3][c:15]1[c:13]([F:4])[cH:6][c:12]([C:16]2([C:11](=[O:2])[O:10][CH3:1])[CH2:8][CH2:9]2)[cH:7][c:14]1[F:5]>>[CH3:1][O:10][C:11](=[O:2])[C:16]1([c:12]2[cH:6][c:13]([F:4])[c:15]([OH:3])[c:14]([F:5])[cH:7]2)[CH2:8][CH2:9]1,1,1,0.03
golden_80,C[O:2][c:14]1[cH:3][cH:5][c:15]([N:17]2[CH2:12][CH2:10][N:16]([CH2:9][CH2:8][CH2:7][CH3:1])[CH2:11][CH2:13]2)[cH:6][cH:4]1>>[CH3:1][CH2:7][CH2:8][CH2:9][N:16]1[CH2:10][CH2:12][N:17]([c:15]2[cH:5][cH:3][c:14]([OH:2])[cH:4][cH:6]2)[CH2:13][CH2:11]1,1,1,0.04
golden_81,[CH3:1][CH2:13][O:19][C:22](=[O:2])[C:27]([CH2:17][CH2:12][CH2:15][O:21][CH:26]1[CH2:16][CH2:11][CH2:10][CH2:14][O:20]1)=[CH:18][c:23]1[cH:6][cH:4][cH:8][c:24]2[cH:7][cH:3][cH:5][cH:9][c:25]12>>[CH3:1][CH2:13][O:19][C:22](=[O:2])[CH:27]([CH2:17][CH2:12][CH2:15][O:21][CH:26]1[CH2:16][CH2:11][CH2:10][CH2:14][O:20]1)[CH2:18][c:23]1[cH:6][cH:4][cH:8][c:24]2[cH:7][cH:3][cH:5][cH:9][c:25]12,1,2,0.11
golden_82,[CH3:1][C:10](=[O:3])[NH:9][c:12]1[cH:8][cH:6][cH:5][cH:7][c:11]1[CH2:4][OH:2]>>[CH3:1][C:10](=[O:3])[NH:9][c:12]1[cH:8][cH:6][cH:5][cH:7][c:11]1[CH:4]=[O:2],1,1,0.03
golden_83,C[O:4][C:23](=[O:3])[c:28]1[cH:18][cH:15][c:26]([CH:7]=[CH:8][c:27]2[cH:17][cH:21][c:30]3[c:29]([cH:20]2)[C:24]([CH:5]=[CH:6][c:25]2[cH:13][cH:11][cH:10][cH:12][cH:14]2)=[CH:9][CH2:22][C:31]3([CH3:1])[CH3:2])[cH:16][cH:19]1.O>>[CH3:1][C:31]1([CH3:2])[CH2:22][CH:9]=[C:24]([CH:5]=[CH:6][c:25]2[cH:13][cH:11][cH:10][cH:12][cH:14]2)[c:29]2[cH:20][c:27]([CH:8]=[CH:7][c:26]3[cH:15][cH:18][c:28]([C:23](=[O:3])[OH:4])[cH:19][cH:16]3)[cH:17][cH:21][c:30]21,1,1,0.15
golden_84,CC[O:8][C:22](=[O:5])[CH2:17][O:20][c:26]1[cH:13][c:24]([CH:29]([CH3:2])[CH3:3])[cH:11][cH:12][c:25]1[CH2:18][CH2:16][NH:19][S:30](=[O:6])(=[O:7])[c:28]1[cH:15][c:23]([C:9]#[N:4])[cH:10][cH:14][c:27]1[O:21][CH3:1].O>>[CH3:1][O:21][c:27]1[cH:14][cH:10][c:23]([C:9]#[N:4])[cH:15][c:28]1[S:30](=[O:6])(=[O:7])[NH:19][CH2:16][CH2:18][c:25]1[cH:12][cH:11][c:24]([CH:29]([CH3:2])[CH3:3])[cH:13][c:26]1[O:20][CH2:17][C:22](=[O:5])[OH:8],1,1,0.08
golden_85,[CH3:1][CH2:18][N:27]([CH2:19][CH3:2])[C:22](=[O:9])[c:26]1[cH:16][cH:12][c:24]([CH:21]([OH:8])[c:25]2[cH:14][cH:10][cH:11][c:23]([O:20][Si:29]([CH3:6])([CH3:7])[C:28]([CH3:3])([CH3:4])[CH3:5])[cH:15]2)[cH:13][cH:17]1>>[CH3:1][CH2:18][N:27]([CH2:19][CH3:2])[C:22](=[O:9])[c:26]1[cH:16][cH:12][c:24]([C:21](=[O:8])[c:25]2[cH:14][cH:10][cH:11][c:23]([O:20][Si:29]([CH3:6])([CH3:7])[C:28]([CH3:3])([CH3:4])[CH3:5])[cH:15]2)[cH:13][cH:17]1,1,1,1.33
golden_86,C[O:4][c:15]1[c:16]([I:10])[c:14]([Cl:9])[cH:11][c:13]([F:5])[c:17]1-[n:22]1[c:19](=[O:2])[cH:12][c:18]([C:23]([F:6])([F:7])[F:8])[n:21]([CH3:1])[c:20]1=[O:3]>>[CH3:1][n:21]1[c:18]([C:23]([F:6])([F:7])[F:8])[cH:12][c:19](=[O:2])[n:22](-[c:17]2[c:13]([F:5])[cH:11][c:14]([Cl:9])[c:16]([I:10])[c:15]2[OH:4])[c:20]1=[O:3],1,1,0.03
golden_87,C[O:2][C:15](=[O:1])[c:18]1[cH:12][cH:11][c:17]([O:14][c:16]2[cH:9][cH:7][cH:6][cH:8][cH:10]2)[cH:13][c:19]1[C:20]([F:3])([F:4])[F:5].O>>[O:1]=[C:15]([OH:2])[c:18]1[cH:12][cH:11][c:17]([O:14][c:16]2[cH:9][cH:7][cH:6][cH:8][cH:10]2)[cH:13][c:19]1[C:20]([F:3])([F:4])[F:5],1,1,0.04
golden_88,[CH2:1]=[CH:7][c:23]1[cH:12][cH:9][cH:13][c:24]([CH:20]([OH:6])[C:27]([CH3:3])([CH3:4])[N:26]2[CH2:17][O:18][C:21]([CH3:2])=[C:22]([c:25]3[cH:15][cH:10][cH:8][cH:11][cH:16]3)[C:19]2=[O:5])[cH:14]1>>[CH2:1]=[CH:7][c:23]1[cH:12][cH:9][cH:13][c:24]([C:20](=[O:6])[C:27]([CH3:3])([CH3:4])[N:26]2[CH2:17][O:18][C:21]([CH3:2])=[C:22]([c:25]3[cH:15][cH:10][cH:8][cH:11][cH:16]3)[C:19]2=[O:5])[cH:14]1,1,1,1.24
golden_89,C[O:1][c:14]1[cH:11][cH:7][cH:8][cH:12][c:15]1[CH:3]=[CH:2][c:13]1[cH:9][cH:5][cH:4][cH:6][cH:10]1>>[OH:1][c:14]1[cH:11][cH:7][cH:8][cH:12][c:15]1[CH:3]=[CH:2][c:13]1[cH:9][cH:5][cH:4][cH:6][cH:10]1,1,1,0.04
golden_90,O[c:19]1[cH:9][cH:10][c:20]([C:16]([CH3:2])=[O:3])[c:21]([OH:4])[c:22]1[CH2:13][CH2:11][CH3:1].[Br:5][c:17]1[cH:7][cH:6][cH:8][c:18]([CH2:12][OH:15])[n:14]1>>[CH3:1][CH2:11][CH2:13][c:22]1[c:19]([O:15][CH2:12][c:18]2[cH:8][cH:6][cH:7][c:17]([Br:5])[n:14]2)[cH:9][cH:10][c:20]([C:16]([CH3:2])=[O:3])[c:21]1[OH:4],1,2,0.06
golden_91,[CH3:1][C:24](=[O:3])[N:35]1[CH2:18][CH2:14][c:32]2[c:31]([c:30](-[c:27]3[cH:10][cH:8][c:26]([Br:6])[cH:9][cH:11]3)[n:23][n:37]2[CH2:22][CH:33]2[O:4][CH2:17]2)[CH2:19]1.[CH3:2][c:28]1[cH:12][cH:7][c:25]([Cl:5])[cH:13][c:29]1[N:36]1[CH2:20][CH2:15][NH:34][CH2:16][CH2:21]1>>[CH3:1][C:24](=[O:3])[N:35]1[CH2:18][CH2:14][c:32]2[c:31]([c:30](-[c:27]3[cH:10][cH:8][c:26]([Br:6])[cH:9][cH:11]3)[n:23][n:37]2[CH2:22][CH:33]([OH:4])[CH2:17][N:34]2[CH2:15][CH2:20][N:36]([c:29]3[cH:13][c:25]([Cl:5])[cH:7][cH:12][c:28]3[CH3:2])[CH2:21][CH2:16]2)[CH2:19]1,1,2,0.12
golden_92,O[CH:4]=[O:1].[O:2]=[C:15]([OH:3])[c:16]1[cH:7][cH:9][c:18]2[c:20]([cH:11]1)[CH:21]([NH2:13])[c:19]1[cH:10][cH:6][cH:5][cH:8][c:17]1[CH2:12][O:14]2>>[O:1]=[CH:4][NH:13][CH:21]1[c:19]2[cH:10][cH:6][cH:5][cH:8][c:17]2[CH2:12][O:14][c:18]2[cH:9][cH:7][c:16]([C:15](=[O:2])[OH:3])[cH:11][c:20]21,1,2,0.05
golden_93,Cl[c:13]1[n:7][c:11]([Cl:2])[n:8][c:14]2[c:12]([Br:3])[cH:5][s:10][c:15]12.[CH2:1]=[CH:4][CH2:6][NH2:9]>>[CH2:1]=[CH:4][CH2:6][NH:9][c:13]1[n:7][c:11]([Cl:2])[n:8][c:14]2[c:12]([Br:3])[cH:5][s:10][c:15]12,1,2,0.02
golden_94,[Cl:2][c:13]1[cH:5][cH:8][c:16]([Cl:3])[c:17]([NH2:10])[cH:9]1.[N:1]#[C:12][c:15]1[cH:7][cH:6][c:14]([Br:4])[s:11]1>>[NH:1]=[C:12]([NH:10][c:17]1[cH:9][c:13]([Cl:2])[cH:5][cH:8][c:16]1[Cl:3])[c:15]1[cH:7][cH:6][c:14]([Br:4])[s:11]1,1,1,0.02
golden_95,O[C:24](=[O:3])[CH2:17][CH:35]1[CH2:16][O:23][c:33]2[c:30]([O:22][CH3:2])[cH:13][cH:14][c:31]([C:25](=[O:4])[NH:20][c:32]3[c:28]([Cl:5])[cH:11][n:18][cH:12][c:29]3[Cl:6])[c:34]21.[CH3:1][O:21][c:27]1[cH:9][cH:7][c:26]([CH2:15][NH2:19])[cH:8][cH:10]1>>[CH3:1][O:21][c:27]1[cH:9][cH:7][c:26]([CH2:15][NH:19][C:24](=[O:3])[CH2:17][CH:35]2[CH2:16][O:23][c:33]3[c:30]([O:22][CH3:2])[cH:13][cH:14][c:31]([C:25](=[O:4])[NH:20][c:32]4[c:28]([Cl:5])[cH:11][n:18][cH:12][c:29]4[Cl:6])[c:34]32)[cH:8][cH:10]1,1,2,0.12
golden_96,Cl[c:18]1[c:17]([N+:21](=[O:2])[O-:3])[cH:10][n:13][c:19]2[cH:11][cH:6][cH:7][cH:12][c:20]12.[CH3:1][c:15]1[cH:8][cH:4][cH:5][cH:9][c:16]1[NH2:14]>>[CH3:1][c:15]1[cH:8][cH:4][cH:5][cH:9][c:16]1[NH:14][c:18]1[c:17]([N+:21](=[O:2])[O-:3])[cH:10][n:13][c:19]2[cH:11][cH:6][cH:7][cH:12][c:20]12,1,2,0.04
golden_97,Br[CH2:20][CH2:17][CH2:18][O:22][CH2:19][O:21][CH3:1].[cH:2]1[cH:5][cH:11][c:23]([P:26]([c:24]2[cH:13][cH:7][cH:3][cH:8][cH:14]2)[c:25]2[cH:15][cH:9][cH:4][cH:10][cH:16]2)[cH:12][cH:6]1>>[CH3:1][O:21][CH2:19][O:22][CH2:18][CH2:17][CH2:20][P+:26]([c:23]1[cH:11][cH:5][cH:2][cH:6][cH:12]1)([c:24]1[cH:13][cH:7][cH:3][cH:8][cH:14]1)[c:25]1[cH:15][cH:9][cH:4][cH:10][cH:16]1,1,2,0.13
golden_98,Cl[c:11]1[n:6][c:9]([S:8][CH3:2])[n:5][cH:4][c:10]1[Cl:3].[CH3:1][NH2:7]>>[CH3:1][NH:7][c:11]1[n:6][c:9]([S:8][CH3:2])[n:5][cH:4][c:10]1[Cl:3],1,2,0.01
golden_99,[CH2:1]=[C:13]([CH3:2])[CH3:3].[O:4]=[C:11]([OH:10])[CH:12]1[CH:7]=[CH:5][CH2:9][CH:6]=[CH:8]1>>[CH3:1][C:13]([CH3:2])([CH3:3])[O:10][C:11](=[O:4])[CH:12]1[CH:7]=[CH:5][CH2:9][CH:6]=[CH:8]1,1,2,0.03
golden_100,Cl[c:21]1[n:17][cH:4][c:19]([F:1])[cH:5][n:18]1.[F:2][c:20]1[cH:3][cH:8][c:23]2[c:22]([cH:6][cH:9][n:28]2[CH2:16][CH:24]2[CH2:10][CH2:11][CH:25]3[CH2:13][NH:26][CH2:12][CH2:14][N:27]3[CH2:15]2)[cH:7]1>>[F:1][c:19]1[cH:4][n:17][c:21]([N:26]2[CH2:12][CH2:14][N:27]3[CH2:15][CH:24]([CH2:16][n:28]4[cH:9][cH:6][c:22]5[cH:7][c:20]([F:2])[cH:3][cH:8][c:23]54)[CH2:10][CH2:11][CH:25]3[CH2:13]2)[n:18][cH:5]1,1,2,0.09
golden_101,CO[C:12](=[O:3])[O:10][CH3:1].[O:2]=[C:11]1[CH2:8][CH2:9][c:13]2[cH:6][cH:4][cH:5][cH:7][c:14]2[CH2:15]1>>[CH3:1][O:10][C:12](=[O:3])[CH:15]1[C:11](=[O:2])[CH2:8][CH2:9][c:13]2[cH:6][cH:4][cH:5][cH:7][c:14]21,1,3,0.03
golden_102,Cl[CH2:18][CH2:15][CH2:17][CH:30]([c:26]1[cH:9][cH:5][c:24]([F:1])[cH:6][cH:10]1)[c:27]1[cH:11][cH:7][c:25]([F:2])[cH:8][cH:12]1.[cH:3]1[cH:4][cH:14][c:29]2[c:28]([cH:13]1)[CH2:16][O:23][C:32]21[CH2:21][CH2:19][NH:31][CH2:20][CH2:22]1>>[F:1][c:24]1[cH:5][cH:9][c:26]([CH:30]([CH2:17][CH2:15][CH2:18][N:31]2[CH2:19][CH2:21][C:32]3([CH2:22][CH2:20]2)[O:23][CH2:16][c:28]2[cH:13][cH:3][cH:4][cH:14][c:29]23)[c:27]2[cH:11][cH:7][c:25]([F:2])[cH:8][cH:12]2)[cH:10][cH:6]1,1,2,0.12
golden_103,Cl[CH2:19][CH:25]([OH:3])[CH2:18][N:27]1[CH2:16][CH2:13][CH:26]([CH2:15][c:22]2[cH:9][cH:5][cH:4][cH:6][cH:10]2)[CH2:14][CH2:17]1.[O:1]=[C:20]1[c:23]2[cH:11][cH:7][cH:8][cH:12][c:24]2[C:21](=[O:2])[NH:28]1>>[O:1]=[C:20]1[c:23]2[cH:11][cH:7][cH:8][cH:12][c:24]2[C:21](=[O:2])[N:28]1[CH2:19][CH:25]([OH:3])[CH2:18][N:27]1[CH2:16][CH2:13][CH:26]([CH2:15][c:22]2[cH:9][cH:5][cH:4][cH:6][cH:10]2)[CH2:14][CH2:17]1,1,2,0.08
golden_104,[CH3:1][CH2:16][NH:25][CH2:17][c:24]1[cH:14][c:22]([C:26]([F:3])([F:4])[F:5])[cH:12][cH:13][c:23]1[Br:7].[O:2]=[C:19]=[N:18][CH2:15][c:21]1[cH:10][cH:8][c:20]([Cl:6])[cH:9][cH:11]1>>[CH3:1][CH2:16][N:25]([CH2:17][c:24]1[cH:14][c:22]([C:26]([F:3])([F:4])[F:5])[cH:12][cH:13][c:23]1[Br:7])[C:19](=[O:2])[NH:18][CH2:15][c:21]1[cH:10][cH:8][c:20]([Cl:6])[cH:9][cH:11]1,1,1,0.06
golden_105,[Cl:2][c:13]1[cH:8][cH:9][c:14]([Cl:3])[cH:15][n:11]1.[O:1]=[CH:16][c:12]1[cH:6][cH:4][n:10][cH:5][cH:7]1>>[OH:1][CH:16]([c:12]1[cH:6][cH:4][n:10][cH:5][cH:7]1)[c:15]1[n:11][c:13]([Cl:2])[cH:8][cH:9][c:14]1[Cl:3],1,2,0.02
golden_106,Cl[CH2:26][c:31]1[cH:12][cH:11][cH:18][c:35]([C:42]([F:2])([F:3])[F:4])[cH:19]1.[O:1]=[C:30]1[c:37]2[cH:21][c:34]([N:41]3[CH2:28][CH2:24][N:39]([CH2:23][CH2:22][CH:38]([c:32]4[cH:13][cH:7][cH:5][cH:8][cH:14]4)[c:33]4[cH:15][cH:9][cH:6][cH:10][cH:16]4)[CH2:25][CH2:29]3)[cH:17][cH:20][c:36]2[CH2:27][NH:40]1>>[O:1]=[C:30]1[c:37]2[cH:21][c:34]([N:41]3[CH2:28][CH2:24][N:39]([CH2:23][CH2:22][CH:38]([c:32]4[cH:13][cH:7][cH:5][cH:8][cH:14]4)[c:33]4[cH:15][cH:9][cH:6][cH:10][cH:16]4)[CH2:25][CH2:29]3)[cH:17][cH:20][c:36]2[CH2:27][N:40]1[CH2:26][c:31]1[cH:12][cH:11][cH:18][c:35]([C:42]([F:2])([F:3])[F:4])[cH:19]1,1,2,0.21
golden_107,Cl[CH2:18][c:31]1[cH:11][cH:9][cH:8][cH:10][n:21]1.[CH3:1][O:23][C:29](=[O:6])[c:38]1[c:37](-[c:30]2[cH:12][c:34]([O:26][CH3:3])[c:36]([O:28][CH3:5])[c:35]([O:27][CH3:4])[cH:13]2)[c:40]2[cH:14][c:32]([O:24][CH3:2])[c:33]([OH:25])[cH:15][c:41]2[c:39](=[O:7])[n:43]1[N:42]1[CH2:19][CH2:16][O:22][CH2:17][CH2:20]1>>[CH3:1][O:23][C:29](=[O:6])[c:38]1[c:37](-[c:30]2[cH:12][c:34]([O:26][CH3:3])[c:36]([O:28][CH3:5])[c:35]([O:27][CH3:4])[cH:13]2)[c:40]2[cH:14][c:32]([O:24][CH3:2])[c:33]([O:25][CH2:18][c:31]3[cH:11][cH:9][cH:8][cH:10][n:21]3)[cH:15][c:41]2[c:39](=[O:7])[n:43]1[N:42]1[CH2:19][CH2:16][O:22][CH2:17][CH2:20]1,1,2,1.17
golden_108,O[C:31](=[O:7])[CH:41]([c:33]1[cH:12][cH:9][cH:8][cH:10][cH:13]1)[N:42]1[CH2:23][CH2:18][CH2:21][c:34]2[cH:16][c:37]([O:28][CH3:4])[c:38]([O:29][CH3:5])[cH:17][c:39]2[CH:40]1[CH2:22][c:32]1[cH:11][cH:14][c:35]([O:26][CH3:2])[c:36]([O:27][CH3:3])[cH:15]1.[CH3:1][CH2:19][O:25][C:30](=[O:6])[CH2:20][NH2:24]>>[CH3:1][CH2:19][O:25][C:30](=[O:6])[CH2:20][NH:24][C:31](=[O:7])[CH:41]([c:33]1[cH:12][cH:9][cH:8][cH:10][cH:13]1)[N:42]1[CH2:23][CH2:18][CH2:21][c:34]2[cH:16][c:37]([O:28][CH3:4])[c:38]([O:29][CH3:5])[cH:17][c:39]2[CH:40]1[CH2:22][c:32]1[cH:11][cH:14][c:35]([O:26][CH3:2])[c:36]([O:27][CH3:3])[cH:15]1,1,2,0.14
golden_109,Cl[c:19]1[cH:8][n:14][c:20]2[c:21]([n:15]1)[O:17][CH2:10][CH2:11][N:23]([CH2:12][c:18]1[cH:6][cH:3][cH:2][cH:4][cH:7]1)[CH2:13]2.[CH3:1][c:22]1[n:16][cH:5][cH:9][nH:24]1>>[CH3:1][c:22]1[n:16][cH:5][cH:9][n:24]1-[c:19]1[cH:8][n:14][c:20]2[c:21]([n:15]1)[O:17][CH2:10][CH2:11][N:23]([CH2:12][c:18]1[cH:6][cH:3][cH:2][cH:4][cH:7]1)[CH2:13]2,1,2,0.05
golden_110,O[C:25](=[O:6])[CH:9]=[CH:10][c:29]1[cH:16][c:27]([Cl:8])[cH:13][cH:17][c:30]1[NH:22][C:24](=[O:5])[O:23][C:34]([CH3:2])([CH3:3])[CH3:4].[CH3:1][CH:31]1[CH2:20][N:32]([CH2:19][c:28]2[cH:14][cH:11][c:26]([F:7])[cH:12][cH:15]2)[CH2:18][CH2:21][NH:33]1>>[CH3:1][CH:31]1[CH2:20][N:32]([CH2:19][c:28]2[cH:14][cH:11][c:26]([F:7])[cH:12][cH:15]2)[CH2:18][CH2:21][N:33]1[C:25](=[O:6])[CH:9]=[CH:10][c:29]1[cH:16][c:27]([Cl:8])[cH:13][cH:17][c:30]1[NH:22][C:24](=[O:5])[O:23][C:34]([CH3:2])([CH3:3])[CH3:4],1,2,0.11
golden_111,O[C:27](=[O:3])[CH2:17][S:25][c:36]1[cH:14][cH:15][c:37]([O:23][CH3:1])[c:38]([O:24][CH3:2])[cH:16]1.[O:4]=[C:28]([OH:7])[C:33]1=[C:32]([CH:9]=[C:31]2[CH2:18][CH2:20][N:41]([CH2:21][c:35]3[cH:12][cH:10][cH:11][c:34]([OH:8])[cH:13]3)[C:29]2=[O:5])[CH2:19][S:26][CH:40]2[CH:39]([NH2:22])[C:30](=[O:6])[N:42]12>>[CH3:1][O:23][c:37]1[cH:15][cH:14][c:36]([S:25][CH2:17][C:27](=[O:3])[NH:22][CH:39]2[C:30](=[O:6])[N:42]3[C:33]([C:28](=[O:4])[OH:7])=[C:32]([CH:9]=[C:31]4[CH2:18][CH2:20][N:41]([CH2:21][c:35]5[cH:12][cH:10][cH:11][c:34]([OH:8])[cH:13]5)[C:29]4=[O:5])[CH2:19][S:26][CH:40]23)[cH:16][c:38]1[O:24][CH3:2],1,2,0.12
golden_112,O[C:18](=[O:2])[CH:23]([CH2:12][CH:22]1[CH2:10][CH2:8][CH2:9][CH2:11]1)[N:24]1[CH2:13][C:20]([O:17][CH3:1])=[CH:4][C:19]1=[O:3].[cH:5]1[cH:6][n:15][c:21]([NH2:16])[cH:7][n:14]1>>[CH3:1][O:17][C:20]1=[CH:4][C:19](=[O:3])[N:24]([CH:23]([CH2:12][CH:22]2[CH2:10][CH2:8][CH2:9][CH2:11]2)[C:18](=[O:2])[NH:16][c:21]2[cH:7][n:14][cH:5][cH:6][n:15]2)[CH2:13]1,1,2,0.05
golden_113,O[C:23](=[O:6])[CH:12]=[C:27]([CH3:5])[CH2:20][CH2:17][CH:11]=[C:26]([CH3:4])[CH2:19][CH2:16][CH:10]=[C:25]([CH3:3])[CH2:18][CH2:15][CH:9]=[C:24]([CH3:1])[CH3:2].[OH:7][CH2:13][CH2:21][NH:28][CH2:22][CH2:14][OH:8]>>[CH3:1][C:24]([CH3:2])=[CH:9][CH2:15][CH2:18][C:25]([CH3:3])=[CH:10][CH2:16][CH2:19][C:26]([CH3:4])=[CH:11][CH2:17][CH2:20][C:27]([CH3:5])=[CH:12][C:23](=[O:6])[N:28]([CH2:21][CH2:13][OH:7])[CH2:22][CH2:14][OH:8],1,2,0.07
golden_114,[CH2:7]1[CH2:8][NH:10][C:12](=[S:11])[NH:9]1.[CH3:1][c:14]1[cH:13][c:15]2[cH:5][cH:3][cH:4][cH:6][c:16]2[n:17]1[CH3:2]>>[CH3:1][c:14]1[c:13]([S:11][C:12]2=[N:9][CH2:7][CH2:8][NH:10]2)[c:15]2[cH:5][cH:3][cH:4][cH:6][c:16]2[n:17]1[CH3:2],1,2,0.03
golden_115,CO[C:17](=[O:3])[c:21]1[c:20]([O:15][CH2:10][c:18]2[cH:7][cH:5][cH:4][cH:6][cH:8]2)[c:19]([C:16](=[O:2])[O:14][CH3:1])[n:12][n:22]1[CH2:11][CH2:9][N:13]=[N+]=[N-]>>[CH3:1][O:14][C:16](=[O:2])[c:19]1[n:12][n:22]2[c:21]([c:20]1[O:15][CH2:10][c:18]1[cH:7][cH:5][cH:4][cH:6][cH:8]1)[C:17](=[O:3])[NH:13][CH2:9][CH2:11]2,1,3,0.05
golden_116,O[C:26](=[O:5])[c:31]1[cH:17][cH:7][cH:8][n:20][c:32]1[O:23][c:30]1[cH:15][cH:9][c:27]([F:6])[cH:10][cH:16]1.[CH3:1][C:33]([CH3:2])([CH3:3])[O:24][C:25](=[O:4])[NH:21][CH2:18][c:28]1[cH:11][cH:13][c:29]([CH2:19][NH2:22])[cH:14][cH:12]1>>[CH3:1][C:33]([CH3:2])([CH3:3])[O:24][C:25](=[O:4])[NH:21][CH2:18][c:28]1[cH:11][cH:13][c:29]([CH2:19][NH:22][C:26](=[O:5])[c:31]2[cH:17][cH:7][cH:8][n:20][c:32]2[O:23][c:30]2[cH:15][cH:9][c:27]([F:6])[cH:10][cH:16]2)[cH:14][cH:12]1,1,2,0.10
golden_117,O=S(Br)[Br:2].O[CH2:10][c:14]1[cH:5][cH:9][c:17]2[c:16]([cH:8]1)[CH2:11][O:12][CH:18]2[c:15]1[cH:6][cH:3][c:13]([F:1])[cH:4][cH:7]1>>[F:1][c:13]1[cH:3][cH:6][c:15]([CH:18]2[O:12][CH2:11][c:16]3[cH:8][c:14]([CH2:10][Br:2])[cH:5][cH:9][c:17]32)[cH:7][cH:4]1,1,3,0.05
golden_118,C[O:4][C:35](=[O:3])[CH:42]([CH2:28][S:32][CH2:24][c:36]1[cH:17][cH:9][cH:5][cH:10][cH:18]1)[NH:31][C:34](=[O:2])[CH:41]([CH2:26][c:38]1[cH:21][cH:13][cH:7][cH:14][cH:22]1)[CH2:27][CH:40]([CH2:25][c:37]1[cH:19][cH:11][cH:6][cH:12][cH:20]1)[C:33](=[O:1])[NH:30][c:39]1[cH:23][cH:15][cH:8][cH:16][n:29]1.O>>[O:1]=[C:33]([NH:30][c:39]1[cH:23][cH:15][cH:8][cH:16][n:29]1)[CH:40]([CH2:25][c:37]1[cH:19][cH:11][cH:6][cH:12][cH:20]1)[CH2:27][CH:41]([CH2:26][c:38]1[cH:21][cH:13][cH:7][cH:14][cH:22]1)[C:34](=[O:2])[NH:31][CH:42]([CH2:28][S:32][CH2:24][c:36]1[cH:17][cH:9][cH:5][cH:10][cH:18]1)[C:35](=[O:3])[OH:4],1,1,0.20
golden_119,CC[O:4][C:15](=[O:2])[CH:20]([NH2:1])[CH2:11][c:16]1[n:13][c:18]2[cH:9][cH:7][cH:8][cH:10][c:19]2[n:14][c:17]1[CH2:12][P:21](=[O:3])([OH:5])[OH:6].O>>[NH2:1][CH:20]([CH2:11][c:16]1[n:13][c:18]2[cH:9][cH:7][cH:8][cH:10][c:19]2[n:14][c:17]1[CH2:12][P:21](=[O:3])([OH:5])[OH:6])[C:15](=[O:2])[OH:4],1,1,0.03
golden_120,O[C:29](=[O:3])[C:36]1([c:33]2[cH:11][cH:6][c:30]([F:4])[cH:7][cH:12]2)[CH2:24][CH2:15][CH2:13][CH2:16][CH2:25]1.[CH3:1][CH2:18][C:28](=[O:2])[NH:27][c:31]1[cH:8][cH:5][cH:9][c:32]([CH:34]2[CH2:19][CH2:22][N:35]([CH2:21][CH2:14][CH2:17][NH2:26])[CH2:23][CH2:20]2)[cH:10]1>>[CH3:1][CH2:18][C:28](=[O:2])[NH:27][c:31]1[cH:8][cH:5][cH:9][c:32]([CH:34]2[CH2:19][CH2:22][N:35]([CH2:21][CH2:14][CH2:17][NH:26][C:29](=[O:3])[C:36]3([c:33]4[cH:11][cH:6][c:30]([F:4])[cH:7][cH:12]4)[CH2:24][CH2:15][CH2:13][CH2:16][CH2:25]3)[CH2:23][CH2:20]2)[cH:10]1,1,2,0.14
golden_121,O[C:27](=[O:3])[c:29]1[cH:12][c:34]2[c:30]([O:25][CH2:14][c:31]3[cH:9][o:26][c:33]4[cH:11][c:28]([F:5])[cH:7][cH:13][c:35]34)[cH:8][cH:6][cH:10][c:32]2[nH:24]1.[CH3:1][CH:37]1[CH2:22][N:41]([CH:39]([CH3:2])[CH2:20][N:40]2[CH2:18][CH2:15][CH:36]([NH2:23])[CH2:16][CH2:19]2)[CH2:21][CH2:17][CH:38]1[OH:4]>>[CH3:1][CH:37]1[CH2:22][N:41]([CH:39]([CH3:2])[CH2:20][N:40]2[CH2:18][CH2:15][CH:36]([NH:23][C:27](=[O:3])[c:29]3[cH:12][c:34]4[c:30]([O:25][CH2:14][c:31]5[cH:9][o:26][c:33]6[cH:11][c:28]([F:5])[cH:7][cH:13][c:35]56)[cH:8][cH:6][cH:10][c:32]4[nH:24]3)[CH2:16][CH2:19]2)[CH2:21][CH2:17][CH:38]1[OH:4],1,2,0.15
golden_122,O[C:16](=[O:2])[c:20]1[cH:10][nH:15][c:22]2[n:13][c:19]([CH3:1])[cH:9][cH:11][c:23]2[c:21]1=[O:3].[Cl:4][c:17]1[cH:5][cH:7][c:18]([CH2:12][NH2:14])[cH:8][cH:6]1>>[CH3:1][c:19]1[cH:9][cH:11][c:23]2[c:21](=[O:3])[c:20]([C:16](=[O:2])[NH:14][CH2:12][c:18]3[cH:7][cH:5][c:17]([Cl:4])[cH:6][cH:8]3)[cH:10][nH:15][c:22]2[n:13]1,1,2,0.05
golden_123,C[O:4][C:23](=[O:3])[c:24]1[cH:5][cH:6][c:25]([O:21][CH3:2])[c:26]([O:22][CH2:20][CH2:19][CH2:18][CH2:17][CH2:16][CH2:15][CH2:14][CH2:13][CH2:12][CH2:11][CH2:10][CH2:9][CH2:8][CH3:1])[cH:7]1.O>>[CH3:1][CH2:8][CH2:9][CH2:10][CH2:11][CH2:12][CH2:13][CH2:14][CH2:15][CH2:16][CH2:17][CH2:18][CH2:19][CH2:20][O:22][c:26]1[cH:7][c:24]([C:23](=[O:3])[OH:4])[cH:5][cH:6][c:25]1[O:21][CH3:2],1,1,0.07
golden_124,[CH3:1][c:18]1[cH:9][cH:11][c:19]([NH2:15])[cH:12][cH:10]1.[O:2]=[C:16]1[O:8][C:17](=[O:3])[c:23]2[c:21]1[cH:13][c:20]([N+:24](=[O:4])[O-:6])[cH:14][c:22]2[N+:25](=[O:5])[O-:7]>>[CH3:1][c:18]1[cH:9][cH:11][c:19]([NH:15][C:16](=[O:2])[c:21]2[cH:13][c:20]([N+:24](=[O:4])[O-:6])[cH:14][c:22]([N+:25](=[O:5])[O-:7])[c:23]2[C:17](=[O:3])[OH:8])[cH:12][cH:10]1,1,2,0.04
golden_125,O[C:24](=[O:5])[CH:31]1[CH2:15][CH2:17][N:32]([C:25](=[O:6])[O:22][C:33]([CH3:1])([CH3:2])[CH3:3])[CH2:18][CH2:16]1.[O:4]=[C:23]([NH:20][c:28]1[cH:12][cH:9][c:26]([Cl:7])[cH:10][n:19]1)[c:30]1[cH:14][c:27]([I:8])[cH:11][cH:13][c:29]1[NH2:21]>>[CH3:1][C:33]([CH3:2])([CH3:3])[O:22][C:25](=[O:6])[N:32]1[CH2:17][CH2:15][CH:31]([C:24](=[O:5])[NH:21][c:29]2[cH:13][cH:11][c:27]([I:8])[cH:14][c:30]2[C:23](=[O:4])[NH:20][c:28]2[cH:12][cH:9][c:26]([Cl:7])[cH:10][n:19]2)[CH2:16][CH2:18]1,1,2,0.08
golden_126,O[C:17](=[O:2])[c:18]1[cH:4][cH:6][c:20]2[c:19]([cH:5]1)[n:15][cH:7][n:25]2[CH2:13][CH2:8][N:14]=[N+:16]=[N-:1].[OH:3][CH:21]1[CH2:11][CH:22]2[CH2:9][CH2:10][CH:23]([CH2:12]1)[NH:24]2>>[N-:1]=[N+:16]=[N:14][CH2:8][CH2:13][n:25]1[cH:7][n:15][c:19]2[cH:5][c:18]([C:17](=[O:2])[N:24]3[CH:22]4[CH2:9][CH2:10][CH:23]3[CH2:12][CH:21]([OH:3])[CH2:11]4)[cH:4][cH:6][c:20]21,1,2,0.05
golden_127,O[C:24](=[O:1])[CH:2]=[CH:3][c:25]1[cH:9][cH:5][cH:8][n:21][cH:10]1.[cH:4]1[cH:6][cH:11][c:26]([CH2:20][N:28]2[CH2:18][CH2:16][CH:27]([O:23][CH2:15][CH2:13][CH2:14][NH2:22])[CH2:17][CH2:19]2)[cH:12][cH:7]1>>[O:1]=[C:24]([CH:2]=[CH:3][c:25]1[cH:9][cH:5][cH:8][n:21][cH:10]1)[NH:22][CH2:14][CH2:13][CH2:15][O:23][CH:27]1[CH2:16][CH2:18][N:28]([CH2:20][c:26]2[cH:11][cH:6][cH:4][cH:7][cH:12]2)[CH2:19][CH2:17]1,1,2,0.08
golden_128,O[C:35](=[O:4])[c:39]1[cH:16][c:37]([S:48]([CH3:3])(=[O:5])=[O:6])[cH:14][cH:15][c:38]1[O:34][CH3:2].[CH3:1][CH2:20][O:33][CH2:21][CH2:28][n:46]1[c:40]([N:45]2[CH2:26][CH2:19][CH2:22][N:43]([CH2:24][CH2:29][C:47]3([c:36]4[cH:12][cH:8][cH:7][cH:9][cH:13]4)[CH2:30][CH2:25][NH:44][CH2:31]3)[CH2:23][CH2:27]2)[n:32][c:41]2[cH:17][cH:10][cH:11][cH:18][c:42]21>>[CH3:1][CH2:20][O:33][CH2:21][CH2:28][n:46]1[c:40]([N:45]2[CH2:26][CH2:19][CH2:22][N:43]([CH2:24][CH2:29][C:47]3([c:36]4[cH:12][cH:8][cH:7][cH:9][cH:13]4)[CH2:30][CH2:25][N:44]([C:35](=[O:4])[c:39]4[cH:16][c:37]([S:48]([CH3:3])(=[O:5])=[O:6])[cH:14][cH:15][c:38]4[O:34][CH3:2])[CH2:31]3)[CH2:23][CH2:27]2)[n:32][c:41]2[cH:17][cH:10][cH:11][cH:18][c:42]21,1,2,0.23
golden_129,O[C:14](=[O:1])[c:16]1[cH:5][cH:3][c:15]([Br:2])[cH:4][n:12]1.[CH2:6]1[CH2:7][CH2:10][N:17]([CH2:11][CH2:8][NH2:13])[CH2:9]1>>[O:1]=[C:14]([NH:13][CH2:8][CH2:11][N:17]1[CH2:9][CH2:6][CH2:7][CH2:10]1)[c:16]1[cH:5][cH:3][c:15]([Br:2])[cH:4][n:12]1,1,2,0.03
golden_130,CC1(C)OB([c:25]2[cH:10][cH:12][c:26](-[c:30]3[n:22][c:33]4[c:32]([cH:19][n:23][n:35]4-[c:28]4[cH:16][cH:4][cH:3][cH:5][cH:17]4)[c:31](=[O:1])[n:34]3-[c:27]3[cH:14][cH:8][c:24]([Cl:2])[cH:9][cH:15]3)[cH:13][cH:11]2)OC1(C)C.Cl[c:29]1[cH:18][cH:6][cH:7][n:20][n:21]1>>[O:1]=[c:31]1[c:32]2[cH:19][n:23][n:35](-[c:28]3[cH:16][cH:4][cH:3][cH:5][cH:17]3)[c:33]2[n:22][c:30](-[c:26]2[cH:12][cH:10][c:25](-[c:29]3[cH:18][cH:6][cH:7][n:20][n:21]3)[cH:11][cH:13]2)[n:34]1-[c:27]1[cH:14][cH:8][c:24]([Cl:2])[cH:9][cH:15]1,1,3,0.24
golden_131,O[C:28](=[O:6])[CH:35]([CH2:24][c:30]1[cH:13][cH:17][c:33]2[cH:16][cH:11][cH:12][cH:18][c:34]2[cH:19]1)[N:37]([CH3:2])[C:29](=[O:7])[O:27][C:38]([CH3:3])([CH3:4])[CH3:5].[CH3:1][NH:36][CH2:25][CH2:23][c:31]1[cH:14][cH:9][cH:10][cH:15][c:32]1[O:26][CH2:22][CH2:21][CH2:20][OH:8]>>[CH3:1][N:36]([CH2:25][CH2:23][c:31]1[cH:14][cH:9][cH:10][cH:15][c:32]1[O:26][CH2:22][CH2:21][CH2:20][OH:8])[C:28](=[O:6])[CH:35]([CH2:24][c:30]1[cH:13][cH:17][c:33]2[cH:16][cH:11][cH:12][cH:18][c:34]2[cH:19]1)[N:37]([CH3:2])[C:29](=[O:7])[O:27][C:38]([CH3:3])([CH3:4])[CH3:5],1,2,0.15
golden_132,O=[CH:15][c:14]1[cH:9][cH:7][cH:6][cH:8][c:13]1[OH:5].[CH3:1][C:17]([CH3:2])([SH:11])[CH:16]([NH2:10])[C:12](=[O:3])[OH:4]>>[CH3:1][C:17]1([CH3:2])[S:11][CH:15]([c:14]2[cH:9][cH:7][cH:6][cH:8][c:13]2[OH:5])[NH:10][CH:16]1[C:12](=[O:3])[OH:4],1,3,0.03
golden_133,C[O:3][C:8](=[O:2])[c:10]1[s:7][cH:5][c:9]([Br:4])[c:11]1[O:6][CH3:1].O>>[CH3:1][O:6][c:11]1[c:9]([Br:4])[cH:5][s:7][c:10]1[C:8](=[O:2])[OH:3],1,1,0.01
golden_134,O=C1CCC(=O)N1[Br:6].O[CH2:9][CH2:10][c:14]1[cH:7][c:13]([C:19]([CH3:3])([CH3:4])[CH3:5])[cH:8][c:15]2[c:16]1[CH2:11][CH:17]([CH3:2])[CH:18]2[O:12][CH3:1]>>[CH3:1][O:12][CH:18]1[c:15]2[cH:8][c:13]([C:19]([CH3:3])([CH3:4])[CH3:5])[cH:7][c:14]([CH2:10][CH2:9][Br:6])[c:16]2[CH2:11][CH:17]1[CH3:2],1,3,0.06
golden_135,CO[C:30](=[O:12])[c:36]1[s:29][c:32](-[n:40]2[cH:21][n:25][c:37]3[cH:19][n:24][c:31]([CH2:22][O:27][Si:43]([CH3:7])([CH3:8])[C:41]([CH3:1])([CH3:2])[CH3:3])[cH:20][c:38]32)[cH:17][c:34]1[O:26][CH:39]([CH2:23][O:28][Si:44]([CH3:9])([CH3:10])[C:42]([CH3:4])([CH3:5])[CH3:6])[c:35]1[cH:18][cH:15][cH:14][cH:16][c:33]1[Cl:13].[NH3:11]>>[CH3:1][C:41]([CH3:2])([CH3:3])[Si:43]([CH3:7])([CH3:8])[O:27][CH2:22][c:31]1[cH:20][c:38]2[c:37]([cH:19][n:24]1)[n:25][cH:21][n:40]2-[c:32]1[cH:17][c:34]([O:26][CH:39]([CH2:23][O:28][Si:44]([CH3:9])([CH3:10])[C:42]([CH3:4])([CH3:5])[CH3:6])[c:35]2[cH:18][cH:15][cH:14][cH:16][c:33]2[Cl:13])[c:36]([C:30]([NH2:11])=[O:12])[s:29]1,1,2,0.18
golden_136,N#[C:10][CH2:7][c:11]1[cH:6][cH:4][cH:5][n:8][c:12]1[O:9][CH3:1].[OH2:2].[OH2:3]>>[CH3:1][O:9][c:12]1[n:8][cH:5][cH:4][cH:6][c:11]1[CH2:7][C:10](=[O:2])[OH:3],1,3,0.01
golden_137,CO[C:20](=[O:3])[c:23]1[cH:10][cH:8][c:22]([O:18][CH2:15][CH2:14][NH:17][C:21](=[O:4])[c:24]2[o:19][c:26]3[cH:12][cH:6][cH:7][cH:13][c:27]3[c:25]2[N:28]([CH3:1])[CH3:2])[cH:9][cH:11]1.[OH:5][NH2:16]>>[CH3:1][N:28]([CH3:2])[c:25]1[c:24]([C:21](=[O:4])[NH:17][CH2:14][CH2:15][O:18][c:22]2[cH:8][cH:10][c:23]([C:20](=[O:3])[NH:16][OH:5])[cH:11][cH:9]2)[o:19][c:26]2[cH:12][cH:6][cH:7][cH:13][c:27]12,1,2,0.63
golden_138,CO[C:23](=[O:5])[c:29]1[cH:14][cH:8][cH:7][cH:13][c:28]1[NH:22][CH2:17][c:25]1[cH:10][cH:9][n:18][c:27]([NH:21][C:24](=[O:6])[N:33]([CH3:2])[CH3:3])[cH:12]1.[CH3:1][c:30]1[c:32]2[cH:16][cH:11][c:26]([NH2:20])[cH:15][c:31]2[n:19][n:34]1[CH3:4]>>[CH3:1][c:30]1[c:32]2[cH:16][cH:11][c:26]([NH:20][C:23](=[O:5])[c:29]3[cH:14][cH:8][cH:7][cH:13][c:28]3[NH:22][CH2:17][c:25]3[cH:10][cH:9][n:18][c:27]([NH:21][C:24](=[O:6])[N:33]([CH3:2])[CH3:3])[cH:12]3)[cH:15][c:31]2[n:19][n:34]1[CH3:4],1,2,0.10
golden_139,O[C:10](=[O:4])[c:11]1[cH:5][cH:7][c:12]([CH:13]([CH3:2])[CH3:3])[cH:8][cH:6]1.[CH3:1][OH:9]>>[CH3:1][O:9][C:10](=[O:4])[c:11]1[cH:5][cH:7][c:12]([CH:13]([CH3:2])[CH3:3])[cH:8][cH:6]1,1,2,0.02
golden_140,CO[C:8](=[O:2])[CH2:6][CH:9]([CH2:4][CH2:3][CH3:1])[CH2:5][N+:7](=O)[O-]>>[CH3:1][CH2:3][CH2:4][CH:9]1[CH2:5][NH:7][C:8](=[O:2])[CH2:6]1,1,4,0.01
golden_141,[CH3:1][O:21][c:32]1[n:19][cH:16][c:31]([C:24](=[O:4])[O:7][c:25]2[cH:10][cH:12][c:26]([N+:35](=[O:5])[O-:6])[cH:13][cH:11]2)[c:33]2[cH:17][c:27]([C:23]([CH3:2])=[O:3])[o:22][c:34]12.[Cl:8][c:28]1[cH:14][n:18][cH:15][c:29]([Cl:9])[c:30]1[NH2:20]>>[CH3:1][O:21][c:32]1[n:19][cH:16][c:31]([C:24](=[O:4])[NH:20][c:30]2[c:28]([Cl:8])[cH:14][n:18][cH:15][c:29]2[Cl:9])[c:33]2[cH:17][c:27]([C:23]([CH3:2])=[O:3])[o:22][c:34]12.[O:5]=[N+:35]([O-:6])[c:26]1[cH:12][cH:10][c:25]([OH:7])[cH:11][cH:13]1,1,2,0.08
golden_142,[O:1]=[CH:7][O:2][CH2:14][C:17]([F:4])([F:5])[F:6].[OH:3][NH:16][CH2:13][c:15]1[cH:11][cH:9][cH:8][cH:10][cH:12]1>>[O:1]=[CH:7][N:16]([OH:3])[CH2:13][c:15]1[cH:11][cH:9][cH:8][cH:10][cH:12]1.[OH:2][CH2:14][C:17]([F:4])([F:5])[F:6],1,2,0.02
golden_143,O=C1CCC(=O)N1O[C:31](=[O:6])[c:38]1[cH:15][c:35]([Br:7])[c:36]([CH2:20][C:30](=[O:5])[NH:27][N:44]([c:33]2[cH:11][cH:9][c:32]([O:28][CH3:1])[cH:10][cH:12]2)[c:40]2[c:34]([CH3:3])[cH:13][cH:8][cH:16][c:39]2[N:43]2[CH2:25][CH2:18][CH2:17][CH2:19][CH2:26]2)[cH:14][c:37]1[O:29][CH3:2].[CH3:4][N:41]1[CH2:21][CH2:23][NH:42][CH2:24][CH2:22]1>>[CH3:1][O:28][c:32]1[cH:9][cH:11][c:33]([N:44]([NH:27][C:30](=[O:5])[CH2:20][c:36]2[cH:14][c:37]([O:29][CH3:2])[c:38]([C:31](=[O:6])[N:42]3[CH2:23][CH2:21][N:41]([CH3:4])[CH2:22][CH2:24]3)[cH:15][c:35]2[Br:7])[c:40]2[c:34]([CH3:3])[cH:13][cH:8][cH:16][c:39]2[N:43]2[CH2:25][CH2:18][CH2:17][CH2:19][CH2:26]2)[cH:12][cH:10]1,1,2,1.66
golden_144,Br[CH2:7][C:5]#[CH:1].[CH3:2][S:9][c:11]1[n:8][c:12]([OH:3])[n:13][cH:6][c:10]1[F:4]>>[CH:1]#[C:5][CH2:7][n:13]1[cH:6][c:10]([F:4])[c:11]([S:9][CH3:2])[n:8][c:12]1=[O:3],1,2,0.02
golden_145,CCO[C:15](=[O:1])[CH2:12][c:20]1[o:14][c:18]2[cH:10][cH:6][cH:7][c:16]-2[cH:11][c:19]1-[c:17]1[cH:8][cH:4][cH:3][cH:5][cH:9]1.[OH:2][NH2:13]>>[O:1]=[C:15]([CH2:12][c:20]1[o:14][c:18]2[cH:10][cH:6][cH:7][c:16]-2[cH:11][c:19]1-[c:17]1[cH:8][cH:4][cH:3][cH:5][cH:9]1)[NH:13][OH:2],1,2,0.05
golden_146,[O:1]=[C:20]1[O:5][CH:24]2[CH2:16][CH2:17][CH:25]1[N:26]([S:27](=[O:2])(=[O:3])[c:23]1[cH:13][cH:11][c:22]([O:19][CH2:15][c:21]3[cH:9][cH:7][cH:6][cH:8][cH:10]3)[cH:12][cH:14]1)[CH2:18]2.[OH2:4]>>[O:1]=[C:20]([OH:4])[CH:25]1[CH2:17][CH2:16][CH:24]([OH:5])[CH2:18][N:26]1[S:27](=[O:2])(=[O:3])[c:23]1[cH:13][cH:11][c:22]([O:19][CH2:15][c:21]2[cH:9][cH:7][cH:6][cH:8][cH:10]2)[cH:12][cH:14]1,1,2,0.07
golden_147,O=C1CCC(=O)N1O[C:16](=[O:2])[O:14][CH2:10][c:17]1[cH:7][cH:5][cH:4][cH:6][cH:8]1.[O:1]=[C:15]([OH:3])[CH:18]1[CH2:11][CH2:9][CH2:12][NH:19][CH2:13]1>>[O:1]=[C:15]([OH:3])[CH:18]1[CH2:11][CH2:9][CH2:12][N:19]([C:16](=[O:2])[O:14][CH2:10][c:17]2[cH:7][cH:5][cH:4][cH:6][cH:8]2)[CH2:13]1,1,2,0.05
golden_148,[F:4][c:15]1[cH:6][cH:7][c:16]([F:5])[cH:17][cH:8]1.[O:1]=[C:13]1[O:3][C:14](=[O:2])[c:19]2[cH:10][n:12][n:11][cH:9][c:18]21>>[O:1]=[C:13]([OH:3])[c:18]1[cH:9][n:11][n:12][cH:10][c:19]1[C:14](=[O:2])[c:17]1[cH:8][c:15]([F:4])[cH:6][cH:7][c:16]1[F:5],1,3,0.70
golden_149,[CH3:1][CH:39]([CH3:2])[CH2:20][n:44]1[c:34]([N:42]2[CH2:17][CH2:15][NH:41][CH2:16][CH2:18]2)[n:26][c:37]2[c:33]([N:43]3[CH2:19][CH2:13][O:29][CH2:14][CH:40]3[CH3:3])[n:23][c:32](-[c:30]3[cH:9][n:21][c:31]([NH2:4])[n:22][cH:10]3)[n:27][c:38]21.[O:5]=[CH:6][n:25]1[n:28][n:24][c:35]2[cH:11][cH:7][cH:8][cH:12][c:36]12>>[CH3:1][CH:39]([CH3:2])[CH2:20][n:44]1[c:34]([N:42]2[CH2:17][CH2:15][N:41]([CH:6]=[O:5])[CH2:16][CH2:18]2)[n:26][c:37]2[c:33]([N:43]3[CH2:19][CH2:13][O:29][CH2:14][CH:40]3[CH3:3])[n:23][c:32](-[c:30]3[cH:9][n:21][c:31]([NH2:4])[n:22][cH:10]3)[n:27][c:38]21.[cH:7]1[cH:8][cH:12][c:36]2[n:25][nH:28][n:24][c:35]2[cH:11]1,1,2,0.25
golden_150,CO[C:26](=[O:4])[c:30]1[cH:8][n:20][c:32]([N:35]2[CH2:17][CH2:11][CH2:15][N:34]([CH2:14][CH3:1])[CH2:16][CH2:18]2)[n:21][cH:9]1.[CH3:2][O:24][c:28]1[cH:5][c:27]([CH2:12][CH2:13][c:31]2[cH:10][c:33]([NH2:22])[n:23][nH:19]2)[cH:6][c:29]([O:25][CH3:3])[cH:7]1>>[CH3:1][CH2:14][N:34]1[CH2:15][CH2:11][CH2:17][N:35]([c:32]2[n:20][cH:8][c:30]([C:26](=[O:4])[NH:22][c:33]3[cH:10][c:31]([CH2:13][CH2:12][c:27]4[cH:5][c:28]([O:24][CH3:2])[cH:7][c:29]([O:25][CH3:3])[cH:6]4)[n:19][nH:23]3)[cH:9][n:21]2)[CH2:18][CH2:16]1,1,2,0.11
golden_151,CO[C:18](=[O:2])[CH2:9][C:17](=[O:1])[CH3:15].[CH:3]1=[C:19]([CH2:11][CH2:14][C:21](=[O:16])[CH:20]2[CH2:12][CH2:7][CH2:8][CH2:13]2)[CH2:10][CH2:6][CH2:5][CH2:4]1>>[O:1]=[C:17]1[CH2:9][C:18](=[O:2])[O:16][C:21]([CH2:14][CH2:11][C:19]2=[CH:3][CH2:4][CH2:5][CH2:6][CH2:10]2)([CH:20]2[CH2:12][CH2:7][CH2:8][CH2:13]2)[CH2:15]1,1,4,0.52
golden_152,[CH3:1][O:21][CH2:14][CH2:15][O:23][c:32]1[cH:12][c:34]2[n:18][cH:7][n:17][c:33]([O:24][c:28]3[cH:9][cH:6][cH:8][c:27]([NH2:19])[cH:10]3)[c:35]2[cH:13][c:31]1[O:22][CH3:2].c1ccc(O[C:26](=[O:5])[NH:20][c:29]2[cH:11][c:30]([CH:36]([CH3:3])[CH3:4])[o:25][n:16]2)cc1>>[CH3:1][O:21][CH2:14][CH2:15][O:23][c:32]1[cH:12][c:34]2[n:18][cH:7][n:17][c:33]([O:24][c:28]3[cH:9][cH:6][cH:8][c:27]([NH:19][C:26](=[O:5])[NH:20][c:29]4[cH:11][c:30]([CH:36]([CH3:3])[CH3:4])[o:25][n:16]4)[cH:10]3)[c:35]2[cH:13][c:31]1[O:22][CH3:2],1,2,0.13
golden_153,O[c:27]1[cH:6][cH:16][c:33]([CH:5]=[O:2])[c:32]([Cl:4])[cH:15]1.[CH3:1][CH2:17][CH2:18][CH2:19][CH2:20][CH:34]1[CH2:21][CH2:23][CH:35]([c:31]2[cH:13][cH:11][c:30](-[c:29]3[cH:9][cH:7][c:28]([C:26](=[O:3])[OH:25])[cH:8][cH:10]3)[cH:12][cH:14]2)[CH2:24][CH2:22]1>>[CH3:1][CH2:17][CH2:18][CH2:19][CH2:20][CH:34]1[CH2:21][CH2:23][CH:35]([c:31]2[cH:13][cH:11][c:30](-[c:29]3[cH:9][cH:7][c:28]([C:26](=[O:3])[O:25][c:27]4[cH:6][cH:16][c:33]([CH:5]=[O:2])[c:32]([Cl:4])[cH:15]4)[cH:8][cH:10]3)[cH:12][cH:14]2)[CH2:24][CH2:22]1,1,2,0.17
golden_154,[CH3:1][CH:34]([CH3:2])[c:27]1[cH:19][c:31](-[c:26]2[cH:12][cH:5][cH:13][c:28]([CH:35]=[CH2:22])[cH:14]2)[c:33]2[n:23][cH:7][cH:6][cH:20][c:32]2[cH:21]1.[N-]=[N+]=[C:36]([c:29]1[cH:15][cH:8][c:24]([Cl:3])[cH:9][cH:16]1)[c:30]1[cH:17][cH:10][c:25]([Cl:4])[cH:11][cH:18]1>>[CH3:1][CH:34]([CH3:2])[c:27]1[cH:19][c:31](-[c:26]2[cH:12][cH:5][cH:13][c:28]([CH:35]3[CH2:22][C:36]3([c:29]3[cH:15][cH:8][c:24]([Cl:3])[cH:9][cH:16]3)[c:30]3[cH:17][cH:10][c:25]([Cl:4])[cH:11][cH:18]3)[cH:14]2)[c:33]2[n:23][cH:7][cH:6][cH:20][c:32]2[cH:21]1,1,3,0.24
golden_155,O[CH:23]([CH3:1])[CH3:2].[CH3:3][CH:24]([O:16][c:20]1[cH:10][cH:8][c:19]([O:14][c:22]2[cH:13][cH:7][c:18]([Cl:5])[cH:12][c:21]2[Cl:6])[cH:9][cH:11]1)[C:17](=[O:4])[OH:15]>>[CH3:1][CH:23]([CH3:2])[O:15][C:17](=[O:4])[CH:24]([CH3:3])[O:16][c:20]1[cH:10][cH:8][c:19]([O:14][c:22]2[cH:13][cH:7][c:18]([Cl:5])[cH:12][c:21]2[Cl:6])[cH:9][cH:11]1,1,2,0.07
golden_156,CO[C:17](=[O:4])[c:18]1[cH:9][cH:7][cH:8][cH:10][c:19]1[CH:21]=[C:22]([CH2:13][CH3:3])[N+:24](=[O:5])[O-:6].[CH3:1][CH2:11][O:15][CH:20]([CH2:14][NH2:23])[O:16][CH2:12][CH3:2]>>[CH3:1][CH2:11][O:15][CH:20]([CH2:14][N:23]1[C:17](=[O:4])[c:18]2[cH:9][cH:7][cH:8][cH:10][c:19]2[CH:21]1[CH:22]([CH2:13][CH3:3])[N+:24](=[O:5])[O-:6])[O:16][CH2:12][CH3:2],1,4,0.06
golden_157,CC(C)(C)O[C:27](=[O:4])[CH2:20][C:29](=[O:6])[c:30]1[cH:11][cH:10][cH:13][c:32](-[c:31]2[cH:12][cH:17][c:34]([CH:37]3[CH2:21][CH2:22]3)[n:23][cH:14]2)[cH:15]1.[CH3:1][C:38]([CH3:2])([CH3:3])[O:26][C:28](=[O:5])[NH:25][c:36]1[cH:19][cH:16][c:33]([C:39]([F:7])([F:8])[F:9])[cH:18][c:35]1[NH2:24]>>[CH3:1][C:38]([CH3:2])([CH3:3])[O:26][C:28](=[O:5])[NH:25][c:36]1[cH:19][cH:16][c:33]([C:39]([F:7])([F:8])[F:9])[cH:18][c:35]1[NH:24][C:27](=[O:4])[CH2:20][C:29](=[O:6])[c:30]1[cH:11][cH:10][cH:13][c:32](-[c:31]2[cH:12][cH:17][c:34]([CH:37]3[CH2:21][CH2:22]3)[n:23][cH:14]2)[cH:15]1,1,2,0.16
golden_158,CO[C:17](=[O:3])[C:19]1=[C:18]([OH:7])[c:21]2[cH:12][cH:8][cH:9][cH:13][c:22]2[S:26](=[O:5])(=[O:6])[N:25]1[CH3:2].[CH3:1][c:20]1[cH:11][cH:10][cH:14][c:23]([NH2:16])[c:24](=[O:4])[cH:15]1>>[CH3:1][c:20]1[cH:11][cH:10][cH:14][c:23]([NH:16][C:17](=[O:3])[C:19]2=[C:18]([OH:7])[c:21]3[cH:12][cH:8][cH:9][cH:13][c:22]3[S:26](=[O:5])(=[O:6])[N:25]2[CH3:2])[c:24](=[O:4])[cH:15]1,1,2,0.05
golden_159,CCO[C:16](=[O:3])[CH:19]1[CH2:12][CH2:13][CH:20]([C:17](=[O:4])[O:15][CH2:10][CH3:1])[N:21]1[CH3:2].[cH:5]1[cH:6][cH:8][c:18]([CH2:11][NH2:14])[cH:9][cH:7]1>>[CH3:1][CH2:10][O:15][C:17](=[O:4])[CH:20]1[CH2:13][CH2:12][CH:19]([C:16](=[O:3])[NH:14][CH2:11][c:18]2[cH:8][cH:6][cH:5][cH:7][cH:9]2)[N:21]1[CH3:2],1,2,0.06
golden_160,I[CH3:1].[CH3:2][C:11](=[O:5])[N:15]1[CH2:9][C:16]([CH3:3])([CH3:4])[c:14]2[cH:8][c:12]([OH:10])[cH:6][cH:7][c:13]21>>[CH3:1][O:10][c:12]1[cH:6][cH:7][c:13]2[c:14]([cH:8]1)[C:16]([CH3:3])([CH3:4])[CH2:9][N:15]2[C:11]([CH3:2])=[O:5],1,2,0.03
golden_161,CCO[C:11](=[O:1])[CH2:8][CH:15]([CH2:7][N+:9](=O)[O-])[c:12]1[cH:5][c:13]2[cH:4][cH:2][cH:3][cH:6][c:14]2[o:10]1>>[O:1]=[C:11]1[CH2:8][CH:15]([c:12]2[cH:5][c:13]3[cH:4][cH:2][cH:3][cH:6][c:14]3[o:10]2)[CH2:7][NH:9]1,1,4,0.04
golden_162,O[C:18](=[O:9])[c:22]1[cH:12][c:21]([O:16][C:17]([CH3:2])=[O:8])[c:23]([CH3:3])[n:13][c:24]1[C:19](=[O:10])[NH:14][C:26]([CH3:6])([C:20]([NH2:7])=[O:11])[CH:25]([CH3:4])[CH3:5].[CH3:1][OH:15]>>[CH3:1][O:15][C:18](=[O:9])[c:22]1[cH:12][c:21]([O:16][C:17]([CH3:2])=[O:8])[c:23]([CH3:3])[n:13][c:24]1[C:19](=[O:10])[NH:14][C:26]([CH3:6])([C:20]([NH2:7])=[O:11])[CH:25]([CH3:4])[CH3:5],1,2,0.05
golden_163,O[CH:14]1[CH2:7][CH2:8][N:15]([C:13](=[O:6])[O:10][C:16]([CH3:2])([CH3:3])[CH3:4])[CH2:9]1.[CH3:1][C:12]([OH:5])=[S:11]>>[CH3:1][C:12](=[O:5])[S:11][CH:14]1[CH2:7][CH2:8][N:15]([C:13](=[O:6])[O:10][C:16]([CH3:2])([CH3:3])[CH3:4])[CH2:9]1,1,2,0.02
golden_164,CCO[C:31](=[O:7])[C:39]([OH:8])([c:32]1[cH:13][cH:9][cH:11][s:29]1)[c:33]1[cH:14][cH:10][cH:12][s:30]1.[CH3:1][N:38]([CH2:26][CH2:21][CH2:19][CH2:17][CH2:15][CH2:16][CH2:18][CH2:20][CH2:22][O:28][Si:41]([CH3:5])([CH3:6])[C:40]([CH3:2])([CH3:3])[CH3:4])[CH:37]1[CH:34]2[CH2:23][CH2:25][CH:36]1[CH:35]([OH:27])[CH2:24]2>>[CH3:1][N:38]([CH2:26][CH2:21][CH2:19][CH2:17][CH2:15][CH2:16][CH2:18][CH2:20][CH2:22][O:28][Si:41]([CH3:5])([CH3:6])[C:40]([CH3:2])([CH3:3])[CH3:4])[CH:37]1[CH:34]2[CH2:23][CH2:25][CH:36]1[CH:35]([O:27][C:31](=[O:7])[C:39]([OH:8])([c:32]1[cH:13][cH:9][cH:11][s:29]1)[c:33]1[cH:14][cH:10][cH:12][s:30]1)[CH2:24]2,1,2,0.18
golden_165,Br[CH2:9][c:15]1[c:14]([C:19]([F:6])([F:7])[F:8])[n:10][n:18]([CH3:1])[c:16]1[O:11][CH:17]([F:4])[F:5].[NH2:2][C:13]([NH2:3])=[S:12]>>[CH3:1][n:18]1[n:10][c:14]([C:19]([F:6])([F:7])[F:8])[c:15]([CH2:9][S:12][C:13](=[NH:2])[NH2:3])[c:16]1[O:11][CH:17]([F:4])[F:5],1,2,0.03
golden_166,[Br][Mg][CH3:1].[O:2]=[C:19]1[CH2:13][N:18]([CH:17]([c:15]2[cH:9][cH:5][cH:3][cH:6][cH:10]2)[c:16]2[cH:11][cH:7][cH:4][cH:8][cH:12]2)[CH2:14]1>>[CH3:1][C:19]1([OH:2])[CH2:13][N:18]([CH:17]([c:15]2[cH:9][cH:5][cH:3][cH:6][cH:10]2)[c:16]2[cH:11][cH:7][cH:4][cH:8][cH:12]2)[CH2:14]1,1,2,0.06
golden_167,O[N:18]=[C:20]1[CH2:17][C:26]2([CH2:15][CH2:13][N:25]([C:21](=[O:2])[O:19][CH2:12][c:22]3[cH:8][cH:4][cH:3][cH:5][cH:9]3)[CH2:14][CH2:16]2)[c:24]2[cH:11][cH:7][cH:6][cH:10][c:23]21.[OH2:1]>>[O:1]=[C:20]1[CH2:17][C:26]2([CH2:15][CH2:13][N:25]([C:21](=[O:2])[O:19][CH2:12][c:22]3[cH:8][cH:4][cH:3][cH:5][cH:9]3)[CH2:14][CH2:16]2)[c:24]2[cH:11][cH:7][cH:6][cH:10][c:23]2[NH:18]1,1,4,0.08
golden_168,O=[CH:19][c:16]1[cH:9][cH:5][cH:8][c:15]([C:4]#[N:1])[cH:10]1.[O:2]=[C:13]1[O:3][CH2:14][c:18]2[cH:12][cH:7][cH:6][cH:11][c:17]21>>[N:1]#[C:4][c:15]1[cH:8][cH:5][cH:9][c:16]([CH:19]2[C:13](=[O:2])[c:17]3[cH:11][cH:6][cH:7][cH:12][c:18]3[C:14]2=[O:3])[cH:10]1,1,6,0.07
golden_169,CN(C)[CH:17]=[O:6].[CH3:1][c:19]1[cH:9][cH:8][c:18]([NH2:22])[cH:10][c:20]1[F:7].[CH3:2][C:23]([CH3:3])([CH3:4])[O:15][C:16](=[O:5])[NH:13][CH2:11][CH:21]1[CH2:12][O:14]1>>[CH3:1][c:19]1[cH:9][cH:8][c:18]([N:22]2[CH2:12][CH:21]([CH2:11][NH:13][C:16](=[O:5])[O:15][C:23]([CH3:2])([CH3:3])[CH3:4])[O:14][C:17]2=[O:6])[cH:10][c:20]1[F:7],1,6,0.06
golden_170,BrC(Br)(Br)[Br:4].O[CH2:10][CH2:11][C:20]1([CH2:12][O:15][CH3:1])[CH2:13][C:16](=[O:3])[N:19]([CH:18]([CH3:2])[c:17]2[cH:8][cH:6][cH:5][cH:7][cH:9]2)[CH2:14]1>>[CH3:1][O:15][CH2:12][C:20]1([CH2:11][CH2:10][Br:4])[CH2:13][C:16](=[O:3])[N:19]([CH:18]([CH3:2])[c:17]2[cH:8][cH:6][cH:5][cH:7][cH:9]2)[CH2:14]1,1,3,0.05
golden_171,O1[C:15](=[O:1])[c:17]2[cH:7][cH:3][cH:4][cH:8][c:18]2[C:16]1=[O:2].[cH:5]1[cH:6][cH:11][c:21]2[c:19]([CH2:12][CH2:13][NH2:22])[cH:9][nH:14][c:20]2[cH:10]1>>[O:1]=[C:15]1[c:17]2[cH:7][cH:3][cH:4][cH:8][c:18]2[C:16](=[O:2])[N:22]1[CH2:13][CH2:12][c:19]1[cH:9][nH:14][c:20]2[cH:10][cH:5][cH:6][cH:11][c:21]12,1,4,0.05
golden_172,O[C:17](=[O:4])[CH2:13][CH2:14][C:18](=[O:5])[c:20]1[cH:9][cH:6][cH:8][c:19]([O:16][CH2:15][c:23]2[c:21]([CH3:1])[cH:11][cH:7][cH:12][c:22]2[CH3:2])[cH:10]1.[NH3:3]>>[CH3:1][c:21]1[cH:11][cH:7][cH:12][c:22]([CH3:2])[c:23]1[CH2:15][O:16][c:19]1[cH:8][cH:6][cH:9][c:20]([C:18](=[O:5])[CH2:14][CH2:13][C:17]([NH2:3])=[O:4])[cH:10]1,1,2,0.06
golden_173,O[C:11](=[O:1])[CH:14]([OH:3])[CH:15]([OH:4])[C:12](O)=[O:2].[cH:5]1[cH:6][cH:8][c:13]([CH2:10][NH2:16])[cH:9][cH:7]1>>[O:1]=[C:11]1[CH:14]([OH:3])[CH:15]([OH:4])[C:12](=[O:2])[N:16]1[CH2:10][c:13]1[cH:8][cH:6][cH:5][cH:7][cH:9]1,1,4,0.03
golden_174,O1[C:14](=[O:5])[c:16]2[cH:10][cH:7][cH:8][cH:11][c:17]2[C:15]1=[O:6].[CH3:1][CH:21]([CH3:2])[c:18]1[cH:12][cH:9][cH:13][c:19]([CH:22]([CH3:3])[CH3:4])[c:20]1[NH2:23]>>[CH3:1][CH:21]([CH3:2])[c:18]1[cH:12][cH:9][cH:13][c:19]([CH:22]([CH3:3])[CH3:4])[c:20]1[N:23]1[C:14](=[O:5])[c:16]2[cH:10][cH:7][cH:8][cH:11][c:17]2[C:15]1=[O:6],1,4,0.07
golden_175,O=[CH:19][c:15]1[cH:8][cH:5][cH:9][c:16]([N+:20](=[O:3])[O-:4])[cH:10]1.[O:1]=[C:13]1[O:2][CH2:14][c:18]2[cH:12][cH:7][cH:6][cH:11][c:17]21>>[O:1]=[C:13]1[c:17]2[cH:11][cH:6][cH:7][cH:12][c:18]2[C:14](=[O:2])[CH:19]1[c:15]1[cH:8][cH:5][cH:9][c:16]([N+:20](=[O:3])[O-:4])[cH:10]1,1,6,0.05
golden_176,O1[C:13](=[O:1])[c:17]2[cH:9][cH:4][cH:5][cH:10][c:18]2[C:14]1=[O:2].[F:3][c:15]1[cH:7][n:11][cH:6][cH:8][c:16]1[NH:12][NH2:19]>>[O:1]=[C:13]1[c:17]2[cH:9][cH:4][cH:5][cH:10][c:18]2[C:14](=[O:2])[N:19]1[NH:12][c:16]1[cH:8][cH:6][n:11][cH:7][c:15]1[F:3],1,4,0.04
golden_177,C[Si](C)(C)[C:6]#[N:2].ClC(Cl)Cl.Cl[CH2:13][CH:9]=[CH2:1].[N:3]#[C:7][C:18]([C:8]#[N:4])=[CH:17][c:15]1[cH:10][cH:12][c:16]([Cl:5])[n:14][cH:11]1>>[CH2:1]=[CH:9][CH2:13][C:18]([C:7]#[N:3])([C:8]#[N:4])[CH:17]([C:6]#[N:2])[c:15]1[cH:10][cH:12][c:16]([Cl:5])[n:14][cH:11]1,1,4,0.06
golden_178,O1[C:19](=[O:5])[c:25]2[cH:12][cH:8][c:21]([CH3:3])[cH:13][c:26]2[C:20]1=[O:6].[CH3:1][CH2:14][O:17][c:24]1[cH:11][c:22]([CH:27]([CH2:15][C:18](=[O:4])[OH:7])[NH2:28])[cH:9][cH:10][c:23]1[O:16][CH3:2]>>[CH3:1][CH2:14][O:17][c:24]1[cH:11][c:22]([CH:27]([CH2:15][C:18](=[O:4])[OH:7])[N:28]2[C:19](=[O:5])[c:25]3[cH:12][cH:8][c:21]([CH3:3])[cH:13][c:26]3[C:20]2=[O:6])[cH:9][cH:10][c:23]1[O:16][CH3:2],1,4,0.07
golden_179,O[C:18](=[O:6])[CH2:15][n:28]1[c:23](-[c:21]2[cH:11][cH:9][c:19]([O:17][CH3:3])[cH:10][c:20]2[Cl:8])[n:16][n:29]2[c:24]([CH3:4])[cH:12][c:22]([CH:27]([CH2:13][CH3:1])[CH2:14][CH3:2])[c:26]2[c:25]1=[O:7].[NH3:5]>>[CH3:1][CH2:13][CH:27]([CH2:14][CH3:2])[c:22]1[cH:12][c:24]([CH3:4])[n:29]2[n:16][c:23](-[c:21]3[cH:11][cH:9][c:19]([O:17][CH3:3])[cH:10][c:20]3[Cl:8])[n:28]([CH2:15][C:18]([NH2:5])=[O:6])[c:25](=[O:7])[c:26]12,1,2,0.07
golden_180,O[C:13](=[O:4])[c:18]1[c:17]([Cl:6])[c:14]([Cl:5])[cH:7][c:19]2[n:8][c:15]([O:11][CH3:2])[c:16]([O:12][CH3:3])[n:9][c:20]12.[CH3:1][NH2:10]>>[CH3:1][NH:10][C:13](=[O:4])[c:18]1[c:17]([Cl:6])[c:14]([Cl:5])[cH:7][c:19]2[n:8][c:15]([O:11][CH3:2])[c:16]([O:12][CH3:3])[n:9][c:20]12,1,2,0.03
golden_181,CCO[C:11](OCC)(OCC)[CH3:1].[OH:2][CH2:3][C:10]([CH2:4][OH:7])([CH2:5][OH:8])[CH2:6][OH:9]>>[CH3:1][C:11]12[O:7][CH2:4][C:10]([CH2:3][OH:2])([CH2:5][O:8]1)[CH2:6][O:9]2,1,6,0.46
golden_182,O=[N+]([O-])[c:20]1[cH:9][cH:7][cH:6][cH:8][c:19]1[CH2:14][NH:23][CH:21]1[CH2:10][CH2:12][N:22]([C:17](=[O:4])[O:16][C:24]([CH3:1])([CH3:2])[CH3:3])[CH2:13][CH2:11]1.c1cn([C:18](=[O:5])[n:15]2ccnc2)cn1>>[CH3:1][C:24]([CH3:2])([CH3:3])[O:16][C:17](=[O:4])[N:22]1[CH2:12][CH2:10][CH:21]([N:23]2[CH2:14][c:19]3[cH:8][cH:6][cH:7][cH:9][c:20]3[NH:15][C:18]2=[O:5])[CH2:11][CH2:13]1,1,6,1.45
golden_183,[CH3:1][CH2:11][SiH:16]([CH2:12][CH3:2])[CH2:13][CH3:3].[CH3:4][O:14][C:15](=[O:6])[CH2:10][CH2:9][C:8](=[O:5])[Cl:7]>>[CH3:1][CH2:11][Si:16]([Cl:7])([CH2:12][CH3:2])[CH2:13][CH3:3].[CH3:4][O:14][C:15](=[O:6])[CH2:10][CH2:9][CH:8]=[O:5],1,3,0.02
golden_184,O=C[c:8]1[cH:5][cH:4][cH:6][c:9]([O:7][CH3:1])[c:10]1[OH:3].OO.O[OH:2]>>[CH3:1][O:7][c:9]1[cH:6][cH:4][cH:5][c:8]([OH:2])[c:10]1[OH:3],1,3,0.04
golden_185,Cl[C:13](=[O:1])[c:15]1[cH:8][cH:6][c:14]([Br:2])[cH:7][cH:9]1.[Br:3][c:16]1[cH:10][cH:4][cH:5][cH:11][c:17]1[NH2:12]>>[O:1]=[C:13]([NH:12][c:17]1[cH:11][cH:5][cH:4][cH:10][c:16]1[Br:3])[c:15]1[cH:8][cH:6][c:14]([Br:2])[cH:7][cH:9]1,1,2,0.03
golden_186,CC(=O)OC(C)=O.O[CH2:8][CH2:6][CH2:5][CH2:7][CH2:9][OH:11].[CH3:1][C:12](=[O:3])[O:10][C:13]([CH3:2])=[O:4]>>[CH3:1][C:12](=[O:3])[O:10][CH2:8][CH2:6][CH2:5][CH2:7][CH2:9][O:11][C:13]([CH3:2])=[O:4],1,4,0.12
golden_187,CC(=O)O[CH2:1][CH2:3][CH2:5][CH2:4][CH2:2]OC(C)=O>>[CH2:1]=[CH:3][CH2:5][CH:4]=[CH2:2],1,4,0.03
golden_188,Cl[CH:7]([CH3:5])[O:6][CH2:4][CH3:1].[Br:2][Br:3]>>[CH3:1][CH2:4][O:6][CH:7]([Br:3])[CH2:5][Br:2],1,5,0.01
golden_189,Cl[C:13](=[O:1])[c:16]1[cH:11][cH:7][cH:6][cH:10][c:15]1[I:2].[cH:3]1[cH:4][cH:8][c:14]([NH2:12])[cH:9][cH:5]1>>[O:1]=[C:13]([NH:12][c:14]1[cH:8][cH:4][cH:3][cH:5][cH:9]1)[c:16]1[cH:11][cH:7][cH:6][cH:10][c:15]1[I:2],1,2,0.03
golden_190,Cl[S:12](=[O:3])(=[O:4])[c:11]1[cH:7][cH:5][c:10]([CH3:1])[cH:6][cH:8]1.[NH2:2][NH2:9]>>[CH3:1][c:10]1[cH:5][cH:7][c:11]([S:12](=[O:3])(=[O:4])[NH:9][NH2:2])[cH:8][cH:6]1,1,2,0.01
golden_191,Br[CH2:11][c:16]1[cH:7][cH:3][cH:2][cH:4][cH:8]1.[CH3:1][C:15](=[N:12][OH:14])[c:17]1[cH:9][cH:5][cH:6][n:13][cH:10]1>>[CH3:1][C:15](=[N:12][O:14][CH2:11][c:16]1[cH:7][cH:3][cH:2][cH:4][cH:8]1)[c:17]1[cH:9][cH:5][cH:6][n:13][cH:10]1,1,2,0.03
golden_192,Cl[Si:11]([CH3:5])([CH3:6])[C:10]([CH3:2])([CH3:3])[CH3:4].[CH2:1]=[CH:7][CH2:8][OH:9]>>[CH2:1]=[CH:7][CH2:8][O:9][Si:11]([CH3:5])([CH3:6])[C:10]([CH3:2])([CH3:3])[CH3:4],1,2,0.02
golden_193,Cl[C:13](=[O:2])[CH2:9][CH3:1].[S:3]=[C:14]1[S:12][CH2:10][CH:16]([CH2:11][c:15]2[cH:7][cH:5][cH:4][cH:6][cH:8]2)[NH:17]1>>[CH3:1][CH2:9][C:13](=[O:2])[N:17]1[C:14](=[S:3])[S:12][CH2:10][CH:16]1[CH2:11][c:15]1[cH:7][cH:5][cH:4][cH:6][cH:8]1,1,2,0.03
golden_194,CC1(C)OB([B:13]2[O:11][C:17]([CH3:1])([CH3:2])[C:18]([CH3:3])([CH3:4])[O:12]2)OC1(C)C.N[c:14]1[cH:7][cH:9][c:15]([N+:16](=[O:5])[O-:6])[cH:10][cH:8]1.O=N[O-]>>[CH3:1][C:17]1([CH3:2])[O:11][B:13]([c:14]2[cH:7][cH:9][c:15]([N+:16](=[O:5])[O-:6])[cH:10][cH:8]2)[O:12][C:18]1([CH3:3])[CH3:4],1,3,0.13
golden_195,Cl[Si:28]([CH3:6])([CH3:7])[C:27]([CH3:3])([CH3:4])[CH3:5].[CH3:1][C:25]12[CH2:16][CH2:15][CH:24]3[CH:22]([CH2:13][CH:9]=[C:20]4[CH2:12][CH:21]([OH:18])[CH2:11][CH2:17][C:26]43[CH3:2])[CH:23]1[CH2:14][CH2:10][C:19]2=[O:8]>>[CH3:1][C:25]12[CH2:16][CH2:15][CH:24]3[CH:22]([CH2:13][CH:9]=[C:20]4[CH2:12][CH:21]([O:18][Si:28]([CH3:6])([CH3:7])[C:27]([CH3:3])([CH3:4])[CH3:5])[CH2:11][CH2:17][C:26]43[CH3:2])[CH:23]1[CH2:14][CH2:10][C:19]2=[O:8],1,2,0.08
golden_196,CC(C)(C)OOC(C)(C)C.[O:1]=[CH:15][c:17]1[cH:10][cH:6][cH:3][cH:7][cH:11]1.[cH:2]1[cH:4][cH:8][c:16]([CH2:13][CH2:12][NH2:14])[cH:9][cH:5]1>>[O:1]=[C:15]([NH:14][CH2:12][CH2:13][c:16]1[cH:8][cH:4][cH:2][cH:5][cH:9]1)[c:17]1[cH:10][cH:6][cH:3][cH:7][cH:11]1,1,2,0.07
golden_197,Cl[S:20](=[O:3])(=[O:4])[c:17]1[cH:10][cH:8][c:16]([CH3:1])[cH:9][cH:11]1.O=C([O-])[O-].[O:2]=[C:15]([OH:5])[c:19]1[cH:13][cH:7][cH:6][cH:12][c:18]1[NH2:14]>>[CH3:1][c:16]1[cH:8][cH:10][c:17]([S:20](=[O:3])(=[O:4])[NH:14][c:18]2[cH:12][cH:6][cH:7][cH:13][c:19]2[C:15](=[O:2])[O-:5])[cH:11][cH:9]1,1,2,0.16
golden_198,Br[c:14]1[cH:6][cH:8][c:15]([O:11][CH3:1])[cH:9][cH:7]1.C1CCC([N-]C2CCCCC2)CC1.[CH3:2][C:16]([CH3:3])([CH3:4])[O:12][C:13](=[O:5])[CH3:10]>>[CH3:1][O:11][c:15]1[cH:8][cH:6][c:14]([CH2:10][C:13](=[O:5])[O:12][C:16]([CH3:2])([CH3:3])[CH3:4])[cH:7][cH:9]1,1,3,0.07
golden_199,Br[c:13]1[cH:8][cH:6][cH:7][c:12]([F:5])[cH:9]1.C1CCC([N-]C2CCCCC2)CC1.[CH3:1][O:10][C:11](=[O:4])[CH:14]([CH3:2])[CH3:3]>>[CH3:1][O:10][C:11](=[O:4])[C:14]([CH3:2])([CH3:3])[c:13]1[cH:8][cH:6][cH:7][c:12]([F:5])[cH:9]1,1,3,0.06
golden_200,O=[C:14]1[CH2:9][CH2:6][CH2:8][C:13](=[O:3])[C:15]1([CH2:10][CH:4]=[CH2:1])[CH2:11][CH2:7][C:12](=[O:2])[CH3:5]>>[CH2:1]=[CH:4][CH2:10][C:15]12[CH2:11][CH2:7][C:12](=[O:2])[CH:5]=[C:14]1[CH2:9][CH2:6][CH2:8][C:13]2=[O:3],1,4,0.03
golden_201,Br[CH2:9][CH:6]=[CH2:1].CC(C)[N-]C(C)C.[O:2]=[C:12]1[O:11][CH:13]([C:15]([Cl:3])([Cl:4])[Cl:5])[N:14]2[CH2:8][CH2:7][CH2:10][CH:16]12>>[CH2:1]=[CH:6][CH2:9][C:16]12[CH2:10][CH2:7][CH2:8][N:14]1[CH:13]([C:15]([Cl:3])([Cl:4])[Cl:5])[O:11][C:12]2=[O:2],1,3,0.04
golden_202,CCO[CH:11](O)[C:13]([Cl:2])([Cl:3])[Cl:4].[O:1]=[C:9]([OH:8])[CH:10]1[CH2:6][CH2:5][CH2:7][NH:12]1>>[O:1]=[C:9]1[O:8][CH:11]([C:13]([Cl:2])([Cl:3])[Cl:4])[N:12]2[CH2:7][CH2:5][CH2:6][CH:10]12,1,4,0.02
golden_203,Br[Br:2].[O:1]=[C:8]1[O:7][CH2:11][c:10]2[cH:6][cH:4][cH:3][cH:5][c:9]21>>[O:1]=[C:8]1[O:7][CH:11]([Br:2])[c:10]2[cH:6][cH:4][cH:3][cH:5][c:9]21,1,3,0.02
golden_204,Cl[C:19](=[O:8])[c:20]1[cH:9][c:21]([O:16][CH3:5])[c:23]([O:18][CH3:7])[c:22]([O:17][CH3:6])[cH:10]1.[CH3:1][CH2:11][NH:15][CH2:12][CH3:2].[CH3:3][CH2:13][NH:24][CH2:14][CH3:4]>>[CH3:1][CH2:11][NH2+:15][CH2:12][CH3:2].[CH3:3][CH2:13][N:24]([CH2:14][CH3:4])[C:19](=[O:8])[c:20]1[cH:9][c:21]([O:16][CH3:5])[c:23]([O:18][CH3:7])[c:22]([O:17][CH3:6])[cH:10]1,1,2,0.07
golden_205,Br[c:14]1[cH:8][cH:6][c:13]([F:5])[cH:7][cH:9]1.C1CCC([N-]C2CCCCC2)CC1.[CH3:1][C:15]([CH3:2])([CH3:3])[O:11][C:12](=[O:4])[CH3:10]>>[CH3:1][C:15]([CH3:2])([CH3:3])[O:11][C:12](=[O:4])[CH2:10][c:14]1[cH:8][cH:6][c:13]([F:5])[cH:7][cH:9]1,1,3,0.06
golden_206,[Br:3][Br:4].[CH3:1][C:10](=[O:2])[CH:12]=[CH:13][c:11]1[cH:8][cH:6][cH:5][cH:7][cH:9]1>>[CH3:1][C:10](=[O:2])[CH:12]([Br:3])[CH:13]([Br:4])[c:11]1[cH:8][cH:6][cH:5][cH:7][cH:9]1,1,3,0.03
golden_207,Br[c:13]1[cH:8][cH:6][c:12]([Cl:5])[cH:7][cH:9]1.C1CCC([N-]C2CCCCC2)CC1.[CH3:1][O:10][C:11](=[O:4])[CH:14]([CH3:2])[CH3:3]>>[CH3:1][O:10][C:11](=[O:4])[C:14]([CH3:2])([CH3:3])[c:13]1[cH:8][cH:6][c:12]([Cl:5])[cH:7][cH:9]1,1,3,0.05
golden_208,Cl[CH2:14][C:23](=[O:4])[N:30]([c:27]1[cH:12][cH:10][c:25]([C:21](=[O:2])[O:19][CH3:1])[cH:11][cH:26]1)[CH:28]1[CH2:15][CH2:17][N:29]([C:22](=[O:3])[O:20][CH2:13][c:24]2[cH:8][cH:6][cH:5][cH:7][cH:9]2)[CH2:18][CH2:16]1>>[CH3:1][O:19][C:21](=[O:2])[c:25]1[cH:10][cH:12][c:27]2[c:26]([cH:11]1)[CH2:14][C:23](=[O:4])[N:30]2[CH:28]1[CH2:15][CH2:17][N:29]([C:22](=[O:3])[O:20][CH2:13][c:24]2[cH:8][cH:6][cH:5][cH:7][cH:9]2)[CH2:18][CH2:16]1,1,3,0.10
golden_209,Br[c:14]1[cH:8][cH:6][c:13]([O:11][CH3:2])[cH:7][cH:9]1.C1CCC([N-]C2CCCCC2)CC1.[CH3:1][O:10][C:12](=[O:5])[CH:15]([CH3:3])[CH3:4]>>[CH3:1][O:10][C:12](=[O:5])[C:15]([CH3:3])([CH3:4])[c:14]1[cH:8][cH:6][c:13]([O:11][CH3:2])[cH:7][cH:9]1,1,3,0.06
golden_210,[CH2:1]=[CH:3][C:11]#[N:10].[OH:2][CH2:9][c:12]1[cH:7][cH:5][cH:4][cH:6][cH:8]1>>[CH2:1]=[CH:3][C:11](=[O:2])[NH:10][CH2:9][c:12]1[cH:7][cH:5][cH:4][cH:6][cH:8]1,1,3,0.02
golden_211,Cl[P:10](Cl)([Cl:4])([Cl:5])[Cl:6].[N:1]#[C:7][CH2:9][C:8]([NH2:2])=[O:3]>>[N:1]#[C:7][CH2:9][C:8]#[N:2].[O:3]=[P:10]([Cl:4])([Cl:5])[Cl:6],1,4,0.01
golden_212,CCO[C:13](=[O:3])[O:11][CH2:8][CH3:1].[O:2]=[C:12]1[CH2:9][CH2:6][CH2:4][CH2:5][CH2:7][CH2:10][CH2:14]1>>[CH3:1][CH2:8][O:11][C:13](=[O:3])[CH:14]1[CH2:10][CH2:7][CH2:5][CH2:4][CH2:6][CH2:9][C:12]1=[O:2],1,3,0.04
golden_213,O=[C:17]1[CH2:12][CH2:9][CH2:11][C:16](=[O:2])[C:19]1([CH2:13][CH2:10][C:15](=[O:1])[CH3:3])[CH2:14][c:18]1[cH:7][cH:5][cH:4][cH:6][cH:8]1>>[O:1]=[C:15]1[CH:3]=[C:17]2[CH2:12][CH2:9][CH2:11][C:16](=[O:2])[C:19]2([CH2:14][c:18]2[cH:7][cH:5][cH:4][cH:6][cH:8]2)[CH2:13][CH2:10]1,1,4,0.07
golden_214,Br[c:15]1[cH:8][cH:10][c:16]([C:18]([CH3:4])([CH3:5])[CH3:6])[cH:11][cH:9]1.C1CCC([N-]C2CCCCC2)CC1.[CH3:1][C:17]([CH3:2])([CH3:3])[O:13][C:14](=[O:7])[CH3:12]>>[CH3:1][C:17]([CH3:2])([CH3:3])[O:13][C:14](=[O:7])[CH2:12][c:15]1[cH:8][cH:10][c:16]([C:18]([CH3:4])([CH3:5])[CH3:6])[cH:11][cH:9]1,1,3,0.11
golden_215,CS(=O)(=O)Cl.O=[C:12]([NH:10][CH:15]([CH2:9][OH:11])[C:16]([CH3:1])([CH3:2])[CH3:3])[c:14]1[cH:8][cH:6][cH:5][cH:7][c:13]1[Br:4]>>[CH3:1][C:16]([CH3:2])([CH3:3])[CH:15]1[CH2:9][O:11][C:12]([c:14]2[cH:8][cH:6][cH:5][cH:7][c:13]2[Br:4])=[N:10]1,1,2,0.04
golden_216,Br[c:14]1[cH:9][cH:7][c:13]([N:15]([CH3:2])[CH3:3])[cH:8][cH:10]1.C1CCC([N-]C2CCCCC2)CC1.[CH3:1][O:11][C:12](=[O:6])[CH:16]([CH3:4])[CH3:5]>>[CH3:1][O:11][C:12](=[O:6])[C:16]([CH3:4])([CH3:5])[c:14]1[cH:9][cH:7][c:13]([N:15]([CH3:2])[CH3:3])[cH:8][cH:10]1,1,3,0.07
golden_217,O=[CH:11][c:13]1[cH:7][cH:3][cH:2][cH:4][cH:8]1.[CH3:1][c:14]1[cH:9][cH:5][cH:6][cH:10][c:15]1[NH2:12]>>[CH3:1][c:14]1[cH:9][cH:5][cH:6][cH:10][c:15]1[NH:12][CH2:11][c:13]1[cH:7][cH:3][cH:2][cH:4][cH:8]1,1,3,0.04
golden_218,O=[N+:2]([O-])[c:10]1[cH:7][c:8]([N+:11](=[O:3])[O-:4])[cH:5][cH:6][c:9]1[NH2:1]>>[NH2:1][c:9]1[cH:6][cH:5][c:8]([N+:11](=[O:3])[O-:4])[cH:7][c:10]1[NH2:2],1,2,0.02
golden_219,Br[c:11]1[cH:6][cH:5][s:9][cH:7]1.C1CCC([N-]C2CCCCC2)CC1.[CH3:1][O:8][C:10](=[O:4])[CH:12]([CH3:2])[CH3:3]>>[CH3:1][O:8][C:10](=[O:4])[C:12]([CH3:2])([CH3:3])[c:11]1[cH:6][cH:5][s:9][cH:7]1,1,3,0.05
golden_220,CCN(CC)CC.CCN(CC)CC.O=C(OC(=O)C(F)(F)F)C(F)(F)F.O[N:12]=[C:14]([c:16]1[cH:7][cH:5][cH:6][c:15]([Br:4])[cH:8]1)[CH2:19][c:18]1[cH:11][cH:9][c:17]([C:20]([F:1])([F:2])[F:3])[cH:10][n:13]1>>[F:1][C:20]([F:2])([F:3])[c:17]1[cH:9][cH:11][c:18]([CH:19]2[N:12]=[C:14]2[c:16]2[cH:7][cH:5][cH:6][c:15]([Br:4])[cH:8]2)[n:13][cH:10]1,1,3,0.10
golden_221,O=[C:16]([CH2:13][c:20]1[cH:12][cH:10][c:19]([C:21]([F:2])([F:3])[F:4])[cH:11][n:15]1)[c:18]1[cH:8][cH:6][cH:7][c:17]([Br:5])[cH:9]1.[OH:1][NH2:14]>>[OH:1][N:14]=[C:16]([CH2:13][c:20]1[cH:12][cH:10][c:19]([C:21]([F:2])([F:3])[F:4])[cH:11][n:15]1)[c:18]1[cH:8][cH:6][cH:7][c:17]([Br:5])[cH:9]1,1,2,0.03
golden_222,Cl[c:19]1[cH:12][cH:10][c:18]([C:20]([F:2])([F:3])[F:4])[cH:11][n:14]1.[O:1]=[C:15]([CH3:13])[c:17]1[cH:8][cH:6][cH:7][c:16]([Br:5])[cH:9]1>>[O:1]=[C:15]([CH2:13][c:19]1[cH:12][cH:10][c:18]([C:20]([F:2])([F:3])[F:4])[cH:11][n:14]1)[c:17]1[cH:8][cH:6][cH:7][c:16]([Br:5])[cH:9]1,1,3,0.06
golden_223,O=[C:11]1[CH2:1][CH2:2][CH2:3][CH2:4][CH2:7]1.[CH2:5]1[CH2:8][NH:12][CH2:9][CH2:6][O:10]1>>[CH:1]1=[C:11]([N:12]2[CH2:8][CH2:5][O:10][CH2:6][CH2:9]2)[CH2:7][CH2:4][CH2:3][CH2:2]1,1,3,0.03
golden_224,[CH2:1]=[C:11]1[O:2][C:12](=[O:3])[CH2:9]1.[cH:4]1[cH:5][cH:7][c:13]([NH2:10])[cH:8][cH:6]1>>[CH3:1][C:11](=[O:2])[CH2:9][C:12](=[O:3])[NH:10][c:13]1[cH:7][cH:5][cH:4][cH:6][cH:8]1,1,3,0.04
golden_225,O[OH:2].[CH3:1][c:7]1[cH:4][cH:3][cH:5][n:8][cH:6]1>>[CH3:1][c:7]1[cH:4][cH:3][cH:5][n+:8]([O-:2])[cH:6]1,1,2,0.01
golden_226,O[N+:10](=[O:2])[O-:3].[CH3:1][c:8]1[cH:7][n+:11]([O-:4])[cH:6][cH:5][cH:9]1>>[CH3:1][c:8]1[cH:7][n+:11]([O-:4])[cH:6][cH:5][c:9]1[N+:10](=[O:2])[O-:3],1,3,0.01
golden_227,Br[Br:2].[OH:1][c:7]1[cH:3][cH:5][cH:8][cH:6][cH:4]1>>[OH:1][c:7]1[cH:3][cH:5][c:8]([Br:2])[cH:6][cH:4]1,1,3,0.01
golden_228,O=[N+:11]([O-])[c:17]1[cH:9][cH:5][cH:8][c:16]([C:13](=[O:3])[N:19]([CH3:1])[CH3:2])[c:18]1[CH:10]=[CH:14][c:15]1[cH:7][cH:4][cH:6][o:12]1.[C-]#[O+].[C-]#[O+]>>[CH3:1][N:19]([CH3:2])[C:13](=[O:3])[c:16]1[cH:8][cH:5][cH:9][c:17]2[nH:11][c:14](-[c:15]3[cH:7][cH:4][cH:6][o:12]3)[cH:10][c:18]12,1,4,0.07
golden_229,O=[N+:15]([O-])[c:21]1[cH:9][cH:3][cH:8][c:20]([C:16](=[O:1])[N:23]2[CH2:13][CH2:11][CH2:12][CH2:14]2)[c:22]1[CH:10]=[CH:19][c:18]1[cH:6][cH:4][c:17]([F:2])[cH:5][cH:7]1.[C-]#[O+].[C-]#[O+]>>[O:1]=[C:16]([c:20]1[cH:8][cH:3][cH:9][c:21]2[nH:15][c:19](-[c:18]3[cH:6][cH:4][c:17]([F:2])[cH:5][cH:7]3)[cH:10][c:22]12)[N:23]1[CH2:13][CH2:11][CH2:12][CH2:14]1,1,4,0.13
golden_230,Br[c:13]1[cH:8][cH:6][c:12]([F:5])[cH:7][cH:9]1.C1CCC([N-]C2CCCCC2)CC1.[CH3:1][O:10][C:11](=[O:4])[CH:14]([CH3:2])[CH3:3]>>[CH3:1][O:10][C:11](=[O:4])[C:14]([CH3:2])([CH3:3])[c:13]1[cH:8][cH:6][c:12]([F:5])[cH:7][cH:9]1,1,3,0.05
golden_231,O=[N+:14]([O-])[c:24]1[cH:7][cH:2][cH:6][c:23]([C:18](=[O:1])[N:26]2[CH2:12][CH2:9][O:15][CH2:10][CH2:13]2)[c:25]1[CH:8]=[CH:20][c:19]1[cH:3][cH:4][c:21]2[c:22]([cH:5]1)[O:17][CH2:11][O:16]2.[C-]#[O+].[C-]#[O+]>>[O:1]=[C:18]([c:23]1[cH:6][cH:2][cH:7][c:24]2[nH:14][c:20](-[c:19]3[cH:3][cH:4][c:21]4[c:22]([cH:5]3)[O:17][CH2:11][O:16]4)[cH:8][c:25]12)[N:26]1[CH2:12][CH2:9][O:15][CH2:10][CH2:13]1,1,4,0.12
golden_232,Cl[c:9]1[cH:7][c:10](Cl)[c:12]([N+:14](=[O:4])[O-:6])[cH:8][c:11]1[N+:13](=[O:3])[O-:5].[NH3:1].[NH3:2]>>[NH2:1][c:9]1[cH:7][c:10]([NH2:2])[c:12]([N+:14](=[O:4])[O-:6])[cH:8][c:11]1[N+:13](=[O:3])[O-:5],1,4,0.02
golden_233,O[C:16]([C:11](=[O:1])[OH:2])([c:14]1[cH:9][cH:5][cH:3][cH:7][cH:12]1)[c:15]1[cH:10][cH:6][cH:4][cH:8][cH:13]1>>[O:1]=[C:11]([OH:2])[CH:16]1[c:14]2[cH:9][cH:5][cH:3][cH:7][c:12]2-[c:13]2[cH:8][cH:4][cH:6][cH:10][c:15]21,1,5,0.34
golden_234,O=[N:1]O.[cH:2]1[cH:3][cH:5][c:9]([NH:7][NH2:8])[cH:6][cH:4]1>>[N-:1]=[N+:8]=[N:7][c:9]1[cH:5][cH:3][cH:2][cH:4][cH:6]1,1,3,0.01
golden_235,Br[Br:4].[CH3:1][c:7]1[cH:5][c:8]([CH3:2])[cH:10][c:9]([CH3:3])[cH:6]1>>[CH3:1][c:7]1[cH:5][c:8]([CH3:2])[c:10]([Br:4])[c:9]([CH3:3])[cH:6]1,1,3,0.02
golden_236,O=[N:7]O.[cH:1]1[cH:2][cH:4][c:9]([NH2:6])[c:8]([NH2:5])[cH:3]1>>[cH:1]1[cH:2][cH:4][c:9]2[n:6][nH:7][n:5][c:8]2[cH:3]1,1,4,0.01
golden_237,O=[N+:18]([O-])[c:25]1[cH:12][cH:7][cH:11][c:24]([C:19](=[O:2])[N:27]2[CH2:14][CH2:16][N:28]([S:29]([CH3:1])(=[O:3])=[O:4])[CH2:17][CH2:15]2)[c:26]1[CH:13]=[CH:23][c:22]1[cH:9][c:20]([F:5])[cH:8][c:21]([Cl:6])[cH:10]1.[C-]#[O+].[C-]#[O+]>>[CH3:1][S:29](=[O:3])(=[O:4])[N:28]1[CH2:16][CH2:14][N:27]([C:19](=[O:2])[c:24]2[cH:11][cH:7][cH:12][c:25]3[nH:18][c:23](-[c:22]4[cH:9][c:20]([F:5])[cH:8][c:21]([Cl:6])[cH:10]4)[cH:13][c:26]23)[CH2:15][CH2:17]1,1,4,1.10
golden_238,O[N+:15](=[O:5])[O-:7].O[N+:16](=[O:6])[O-:8].[CH3:1][c:9]1[c:11]([CH3:3])[cH:14][c:12]([CH3:4])[c:10]([CH3:2])[cH:13]1>>[CH3:1][c:9]1[c:11]([CH3:3])[c:14]([N+:16](=[O:6])[O-:8])[c:12]([CH3:4])[c:10]([CH3:2])[c:13]1[N+:15](=[O:5])[O-:7],1,6,0.09
golden_239,O=[N+:18]([O-])[c:29]1[cH:11][cH:6][cH:10][c:28]([C:23](=[O:5])[N:32]2[CH2:16][CH2:14][N:31]([C:22](=[O:4])[O:21][C:33]([CH3:1])([CH3:2])[CH3:3])[CH2:15][CH2:17]2)[c:30]1[CH:12]=[CH:25][c:24]1[cH:7][cH:8][c:26]2[c:27]([cH:9]1)[O:20][CH2:13][O:19]2.[C-]#[O+].[C-]#[O+]>>[CH3:1][C:33]([CH3:2])([CH3:3])[O:21][C:22](=[O:4])[N:31]1[CH2:14][CH2:16][N:32]([C:23](=[O:5])[c:28]2[cH:10][cH:6][cH:11][c:29]3[nH:18][c:25](-[c:24]4[cH:7][cH:8][c:26]5[c:27]([cH:9]4)[O:20][CH2:13][O:19]5)[cH:12][c:30]23)[CH2:17][CH2:15]1,1,4,1.28
golden_240,Br[Br:5].[CH3:1][O:10][C:11](=[O:2])[c:12]1[cH:7][cH:6][cH:8][c:13]([N+:15](=[O:3])[O-:4])[c:14]1[CH3:9]>>[CH3:1][O:10][C:11](=[O:2])[c:12]1[cH:7][cH:6][cH:8][c:13]([N+:15](=[O:3])[O-:4])[c:14]1[CH2:9][Br:5],1,3,0.02
golden_241,Cl[Si:12]([CH3:5])([CH3:6])[C:11]([CH3:2])([CH3:3])[CH3:4].[CH3:1][CH2:7][S:10][CH2:8][OH:9]>>[CH3:1][CH2:7][S:10][CH2:8][O:9][Si:12]([CH3:5])([CH3:6])[C:11]([CH3:2])([CH3:3])[CH3:4],1,2,0.02
golden_242,[CH3:2][CH2:10][O:13][C:14](=[O:3])[CH:18]1[CH2:12][CH2:11][c:16]2[cH:8][cH:6][cH:7][cH:9][c:17]2[C:15]1=[O:4].[CH:1]#[CH:5]>>[CH2:1]=[CH:5][C:18]1([C:14](=[O:3])[O:13][CH2:10][CH3:2])[CH2:12][CH2:11][c:16]2[cH:8][cH:6][cH:7][cH:9][c:17]2[C:15]1=[O:4],1,3,0.05
golden_243,CCO[C:7](=[O:1])[CH2:4][C:8](OCC)=[O:2].[O:3]=[C:9]([NH2:5])[NH2:6]>>[O:1]=[C:7]1[CH2:4][C:8](=[O:2])[NH:6][C:9](=[O:3])[NH:5]1,1,4,0.01
golden_244,I[c:14]1[cH:6][cH:4][cH:5][cH:7][c:15]1[NH:16][CH3:3].O=C([O-])[O-].[CH3:1][CH2:8][CH2:10][C:12]#[C:13][CH2:11][CH2:9][CH3:2]>>[CH3:1][CH2:8][CH2:10][c:12]1[c:13]([CH2:11][CH2:9][CH3:2])[n:16]([CH3:3])[c:15]2[cH:7][cH:5][cH:4][cH:6][c:14]12,1,3,0.05
golden_245,I[c:15]1[cH:9][cH:7][cH:6][cH:8][c:14]1[NH2:10].O=C([O-])[O-].[CH2:1]=[C:11]([CH3:2])[C:13]#[C:12][C:16]([CH3:3])([CH3:4])[OH:5]>>[CH2:1]=[C:11]([CH3:2])[c:13]1[c:12]([C:16]([CH3:3])([CH3:4])[OH:5])[nH:10][c:14]2[cH:8][cH:6][cH:7][cH:9][c:15]12,1,3,0.05
golden_246,Br[c:24]1[cH:14][c:22]([O:19][CH2:15][c:20]2[cH:9][cH:5][cH:3][cH:6][cH:10]2)[cH:13][c:23]([Br:2])[c:25]1[CH:26]([CH2:16][OH:1])[CH2:18][NH:27][CH2:17][c:21]1[cH:11][cH:7][cH:4][cH:8][cH:12]1.CC(=O)[O-]>>[OH:1][CH2:16][CH:26]1[CH2:18][N:27]([CH2:17][c:21]2[cH:11][cH:7][cH:4][cH:8][cH:12]2)[c:24]2[cH:14][c:22]([O:19][CH2:15][c:20]3[cH:9][cH:5][cH:3][cH:6][cH:10]3)[cH:13][c:23]([Br:2])[c:25]21,1,2,0.10
golden_247,O=[CH:8][c:10]1[cH:3][cH:1][cH:2][cH:4][c:11]1[NH2:9].[CH2:5]1[CH2:6][CH2:12][NH:13][CH2:7]1>>[cH:1]1[cH:2][cH:4][c:11]2[c:10]([cH:3]1)[CH2:8][N:13]1[CH2:7][CH2:5][CH2:6][CH:12]1[NH:9]2,1,5,0.06
golden_248,Br[c:23]1[cH:11][cH:10][c:22]([O:18][CH2:15][c:21]2[cH:8][cH:6][c:20]([C:5]#[N:3])[cH:7][cH:9]2)[cH:12][c:24]1[C:25]([CH2:16][CH2:13][CH3:1])([CH2:17][CH2:14][CH3:2])[CH:19]=[O:4].O=C([O-])[O-]>>[CH3:1][CH2:13][CH2:16][C:25]1([CH2:17][CH2:14][CH3:2])[C:19](=[O:4])[c:23]2[cH:11][cH:10][c:22]([O:18][CH2:15][c:21]3[cH:8][cH:6][c:20]([C:5]#[N:3])[cH:7][cH:9]3)[cH:12][c:24]21,1,3,0.11
golden_249,[CH3:2][c:19]1[cH:10][cH:15][c:23](-[c:21]2[cH:13][cH:6][cH:5][cH:7][n:16]2)[cH:22][cH:14]1.[N-]=[N+]=[N:17][S:24](=[O:3])(=[O:4])[c:20]1[cH:11][cH:8][c:18]([CH3:1])[cH:9][cH:12]1>>[CH3:1][c:18]1[cH:8][cH:11][c:20]([S:24](=[O:3])(=[O:4])[NH:17][c:22]2[cH:14][c:19]([CH3:2])[cH:10][cH:15][c:23]2-[c:21]2[cH:13][cH:6][cH:5][cH:7][n:16]2)[cH:12][cH:9]1,1,3,0.06
golden_250,CCO[C:9](=[O:1])[c:10]1[cH:6][cH:4][cH:3][cH:5][cH:7]1.[OH:2][NH2:8]>>[O:1]=[C:9]([NH:8][OH:2])[c:10]1[cH:6][cH:4][cH:3][cH:5][cH:7]1,1,2,0.02
golden_251,O=[C:15]([C:16](=O)[c:18]1[cH:11][cH:7][cH:4][cH:8][cH:12]1)[c:17]1[cH:9][cH:5][cH:3][cH:6][cH:10]1.[NH2:1][NH2:13].[NH2:2][NH2:14]>>[NH2:1][N:13]=[C:15]([C:16](=[N:14][NH2:2])[c:18]1[cH:11][cH:7][cH:4][cH:8][cH:12]1)[c:17]1[cH:9][cH:5][cH:3][cH:6][cH:10]1,1,4,0.08
golden_252,O=[N:2]O.[CH3:1][CH2:5][O:7][C:8](=[O:3])[CH2:4][NH2:6]>>[CH3:1][CH2:5][O:7][C:8](=[O:3])[CH:4]=[N+:6]=[N-:2],1,4,0.01
golden_253,CS(=O)(=O)Cl.O[N:12]=[C:14]([CH2:10][c:13]1[cH:6][cH:2][cH:1][cH:3][cH:7]1)[c:16]1[cH:9][cH:5][cH:4][cH:8][c:15]1[NH2:11]>>[cH:1]1[cH:2][cH:6][c:13]([CH2:10][c:14]2[nH:12][n:11][c:15]3[cH:8][cH:4][cH:5][cH:9][c:16]23)[cH:7][cH:3]1,1,2,0.04
golden_254,O[CH2:5][CH2:4][CH2:3][CH3:1].[O:2]=[N:6][OH:7]>>[CH3:1][CH2:3][CH2:4][CH2:5][O:7][N:6]=[O:2],1,2,0.01
golden_255,O=[CH:3][CH:4]=O.[cH:1]1[cH:2][cH:6][c:10]([NH2:8])[c:9]([NH2:7])[cH:5]1>>[cH:1]1[cH:2][cH:6][c:10]2[n:8][cH:4][cH:3][n:7][c:9]2[cH:5]1,1,4,0.02
golden_256,Cl[C:17](=[O:1])[CH2:15][CH2:13][CH2:14][CH2:16][C:18](Cl)=[O:2].[cH:3]1[cH:5][cH:9][cH:19][cH:10][cH:6]1.[cH:4]1[cH:7][cH:11][cH:20][cH:12][cH:8]1>>[O:1]=[C:17]([CH2:15][CH2:13][CH2:14][CH2:16][C:18](=[O:2])[c:20]1[cH:11][cH:7][cH:4][cH:8][cH:12]1)[c:19]1[cH:9][cH:5][cH:3][cH:6][cH:10]1,1,6,0.55
golden_257,O=[N+:20]([O-])[c:28]1[cH:12][cH:4][cH:11][c:26]([C:22](=[O:1])[N:33]2[CH2:18][CH2:16][CH:32]([n:34]3[c:27](=[O:2])[nH:21][c:29]4[cH:13][cH:5][cH:6][cH:15][c:31]43)[CH2:17][CH2:19]2)[c:30]1[CH:14]=[CH:25][c:24]1[cH:9][cH:7][c:23]([F:3])[cH:8][cH:10]1.[C-]#[O+].[C-]#[O+]>>[O:1]=[C:22]([c:26]1[cH:11][cH:4][cH:12][c:28]2[nH:20][c:25](-[c:24]3[cH:9][cH:7][c:23]([F:3])[cH:8][cH:10]3)[cH:14][c:30]12)[N:33]1[CH2:18][CH2:16][CH:32]([n:34]2[c:27](=[O:2])[nH:21][c:29]3[cH:13][cH:5][cH:6][cH:15][c:31]32)[CH2:17][CH2:19]1,1,4,0.23
golden_258,Cl[S:13][c:14]1[cH:6][cH:4][cH:3][cH:5][cH:7]1.[CH3:1][CH2:8][CH2:9][CH2:11][CH:15]([CH2:10][CH3:2])[OH:12]>>[CH3:1][CH2:8][CH2:9][CH2:11][CH:15]([CH2:10][CH3:2])[O:12][S:13][c:14]1[cH:6][cH:4][cH:3][cH:5][cH:7]1,1,2,0.02
golden_259,C=CCN.Cl[C:8](=[O:3])[O:7][CH3:2].[CH2:1]=[CH:4][CH2:5][NH2:6]>>[CH2:1]=[CH:4][CH2:5][NH:6][C:8](=[O:3])[O:7][CH3:2],1,2,0.01
golden_260,Br[C:8]#[C:6][C:5]#[C:7][CH2:11][CH2:13][CH2:14][CH2:12][CH2:10][CH3:2].[CH2:1]=[CH:9][CH2:15][NH:18][C:17](=[O:4])[O:16][CH3:3]>>[CH2:1]=[CH:9][CH2:15][N:18]([C:8]#[C:6][C:5]#[C:7][CH2:11][CH2:13][CH2:14][CH2:12][CH2:10][CH3:2])[C:17](=[O:4])[O:16][CH3:3],1,2,0.03
golden_261,CC(C)[N-]C(C)C.Cl[C:3](=[CH2:1])[C:4]#[C:5][CH2:7][CH2:9][CH2:10][CH2:8][CH2:6][CH3:2]>>[CH:1]#[C:3][C:4]#[C:5][CH2:7][CH2:9][CH2:10][CH2:8][CH2:6][CH3:2],1,2,0.03
golden_262,Cl[Si:15]([CH3:5])([CH3:6])[C:14]([CH3:2])([CH3:3])[CH3:4].[CH3:1][CH:12]1[CH2:9][CH2:7][CH2:8][CH2:10][C:13]1=[O:11]>>[CH3:1][C:12]1=[C:13]([O:11][Si:15]([CH3:5])([CH3:6])[C:14]([CH3:2])([CH3:3])[CH3:4])[CH2:10][CH2:8][CH2:7][CH2:9]1,1,3,0.09
golden_263,I[I:2].[O:1]=[C:11]([CH2:9][CH:14]([c:12]1[cH:6][cH:4][cH:3][cH:5][cH:7]1)[CH:13]=[CH2:8])[OH:10]>>[O:1]=[C:11]1[CH2:9][CH:14]([c:12]2[cH:6][cH:4][cH:3][cH:5][cH:7]2)[CH:13]([CH2:8][I:2])[O:10]1,1,3,0.03
golden_264,OO.[CH2:1]=[C:17]([C:18](=[CH2:2])[S:22](=[O:5])[c:20]1[cH:15][cH:11][cH:8][cH:12][cH:16]1)[S:21](=[O:4])[c:19]1[cH:13][cH:9][cH:7][cH:10][cH:14]1.[OH:3][OH:6]>>[CH2:1]=[C:17]([C:18](=[CH2:2])[S:22](=[O:5])(=[O:6])[c:20]1[cH:15][cH:11][cH:8][cH:12][cH:16]1)[S:21](=[O:3])(=[O:4])[c:19]1[cH:13][cH:9][cH:7][cH:10][cH:14]1,1,3,0.06
golden_265,[F:2][S:18]([F:3])([F:4])[c:16]1[cH:13][cH:9][cH:6][cH:10][cH:14]1.[O:1]=[CH:17][c:15]1[cH:11][cH:7][cH:5][cH:8][cH:12]1>>[F:2][CH:17]([F:3])[c:15]1[cH:11][cH:7][cH:5][cH:8][cH:12]1.[O:1]=[S:18]([F:4])[c:16]1[cH:13][cH:9][cH:6][cH:10][cH:14]1,1,6,0.04
golden_266,O=S1(=O)[CH2:9][CH:5]=[CH:6][CH2:10]1.[CH3:1][CH2:7][O:11][C:13](=[O:3])[CH:15]=[CH:16][C:14](=[O:4])[O:12][CH2:8][CH3:2]>>[CH3:1][CH2:7][O:11][C:13](=[O:3])[CH:15]1[CH2:9][CH:5]=[CH:6][CH2:10][CH:16]1[C:14](=[O:4])[O:12][CH2:8][CH3:2],1,4,0.04
golden_267,Br[CH:3]1[CH2:2][CH2:4][O:5][C:6]1=[O:1]>>[O:1]=[C:6]1[CH:3]=[CH:2][CH2:4][O:5]1,1,2,0.01
golden_268,CCOC(=O)[CH:4]1[CH2:6][C:8](=[O:2])[CH:5](C(=O)OCC)[CH2:3][C:7]1=[O:1].O.O>>[O:1]=[C:7]1[CH2:3][CH2:5][C:8](=[O:2])[CH2:6][CH2:4]1,1,4,0.14
golden_269,Br[CH2:5][C:7](=[CH2:1])[Br:3].CCN.[CH3:2][CH2:4][NH2:6]>>[CH2:1]=[C:7]([Br:3])[CH2:5][NH:6][CH2:4][CH3:2],1,2,0.01
golden_270,O=C(O[O:8][C:12]([CH3:1])([CH3:2])[CH3:3])c1ccccc1.[CH:4]1=[CH:5][CH:10]2[CH:7]=[CH:6][CH:9]1[CH2:11]2>>[CH3:1][C:12]([CH3:2])([CH3:3])[O:8][CH:11]1[CH:9]2[CH:4]=[CH:5][CH:10]1[CH:7]=[CH:6]2,1,3,0.08
golden_271,I[I:1].[cH:2]1[cH:3][cH:5][cH:7][cH:6][cH:4]1>>[I:1][c:7]1[cH:5][cH:3][cH:2][cH:4][cH:6]1,1,3,0.01
golden_272,O=[CH:3][CH2:5][CH2:7][CH2:8][CH2:6][CH2:4][CH3:1].[OH:2][NH2:9]>>[CH3:1][CH2:4][CH2:6][CH2:8][CH2:7][CH2:5][CH:3]=[N:9][OH:2],1,2,0.01
golden_273,O=[CH:1][c:15]1[cH:9][cH:5][cH:3][cH:6][cH:10]1.O=[CH:2][c:16]1[cH:11][cH:7][cH:4][cH:8][cH:12]1.[NH2:13][NH2:14]>>[CH:1](=[N:13][N:14]=[CH:2][c:16]1[cH:11][cH:7][cH:4][cH:8][cH:12]1)[c:15]1[cH:9][cH:5][cH:3][cH:6][cH:10]1,1,4,0.06
golden_274,O=[CH:3][c:15]1[cH:10][cH:6][cH:4][cH:7][cH:11]1.[N:1]#[C:2][CH2:14][c:16]1[cH:12][cH:8][cH:5][cH:9][cH:13]1>>[N:1]#[C:2][C:14](=[CH:3][c:15]1[cH:10][cH:6][cH:4][cH:7][cH:11]1)[c:16]1[cH:12][cH:8][cH:5][cH:9][cH:13]1,1,4,0.06
golden_275,[CH3:1][O:13][C:15](=[O:9])[CH:17]=[CH2:12].[CH3:2][N:19]([CH3:3])[CH:18]=[CH:10][C:16](=[CH2:11])[O:14][Si:21]([CH3:7])([CH3:8])[C:20]([CH3:4])([CH3:5])[CH3:6]>>[CH3:1][O:13][C:15](=[O:9])[CH:17]1[CH2:12][CH2:11][C:16]([O:14][Si:21]([CH3:7])([CH3:8])[C:20]([CH3:4])([CH3:5])[CH3:6])=[CH:10][CH:18]1[N:19]([CH3:2])[CH3:3],1,2,0.06
golden_276,O=S(Cl)Cl.O=S([Cl:3])[Cl:4].O[C:12](=[O:1])[c:14]1[cH:7][cH:5][cH:9][c:18]2[c:16]1[o:11][c:17]1[c:15]([C:13](O)=[O:2])[cH:8][cH:6][cH:10][c:19]12>>[O:1]=[C:12]([Cl:3])[c:14]1[cH:7][cH:5][cH:9][c:18]2[c:16]1[o:11][c:17]1[c:15]([C:13](=[O:2])[Cl:4])[cH:8][cH:6][cH:10][c:19]12,1,6,0.06
golden_277,CC(=O)O[CH:8]=[O:6].[CH3:1][C:11](=[O:7])[CH:16]([CH3:5])[NH:17][c:15]1[c:13]([CH3:3])[cH:9][c:12]([CH3:2])[cH:10][c:14]1[CH3:4]>>[CH3:1][C:11](=[O:7])[CH:16]([CH3:5])[N:17]([CH:8]=[O:6])[c:15]1[c:13]([CH3:3])[cH:9][c:12]([CH3:2])[cH:10][c:14]1[CH3:4],1,2,0.04
golden_278,Cl[C:11](=[O:4])[CH:13]([Cl:5])[Cl:6].[CH3:1][Si:15]([CH3:2])([CH3:3])[O:10][C:14]1=[CH:12][CH2:8][CH2:7][CH2:9]1>>[CH3:1][Si:15]([CH3:2])([CH3:3])[O:10][C:14]12[CH2:9][CH2:7][CH2:8][CH:12]1[C:11](=[O:4])[C:13]2([Cl:5])[Cl:6],1,4,0.04
golden_279,Cl[CH2:17][Si:21]([CH3:1])([CH3:2])[CH3:3].[NH2:4][CH2:15][c:19]1[cH:11][cH:7][cH:5][cH:8][cH:12]1.[cH:6]1[cH:9][cH:13][c:20]([CH2:16][NH2:18])[cH:14][cH:10]1>>[CH3:1][Si:21]([CH3:2])([CH3:3])[CH2:17][NH:18][CH2:16][c:20]1[cH:13][cH:9][cH:6][cH:10][cH:14]1.[NH3+:4][CH2:15][c:19]1[cH:11][cH:7][cH:5][cH:8][cH:12]1,1,2,0.05
golden_280,C[O:11][c:15]1[cH:9][cH:5][cH:6][cH:10][c:16]1[C:14]#[C:13][c:12]1[cH:7][cH:3][cH:2][cH:4][cH:8]1.I[I:1]>>[I:1][c:14]1[c:13](-[c:12]2[cH:7][cH:3][cH:2][cH:4][cH:8]2)[o:11][c:15]2[cH:9][cH:5][cH:6][cH:10][c:16]12,1,4,0.05
golden_281,O=P(Cl)(Cl)[Cl:1].O=[c:11]1[c:14]2[cH:8][cH:4][cH:2][cH:6][c:12]2[nH:10][c:13]2[cH:7][cH:3][cH:5][cH:9][c:15]12>>[Cl:1][c:11]1[c:14]2[cH:8][cH:4][cH:2][cH:6][c:12]2[n:10][c:13]2[cH:7][cH:3][cH:5][cH:9][c:15]12,1,3,0.03
golden_282,Cl[CH2:13][CH2:12][OH:1].[cH:2]1[cH:4][cH:8][c:15]([CH:17]([OH:14])[c:16]2[cH:10][cH:6][cH:3][cH:7][cH:11]2)[cH:9][cH:5]1>>[OH:1][CH2:12][CH2:13][O:14][CH:17]([c:15]1[cH:8][cH:4][cH:2][cH:5][cH:9]1)[c:16]1[cH:10][cH:6][cH:3][cH:7][cH:11]1,1,2,0.03
golden_283,Cl[Si:15]([CH3:1])([CH3:2])[CH3:3].[CH2:4]1[CH2:8][C:14]2([CH2:9][CH2:7][C:13]1=[O:12])[O:10][CH2:5][CH2:6][O:11]2>>[CH3:1][Si:15]([CH3:2])([CH3:3])[O:12][C:13]1=[CH:4][CH2:8][C:14]2([CH2:9][CH2:7]1)[O:10][CH2:5][CH2:6][O:11]2,1,3,0.03
golden_284,[Br:7][Br:8].[CH3:1][CH:22]1[O:6][CH2:12]1.[CH3:2][C:26]12[CH2:16][CH2:15][CH:25]3[CH:23]([CH2:13][CH2:11][C:21]4=[CH:20][C:18](=[O:4])[CH2:9][CH2:17][C:27]43[CH3:3])[CH:24]1[CH2:14][CH2:10][C:19]2=[O:5]>>[CH3:1][CH:22]([OH:6])[CH2:12][Br:7].[CH3:2][C:26]12[CH2:16][CH2:15][CH:25]3[CH:23]([CH2:13][CH2:11][C:21]4=[C:20]([Br:8])[C:18](=[O:4])[CH2:9][CH2:17][C:27]43[CH3:3])[CH:24]1[CH2:14][CH2:10][C:19]2=[O:5],1,5,0.08
golden_285,CC(=O)O[C:17]([CH3:2])([CH3:3])[CH3:4].[CH3:1][O:12][C:14](=[O:6])[c:16]1[cH:9][cH:7][c:15]([C:13]#[N:11])[cH:8][cH:10]1.[OH2:5]>>[CH3:1][O:12][C:14](=[O:6])[c:16]1[cH:9][cH:7][c:15]([C:13](=[O:5])[NH:11][C:17]([CH3:2])([CH3:3])[CH3:4])[cH:8][cH:10]1,1,3,0.20
golden_286,CC(C)(C)OO.[CH2:9]1[CH2:10][CH2:12][NH:17][CH2:11]1.[O:1]=[CH:13][c:14]1[cH:4][cH:6][c:15]2[cH:5][cH:2][cH:3][cH:7][c:16]2[cH:8]1>>[O:1]=[C:13]([c:14]1[cH:4][cH:6][c:15]2[cH:5][cH:2][cH:3][cH:7][c:16]2[cH:8]1)[N:17]1[CH2:11][CH2:9][CH2:10][CH2:12]1,1,2,0.05
golden_287,CC(C)(C)[O-].I[c:16]1[cH:9][cH:4][cH:3][cH:7][c:14]1[C:12](=[O:1])[NH:10][c:13]1[cH:6][cH:5][c:11]([F:2])[cH:8][cH:15]1>>[OH:1][c:12]1[n:10][c:13]2[cH:6][cH:5][c:11]([F:2])[cH:8][c:15]2[c:16]2[cH:9][cH:4][cH:3][cH:7][c:14]12,1,3,0.09
golden_288,CS(=O)(=O)Cl.O[N:9]=[C:10]([CH3:2])[c:11]1[cH:6][cH:4][cH:5][cH:7][c:12]1[NH:13][CH2:8][CH:3]=[CH2:1]>>[CH2:1]=[CH:3][CH2:8][n:13]1[n:9][c:10]([CH3:2])[c:11]2[cH:6][cH:4][cH:5][cH:7][c:12]21,1,2,0.03
golden_289,Cl[CH2:29][O:30][Si:41]([CH3:4])([CH3:5])[C:40]([CH3:1])([CH3:2])[CH3:3].[NH2:6][c:35]1[cH:25][cH:17][cH:27][c:37]2[cH:28][cH:18][cH:26][c:36]([NH2:7])[c:38]12.[cH:8]1[cH:11][cH:19][c:32]([C:39]([SH:31])([c:33]2[cH:21][cH:13][cH:9][cH:14][cH:22]2)[c:34]2[cH:23][cH:15][cH:10][cH:16][cH:24]2)[cH:20][cH:12]1>>[CH3:1][C:40]([CH3:2])([CH3:3])[Si:41]([CH3:4])([CH3:5])[O:30][CH2:29][S:31][C:39]([c:32]1[cH:19][cH:11][cH:8][cH:12][cH:20]1)([c:33]1[cH:21][cH:13][cH:9][cH:14][cH:22]1)[c:34]1[cH:23][cH:15][cH:10][cH:16][cH:24]1.[NH2:6][c:35]1[cH:25][cH:17][cH:27][c:37]2[cH:28][cH:18][cH:26][c:36]([NH3+:7])[c:38]12,1,2,0.34
golden_290,Cl[CH2:18][O:19][Si:22]([CH3:5])([CH3:6])[C:21]([CH3:2])([CH3:3])[CH3:4].[CH3:1][CH2:7][CH2:8][CH2:9][CH2:10][CH2:11][CH2:12][CH2:13][CH2:14][CH2:15][CH2:16][CH2:17][SH:20]>>[CH3:1][CH2:7][CH2:8][CH2:9][CH2:10][CH2:11][CH2:12][CH2:13][CH2:14][CH2:15][CH2:16][CH2:17][S:20][CH2:18][O:19][Si:22]([CH3:5])([CH3:6])[C:21]([CH3:2])([CH3:3])[CH3:4],1,2,0.04
golden_291,O=[C:6]([CH3:1])[CH2:3]Cl.[NH2:2][C:7]([NH2:4])=[S:5].[OH-]>>[CH3:1][c:6]1[cH:3][s:5][c:7]([NH2:2])[n:4]1,1,5,0.01
golden_292,[Br:3][Br:4].[CH3:1][CH2:10][O:11][C:12](=[O:2])[CH:14]=[CH:15][c:13]1[cH:8][cH:6][cH:5][cH:7][cH:9]1>>[CH3:1][CH2:10][O:11][C:12](=[O:2])[CH:14]([Br:3])[CH:15]([Br:4])[c:13]1[cH:8][cH:6][cH:5][cH:7][cH:9]1,1,3,0.03
golden_293,O=[N:8]O.[O:1]=[N+:12]([O-:2])[c:9]1[cH:3][cH:6][c:11]([NH2:7])[c:10]([CH3:4])[cH:5]1>>[O:1]=[N+:12]([O-:2])[c:9]1[cH:3][cH:6][c:11]2[n:7][nH:8][cH:4][c:10]2[cH:5]1,1,6,0.01
golden_294,O=S(Cl)[Cl:2].O[CH2:8][CH:10]([NH2:1])[c:9]1[cH:6][cH:4][cH:3][cH:5][cH:7]1>>[NH3+:1][CH:10]([CH2:8][Cl:2])[c:9]1[cH:6][cH:4][cH:3][cH:5][cH:7]1,1,3,0.01
golden_295,CC(=O)O[C:22]([CH3:1])([CH3:2])[CH3:3].[Cl:5][c:18]1[cH:10][c:17]([C:16]#[N:14])[cH:9][cH:12][c:20]1[O:15][c:21]1[cH:13][cH:8][cH:7][cH:11][c:19]1[Br:6].[OH2:4]>>[CH3:1][C:22]([CH3:2])([CH3:3])[NH:14][C:16](=[O:4])[c:17]1[cH:9][cH:12][c:20]([O:15][c:21]2[cH:13][cH:8][cH:7][cH:11][c:19]2[Br:6])[c:18]([Cl:5])[cH:10]1,1,3,0.46
golden_296,CC(=O)O[C:15]([CH3:1])([CH3:2])[CH3:3].[OH2:4].[cH:5]1[cH:6][cH:8][c:14]([CH2:11][CH2:10][C:13]#[N:12])[cH:9][cH:7]1>>[CH3:1][C:15]([CH3:2])([CH3:3])[NH:12][C:13](=[O:4])[CH2:10][CH2:11][c:14]1[cH:8][cH:6][cH:5][cH:7][cH:9]1,1,3,0.12
golden_297,CC(=O)O[C:17]([CH3:2])([CH3:3])[CH3:4].[CH3:1][C:13](=[O:5])[NH:11][c:15]1[cH:7][cH:9][c:16]([C:14]#[N:12])[cH:10][cH:8]1.[OH2:6]>>[CH3:1][C:13](=[O:5])[NH:11][c:15]1[cH:7][cH:9][c:16]([C:14](=[O:6])[NH:12][C:17]([CH3:2])([CH3:3])[CH3:4])[cH:10][cH:8]1,1,3,0.34
golden_298,Br[c:14]1[cH:5][cH:3][cH:2][cH:4][c:13]1[NH:10][C:12]([CH2:9][CH2:8][CH2:7][CH2:6][CH3:1])=[O:11].O=C([O-])[O-]>>[CH3:1][CH2:6][CH2:7][CH2:8][CH2:9][c:12]1[n:10][c:13]2[cH:4][cH:2][cH:3][cH:5][c:14]2[o:11]1,1,2,0.03
golden_299,[O:1]=[C:12]1[O:3][C:13](=[O:2])[CH:5]=[CH:4]1.[cH:6]1[cH:7][cH:9][c:14]([NH2:11])[cH:10][cH:8]1>>[O:1]=[C:12]([OH:3])[CH:4]=[CH:5][C:13](=[O:2])[NH:11][c:14]1[cH:9][cH:7][cH:6][cH:8][cH:10]1,1,2,0.02
golden_300,CC(=O)OC(C)=O.O[C:10](=[O:1])[CH:3]=[CH:4][C:11](=[O:2])[NH:13][c:12]1[cH:8][cH:6][cH:5][cH:7][cH:9]1>>[O:1]=[C:10]1[CH:3]=[CH:4][C:11](=[O:2])[N:13]1[c:12]1[cH:8][cH:6][cH:5][cH:7][cH:9]1,1,2,0.03
golden_301,Cl[CH2:23][O:25][Si:33]([CH3:4])([CH3:5])[C:32]([CH3:1])([CH3:2])[CH3:3].[cH:6]1[cH:9][cH:15][c:28]([C:31]([S:27][CH2:24][CH2:21][CH2:22][SH:26])([c:29]2[cH:17][cH:11][cH:7][cH:12][cH:18]2)[c:30]2[cH:19][cH:13][cH:8][cH:14][cH:20]2)[cH:16][cH:10]1>>[CH3:1][C:32]([CH3:2])([CH3:3])[Si:33]([CH3:4])([CH3:5])[O:25][CH2:23][S:26][CH2:22][CH2:21][CH2:24][S:27][C:31]([c:28]1[cH:15][cH:9][cH:6][cH:10][cH:16]1)([c:29]1[cH:17][cH:11][cH:7][cH:12][cH:18]1)[c:30]1[cH:19][cH:13][cH:8][cH:14][cH:20]1,1,2,0.15
golden_302,CC(C)(C)[O-].Cl[CH2:9][O:10][Si:13]([CH3:4])([CH3:5])[C:12]([CH3:1])([CH3:2])[CH3:3].[OH:6][CH2:7][CH2:8][SH:11]>>[CH3:1][C:12]([CH3:2])([CH3:3])[Si:13]([CH3:4])([CH3:5])[O:10][CH2:9][S:11][CH2:8][CH2:7][OH:6],1,2,0.02
golden_303,O=S(Cl)[Cl:4].O[S:5]([CH3:1])(=[O:2])=[O:3]>>[CH3:1][S:5](=[O:2])(=[O:3])[Cl:4],1,3,0.01
golden_304,[CH3:1][C:13](=[CH2:9])[C:14]([CH3:2])=[CH2:10].[O:3]=[C:11]1[c:15]2[cH:7][cH:5][cH:6][cH:8][c:16]2[C:12](=[O:4])[CH:18]=[CH:17]1>>[CH3:1][C:13]1=[C:14]([CH3:2])[CH2:10][CH:18]2[C:12](=[O:4])[c:16]3[cH:8][cH:6][cH:5][cH:7][c:15]3[C:11](=[O:3])[CH:17]2[CH2:9]1,1,2,0.06
golden_305,CO[CH:6](OC)[CH2:5][C:7]([CH3:1])=[O:4].[CH3:2][NH:8][CH3:3]>>[CH3:1][C:7](=[O:4])[CH:5]=[CH:6][N:8]([CH3:2])[CH3:3],1,4,0.01
golden_306,[CH3:1][O:10][c:14]1[cH:7][cH:6][c:13]([CH2:9][C:12]#[N:5])[cH:8][c:15]1[O:11][CH3:2].[CH3:3][NH:16][CH3:4]>>[CH3:1][O:10][c:14]1[cH:7][cH:6][c:13]([CH2:9][C:12](=[NH:5])[N:16]([CH3:3])[CH3:4])[cH:8][c:15]1[O:11][CH3:2],1,1,0.03
golden_307,CC(C)[N-]C(C)C.Cl[Si:28]([CH3:3])([c:25]1[cH:11][cH:7][cH:5][cH:8][cH:12]1)[c:26]1[cH:13][cH:9][cH:6][cH:10][cH:14]1.[CH3:1][CH2:15][CH2:16][CH2:17][CH2:18][CH2:19][CH2:20][CH2:22][CH2:27][C:24](=[O:4])[O:23][CH2:21][CH3:2]>>[CH3:1][CH2:15][CH2:16][CH2:17][CH2:18][CH2:19][CH2:20][CH2:22][CH:27]([C:24](=[O:4])[O:23][CH2:21][CH3:2])[Si:28]([CH3:3])([c:25]1[cH:11][cH:7][cH:5][cH:8][cH:12]1)[c:26]1[cH:13][cH:9][cH:6][cH:10][cH:14]1,1,3,0.12
golden_308,Cl[P:38](Cl)Cl.[CH:1]1=[CH:2][c:26]2[cH:12][cH:4][cH:6][cH:14][c:28]2[N-:37][c:27]2[cH:13][cH:5][cH:3][cH:11][c:25]21.[cH:7]1[cH:9][cH:21][c:33]2[c:29]([cH:15]1)[cH:17][cH:19][c:31]([OH:23])[c:35]2-[c:36]1[c:32]([OH:24])[cH:20][cH:18][c:30]2[cH:16][cH:8][cH:10][cH:22][c:34]21>>[CH:1]1=[CH:2][c:26]2[cH:12][cH:4][cH:6][cH:14][c:28]2[N:37]([p:38]2[o:23][c:31]3[cH:19][cH:17][c:29]4[cH:15][cH:7][cH:9][cH:21][c:33]4[c:35]3[c:36]3[c:32]([cH:20][cH:18][c:30]4[cH:16][cH:8][cH:10][cH:22][c:34]43)[o:24]2)[c:27]2[cH:13][cH:5][cH:3][cH:11][c:25]21,1,6,0.32
golden_309,F[C:20]([F:5])=[C:19]([CH2:16][CH2:15][CH2:14][CH3:1])[c:21]1[cH:12][cH:6][cH:7][cH:13][c:22]1[NH:23][S:24](=[O:3])(=[O:4])[c:18]1[cH:10][cH:8][c:17]([CH3:2])[cH:9][cH:11]1>>[CH3:1][CH2:14][CH2:15][CH2:16][c:19]1[c:20]([F:5])[n:23]([S:24](=[O:3])(=[O:4])[c:18]2[cH:10][cH:8][c:17]([CH3:2])[cH:9][cH:11]2)[c:22]2[cH:13][cH:7][cH:6][cH:12][c:21]12,1,2,0.07
golden_310,[Br:3][Br:4].[CH3:1][C:10]12[CH2:5][CH:8]=[CH:9][CH2:6][C:11]1([CH3:2])[O:7]2>>[CH3:1][C:10]12[CH2:5][CH:8]([Br:3])[CH:9]([Br:4])[CH2:6][C:11]1([CH3:2])[O:7]2,1,3,0.01
golden_311,O=S(Cl)Cl.O[C:10](=[O:2])[CH2:8][c:12]1[cH:6][cH:4][c:11]([Cl:3])[cH:5][cH:7]1.[CH3:1][NH2:9]>>[CH3:1][NH:9][C:10](=[O:2])[CH2:8][c:12]1[cH:6][cH:4][c:11]([Cl:3])[cH:5][cH:7]1,1,2,0.02
golden_312,Br[c:16]1[cH:8][cH:6][cH:7][cH:9][c:17]1[C:18]([CH2:12][CH2:10][CH3:1])([CH2:13][CH2:11][CH:5]=[C:15]([CH3:2])[CH3:3])[CH:14]=[O:4]>>[CH3:1][CH2:10][CH2:12][C:18]1([CH2:13][CH2:11][CH:5]=[C:15]([CH3:2])[CH3:3])[C:14](=[O:4])[c:16]2[cH:8][cH:6][cH:7][cH:9][c:17]21,1,3,0.06
golden_313,CO[CH:8]1O[CH:9](OC)[CH2:5][CH2:4]1.[I:1][c:10]1[cH:6][cH:2][cH:3][cH:7][c:11]1[NH2:12]>>[I:1][c:10]1[cH:6][cH:2][cH:3][cH:7][c:11]1-[n:12]1[cH:8][cH:4][cH:5][cH:9]1,1,8,0.03
golden_314,I[c:12]1[cH:8][cH:4][cH:5][cH:9][c:13]1-[n:14]1[cH:10][cH:6][cH:7][cH:11]1.[CH3:1][C:2]#[CH:3]>>[CH3:1][C:2]#[C:3][c:12]1[cH:8][cH:4][cH:5][cH:9][c:13]1-[n:14]1[cH:10][cH:6][cH:7][cH:11]1,1,3,0.03
golden_315,Br[c:18]1[cH:8][cH:6][cH:7][c:17]([O:14][CH3:1])[cH:9]1.[CH3:2][C:21]([CH3:3])([CH3:4])[O:15][C:16](=[O:5])[N:20]1[CH2:12][CH2:10][CH2:11][CH2:19][CH2:13]1>>[CH3:1][O:14][c:17]1[cH:7][cH:6][cH:8][c:18]([CH:19]2[CH2:11][CH2:10][CH2:12][N:20]([C:16](=[O:5])[O:15][C:21]([CH3:2])([CH3:3])[CH3:4])[CH2:13]2)[cH:9]1,1,3,0.05
golden_316,[CH3:1][CH2:9][C:11](=[O:5])[CH:10]=[CH2:8].[CH3:2][Si:12]([CH3:3])([CH3:4])[C:7]#[CH:6]>>[CH3:1][CH2:9][C:11](=[O:5])[CH2:10][CH2:8][C:6]#[C:7][Si:12]([CH3:2])([CH3:3])[CH3:4],1,3,0.02
golden_317,CO[C:14](=[O:2])[c:15]1[cH:6][cH:4][cH:3][cH:5][cH:7]1.[CH3:1][CH2:8][CH2:9][CH2:10][CH2:11][CH2:12][NH2:13]>>[CH3:1][CH2:8][CH2:9][CH2:10][CH2:11][CH2:12][NH:13][C:14](=[O:2])[c:15]1[cH:6][cH:4][cH:3][cH:5][cH:7]1,1,2,0.03
golden_318,CO[C:19](=[O:7])[CH:22]([CH2:14][CH:21]([CH3:1])[CH3:2])[NH:16][C:18](=[O:6])[O:17][C:23]([CH3:3])([CH3:4])[CH3:5].[cH:8]1[cH:9][cH:11][c:20]([CH2:13][NH2:15])[cH:12][cH:10]1>>[CH3:1][CH:21]([CH3:2])[CH2:14][CH:22]([NH:16][C:18](=[O:6])[O:17][C:23]([CH3:3])([CH3:4])[CH3:5])[C:19](=[O:7])[NH:15][CH2:13][c:20]1[cH:11][cH:9][cH:8][cH:10][cH:12]1,1,2,0.06
golden_319,I[CH3:1].I[CH3:2].[O:3]=[C:12]([OH:10])[c:14]1[cH:9][c:16]2[cH:7][cH:5][cH:4][cH:6][c:15]2[cH:8][c:13]1[OH:11]>>[CH3:1][O:10][C:12](=[O:3])[c:14]1[cH:9][c:16]2[cH:7][cH:5][cH:4][cH:6][c:15]2[cH:8][c:13]1[O:11][CH3:2],1,4,0.03
golden_320,Br[CH2:10][CH2:8][CH2:9][CH2:11]Br.[CH3:1][CH:14]([CH:13]([OH:2])[c:12]1[cH:6][cH:4][cH:3][cH:5][cH:7]1)[NH2:15]>>[CH3:1][CH:14]([CH:13]([OH:2])[c:12]1[cH:6][cH:4][cH:3][cH:5][cH:7]1)[N:15]1[CH2:10][CH2:8][CH2:9][CH2:11]1,1,4,0.03
golden_321,[CH2:4]1[CH:7]=[CH:8]1.[CH:1]1=[CH:5][CH2:3][CH:6]=[CH:2]1>>[CH:1]1=[CH:2][CH:6]2[CH2:3][CH:5]1[CH:7]1[CH2:4][CH:8]21,1,2,0.02
golden_322,O=[CH:2][c:14]1[cH:6][cH:4][cH:3][cH:5][cH:7]1.[CH3:1][O:13][c:16]1[cH:10][cH:8][c:15]([NH2:12])[cH:9][cH:11]1>>[CH3:1][O:13][c:16]1[cH:10][cH:8][c:15]([N:12]=[CH:2][c:14]2[cH:6][cH:4][cH:3][cH:5][cH:7]2)[cH:9][cH:11]1,1,2,0.03
golden_323,O[OH:2].[CH3:1][S:9][c:8]1[cH:6][cH:4][cH:3][cH:5][cH:7]1>>[CH3:1][S:9](=[O:2])[c:8]1[cH:6][cH:4][cH:3][cH:5][cH:7]1,1,2,0.01
golden_324,Br[CH2:9][C:3]#[N:2].[CH3:1][CH:12]([NH2:10])[c:11]1[cH:7][cH:5][cH:4][cH:6][cH:8]1>>[CH3:1][CH:12]([NH:10][CH2:9][C:3]#[N:2])[c:11]1[cH:7][cH:5][cH:4][cH:6][cH:8]1,1,2,0.02
golden_325,Cl[C:15]([CH3:3])=[O:5].Cl[C:16]([CH3:4])=[O:6].[CH3:1][O:13][c:19]1[c:20]([O:14][CH3:2])[c:22]2[cH:10][cH:8][cH:18][cH:12][c:24]2[c:23]2[cH:11][cH:17][cH:7][cH:9][c:21]12>>[CH3:1][O:13][c:19]1[c:20]([O:14][CH3:2])[c:22]2[cH:10][cH:8][c:18]([C:16]([CH3:4])=[O:6])[cH:12][c:24]2[c:23]2[cH:11][c:17]([C:15]([CH3:3])=[O:5])[cH:7][cH:9][c:21]12,1,6,0.09
golden_326,[CH3:1][CH2:7][O:11][C:13](=[O:3])[CH:15]1[CH2:9][CH:5]=[CH:6][CH2:10][CH:16]1[C:14](=[O:4])[O:12][CH2:8][CH3:2]>>[CH3:1][CH2:7][O:11][C:13](=[O:3])[CH:15]1[CH2:9][CH2:5][CH2:6][CH2:10][CH:16]1[C:14](=[O:4])[O:12][CH2:8][CH3:2],1,2,0.03
golden_327,O[C:26]([c:22]1[cH:13][cH:5][cH:2][cH:6][cH:14]1)([c:23]1[cH:15][cH:7][cH:3][cH:8][cH:16]1)[c:24]1[cH:17][cH:9][cH:4][cH:10][cH:18]1.[NH2:1][c:21]1[cH:11][cH:19][cH:25][cH:20][cH:12]1>>[NH2:1][c:21]1[cH:11][cH:19][c:25]([C:26]([c:22]2[cH:13][cH:5][cH:2][cH:6][cH:14]2)([c:23]2[cH:15][cH:7][cH:3][cH:8][cH:16]2)[c:24]2[cH:17][cH:9][cH:4][cH:10][cH:18]2)[cH:20][cH:12]1,1,3,0.11
golden_328,O=[C:13]([CH3:1])[CH2:8][CH2:9][C:14](=O)[CH3:2].[F:3][c:11]1[cH:6][c:10]([I:4])[cH:5][cH:7][c:12]1[NH2:15]>>[CH3:1][c:13]1[cH:8][cH:9][c:14]([CH3:2])[n:15]1-[c:12]1[cH:7][cH:5][c:10]([I:4])[cH:6][c:11]1[F:3],1,6,0.03
golden_329,Cl[S:17](=[O:3])(=[O:4])[c:15]1[cH:7][cH:5][c:14]([CH3:1])[cH:6][cH:8]1.[CH3:2][C:16]1([CH2:11][OH:13])[CH2:9][O:12][CH2:10]1>>[CH3:1][c:14]1[cH:5][cH:7][c:15]([S:17](=[O:3])(=[O:4])[O:13][CH2:11][C:16]2([CH3:2])[CH2:9][O:12][CH2:10]2)[cH:8][cH:6]1,1,2,0.03
golden_330,[Br:4][c:13]1[cH:5][cH:7][cH:14][cH:8][cH:6]1.[O:1]=[C:11]1[O:3][C:12](=[O:2])[CH2:10][CH2:9]1>>[O:1]=[C:11]([OH:3])[CH2:9][CH2:10][C:12](=[O:2])[c:14]1[cH:7][cH:5][c:13]([Br:4])[cH:6][cH:8]1,1,3,0.02
golden_331,CO[CH:3]([CH3:1])[N:20]1[C:15](=[O:2])[O:14][CH:18]([c:16]2[cH:10][cH:6][cH:4][cH:7][cH:11]2)[CH:19]1[c:17]1[cH:12][cH:8][cH:5][cH:9][cH:13]1>>[CH2:1]=[CH:3][N:20]1[C:15](=[O:2])[O:14][CH:18]([c:16]2[cH:10][cH:6][cH:4][cH:7][cH:11]2)[CH:19]1[c:17]1[cH:12][cH:8][cH:5][cH:9][cH:13]1,1,2,0.06
golden_332,I[I:2].[O:1]=[C:7]1[CH2:6][CH2:5][CH2:4][CH:3]=[CH:8]1>>[O:1]=[C:7]1[CH2:6][CH2:5][CH2:4][CH:3]=[C:8]1[I:2],1,3,0.01
golden_333,[CH2:1]=[CH:7][C:8](=[O:4])[O:6][CH3:2].[CH3:3][CH:9]=[O:5]>>[CH2:1]=[C:7]([C:8](=[O:4])[O:6][CH3:2])[CH:9]([CH3:3])[OH:5],1,2,0.01
golden_334,Br[CH:9]=[C:13]([Br:6])[C:12](=[O:5])[O:11][CH2:10][CH3:1].[CH3:2][Si:14]([CH3:3])([CH3:4])[C:8]#[CH:7]>>[CH3:1][CH2:10][O:11][C:12](=[O:5])[C:13]([Br:6])=[CH:9][C:7]#[C:8][Si:14]([CH3:2])([CH3:3])[CH3:4],1,3,0.02
golden_335,CC(=O)O[C:10]([CH3:1])=[O:2].[OH:3][CH2:4][CH2:6][O:9][CH2:7][CH2:5][NH2:8]>>[CH3:1][C:10](=[O:2])[NH:8][CH2:5][CH2:7][O:9][CH2:6][CH2:4][OH:3],1,2,0.01
golden_336,Cl[CH2:4][C:7](Cl)=[O:1].[CH2:2]([CH2:3][SH:6])[SH:5]>>[O:1]=[C:7]1[CH2:4][S:5][CH2:2][CH2:3][S:6]1,1,4,0.01
golden_337,Cl[C:14](=[O:7])[O:11][CH3:1].O=[CH:16][C:18]([CH3:2])([CH3:3])[CH3:4].[O:5]=[C:12]([CH2:9][CH:15]([C:13](=[O:6])[OH:8])[NH2:17])[NH2:10]>>[CH3:1][O:11][C:14](=[O:7])[N:17]1[CH:15]([C:13](=[O:6])[OH:8])[CH2:9][C:12](=[O:5])[NH:10][CH:16]1[C:18]([CH3:2])([CH3:3])[CH3:4],1,5,0.03
golden_338,Cl[C:9](=[O:2])[CH2:5][CH3:1].[CH2:3]1[CH2:6][NH:10][CH2:7][CH2:4][O:8]1>>[CH3:1][CH2:5][C:9](=[O:2])[N:10]1[CH2:6][CH2:3][O:8][CH2:4][CH2:7]1,1,2,0.01
golden_339,Cl[C:10](=[CH2:1])[Cl:3].[CH3:2][CH2:6][CH2:8][CH2:9][CH2:7][C:4]#[CH:5]>>[CH2:1]=[C:10]([Cl:3])[C:5]#[C:4][CH2:7][CH2:9][CH2:8][CH2:6][CH3:2],1,3,0.02
golden_340,C1CC([O:4][S:11](=[O:2])(=[O:3])[c:10]2[cH:7][cH:5][c:9]([CH3:1])[cH:6][cH:8]2)C1>>[CH3:1][c:9]1[cH:5][cH:7][c:10]([S:11](=[O:2])(=[O:3])[OH:4])[cH:8][cH:6]1,1,1,0.02
golden_341,O=[C:9]([CH3:1])[c:10]1[cH:5][cH:3][n:8][cH:4][cH:6]1.[OH:2][NH2:7]>>[CH3:1][C:9](=[N:7][OH:2])[c:10]1[cH:5][cH:3][n:8][cH:4][cH:6]1,1,2,0.01
golden_342,Cl[S:20](=[O:3])(=[O:4])[c:19]1[cH:11][cH:7][c:17]([CH3:2])[cH:8][cH:12]1.[CH3:1][C:16](=[N:13][OH:15])[c:18]1[cH:9][cH:5][n:14][cH:6][cH:10]1>>[CH3:1][C:16](=[N:13][O:15][S:20](=[O:3])(=[O:4])[c:19]1[cH:11][cH:7][c:17]([CH3:2])[cH:8][cH:12]1)[c:18]1[cH:9][cH:5][n:14][cH:6][cH:10]1,1,2,0.03
golden_343,[CH3:1][CH2:8][CH2:10][CH2:12][CH2:11][CH2:9][CH:6]([O:5][C:15](=[O:4])[CH2:16][C:14]([CH3:2])=[O:3])[CH:7]=[CH2:13]>>[CH3:1][CH2:8][CH2:10][CH2:12][CH2:11][CH2:9][CH:6]=[CH:7][CH2:13][CH:16]([C:14]([CH3:2])=[O:3])[C:15](=[O:4])[OH:5],1,3,0.03
golden_344,[CH3:1][O:20][CH2:19][N:27]([CH2:17][c:23]1[cH:13][cH:9][cH:7][cH:10][cH:14]1)[CH2:18][Si:29]([CH3:2])([CH3:3])[CH3:4].[O:5]=[C:21]1[CH:25]=[CH:26][C:22](=[O:6])[N:28]1[c:24]1[cH:15][cH:11][cH:8][cH:12][cH:16]1>>[CH3:1][O:20][Si:29]([CH3:2])([CH3:3])[CH3:4].[O:5]=[C:21]1[CH:25]2[CH2:18][N:27]([CH2:17][c:23]3[cH:13][cH:9][cH:7][cH:10][cH:14]3)[CH2:19][CH:26]2[C:22](=[O:6])[N:28]1[c:24]1[cH:15][cH:11][cH:8][cH:12][cH:16]1,1,5,0.10
golden_345,Cl[c:23]1[n:16][n:15][n:17][n:24]1-[c:22]1[cH:13][cH:5][cH:2][cH:6][cH:14]1.[cH:1]1[cH:3][cH:9][c:20](-[c:21]2[cH:11][cH:7][c:19]([OH:18])[cH:8][cH:12]2)[cH:10][cH:4]1>>[cH:1]1[cH:3][cH:9][c:20](-[c:21]2[cH:11][cH:7][c:19]([O:18][c:23]3[n:16][n:15][n:17][n:24]3-[c:22]3[cH:13][cH:5][cH:2][cH:6][cH:14]3)[cH:8][cH:12]2)[cH:10][cH:4]1,1,2,0.05
golden_346,CC(=O)O[C:9]([CH3:1])=[O:3].[CH3:2][CH:10]1[CH2:6][CH2:4][CH2:5][CH2:7][C:11]1=[O:8]>>[CH3:1][C:9](=[O:3])[O:8][C:11]1=[C:10]([CH3:2])[CH2:6][CH2:4][CH2:5][CH2:7]1,1,3,0.18
golden_347,[CH3:1][N:23]([CH3:2])[c:17]1[cH:11][cH:12][cH:18][c:21]([C:24]([F:4])([F:5])[F:6])[cH:15]1.[O:3]=[C:22]1[C:19]([Br:9])=[CH:13][C:16]([Br:7])([Br:8])[CH:14]=[C:20]1[Br:10]>>[CH3:1][N:23]([CH3:2])[c:17]1[cH:11][cH:12][c:18]([Br:8])[c:21]([C:24]([F:4])([F:5])[F:6])[cH:15]1.[OH:3][c:22]1[c:19]([Br:9])[cH:13][c:16]([Br:7])[cH:14][c:20]1[Br:10],1,3,0.80
golden_348,Br[Br:4].[CH3:1][CH:7]([CH3:2])[C:6](=[O:3])[CH3:5]>>[CH3:1][CH:7]([CH3:2])[C:6](=[O:3])[CH2:5][Br:4],1,3,0.01
golden_349,O=C1CCC(=O)N1[Br:2].[OH2:1].[cH:3]1[cH:5][cH:9][c:13]([CH:15]=[CH:16][c:14]2[cH:11][cH:7][cH:4][cH:8][cH:12]2)[cH:10][cH:6]1>>[OH:1][CH:15]([c:13]1[cH:9][cH:5][cH:3][cH:6][cH:10]1)[CH:16]([Br:2])[c:14]1[cH:11][cH:7][cH:4][cH:8][cH:12]1,1,3,0.07
golden_350,I[CH3:1].[cH:2]1[cH:3][cH:6][c:9]2[c:8]([cH:4]1)[cH:5][cH:7][nH:10]2>>[CH3:1][n:10]1[cH:7][cH:5][c:8]2[cH:4][cH:2][cH:3][cH:6][c:9]21,1,2,0.01
golden_351,O=C(O)[CH2:3][C:2]#[N:1].O=[CH:4][c:9]1[cH:7][cH:5][cH:6][o:8]1>>[N:1]#[C:2][CH:3]=[CH:4][c:9]1[cH:7][cH:5][cH:6][o:8]1,1,4,0.02
golden_352,O=[CH:4][c:17]1[cH:12][cH:8][cH:6][cH:9][cH:13]1.O=[CH:5][c:18]1[cH:14][cH:10][cH:7][cH:11][cH:15]1.[O:1]=[C:16]([CH3:2])[CH3:3]>>[O:1]=[C:16]([CH:2]=[CH:4][c:17]1[cH:12][cH:8][cH:6][cH:9][cH:13]1)[CH:3]=[CH:5][c:18]1[cH:14][cH:10][cH:7][cH:11][cH:15]1,1,8,0.08
golden_353,O=C1CCC(=O)N1[Br:3].[CH3:1][CH:4]=[CH:5][CH2:8][CH2:7][CH2:6][CH3:2]>>[CH3:1][CH:4]=[CH:5][CH:8]([Br:3])[CH2:7][CH2:6][CH3:2],1,3,0.02
golden_354,CC(=O)OC(C)=O.O=[C:11]([NH:8][CH2:7][C:10](=[O:1])[OH:9])[c:12]1[cH:5][cH:3][cH:2][cH:4][cH:6]1>>[O:1]=[C:10]1[CH2:7][N:8]=[C:11]([c:12]2[cH:5][cH:3][cH:2][cH:4][cH:6]2)[O:9]1,1,2,0.03
golden_355,Cl[C:13](=[O:1])[CH:15]1[CH2:9][CH2:5][CH2:3][CH2:6][CH2:10]1.Cl[C:14](=[O:2])[CH:16]1[CH2:11][CH2:7][CH2:4][CH2:8][CH2:12]1>>[O:1]=[C:13]1[C:15]2([CH2:9][CH2:5][CH2:3][CH2:6][CH2:10]2)[C:14](=[O:2])[C:16]12[CH2:11][CH2:7][CH2:4][CH2:8][CH2:12]2,1,6,0.07
golden_356,Br[Br:1].[cH:2]1[cH:4][c:12]2[cH:6][cH:9][c:14]3[cH:8][cH:3][cH:11][c:15]4[cH:10][cH:7][c:13]([cH:5]1)[c:16]2[c:17]34>>[Br:1][c:11]1[cH:3][cH:8][c:14]2[cH:9][cH:6][c:12]3[cH:4][cH:2][cH:5][c:13]4[cH:7][cH:10][c:15]1[c:17]2[c:16]34,1,3,0.60
golden_357,CC1(C)[O:3][CH2:17][CH:21]([CH2:18][O:19][C:20](=[O:2])[CH2:16][CH2:15][CH2:14][CH2:12][CH2:9][CH:6]=[CH:5][CH2:8][CH2:11][CH2:13][CH2:10][CH2:7][CH3:1])[O:4]1.O>>[CH3:1][CH2:7][CH2:10][CH2:13][CH2:11][CH2:8][CH:5]=[CH:6][CH2:9][CH2:12][CH2:14][CH2:15][CH2:16][C:20](=[O:2])[O:19][CH2:18][CH:21]([OH:4])[CH2:17][OH:3],1,2,0.06
golden_358,Cl[c:21]1[cH:7][c:23]([Cl:1])[c:27]2[cH:11][cH:5][cH:3][cH:9][c:25]2[n:17]1.Cl[c:22]1[cH:8][c:24]([Cl:2])[c:28]2[cH:12][cH:6][cH:4][cH:10][c:26]2[n:18]1.[CH2:13]1[CH2:14][CH2:16][CH:30]([NH2:20])[CH:29]([NH2:19])[CH2:15]1>>[Cl:1][c:23]1[cH:7][c:21]([NH:19][CH:29]2[CH2:15][CH2:13][CH2:14][CH2:16][CH:30]2[NH:20][c:22]2[cH:8][c:24]([Cl:2])[c:28]3[cH:12][cH:6][cH:4][cH:10][c:26]3[n:18]2)[n:17][c:25]2[cH:9][cH:3][cH:5][cH:11][c:27]12,1,4,0.09
golden_359,NN.O=[CH:6][CH:7]=[CH:9][c:8]1[cH:4][cH:2][cH:1][cH:3][cH:5]1>>[cH:1]1[cH:2][cH:4][c:8]([CH:9]2[CH2:6][CH2:7]2)[cH:5][cH:3]1,1,4,0.02
golden_360,Cl[C:12](=[O:1])[c:13]1[cH:8][cH:4][cH:2][cH:5][cH:9]1.[cH:3]1[cH:6][cH:10][cH:14][cH:11][cH:7]1>>[O:1]=[C:12]([c:13]1[cH:8][cH:4][cH:2][cH:5][cH:9]1)[c:14]1[cH:10][cH:6][cH:3][cH:7][cH:11]1,1,3,0.07
golden_361,[C:2](#[CH:3])[c:19]1[cH:13][cH:7][cH:4][cH:8][cH:14]1.[O:1]=[C:22]([c:20]1[cH:15][cH:9][cH:5][cH:10][cH:16]1)[c:21]1[cH:17][cH:11][cH:6][cH:12][cH:18]1>>[OH:1][C:22]([C:3]#[C:2][c:19]1[cH:13][cH:7][cH:4][cH:8][cH:14]1)([c:20]1[cH:15][cH:9][cH:5][cH:10][cH:16]1)[c:21]1[cH:17][cH:11][cH:6][cH:12][cH:18]1,1,2,0.11
golden_362,O[C:11](=[O:3])[CH:13]([NH2:2])[CH2:9][c:12]1[cH:7][cH:5][cH:4][cH:6][cH:8]1.[CH3:1][OH:10]>>[CH3:1][O:10][C:11](=[O:3])[CH:13]([NH2:2])[CH2:9][c:12]1[cH:7][cH:5][cH:4][cH:6][cH:8]1,1,2,0.02
golden_363,Br[CH2:10][CH:4]=[CH2:1].[CH3:2][O:13][C:14](=[O:3])[CH:16]([CH2:11][c:15]1[cH:8][cH:6][cH:5][cH:7][cH:9]1)[NH2:12]>>[CH2:1]=[CH:4][CH2:10][NH:12][CH:16]([CH2:11][c:15]1[cH:8][cH:6][cH:5][cH:7][cH:9]1)[C:14](=[O:3])[O:13][CH3:2],1,2,0.04
golden_364,Br[CH2:13][C:5]#[CH:1].[CH2:2]=[CH:6][CH2:14][NH:19][CH:18]([CH2:12][c:17]1[cH:10][cH:8][cH:7][cH:9][cH:11]1)[C:16](=[O:4])[O:15][CH3:3]>>[CH:1]#[C:5][CH2:13][N:19]([CH2:14][CH:6]=[CH2:2])[CH:18]([CH2:12][c:17]1[cH:10][cH:8][cH:7][cH:9][cH:11]1)[C:16](=[O:4])[O:15][CH3:3],1,2,0.04
golden_365,CO[C:10](=[O:2])[C:11](=O)[CH2:7][CH3:1].[cH:3]1[cH:4][cH:6][c:13]([NH2:9])[c:12]([NH2:8])[cH:5]1>>[CH3:1][CH2:7][c:11]1[n:9][c:13]2[cH:6][cH:4][cH:3][cH:5][c:12]2[n:8][c:10]1[OH:2],1,4,0.03
golden_366,Cl[CH2:9][CH2:8][O:10][CH3:1].[O:2]=[C:11]1[c:13]2[cH:6][cH:4][cH:5][cH:7][c:14]2[C:12](=[O:3])[NH:15]1>>[CH3:1][O:10][CH2:8][CH2:9][N:15]1[C:11](=[O:2])[c:13]2[cH:6][cH:4][cH:5][cH:7][c:14]2[C:12]1=[O:3],1,2,0.02
golden_367,[CH3:1][O:13][CH2:10][CH2:9][N:2]1[C:14](=[O:3])[c:16]2[cH:7][cH:5][cH:6][cH:8][c:17]2[C:15]1=[O:4].[NH2:11][NH2:12]>>[CH3:1][O:13][CH2:10][CH2:9][NH2:2].[O:3]=[c:14]1[nH:11][nH:12][c:15](=[O:4])[c:17]2[cH:8][cH:6][cH:5][cH:7][c:16]12,1,4,0.04
golden_368,[Li:1][O:8][CH:4]1[CH2:2][c:10]2[cH:6][cH:5][c:9]([CH3:3])[cH:7][c:11]21>>[Li:1][O:8][CH:4]=[c:11]1[cH:7][c:9]([CH3:3])[cH:5][cH:6][c:10]1=[CH2:2],1,1,0.02
golden_369,Br[CH2:9][CH:3]=[CH2:1].[O:2]=[CH:11][c:10]1[cH:7][cH:5][cH:4][cH:6][cH:8]1>>[CH2:1]=[CH:3][CH2:9][CH:11]([OH:2])[c:10]1[cH:7][cH:5][cH:4][cH:6][cH:8]1,1,2,0.02
golden_370,Cl[C:15](=[O:6])[N:20]([CH:18]([CH3:2])[CH3:3])[CH:19]([CH3:4])[CH3:5].[CH2:1]=[CH:7][CH2:13][CH:17]([OH:14])[c:16]1[cH:11][cH:9][cH:8][cH:10][cH:12]1>>[CH2:1]=[CH:7][CH2:13][CH:17]([O:14][C:15](=[O:6])[N:20]([CH:18]([CH3:2])[CH3:3])[CH:19]([CH3:4])[CH3:5])[c:16]1[cH:11][cH:9][cH:8][cH:10][cH:12]1,1,2,0.04
golden_371,CC(C)N(C(=O)O[CH:23]([CH2:17][CH:6]=[CH2:1])[c:22]1[cH:15][cH:11][cH:8][cH:12][cH:16]1)C(C)C.[CH3:2][C:24]1([CH3:3])[O:18][B:20]([c:21]2[cH:13][cH:9][cH:7][cH:10][cH:14]2)[O:19][C:25]1([CH3:4])[CH3:5]>>[CH2:1]=[CH:6][CH2:17][C:23]([B:20]1[O:18][C:24]([CH3:2])([CH3:3])[C:25]([CH3:4])([CH3:5])[O:19]1)([c:21]1[cH:13][cH:9][cH:7][cH:10][cH:14]1)[c:22]1[cH:15][cH:11][cH:8][cH:12][cH:16]1,1,5,0.24
golden_372,CC1(C)OB([C:16]([CH2:13][CH:2]=[CH2:1])([c:14]2[cH:9][cH:5][cH:3][cH:6][cH:10]2)[c:15]2[cH:11][cH:7][cH:4][cH:8][cH:12]2)OC1(C)C.O>>[CH2:1]=[CH:2][CH2:13][CH:16]([c:14]1[cH:9][cH:5][cH:3][cH:6][cH:10]1)[c:15]1[cH:11][cH:7][cH:4][cH:8][cH:12]1,1,2,0.07
golden_373,[CH2:14]1[CH2:17][CH:25]2[CH2:19][CH2:15][CH2:20][CH:26]([CH2:18]1)[BH:22]2.[OH:1][OH:2].[cH:3]1[cH:5][cH:9][c:23]([CH:27]([CH2:21][CH:16]=[CH2:13])[c:24]2[cH:11][cH:7][cH:4][cH:8][cH:12]2)[cH:10][cH:6]1>>[OH:1][CH2:13][CH2:16][CH2:21][CH:27]([c:23]1[cH:9][cH:5][cH:3][cH:6][cH:10]1)[c:24]1[cH:11][cH:7][cH:4][cH:8][cH:12]1.[OH:2][B:22]1[CH:25]2[CH2:17][CH2:14][CH2:18][CH:26]1[CH2:20][CH2:15][CH2:19]2,1,4,0.13
golden_374,O=[O:1].[OH:2][CH2:15][CH2:13][CH2:14][CH:18]([c:16]1[cH:9][cH:5][cH:3][cH:6][cH:10]1)[c:17]1[cH:11][cH:7][cH:4][cH:8][cH:12]1>>[O:1]=[C:15]([OH:2])[CH2:13][CH2:14][CH:18]([c:16]1[cH:9][cH:5][cH:3][cH:6][cH:10]1)[c:17]1[cH:11][cH:7][cH:4][cH:8][cH:12]1,1,4,0.06
golden_375,O[C:13](=[O:1])[CH2:11][CH2:12][CH:17]([c:14]1[cH:7][cH:3][cH:2][cH:4][cH:8]1)[c:16]1[cH:10][cH:6][cH:5][cH:9][cH:15]1>>[O:1]=[C:13]1[CH2:11][CH2:12][CH:17]([c:14]2[cH:7][cH:3][cH:2][cH:4][cH:8]2)[c:16]2[cH:10][cH:6][cH:5][cH:9][c:15]21,1,3,0.04
golden_376,O=[C:17]1[CH2:11][CH2:12][CH:18]([c:14]2[cH:7][cH:3][cH:2][cH:4][cH:8]2)[c:16]2[cH:10][cH:6][cH:5][cH:9][c:15]21.O[NH:13][CH3:1]>>[CH3:1][NH:13][CH:17]1[CH2:11][CH2:12][CH:18]([c:14]2[cH:7][cH:3][cH:2][cH:4][cH:8]2)[c:16]2[cH:10][cH:6][cH:5][cH:9][c:15]21,1,4,0.06
golden_377,O=[C:11]([CH3:1])[CH3:2].[O:3]=[C:8]1[O:5][CH2:4][CH:9]([OH:6])[CH:10]1[OH:7]>>[CH3:1][C:11]1([CH3:2])[O:6][CH:9]2[CH2:4][O:5][C:8](=[O:3])[CH:10]2[O:7]1,1,3,0.02
golden_378,[CH3:1][C:11]1([CH3:2])[O:6][CH:9]2[CH2:4][O:5][C:8](=[O:3])[CH:10]2[O:7]1>>[CH3:1][C:11]1([CH3:2])[O:6][CH:9]2[CH2:4][O:5][CH:8]([OH:3])[CH:10]2[O:7]1,1,1,0.01
golden_379,Cl[Si:20]([CH3:7])([CH3:8])[C:19]([CH3:4])([CH3:5])[CH3:6].[CH2:1]=[CH:10][CH:15]([OH:9])[CH:17]1[O:13][C:18]([CH3:2])([CH3:3])[O:12][CH:16]1[CH2:11][OH:14]>>[CH2:1]=[CH:10][CH:15]([OH:9])[CH:17]1[O:13][C:18]([CH3:2])([CH3:3])[O:12][CH:16]1[CH2:11][O:14][Si:20]([CH3:7])([CH3:8])[C:19]([CH3:4])([CH3:5])[CH3:6],1,2,0.03
golden_380,CC(C)(C)[Si](C)(C)[O:5][CH2:10][CH:16]1[O:13][C:17]([CH3:2])([CH3:3])[O:12][CH:15]1[CH:7]=[CH:6][CH2:8][CH2:9][C:14](=[O:4])[O:11][CH3:1].O>>[CH3:1][O:11][C:14](=[O:4])[CH2:9][CH2:8][CH:6]=[CH:7][CH:15]1[O:12][C:17]([CH3:2])([CH3:3])[O:13][CH:16]1[CH2:10][OH:5],1,1,0.03
golden_381,[CH3:1][O:11][C:14](=[O:5])[CH2:10][CH2:9][CH:7]=[CH:8][CH:16]1[O:13][C:17]([CH3:2])([CH3:3])[O:12][CH:15]1[CH2:6][OH:4]>>[CH3:1][O:11][C:14](=[O:5])[CH2:10][CH2:9][CH:7]=[CH:8][CH:16]1[O:13][C:17]([CH3:2])([CH3:3])[O:12][CH:15]1[CH:6]=[O:4],1,1,0.15
golden_382,[CH3:1][O:11][C:14](=[O:4])[CH2:10][CH2:9][CH:7]=[CH:8][CH:16]1[O:12][C:18]([CH3:2])([CH3:3])[O:13][CH:17]1[CH:15]=[O:5].[OH2:6]>>[CH3:1][O:11][C:14](=[O:4])[CH2:10][CH2:9][CH:7]=[CH:8][CH:16]1[O:12][C:18]([CH3:2])([CH3:3])[O:13][CH:17]1[C:15](=[O:5])[OH:6],1,2,0.15
golden_383,O[C:17](=[O:6])[CH:19]1[O:15][C:20]([CH3:3])([CH3:4])[O:14][CH:18]1[CH:8]=[CH:7][CH2:9][CH2:10][C:16](=[O:5])[O:13][CH3:2].[CH3:1][O:12][NH2:11]>>[CH3:1][O:12][NH:11][C:17](=[O:6])[CH:19]1[O:15][C:20]([CH3:3])([CH3:4])[O:14][CH:18]1[CH:8]=[CH:7][CH2:9][CH2:10][C:16](=[O:5])[O:13][CH3:2],1,2,0.03
golden_384,O[CH2:6][CH2:4][CH2:5][CH:10]([OH:3])[CH:13]1[CH:12]2[O:9][C:15]([CH3:1])([CH3:2])[O:8][CH:11]2[CH2:7][NH:14]1>>[CH3:1][C:15]1([CH3:2])[O:8][CH:11]2[CH2:7][N:14]3[CH2:6][CH2:4][CH2:5][CH:10]([OH:3])[CH:13]3[CH:12]2[O:9]1,1,2,0.02
golden_385,CC1(C)[O:1][CH:8]2[CH2:7][N:12]3[CH2:6][CH2:4][CH2:5][CH:9]([OH:2])[CH:11]3[CH:10]2[O:3]1.O>>[OH:1][CH:8]1[CH2:7][N:12]2[CH2:6][CH2:4][CH2:5][CH:9]([OH:2])[CH:11]2[CH:10]1[OH:3],1,2,0.02
golden_386,[O:1]=[CH:2][CH:8]1[CH:4]=[CH:3][CH2:6][CH:7]=[CH:5]1>>[O:1]=[CH:2][C:8]1=[CH:5][CH2:7][CH2:6][CH:3]=[CH:4]1,1,2,0.01
golden_387,[CH3:1][C:17]([CH:6]=[CH2:13])=[CH2:12].[CH3:2][Si:20]([CH3:3])([CH3:4])[O:15][C:19](=[CH2:14])[C:16](=[O:5])[c:18]1[cH:10][cH:8][cH:7][cH:9][cH:11]1>>[CH3:1][C:17]1=[CH:6][CH2:13][C:19]([O:15][Si:20]([CH3:2])([CH3:3])[CH3:4])([C:16](=[O:5])[c:18]2[cH:10][cH:8][cH:7][cH:9][cH:11]2)[CH2:14][CH2:12]1,1,2,0.07
golden_388,Br[CH:8]1[CH2:5][CH2:3][CH:7]([CH3:1])[CH2:4][CH2:6]1.[Cl-:2]>>[CH3:1][CH:7]1[CH2:3][CH2:5][CH:8]([Cl:2])[CH2:6][CH2:4]1,1,2,0.01
golden_389,O=[N:1]O.[NH2:2][CH2:4][CH:3]1[CH2:5][CH2:6]1>>[CH:3]1=[CH:4][CH2:6][CH2:5]1.[N:1]#[N:2],1,7,0.01
golden_390,Cl[C:10](=[O:1])[CH2:13][c:11]1[cH:5][cH:3][cH:2][cH:4][cH:6]1.[CH2:7]1[CH2:8][CH:12]=[CH:14][CH2:9]1>>[O:1]=[C:10]1[CH:12]2[CH2:8][CH2:7][CH2:9][CH:14]2[CH:13]1[c:11]1[cH:5][cH:3][cH:2][cH:4][cH:6]1,1,4,0.04
golden_391,[cH:1]1[cH:2][cH:4][c:8](=[CH2:6])[c:7](=[CH2:5])[cH:3]1>>[cH:1]1[cH:2][cH:4][c:8]2[c:7]([cH:3]1)[CH2:5][CH2:6]2,1,1,0.01
golden_392,CC(C)(C)[O-].Cl[CH2:9][C:7](=[O:3])[O:5][CH2:4][CH3:1].[CH3:2][CH:8]=[O:6]>>[CH3:1][CH2:4][O:5][C:7](=[O:3])[CH:9]1[O:6][CH:8]1[CH3:2],1,4,0.01
golden_393,O.[OH:1][N:7]=[C:8]1[CH2:5][CH2:3][CH2:2][CH2:4][CH2:6]1>>[O:1]=[C:8]1[CH2:6][CH2:4][CH2:2][CH2:3][CH2:5][NH:7]1,1,4,0.01
golden_394,[CH2:2]1[CH2:3][CH:5]=[CH:7][CH2:6][CH2:4]1.[OH2:1]>>[OH:1][CH:7]1[CH2:5][CH2:3][CH2:2][CH2:4][CH2:6]1,1,2,0.01
golden_395,O=[S:11]([CH3:1])[CH2:16][C:12](=[O:4])[N:17]([CH3:2])[CH3:3].[cH:5]1[cH:6][c:14]2[c:15]([cH:7][cH:13]1)[O:10][CH2:8][O:9]2>>[CH3:1][S:11][CH:16]([C:12](=[O:4])[N:17]([CH3:2])[CH3:3])[c:13]1[cH:5][cH:6][c:14]2[c:15]([cH:7]1)[O:10][CH2:8][O:9]2,1,4,0.03
golden_396,[CH2:1]=[C:13]([CH3:2])[CH3:3].[O:4]=[C:11]([OH:10])[c:12]1[cH:8][cH:6][cH:5][cH:7][cH:9]1>>[CH3:1][C:13]([CH3:2])([CH3:3])[O:10][C:11](=[O:4])[c:12]1[cH:8][cH:6][cH:5][cH:7][cH:9]1,1,2,0.03
golden_397,[CH3:2][C:5](=[O:3])[OH:4].[N-]=[N+]=[CH2:1]>>[CH3:1][O:4][C:5]([CH3:2])=[O:3],1,3,0.01
golden_398,[CH3:1][O:9][C:11](=[O:3])[CH:7]1[CH:5]=[CH:6][CH:8]1[C:12](=[O:4])[O:10][CH3:2]>>[CH3:1][O:9][C:11](=[O:3])[CH:7]=[CH:5][CH:6]=[CH:8][C:12](=[O:4])[O:10][CH3:2],1,1,0.02
golden_399,OOC(c1ccccc1)=[O:8].[CH3:1][C:9](=[O:2])[CH:10]1[CH2:6][CH2:4][CH2:3][CH2:5][CH2:7]1>>[CH3:1][C:9](=[O:2])[O:8][CH:10]1[CH2:6][CH2:4][CH2:3][CH2:5][CH2:7]1,1,4,0.04
golden_400,CCO[C:11](=[O:2])[CH2:5][C:10](=O)[CH2:8][CH3:1].[cH:3]1[cH:4][cH:7][cH:13][c:12]([OH:9])[cH:6]1>>[CH3:1][CH2:8][c:10]1[cH:5][c:11](=[O:2])[o:9][c:12]2[cH:6][cH:3][cH:4][cH:7][c:13]12,1,6,0.65
golden_401,O=[C:6]([CH3:1])[CH2:3][CH2:4][C:7](=O)[CH3:2].[SH-:5]>>[CH3:1][c:6]1[cH:3][cH:4][c:7]([CH3:2])[s:5]1,1,6,0.01
golden_402,[C-:1]#[N+:23][CH:33]1[CH:32]2[c:27]3[cH:25][nH:24][c:28]4[cH:14][cH:12][cH:13][c:26]([c:29]34)[C:37]([CH3:7])([CH3:8])[CH:34]2[CH2:21][CH2:22][C:36]1([CH3:6])[CH:11]=[CH2:3].[CH2:2]([B:9]1[CH:30]2[CH2:17][CH2:15][CH2:18][CH:31]1[CH2:20][CH2:16][CH2:19]2)[CH:10]=[C:35]([CH3:4])[CH3:5]>>[BH:9]1[CH:30]2[CH2:17][CH2:15][CH2:18][CH:31]1[CH2:20][CH2:16][CH2:19]2.[C-:1]#[N+:23][CH:33]1[CH:32]2[c:27]3[c:25]([C:35]([CH3:4])([CH3:5])[CH:10]=[CH2:2])[nH:24][c:28]4[cH:14][cH:12][cH:13][c:26]([c:29]34)[C:37]([CH3:7])([CH3:8])[CH:34]2[CH2:21][CH2:22][C:36]1([CH3:6])[CH:11]=[CH2:3],1,3,1.30
golden_403,[CH3:1][CH2:8][O:11][C:15](=[O:4])[C:18](=[O:14])[C:16](=[O:5])[O:12][CH2:9][CH3:2].[CH3:3][O:13][CH:17]=[CH:7][CH:6]=[CH2:10]>>[CH3:1][CH2:8][O:11][C:15](=[O:4])[C:18]1([C:16](=[O:5])[O:12][CH2:9][CH3:2])[CH2:10][CH:6]=[CH:7][CH:17]([O:13][CH3:3])[O:14]1,1,2,0.04
golden_404,Cl[CH2:11][C:15](=[N:12][OH:13])[c:16]1[cH:9][cH:7][cH:6][cH:8][cH:10]1.[CH3:1][C:18]([CH3:2])=[CH:17][O:14][Si:19]([CH3:3])([CH3:4])[CH3:5]>>[CH3:1][C:18]1([CH3:2])[CH2:11][C:15]([c:16]2[cH:9][cH:7][cH:6][cH:8][cH:10]2)=[N:12][O:13][CH:17]1[O:14][Si:19]([CH3:3])([CH3:4])[CH3:5],1,3,0.05
golden_405,[CH3:1][O:14][C:16](=[O:3])[CH:25]1[CH2:11][c:19]2[c:18]([nH:13][c:20]3[cH:9][cH:7][cH:8][cH:10][c:21]23)[CH:26]([CH2:12][CH:22]=[CH:6][CH:5]=[O:15])[N:27]1[C:17](=[O:4])[CH:24]=[CH:23][CH3:2]>>[CH3:1][O:14][C:16](=[O:3])[CH:25]1[CH2:11][c:19]2[c:18]([nH:13][c:20]3[cH:9][cH:7][cH:8][cH:10][c:21]23)[CH:26]2[CH2:12][CH:22]3[CH:6]=[CH:5][O:15][CH:23]([CH3:2])[CH:24]3[C:17](=[O:4])[N:27]12,1,2,0.08
golden_406,C[Si](C)(C)[O:2][C:9]([CH:5]=[CH:12][O:8][CH3:1])=[CH2:6].[O:3]=[C:10]1[O:7][C:11](=[O:4])[CH:14]=[CH:13]1>>[CH3:1][O:8][CH:12]1[CH2:5][C:9](=[O:2])[CH2:6][CH:13]2[C:10](=[O:3])[O:7][C:11](=[O:4])[CH:14]12,1,4,0.03
golden_407,[CH3:1][CH2:12][CH:18]=[CH:3][CH:4]=[CH:20][CH:19]([CH2:13][CH2:10][C:16](=[O:2])[NH:21][OH:15])[O:14][CH2:11][c:17]1[cH:8][cH:6][cH:5][cH:7][cH:9]1>>[CH3:1][CH2:12][CH:18]1[CH:3]=[CH:4][CH:20]2[CH:19]([O:14][CH2:11][c:17]3[cH:8][cH:6][cH:5][cH:7][cH:9]3)[CH2:13][CH2:10][C:16](=[O:2])[N:21]2[O:15]1,1,2,1.20
golden_408,O=[CH:4][CH:2]=[CH2:6].[cH:1]1[cH:3][cH:7][c:10]([NH2:8])[cH:9][cH:5]1>>[cH:1]1[cH:3][cH:7][c:10]2[n:8][cH:4][cH:2][cH:6][c:9]2[cH:5]1,1,5,0.17
golden_409,O[c:24]1[n:19][c:26]2[cH:9][cH:7][cH:6][cH:8][c:25]2[n:18][c:23]1[CH2:14][CH3:1].[CH2:10]1[CH2:11][CH2:15][CH:27]([N+:20]#[C-:22])[CH2:16][CH2:12]1.[CH3:2][O:21][CH2:13][CH2:17][NH2:30].[CH3:3][CH:28]([CH3:4])[CH:29]=[O:5]>>[CH3:1][CH2:14][c:23]1[n:18][c:25]2[cH:8][cH:6][cH:7][cH:9][c:26]2[n:19][c:24]1[N:30]([CH2:17][CH2:13][O:21][CH3:2])[CH:29]([C:22](=[O:5])[NH:20][CH:27]1[CH2:15][CH2:11][CH2:10][CH2:12][CH2:16]1)[CH:28]([CH3:3])[CH3:4],1,6,0.18
golden_410,O[C:21]1([C:20]#[C:14][c:23]2[cH:9][cH:7][cH:6][cH:8][cH:10]2)[CH:4]=[CH:5][CH:22]2[CH:27]3[CH2:16][CH2:15][c:25]4[cH:12][c:24]([O:19][CH3:1])[cH:11][cH:13][c:26]4[CH:28]3[CH2:17][CH2:18][C:29]12[CH3:2].[OH2:3]>>[CH3:1][O:19][c:24]1[cH:11][cH:13][c:26]2[c:25]([cH:12]1)[CH2:15][CH2:16][CH:27]1[C:22]3=[CH:5][CH:4]=[C:21]([C:20](=[O:3])[CH2:14][c:23]4[cH:9][cH:7][cH:6][cH:8][cH:10]4)[C:29]3([CH3:2])[CH2:18][CH2:17][CH:28]21,1,5,2.01
golden_411,[CH3:1][C:27]1([CH3:2])[CH2:17][CH2:18][C:28]([CH3:3])([CH3:4])[c:23]2[cH:12][c:20]([CH:26]([OH:6])[c:21]3[cH:10][cH:13][c:24]4[cH:15][c:19]([CH2:7][OH:5])[cH:8][cH:14][c:25]4[cH:16]3)[cH:9][cH:11][c:22]21>>[CH3:1][C:27]1([CH3:2])[CH2:17][CH2:18][C:28]([CH3:3])([CH3:4])[c:23]2[cH:12][c:20]([CH:26]([OH:6])[c:21]3[cH:10][cH:13][c:24]4[cH:15][c:19]([CH:7]=[O:5])[cH:8][cH:14][c:25]4[cH:16]3)[cH:9][cH:11][c:22]21,1,1,1.12
golden_412,[C:3](#[CH:4])[CH2:11][O:16][CH:21]1[CH2:14][CH2:10][CH2:9][CH2:12][O:17]1.[O:1]=[CH:20][CH2:13][O:15][c:19]1[cH:7][cH:5][c:18]([F:2])[cH:6][cH:8]1>>[OH:1][CH:20]([C:4]#[C:3][CH2:11][O:16][CH:21]1[CH2:14][CH2:10][CH2:9][CH2:12][O:17]1)[CH2:13][O:15][c:19]1[cH:7][cH:5][c:18]([F:2])[cH:6][cH:8]1,1,2,0.07
golden_413,[CH2:4]1[CH2:5][CH2:9][NH:13][CH2:8]1.[CH3:1][CH2:6][CH:12]=[CH:7][C:11](=[O:3])[O:10][CH3:2]>>[CH3:1][CH2:6][CH:12]([CH2:7][C:11](=[O:3])[O:10][CH3:2])[N:13]1[CH2:8][CH2:4][CH2:5][CH2:9]1,1,2,0.07
golden_414,CCO[C:10](=[O:2])[c:14]1[cH:5][cH:7][c:15]([CH2:11][O:13][c:16]2[cH:9][cH:3][cH:4][n:12][c:17]2[NH2:1])[cH:8][cH:6]1>>[NH2:1][c:17]1[n:12][cH:4][cH:3][cH:9][c:16]1[O:13][CH2:11][c:15]1[cH:7][cH:5][c:14]([CH2:10][OH:2])[cH:6][cH:8]1,1,3,1.06
golden_415,[CH3:1][O:13][n:20]1[c:16]([CH3:2])[n:12][c:17]2[cH:10][c:15]([C:19](=[O:3])[c:14]3[cH:7][cH:5][cH:4][cH:6][cH:8]3)[cH:9][cH:11][c:18]21>>[CH3:1][O:13][n:20]1[c:16]([CH3:2])[n:12][c:17]2[cH:10][c:15]([CH:19]([OH:3])[c:14]3[cH:7][cH:5][cH:4][cH:6][cH:8]3)[cH:9][cH:11][c:18]21,1,1,0.04
golden_416,CCO[C:19](=[NH:1])[c:22]1[cH:9][cH:11][c:24]2[nH:17][cH:10][c:23]([CH2:15][CH2:13][NH:16][C:20](=[O:3])[O:18][CH2:14][c:21]3[cH:7][cH:5][cH:4][cH:6][cH:8]3)[c:25]2[cH:12]1.[NH3:2]>>[NH:1]=[C:19]([NH2:2])[c:22]1[cH:9][cH:11][c:24]2[nH:17][cH:10][c:23]([CH2:15][CH2:13][NH:16][C:20](=[O:3])[O:18][CH2:14][c:21]3[cH:7][cH:5][cH:4][cH:6][cH:8]3)[c:25]2[cH:12]1,1,2,0.07
golden_417,[CH3:1][CH:13]([CH3:2])[CH2:8][CH2:6][CH2:11][CH:15]([CH3:4])[CH2:12][CH2:7][CH2:10][CH:14]([CH3:3])[CH:9]=[O:5]>>[CH3:1][CH:13]([CH3:2])[CH2:8][CH2:6][CH2:11][CH:15]([CH3:4])[CH2:12][CH2:7][CH2:10][CH:14]([CH3:3])[CH2:9][OH:5],1,1,0.37
golden_418,O[C:13](=[O:2])[c:18]1[cH:10][cH:7][c:15]([Cl:6])[cH:11][c:19]1[C:14](O)=[O:3].[CH3:1][c:17]1[cH:9][c:16]([N+:22](=[O:4])[O-:5])[cH:8][cH:12][c:20]1[NH2:21]>>[CH3:1][c:17]1[cH:9][c:16]([N+:22](=[O:4])[O-:5])[cH:8][cH:12][c:20]1[N:21]1[C:13](=[O:2])[c:18]2[cH:10][cH:7][c:15]([Cl:6])[cH:11][c:19]2[C:14]1=[O:3],1,4,0.05
golden_419,O[C:20](=[O:1])[CH:23]1[CH2:9][CH2:6][CH2:10][CH:24]([C:21](O)=[O:2])[CH2:11]1.[cH:3]1[cH:4][n:18][c:22]([N:27]2[CH2:16][CH2:13][N:25]([CH2:12][CH2:7][CH2:8][CH2:15][NH2:26])[CH2:14][CH2:17]2)[n:19][cH:5]1>>[O:1]=[C:20]1[CH:23]2[CH2:9][CH2:6][CH2:10][CH:24]([CH2:11]2)[C:21](=[O:2])[N:26]1[CH2:15][CH2:8][CH2:7][CH2:12][N:25]1[CH2:13][CH2:16][N:27]([c:22]2[n:18][cH:4][cH:3][cH:5][n:19]2)[CH2:17][CH2:14]1,1,4,0.11
golden_420,CO[C:22](=[O:1])[CH:11]=[N:14][NH:15][C:21]1=[N:23][c:20]2[cH:10][cH:6][c:17]([Cl:2])[cH:9][c:19]2[C:16]([c:18]2[cH:7][cH:4][cH:3][cH:5][cH:8]2)=[N:13][CH2:12]1>>[O:1]=[c:22]1[cH:11][n:14][n:15][c:21]2[n:23]1-[c:20]1[cH:10][cH:6][c:17]([Cl:2])[cH:9][c:19]1[C:16]([c:18]1[cH:7][cH:4][cH:3][cH:5][cH:8]1)=[N:13][CH2:12]2,1,2,0.11
golden_421,[O:1]=[C:14]1[C:15]2=[C:16]([S:13][CH2:9][CH2:8][S:12]2)[C:21](=[O:2])[N:22]1[c:17]1[cH:5][cH:7][c:20]2[c:18]([Cl:3])[cH:6][cH:4][n:10][c:19]2[n:11]1>>[O:1]=[C:14]1[C:15]2=[C:16]([S:13][CH2:9][CH2:8][S:12]2)[CH:21]([OH:2])[N:22]1[c:17]1[cH:5][cH:7][c:20]2[c:18]([Cl:3])[cH:6][cH:4][n:10][c:19]2[n:11]1,1,1,0.04
golden_422,O=C1CCC(=O)N1O[C:30](=[O:5])[CH2:20][NH:24][C:31](=[O:6])[O:26][CH2:21][c:32]1[cH:10][cH:8][cH:7][cH:9][cH:11]1.[CH3:1][CH2:12][CH2:14][CH2:18][O:27][CH:34]([O:28][CH2:19][CH2:15][CH2:13][CH3:2])[CH:33]([CH2:22][CH2:16][CH2:17][NH:23][C:29](=[NH:3])[NH2:4])[NH2:25]>>[CH3:1][CH2:12][CH2:14][CH2:18][O:27][CH:34]([O:28][CH2:19][CH2:15][CH2:13][CH3:2])[CH:33]([CH2:22][CH2:16][CH2:17][NH:23][C:29](=[NH:3])[NH2:4])[NH:25][C:30](=[O:5])[CH2:20][NH:24][C:31](=[O:6])[O:26][CH2:21][c:32]1[cH:10][cH:8][cH:7][cH:9][cH:11]1,1,2,0.15
golden_423,[O:1]=[C:24]1[CH2:14][CH2:11][CH2:13][c:19]2[n:15][c:22]3[cH:9][cH:5][cH:6][cH:10][c:23]3[c:21]([NH:16][CH2:12][c:18]3[cH:8][cH:4][cH:3][cH:7][c:17]3[Cl:2])[c:20]21>>[OH:1][CH:24]1[CH2:14][CH2:11][CH2:13][c:19]2[n:15][c:22]3[cH:9][cH:5][cH:6][cH:10][c:23]3[c:21]([NH:16][CH2:12][c:18]3[cH:8][cH:4][cH:3][cH:7][c:17]3[Cl:2])[c:20]21,1,1,0.07
golden_424,O=[CH:3][c:17]1[cH:7][cH:4][cH:5][n:13][cH:8]1.[O:1]=[C:14]1[CH2:15][CH2:11][CH2:12][c:18]2[cH:9][cH:6][c:16]([Br:2])[cH:10][c:19]21>>[O:1]=[C:14]1[C:15](=[CH:3][c:17]2[cH:7][cH:4][cH:5][n:13][cH:8]2)[CH2:11][CH2:12][c:18]2[cH:9][cH:6][c:16]([Br:2])[cH:10][c:19]21,1,4,0.05
golden_425,Cl[c:20]1[cH:7][cH:6][c:19]([C:18](=[O:3])[N:23]2[CH2:13][CH2:9][O:17][CH2:10][CH2:14]2)[cH:8][c:21]1[S:25]([NH2:2])(=[O:4])=[O:5].[CH3:1][N:22]1[CH2:11][CH2:15][NH:24][CH2:16][CH2:12]1>>[CH3:1][N:22]1[CH2:11][CH2:15][N:24]([c:20]2[cH:7][cH:6][c:19]([C:18](=[O:3])[N:23]3[CH2:13][CH2:9][O:17][CH2:10][CH2:14]3)[cH:8][c:21]2[S:25]([NH2:2])(=[O:4])=[O:5])[CH2:16][CH2:12]1,1,2,0.05
golden_426,O[C:21](=[O:7])[CH2:14][CH:25]([C:22](=[O:8])[N:29]1[CH:26]([C:18](=[O:4])[O:17][C:30]([CH3:1])([CH3:2])[CH3:3])[CH2:15][CH2:13][CH2:16][NH:28]1)[N:27]1[C:19](=[O:5])[c:23]2[cH:11][cH:9][cH:10][cH:12][c:24]2[C:20]1=[O:6]>>[CH3:1][C:30]([CH3:2])([CH3:3])[O:17][C:18](=[O:4])[CH:26]1[CH2:15][CH2:13][CH2:16][N:28]2[C:21](=[O:7])[CH2:14][CH:25]([N:27]3[C:19](=[O:5])[c:23]4[cH:11][cH:9][cH:10][cH:12][c:24]4[C:20]3=[O:6])[C:22](=[O:8])[N:29]12,1,2,0.07
golden_427,CO[C:21](=[O:4])[c:25]1[cH:11][c:22]([CH:27]([OH:5])[CH2:15][N:28]2[CH2:13][CH2:16][N:29]([c:26]3[cH:12][cH:7][cH:6][cH:10][c:24]3[O:20][CH3:3])[CH2:17][CH2:14]2)[cH:8][cH:9][c:23]1[O:19][CH3:2].[CH3:1][NH2:18]>>[CH3:1][NH:18][C:21](=[O:4])[c:25]1[cH:11][c:22]([CH:27]([OH:5])[CH2:15][N:28]2[CH2:13][CH2:16][N:29]([c:26]3[cH:12][cH:7][cH:6][cH:10][c:24]3[O:20][CH3:3])[CH2:17][CH2:14]2)[cH:8][cH:9][c:23]1[O:19][CH3:2],1,2,0.07
golden_428,[CH3:1][c:9]1[nH:7][c:8]([N:12]([CH3:3])[CH3:4])[n:6][c:11](=[O:5])[cH:10]1.[CH4:2]>>[CH3:1][c:9]1[nH:7][c:8]([N:12]([CH3:3])[CH3:4])[n:6][c:11](=[O:5])[c:10]1[CH3:2],1,3,0.03
golden_429,CCO[C:21](=[O:3])[CH2:18][n:27]1[n:19][cH:14][c:24](-[c:22]2[cH:10][cH:6][cH:4][cH:7][cH:11]2)[c:25]1-[c:23]1[cH:12][cH:8][cH:5][cH:9][cH:13]1.[CH3:1][N:26]([CH3:2])[CH2:17][CH2:15][CH2:16][NH2:20]>>[CH3:1][N:26]([CH3:2])[CH2:17][CH2:15][CH2:16][NH:20][C:21](=[O:3])[CH2:18][n:27]1[n:19][cH:14][c:24](-[c:22]2[cH:10][cH:6][cH:4][cH:7][cH:11]2)[c:25]1-[c:23]1[cH:12][cH:8][cH:5][cH:9][cH:13]1,1,2,0.09
golden_430,[CH3:1][CH:27]([CH3:2])[CH2:18][CH:29]([NH:22][C:24](=[O:6])[O:23][C:31]([CH3:3])([CH3:4])[CH3:5])[C:28](=[O:7])[CH2:21][N:30]([CH2:19][c:25]1[cH:14][cH:10][cH:8][cH:11][cH:15]1)[CH2:20][c:26]1[cH:16][cH:12][cH:9][cH:13][cH:17]1>>[CH3:1][CH:27]([CH3:2])[CH2:18][CH:29]([NH:22][C:24](=[O:6])[O:23][C:31]([CH3:3])([CH3:4])[CH3:5])[CH:28]([OH:7])[CH2:21][N:30]([CH2:19][c:25]1[cH:14][cH:10][cH:8][cH:11][cH:15]1)[CH2:20][c:26]1[cH:16][cH:12][cH:9][cH:13][cH:17]1,1,1,0.13
golden_431,O1[C:16](=[O:3])[CH:6]=[CH:7][C:17]1=[O:4].[CH3:1][C:23]([CH3:2])([c:20]1[cH:12][cH:8][c:18]([OH:5])[cH:9][cH:13]1)[c:21]1[cH:14][cH:10][c:19]([NH2:22])[cH:11][cH:15]1>>[CH3:1][C:23]([CH3:2])([c:20]1[cH:12][cH:8][c:18]([OH:5])[cH:9][cH:13]1)[c:21]1[cH:14][cH:10][c:19]([N:22]2[C:16](=[O:3])[CH:6]=[CH:7][C:17]2=[O:4])[cH:11][cH:15]1,1,4,0.08
golden_432,[CH3:1][CH2:4][CH2:5][CH2:6][CH2:7][CH2:8][CH2:11][CH:15]1[CH2:12][CH2:9][CH:14]([CH2:3][OH:2])[CH2:10][CH2:13]1>>[CH3:1][CH2:4][CH2:5][CH2:6][CH2:7][CH2:8][CH2:11][CH:15]1[CH2:12][CH2:9][CH:14]([CH:3]=[O:2])[CH2:10][CH2:13]1,1,1,0.03
golden_433,CCO[C:20](=[O:4])[C:18](=[O:2])[O:17][CH2:16][CH3:1].[O:3]=[C:19]([CH3:5])[c:23]1[c:22](-[c:21]2[cH:11][cH:7][cH:6][cH:8][cH:12]2)[cH:14][c:24]2[cH:13][cH:9][cH:10][cH:15][n:25]12>>[CH3:1][CH2:16][O:17][C:18](=[O:2])[C:20]([OH:4])=[CH:5][C:19](=[O:3])[c:23]1[c:22](-[c:21]2[cH:11][cH:7][cH:6][cH:8][cH:12]2)[cH:14][c:24]2[cH:13][cH:9][cH:10][cH:15][n:25]12,1,4,0.11
golden_434,[CH3:1][CH2:14][O:17][C:19](=[O:4])[CH2:15][CH:23]1[CH:24]([CH3:3])[N:29]([c:22]2[cH:9][cH:6][n:16][c:25]3[cH:10][c:20]([Cl:5])[cH:7][cH:11][c:26]23)[c:28]2[cH:13][cH:8][c:21]([O:18][CH3:2])[cH:12][c:27]21>>[CH3:1][CH2:14][O:17][C:19](=[O:4])[CH2:15][c:23]1[c:24]([CH3:3])[n:29](-[c:22]2[cH:9][cH:6][n:16][c:25]3[cH:10][c:20]([Cl:5])[cH:7][cH:11][c:26]23)[c:28]2[cH:13][cH:8][c:21]([O:18][CH3:2])[cH:12][c:27]12,1,2,0.94
golden_435,[CH3:1][O:13][C:18](=[O:10])[CH:21]([C:20]([CH3:3])=[CH2:4])[N:24]1[C:19](=[O:11])[CH:22]([NH:12][C:17](=[O:9])[O:15][C:25]([CH3:5])([CH3:6])[CH3:7])[CH:23]1[O:14][C:16]([CH3:2])=[O:8]>>[CH3:1][O:13][C:18](=[O:10])[C:21](=[C:20]([CH3:3])[CH3:4])[N:24]1[C:19](=[O:11])[CH:22]([NH:12][C:17](=[O:9])[O:15][C:25]([CH3:5])([CH3:6])[CH3:7])[CH:23]1[O:14][C:16]([CH3:2])=[O:8],1,2,0.25
golden_436,[OH:1][CH:13]1[CH2:10][CH2:9][CH2:11][CH:16]1[O:12][c:14]1[cH:6][cH:5][cH:7][c:15]([C:17]([F:2])([F:3])[F:4])[cH:8]1>>[O:1]=[C:13]1[CH2:10][CH2:9][CH2:11][CH:16]1[O:12][c:14]1[cH:6][cH:5][cH:7][c:15]([C:17]([F:2])([F:3])[F:4])[cH:8]1,1,1,0.03
golden_437,[N:1]#[C:4][c:22]1[cH:7][cH:9][c:23]([CH:17]=[CH:18][c:24]2[cH:11][cH:13][c:25]([CH2:19][N:28]3[C:20](=[O:2])[c:26]4[cH:15][cH:5][cH:6][cH:16][c:27]4[C:21]3=[O:3])[cH:14][cH:12]2)[cH:10][cH:8]1>>[N:1]#[C:4][c:22]1[cH:7][cH:9][c:23]([CH2:17][CH2:18][c:24]2[cH:11][cH:13][c:25]([CH2:19][N:28]3[C:20](=[O:2])[c:26]4[cH:15][cH:5][cH:6][cH:16][c:27]4[C:21]3=[O:3])[cH:14][cH:12]2)[cH:10][cH:8]1,1,2,1.35
golden_438,[CH3:1][CH2:21][O:8][S:35](=[O:6])(=[O:7])[O:26][CH2:22][CH3:2].[CH3:3][C:34]([CH3:4])([CH3:5])[C:28](=[O:24])[CH:27]([O:25][c:30]1[cH:13][cH:17][c:32](-[c:31]2[cH:15][cH:11][c:29]([Cl:9])[cH:12][cH:16]2)[cH:18][cH:14]1)[n:33]1[cH:19][cH:10][n:23][cH:20]1>>[CH3:1][CH2:21][O:24][C:28](=[C:27]([O:25][c:30]1[cH:13][cH:17][c:32](-[c:31]2[cH:15][cH:11][c:29]([Cl:9])[cH:12][cH:16]2)[cH:18][cH:14]1)[n:33]1[cH:19][cH:10][n:23][cH:20]1)[C:34]([CH3:3])([CH3:4])[CH3:5].[CH3:2][CH2:22][O:26][S:35](=[O:6])(=[O:7])[OH:8],1,3,0.16
golden_439,O[C:12](=[O:1])[c:15]1[cH:9][c:16]([Br:3])[c:17]([Br:4])[nH:11]1.[Br:2][c:13]1[cH:5][cH:7][c:14]([NH2:10])[cH:8][cH:6]1>>[O:1]=[C:12]([NH:10][c:14]1[cH:7][cH:5][c:13]([Br:2])[cH:6][cH:8]1)[c:15]1[cH:9][c:16]([Br:3])[c:17]([Br:4])[nH:11]1,1,2,0.02
golden_440,[CH3:1][CH2:13][c:21]1[c:20]([CH:6]=[CH:5][c:18]2[cH:10][cH:8][cH:7][cH:9][cH:11]2)[n:14][c:23]2[s:16][c:19]([C:17](=[O:3])[OH:15])[cH:12][n:24]2[c:22]1=[O:4].[CH4:2]>>[CH3:1][CH2:13][c:21]1[c:20]([CH:6]=[CH:5][c:18]2[cH:10][cH:8][cH:7][cH:9][cH:11]2)[n:14][c:23]2[s:16][c:19]([C:17](=[O:3])[O:15][CH3:2])[cH:12][n:24]2[c:22]1=[O:4],1,2,0.05
golden_441,N[NH:11][c:20]1[cH:9][cH:6][c:13]([O:12][CH3:1])[cH:10][cH:21]1.O=[C:17]([c:14]1[cH:7][c:15]([CH3:2])[c:18]([OH:5])[c:16]([CH3:3])[cH:8]1)[CH2:19][CH3:4]>>[CH3:1][O:12][c:13]1[cH:6][cH:9][c:20]2[nH:11][c:17](-[c:14]3[cH:7][c:15]([CH3:2])[c:18]([OH:5])[c:16]([CH3:3])[cH:8]3)[c:19]([CH3:4])[c:21]2[cH:10]1,1,7,0.07
golden_442,N[NH:7][c:10]1[cH:5][cH:3][cH:4][cH:6][cH:11]1.O=[C:8]([CH3:1])[CH2:9][CH3:2]>>[CH3:1][c:8]1[nH:7][c:10]2[cH:5][cH:3][cH:4][cH:6][c:11]2[c:9]1[CH3:2],1,7,0.02
golden_443,O[C:20](=[O:2])[CH2:9][C:23]1=[CH:6][S:16][CH2:7][CH2:8][S:17]1.[CH3:1][n:30]1[n:14][n:12][n:13][c:26]1[S:18][CH2:10][C:24]1=[C:25]([C:21](=[O:3])[OH:5])[N:29]2[C:22](=[O:4])[CH:27]([NH2:15])[CH:28]2[S:19][CH2:11]1>>[CH3:1][n:30]1[n:14][n:12][n:13][c:26]1[S:18][CH2:10][C:24]1=[C:25]([C:21](=[O:3])[OH:5])[N:29]2[C:22](=[O:4])[CH:27]([NH:15][C:20](=[O:2])[CH2:9][C:23]3=[CH:6][S:16][CH2:7][CH2:8][S:17]3)[CH:28]2[S:19][CH2:11]1,1,2,0.05
golden_444,[CH4:10].[O:1]=[C:15]1[CH2:6][CH2:5][CH2:9][NH:18]1.[cH:2]1[cH:3][n:13][c:16]([N:19]2[CH2:11][CH2:7][NH:17][CH2:8][CH2:12]2)[n:14][cH:4]1>>[O:1]=[C:15]1[CH2:6][CH2:5][CH2:9][N:18]1[CH2:10][N:17]1[CH2:7][CH2:11][N:19]([c:16]2[n:13][cH:3][cH:2][cH:4][n:14]2)[CH2:12][CH2:8]1,1,4,0.04
golden_445,O[C:33](=[O:6])[CH:39]([NH:22][C:31](=[O:4])[O:26][CH2:19][C:44]([Cl:12])([Cl:13])[Cl:14])[c:37]1[cH:15][s:28][c:38]([NH:21][C:30](=[O:3])[O:25][CH2:18][C:43]([Cl:9])([Cl:10])[Cl:11])[n:20]1.[CH3:1][C:29](=[O:2])[O:24][CH2:16][C:35]1=[C:36]([C:32](=[O:5])[OH:8])[N:42]2[C:34](=[O:7])[CH:40]([NH2:23])[CH:41]2[S:27][CH2:17]1.[Na]>>[CH3:1][C:29](=[O:2])[O:24][CH2:16][C:35]1=[C:36]([C:32](=[O:5])[O-:8])[N:42]2[C:34](=[O:7])[CH:40]([NH:23][C:33](=[O:6])[CH:39]([NH:22][C:31](=[O:4])[O:26][CH2:19][C:44]([Cl:12])([Cl:13])[Cl:14])[c:37]3[cH:15][s:28][c:38]([NH:21][C:30](=[O:3])[O:25][CH2:18][C:43]([Cl:9])([Cl:10])[Cl:11])[n:20]3)[CH:41]2[S:27][CH2:17]1,1,2,0.11
golden_446,N[c:13]1[cH:6][cH:4][c:12]([Cl:3])[cH:5][cH:7]1.[CH3:1][CH2:8][O:10][C:11](=[O:2])[NH2:9]>>[CH3:1][CH2:8][O:10][C:11](=[O:2])[NH:9][c:13]1[cH:6][cH:4][c:12]([Cl:3])[cH:5][cH:7]1,1,2,0.03
golden_447,CC(=O)[NH:2][c:21]1[cH:13][c:24]([O:20][CH2:18][c:23]2[cH:11][cH:7][cH:4][cH:8][cH:12]2)[cH:15][c:25]([CH:26]([CH3:1])[CH2:19][CH2:16][CH2:17][c:22]2[cH:9][cH:5][cH:3][cH:6][cH:10]2)[cH:14]1>>[CH3:1][CH:26]([CH2:19][CH2:16][CH2:17][c:22]1[cH:9][cH:5][cH:3][cH:6][cH:10]1)[c:25]1[cH:14][c:21]([NH2:2])[cH:13][c:24]([O:20][CH2:18][c:23]2[cH:11][cH:7][cH:4][cH:8][cH:12]2)[cH:15]1,1,1,0.09
golden_448,C[O:5][c:19]1[c:17]([O:13][c:16]2[cH:10][cH:7][cH:6][cH:9][c:15]2[CH3:1])[cH:11][cH:8][cH:12][c:18]1[CH:20]([NH2:2])[C:14](=[O:3])[OH:4]>>[CH3:1][c:15]1[cH:9][cH:6][cH:7][cH:10][c:16]1[O:13][c:17]1[cH:11][cH:8][cH:12][c:18]([CH:20]([NH2:2])[C:14](=[O:3])[OH:4])[c:19]1[OH:5],1,1,0.04
golden_449,[CH4:1].[N:2]#[C:6][CH2:8][CH2:9][CH2:10][CH2:11][CH2:12][NH:14][C:17](=[O:4])[NH:15][C:18](=[O:5])[C:19]([C:7]#[N:3])=[N:13][OH:16]>>[CH3:1][O:16][N:13]=[C:19]([C:7]#[N:3])[C:18](=[O:5])[NH:15][C:17](=[O:4])[NH:14][CH2:12][CH2:11][CH2:10][CH2:9][CH2:8][C:6]#[N:2],1,2,0.02
golden_450,Cl[C:12](=[O:4])[O:11][CH:14]([Cl:5])[CH:13]([CH3:1])[CH3:2].[CH3:3][NH:16][CH:15]1[CH2:9][CH2:7][CH2:6][CH2:8][CH2:10]1>>[CH3:1][CH:13]([CH3:2])[CH:14]([Cl:5])[O:11][C:12](=[O:4])[N:16]([CH3:3])[CH:15]1[CH2:9][CH2:7][CH2:6][CH2:8][CH2:10]1,1,2,0.02
golden_451,O=[N+:3]([O-])[c:14]1[cH:8][c:15]([Cl:6])[c:17]([CH:18]2[C:12](=[O:4])[CH2:10][C:19]([CH3:1])([CH3:2])[CH2:11][C:13]2=[O:5])[c:16]([Cl:7])[cH:9]1>>[CH3:1][C:19]1([CH3:2])[CH2:10][C:12](=[O:4])[CH:18]([c:17]2[c:15]([Cl:6])[cH:8][c:14]([NH2:3])[cH:9][c:16]2[Cl:7])[C:13](=[O:5])[CH2:11]1,1,2,0.04
golden_452,O[C:31](=[O:4])[c:42]1[cH:19][cH:18][c:40](-[c:38]2[cH:14][cH:10][c:36]([CH3:1])[cH:11][cH:15]2)[n:24][c:43]1[OH:9].[CH3:2][CH:44]([S:28][c:41]1[n:22][n:21][nH:27][n:23]1)[C:34]1=[C:35]([C:30](=[O:3])[OH:7])[N:48]2[C:33](=[O:6])[CH:46]([NH:26][C:32](=[O:5])[CH:45]([NH2:25])[c:39]3[cH:16][cH:12][c:37]([OH:8])[cH:13][cH:17]3)[CH:47]2[S:29][CH2:20]1>>[CH3:1][c:36]1[cH:10][cH:14][c:38](-[c:40]2[cH:18][cH:19][c:42]([C:31](=[O:4])[NH:25][CH:45]([C:32](=[O:5])[NH:26][CH:46]3[C:33](=[O:6])[N:48]4[C:35]([C:30](=[O:3])[OH:7])=[C:34]([CH:44]([CH3:2])[S:28][c:41]5[n:22][n:21][nH:27][n:23]5)[CH2:20][S:29][CH:47]34)[c:39]3[cH:16][cH:12][c:37]([OH:8])[cH:13][cH:17]3)[c:43]([OH:9])[n:24]2)[cH:15][cH:11]1,1,2,0.18
golden_453,CC(=O)O[CH2:13][C:24]1=[C:25]([C:21](=[O:5])[OH:8])[N:28]2[C:23](=[O:7])[C:29]([NH:16][C:20](=[O:4])[CH2:12][CH2:10][CH2:15][CH:26]([NH2:3])[C:22](=[O:6])[OH:9])([O:17][CH3:2])[CH:27]2[S:19][CH2:14]1.[CH3:1][CH2:11][SH:18]>>[CH3:1][CH2:11][S:18][CH2:13][C:24]1=[C:25]([C:21](=[O:5])[OH:8])[N:28]2[C:23](=[O:7])[C:29]([NH:16][C:20](=[O:4])[CH2:12][CH2:10][CH2:15][CH:26]([NH2:3])[C:22](=[O:6])[OH:9])([O:17][CH3:2])[CH:27]2[S:19][CH2:14]1,1,2,0.06
golden_454,[CH3:1][CH:15]1[O:11][CH2:8][CH2:10][C:16]([C:9]#[N:2])([c:14]2[cH:7][cH:5][cH:4][cH:6][c:13]2[Cl:3])[O:12]1>>[CH3:1][CH:15]1[O:11][CH2:8][CH2:10][C:16]([CH2:9][NH2:2])([c:14]2[cH:7][cH:5][cH:4][cH:6][c:13]2[Cl:3])[O:12]1,1,2,0.03
golden_455,[CH3:1][O:11][CH:17]([CH2:8][NH:19][CH3:5])[O:12][CH3:2].c1ccc(O[C:14](=[O:6])[NH:10][c:15]2[cH:7][c:16]([CH:18]([CH3:3])[CH3:4])[o:13][n:9]2)cc1>>[CH3:1][O:11][CH:17]([CH2:8][N:19]([CH3:5])[C:14](=[O:6])[NH:10][c:15]1[cH:7][c:16]([CH:18]([CH3:3])[CH3:4])[o:13][n:9]1)[O:12][CH3:2],1,2,0.05
golden_456,O[C:11](=[O:2])[CH:13]([CH3:1])[OH:3].[cH:4]1[cH:5][cH:7][c:12]([CH2:9][OH:10])[cH:8][cH:6]1>>[CH3:1][CH:13]([OH:3])[C:11](=[O:2])[O:10][CH2:9][c:12]1[cH:7][cH:5][cH:4][cH:6][cH:8]1,1,2,0.03
golden_457,O[C:15](=[O:3])[c:16]1[cH:5][n:11][c:17]([S:13][CH2:10][CH3:2])[s:14]1.[CH:1]#[C:4][CH2:6][CH2:7][CH2:8][CH2:9][NH2:12]>>[CH:1]#[C:4][CH2:6][CH2:7][CH2:8][CH2:9][NH:12][C:15](=[O:3])[c:16]1[cH:5][n:11][c:17]([S:13][CH2:10][CH3:2])[s:14]1,1,2,0.03
golden_458,[CH3:1][CH2:13][CH2:14][CH2:15][O:16][C:18](=[O:6])[NH:22][c:20]1[cH:11][cH:9][cH:10][c:19]([C:17](=[O:5])[CH:7]=[CH:8][N:21]([CH3:2])[CH3:3])[cH:12]1.[CH4:4]>>[CH3:1][CH2:13][CH2:14][CH2:15][O:16][C:18](=[O:6])[N:22]([CH3:4])[c:20]1[cH:11][cH:9][cH:10][c:19]([C:17](=[O:5])[CH:7]=[CH:8][N:21]([CH3:2])[CH3:3])[cH:12]1,1,2,0.04
golden_459,[OH2:1].[cH:2]1[cH:3][cH:7][c:13]([S:17][c:14]2[cH:9][nH:12][c:15]3[cH:10][cH:5][cH:6][cH:11][c:16]23)[cH:8][cH:4]1>>[O:1]=[S:17]([c:13]1[cH:7][cH:3][cH:2][cH:4][cH:8]1)[c:14]1[cH:9][nH:12][c:15]2[cH:10][cH:5][cH:6][cH:11][c:16]12,1,1,0.02
golden_460,O=[C:9]([NH2:4])[c:23]1[n:15][cH:10][n:29]([CH:28]2[O:19][CH:25]([CH2:14][O:16][C:20](=[O:6])[CH2:11][CH3:1])[CH:26]([O:17][C:21](=[O:7])[CH2:12][CH3:2])[CH:27]2[O:18][C:22](=[O:8])[CH2:13][CH3:3])[c:24]1[NH2:5]>>[CH3:1][CH2:11][C:20](=[O:6])[O:16][CH2:14][CH:25]1[O:19][CH:28]([n:29]2[cH:10][n:15][c:23]([C:9]#[N:4])[c:24]2[NH2:5])[CH:27]([O:18][C:22](=[O:8])[CH2:13][CH3:3])[CH:26]1[O:17][C:21](=[O:7])[CH2:12][CH3:2],1,1,0.07
golden_461,Cl[CH2:14][CH2:11][CH2:12][CH2:19][n:29]1[n:20][c:25]2[n:30]([c:26]1=[O:1])-[c:24]1[cH:10][cH:6][cH:5][cH:9][c:23]1[O:21][CH2:13]2.[cH:2]1[cH:3][cH:7][c:22]([N:28]2[CH2:17][CH2:15][NH:27][CH2:16][CH2:18]2)[cH:8][cH:4]1>>[O:1]=[c:26]1[n:29]([CH2:19][CH2:12][CH2:11][CH2:14][N:27]2[CH2:15][CH2:17][N:28]([c:22]3[cH:7][cH:3][cH:2][cH:4][cH:8]3)[CH2:18][CH2:16]2)[n:20][c:25]2[n:30]1-[c:24]1[cH:10][cH:6][cH:5][cH:9][c:23]1[O:21][CH2:13]2,1,2,0.08
golden_462,Cl[CH2:17][CH2:13][CH2:14][O:22][C:25](=[O:3])[C:33]1([CH3:2])[O:24][c:29]2[cH:12][c:26]([O:23][CH3:1])[cH:8][cH:11][c:28]2[CH2:15][CH2:16][CH:30]1[OH:4].[cH:5]1[cH:6][cH:9][c:27]([N:32]2[CH2:20][CH2:18][NH:31][CH2:19][CH2:21]2)[cH:10][cH:7]1>>[CH3:1][O:23][c:26]1[cH:8][cH:11][c:28]2[c:29]([cH:12]1)[O:24][C:33]([CH3:2])([C:25](=[O:3])[O:22][CH2:14][CH2:13][CH2:17][N:31]1[CH2:18][CH2:20][N:32]([c:27]3[cH:9][cH:6][cH:5][cH:7][cH:10]3)[CH2:21][CH2:19]1)[CH:30]([OH:4])[CH2:16][CH2:15]2,1,2,0.10
golden_463,[CH3:1][O:16][C:17](=[O:3])[CH:24]([NH2:15])[C:26]1=[N:27][c:23]2[cH:12][cH:8][c:19]([Cl:4])[cH:11][c:22]2[C:18]([c:21]2[cH:10][cH:7][cH:6][cH:9][c:20]2[Cl:5])=[N:14][CH2:13]1.[CH4:25].[CH4:2]>>[CH3:1][O:16][C:17](=[O:3])[c:24]1[n:15][c:25]([CH3:2])[n:27]2[c:26]1[CH2:13][N:14]=[C:18]([c:21]1[cH:10][cH:7][cH:6][cH:9][c:20]1[Cl:5])[c:22]1[cH:11][c:19]([Cl:4])[cH:8][cH:12][c:23]1-2,1,9,0.07
golden_464,[CH3:1][CH:22]([CH2:15][S:17][c:21]1[cH:12][cH:8][c:19]([Cl:4])[cH:9][cH:13]1)[NH:23][C:18](=[O:3])[O:16][CH2:14][c:20]1[cH:10][cH:6][cH:5][cH:7][cH:11]1.[CH4:2]>>[CH3:1][CH:22]([CH2:15][S:17][c:21]1[cH:12][cH:8][c:19]([Cl:4])[cH:9][cH:13]1)[N:23]([CH3:2])[C:18](=[O:3])[O:16][CH2:14][c:20]1[cH:10][cH:6][cH:5][cH:7][cH:11]1,1,2,0.05
golden_465,[BrH:7].[O:1]1[C:20](=[CH2:14])[CH2:15][C:21]1=[O:2].[O:3]=[C:22]([O:18][CH2:16][c:25]1[cH:9][cH:11][c:26]([N+:30](=[O:5])[O-:6])[cH:12][cH:10]1)[C:24]1=[CH:8][CH2:13][S:19][CH:28]2[CH:27]([NH2:17])[C:23](=[O:4])[N:29]12>>[O:1]=[C:20]([CH2:14][Br:7])[CH2:15][C:21](=[O:2])[NH:17][CH:27]1[C:23](=[O:4])[N:29]2[C:24]([C:22](=[O:3])[O:18][CH2:16][c:25]3[cH:9][cH:11][c:26]([N+:30](=[O:5])[O-:6])[cH:12][cH:10]3)=[CH:8][CH2:13][S:19][CH:28]12,1,3,0.07
golden_466,[BrH:6].[CH3:1][c:8]1[cH:7][c:9]([N+:13](=[O:3])[O-:4])[c:10]([CH3:2])[cH:12][c:11]1[OH:5]>>[CH3:1][c:8]1[cH:7][c:9]([N+:13](=[O:3])[O-:4])[c:10]([CH3:2])[c:12]([Br:6])[c:11]1[OH:5],1,2,0.02
golden_467,[NH3:11].[O:1]=[C:14]1[CH2:15][c:19]2[cH:10][cH:5][cH:4][cH:8][c:17]2[O:12][c:16]2[cH:7][c:13]([F:3])[cH:6][cH:9][c:18]21.[OH2:2]>>[O:1]=[c:14]1[c:15](=[N:11][OH:2])[c:19]2[cH:10][cH:5][cH:4][cH:8][c:17]2[o:12][c:16]2[cH:7][c:13]([F:3])[cH:6][cH:9][c:18]12,1,4,0.04
golden_468,[CH3:1][C:19]([CH3:2])([CH3:3])[C:17](=[O:4])[C:15](=[CH:5][CH:16]1[CH2:11][CH2:9][CH2:8][CH2:10][CH2:12]1)[n:18]1[cH:7][n:13][cH:6][n:14]1>>[CH3:1][C:19]([CH3:2])([CH3:3])[CH:17]([OH:4])[C:15](=[CH:5][CH:16]1[CH2:11][CH2:9][CH2:8][CH2:10][CH2:12]1)[n:18]1[cH:7][n:13][cH:6][n:14]1,1,1,0.04
golden_469,[cH:1]1[cH:2][cH:8][c:13]([CH2:9][CH2:12][N:14]2[CH2:10][CH2:6][CH2:5][CH2:7][CH2:11]2)[cH:3][cH:4]1>>[CH:1]1=[CH:2][CH2:8][C:13]([CH2:9][CH2:12][N:14]2[CH2:10][CH2:6][CH2:5][CH2:7][CH2:11]2)=[CH:3][CH2:4]1,1,2,0.04
golden_470,[NH2:1][C:21](=[NH:13])[C:22](=[NH:14])[NH:15][CH2:7][CH2:8][S:16][CH2:9][c:19]1[cH:2][s:18][c:20]([CH2:12][N:23]2[CH2:10][CH2:5][CH2:4][CH2:6][CH2:11]2)[cH:3]1.[SH2:17]>>[NH2:1][c:21]1[n:13][s:17][n:14][c:22]1[NH:15][CH2:7][CH2:8][S:16][CH2:9][c:19]1[cH:2][s:18][c:20]([CH2:12][N:23]2[CH2:10][CH2:5][CH2:4][CH2:6][CH2:11]2)[cH:3]1,1,2,0.04
golden_471,[CH3:1][CH2:7][CH2:9][NH:13][c:16]1[c:15]2[c:14]([n:12][c:17]3[cH:5][cH:3][cH:4][cH:6][c:18]13)[CH2:10][CH2:8][CH2:11][C:19]2=[O:2]>>[CH3:1][CH2:7][CH2:9][NH:13][c:16]1[c:15]2[c:14]([n:12][c:17]3[cH:5][cH:3][cH:4][cH:6][c:18]13)[CH2:10][CH2:8][CH2:11][CH:19]2[OH:2],1,1,0.04
golden_472,Cl[CH:21]1[CH:20]([CH:19]([CH3:2])[O:14][C:16](=[O:5])[O:12][CH2:11][C:24]([Cl:8])([Cl:9])[Cl:10])[C:18](=[O:7])[N:23]1[C:22]([C:17](=[O:6])[O:13][CH3:1])=[C:25]([CH3:3])[CH3:4].[SH2:15]>>[CH3:1][O:13][C:17](=[O:6])[CH:22]1[N:23]2[C:18](=[O:7])[CH:20]([CH:19]([CH3:2])[O:14][C:16](=[O:5])[O:12][CH2:11][C:24]([Cl:8])([Cl:9])[Cl:10])[CH:21]2[S:15][C:25]1([CH3:3])[CH3:4],1,4,0.04
golden_473,O=[C:14]1[CH2:11][CH2:8][CH2:6][CH2:9][CH2:12]1.[CH3:1][CH2:4][CH2:5][CH2:7][CH2:10][CH2:13][C:3]#[N:2]>>[CH3:1][CH2:4][CH2:5][CH2:7][CH2:10][C:13]([C:3]#[N:2])=[C:14]1[CH2:11][CH2:8][CH2:6][CH2:9][CH2:12]1,1,4,0.03
golden_474,[CH3:1][O:13][C:14](=[O:3])[CH:17]([CH2:11][c:15]1[cH:7][cH:9][cH:16][cH:10][cH:8]1)[NH:12][CH:6]=[O:2].[NH3:18].[OH2:4].[OH2:5]>>[CH3:1][O:13][C:14](=[O:3])[CH:17]([CH2:11][c:15]1[cH:7][cH:9][c:16]([N+:18](=[O:4])[O-:5])[cH:10][cH:8]1)[NH:12][CH:6]=[O:2],1,4,0.03
golden_475,O=[N:1][N:9]1[CH2:6][CH2:4][CH2:5][CH:8]1[C:7](=[O:2])[OH:3]>>[NH2:1][N:9]1[CH2:6][CH2:4][CH2:5][CH:8]1[C:7](=[O:2])[OH:3],1,1,0.01
golden_476,O[C:22](=[O:4])[CH2:16][CH2:15][CH2:14][CH:7]=[CH:8][CH2:17][CH:24]1[CH2:18][O:20][C:26]([CH3:1])([CH3:2])[O:21][CH:25]1[c:23]1[cH:12][cH:10][cH:9][cH:11][cH:13]1.[CH3:3][S:27](=[O:5])(=[O:6])[NH2:19]>>[CH3:1][C:26]1([CH3:2])[O:20][CH2:18][CH:24]([CH2:17][CH:8]=[CH:7][CH2:14][CH2:15][CH2:16][C:22](=[O:4])[NH:19][S:27]([CH3:3])(=[O:5])=[O:6])[CH:25]([c:23]2[cH:12][cH:10][cH:9][cH:11][cH:13]2)[O:21]1,1,2,0.07
golden_477,[CH3:1][CH2:5][O:8][C:11](=[O:4])[CH2:12][C:13]1([CH:14]([CH3:2])[CH3:3])[S:9][CH2:6][CH2:7][S:10]1>>[CH3:1][CH2:5][O:8][C:11](=[O:4])[C:12]1=[C:13]([CH:14]([CH3:2])[CH3:3])[S:10][CH2:7][CH2:6][S:9]1,1,4,0.02
golden_478,Cl[c:20]1[cH:10][c:17]([C:24]2([CH3:1])[O:15][CH2:12][CH2:13][O:16]2)[cH:7][cH:11][c:21]1[N+:23](=[O:2])[O-:3].[Cl:4][c:18]1[cH:8][cH:6][cH:9][c:19]([Cl:5])[c:22]1[O-:14].[K+]>>[CH3:1][C:24]1([c:17]2[cH:7][cH:11][c:21]([N+:23](=[O:2])[O-:3])[c:20]([O:14][c:22]3[c:18]([Cl:4])[cH:8][cH:6][cH:9][c:19]3[Cl:5])[cH:10]2)[O:15][CH2:12][CH2:13][O:16]1,1,2,0.05
golden_479,O[C:17](=[O:14])[CH:21]([OH:3])[c:16]1[cH:9][cH:6][cH:5][cH:7][cH:10]1.O[c:19]1[cH:12][cH:8][c:15]([CH:20]([CH3:1])[C:4]#[N:2])[cH:11][c:18]1[NH2:13]>>[CH3:1][CH:20]([C:4]#[N:2])[c:15]1[cH:8][cH:12][c:19]2[o:14][c:17]([CH:21]([OH:3])[c:16]3[cH:9][cH:6][cH:5][cH:7][cH:10]3)[n:13][c:18]2[cH:11]1,1,4,0.06
golden_480,O=S1[N:1]=[C:19]([NH2:3])[C:20]([NH:17][CH2:12][CH2:9][CH2:13][O:18][c:22]2[cH:6][cH:4][cH:5][c:21]([CH2:16][N:23]3[CH2:14][CH2:10][CH2:8][CH2:11][CH2:15]3)[cH:7]2)=[N:2]1>>[NH:1]=[C:19]([NH2:3])[C:20](=[NH:2])[NH:17][CH2:12][CH2:9][CH2:13][O:18][c:22]1[cH:6][cH:4][cH:5][c:21]([CH2:16][N:23]2[CH2:14][CH2:10][CH2:8][CH2:11][CH2:15]2)[cH:7]1,1,2,0.05
golden_481,O=[C:11]([C:10](=[O:1])[OH:3])[c:13]1[cH:7][cH:5][cH:6][c:12]([OH:4])[cH:8]1.[OH:2][NH2:9]>>[O:1]=[C:10]([OH:3])[C:11](=[N:9][OH:2])[c:13]1[cH:7][cH:5][cH:6][c:12]([OH:4])[cH:8]1,1,2,0.02
golden_482,O=[C:9]([OH:1])[c:12]1[cH:5][nH:10][c:14]([S:11][c:13]2[cH:6][cH:3][cH:2][cH:4][cH:7]2)[cH:8]1>>[OH:1][CH2:9][c:12]1[cH:5][nH:10][c:14]([S:11][c:13]2[cH:6][cH:3][cH:2][cH:4][cH:7]2)[cH:8]1,1,3,0.02
golden_483,F[c:16]1[c:15]([F:6])[cH:7][c:20]2[c:19](=[O:3])[c:17]([C:14](=[O:2])[OH:4])[cH:8][n:25]3[c:21]2[c:18]1[O:13][CH2:10][CH:23]3[CH3:1].[OH:5][CH:22]1[CH2:9][CH2:11][NH:24][CH2:12]1>>[CH3:1][CH:23]1[CH2:10][O:13][c:18]2[c:16]([N:24]3[CH2:11][CH2:9][CH:22]([OH:5])[CH2:12]3)[c:15]([F:6])[cH:7][c:20]3[c:19](=[O:3])[c:17]([C:14](=[O:2])[OH:4])[cH:8][n:25]1[c:21]23,1,2,0.04
golden_484,[CH3:1][O:19][CH:27]1[CH2:15][CH:21]2[CH:24]3[CH2:12][CH2:11][CH:23]([CH:20]([CH3:2])[CH2:9][CH:10]=[CH:22][C:28]([CH3:3])([CH3:4])[OH:8])[C:29]3([CH3:5])[CH2:16][CH2:13][CH:25]2[C:30]2([CH3:6])[CH2:17][CH2:14][CH:26]3[CH2:18][C:31]312.[OH2:7]>>[CH3:1][O:19][CH:27]1[CH2:15][CH:21]2[CH:24]3[CH2:12][CH2:11][CH:23]([CH:20]([CH3:2])[CH2:9][CH2:10][CH:22]([OH:7])[C:28]([CH3:3])([CH3:4])[OH:8])[C:29]3([CH3:5])[CH2:16][CH2:13][CH:25]2[C:30]2([CH3:6])[CH2:17][CH2:14][CH:26]3[CH2:18][C:31]312,1,2,1.02
golden_485,N[c:16]1[cH:8][cH:9][c:17]([S:14][c:15]2[cH:6][cH:4][cH:3][cH:5][cH:7]2)[c:19]2[c:18]1[CH2:10][CH2:12][N:20]([CH3:1])[CH2:13][CH2:11]2.[ClH:2]>>[CH3:1][N:20]1[CH2:12][CH2:10][c:18]2[c:16]([Cl:2])[cH:8][cH:9][c:17]([S:14][c:15]3[cH:6][cH:4][cH:3][cH:5][cH:7]3)[c:19]2[CH2:11][CH2:13]1,1,2,0.04
golden_486,O[C:13]1([c:14]2[cH:8][cH:4][cH:6][c:12]([Cl:2])[cH:10]2)[CH2:7][CH2:3][CH2:5][CH:11]([CH3:1])[CH2:9]1>>[CH3:1][c:11]1[cH:5][cH:3][cH:7][c:13](-[c:14]2[cH:8][cH:4][cH:6][c:12]([Cl:2])[cH:10]2)[cH:9]1,1,6,0.61
golden_487,O[C:14](=[O:4])[CH2:9][CH:19]([CH2:8][C:13](=[O:3])[OH:5])[S:12][c:17]1[c:15]([O:10][CH3:1])[cH:6][cH:7][c:16]([O:11][CH3:2])[cH:18]1>>[CH3:1][O:10][c:15]1[cH:6][cH:7][c:16]([O:11][CH3:2])[c:18]2[c:17]1[S:12][CH:19]([CH2:8][C:13](=[O:3])[OH:5])[CH2:9][C:14]2=[O:4],1,3,0.04
golden_488,CO[C:13](=[NH:1])[C:17]([Cl:2])([Cl:3])[Cl:4].[cH:5]1[cH:6][cH:9][c:16]2[c:14]([CH2:10][NH2:11])[cH:7][nH:12][c:15]2[cH:8]1>>[NH:1]=[C:13]([NH:11][CH2:10][c:14]1[cH:7][nH:12][c:15]2[cH:8][cH:5][cH:6][cH:9][c:16]12)[C:17]([Cl:2])([Cl:3])[Cl:4],1,2,0.03
golden_489,Cl[c:25]1[n:19][cH:7][cH:8][n:20][c:26]1[O:22][CH2:11][CH:27]([OH:3])[CH2:16][N:29]1[CH2:14][CH2:12][CH:28]([N:31]2[CH2:18][CH2:17][N:30]([c:24]3[cH:9][cH:5][cH:4][cH:6][cH:10]3)[C:23]2=[O:2])[CH2:13][CH2:15]1.[CH4:1].[OH2:21]>>[CH3:1][O:21][c:25]1[n:19][cH:7][cH:8][n:20][c:26]1[O:22][CH2:11][CH:27]([OH:3])[CH2:16][N:29]1[CH2:14][CH2:12][CH:28]([N:31]2[CH2:18][CH2:17][N:30]([c:24]3[cH:9][cH:5][cH:4][cH:6][cH:10]3)[C:23]2=[O:2])[CH2:13][CH2:15]1,1,4,0.11
golden_490,CC(=O)[NH:14][CH2:12][CH:22]1[CH2:11][N:13]=[C:15]([c:19]2[cH:8][cH:5][cH:4][cH:7][c:18]2[F:2])[c:20]2[cH:9][c:17]([Cl:3])[cH:6][cH:10][c:21]2[N:23]1[C:16](=O)[CH3:1]>>[CH3:1][C:16]1=[N:14][CH2:12][CH:22]2[CH2:11][N:13]=[C:15]([c:19]3[cH:8][cH:5][cH:4][cH:7][c:18]3[F:2])[c:20]3[cH:9][c:17]([Cl:3])[cH:6][cH:10][c:21]3[N:23]12,1,3,0.07
golden_491,[CH3:1][c:23]1[n:15][c:22]([CH:25]=[O:3])[c:24]2[n:26]1-[c:21]1[cH:12][cH:8][c:17]([Cl:4])[cH:11][c:20]1[C:16]([c:19]1[cH:10][cH:7][cH:6][cH:9][c:18]1[Cl:5])=[N:14][CH2:13]2.[CH4:2]>>[CH3:1][c:23]1[n:15][c:22]([CH:25]([CH3:2])[OH:3])[c:24]2[n:26]1-[c:21]1[cH:12][cH:8][c:17]([Cl:4])[cH:11][c:20]1[C:16]([c:19]1[cH:10][cH:7][cH:6][cH:9][c:18]1[Cl:5])=[N:14][CH2:13]2,1,2,0.08
golden_492,[CH3:1][O:16][C:17](=[O:3])[c:22]1[n:14][c:23]([CH3:2])[n:26]2[c:24]1[CH2:13][N:15]=[C:25]([c:19]1[cH:9][cH:6][cH:5][cH:7][cH:10]1)[c:20]1[cH:11][c:18]([Cl:4])[cH:8][cH:12][c:21]1-2>>[CH3:1][O:16][C:17](=[O:3])[c:22]1[n:14][c:23]([CH3:2])[n:26]2[c:24]1[CH2:13][NH:15][CH:25]([c:19]1[cH:9][cH:6][cH:5][cH:7][cH:10]1)[c:20]1[cH:11][c:18]([Cl:4])[cH:8][cH:12][c:21]1-2,1,1,0.08
golden_493,[CH3:1][OH:9].[O:2]=[C:10]1[O:4][C:11](=[O:3])[c:13]2[cH:8][cH:6][cH:5][cH:7][c:12]21>>[CH3:1][O:9][C:11](=[O:3])[c:13]1[cH:8][cH:6][cH:5][cH:7][c:12]1[C:10](=[O:2])[OH:4],1,2,0.02
golden_494,O[c:14]1[n:18][c:23]2[cH:9][c:25]([CH:26]([CH3:1])[CH2:17][CH2:12][CH2:16][c:21]3[cH:6][cH:4][cH:3][cH:5][cH:7]3)[c:22]([OH:2])[cH:8][c:24]2[c:20]2[c:19]1[CH2:13][CH2:10][CH2:11][CH2:15]2>>[CH3:1][CH:26]([CH2:17][CH2:12][CH2:16][c:21]1[cH:6][cH:4][cH:3][cH:5][cH:7]1)[c:25]1[cH:9][c:23]2[c:24]([cH:8][c:22]1[OH:2])[C:20]1=[C:19]([CH2:13][CH2:10][CH2:11][CH2:15]1)[CH2:14][NH:18]2,1,3,0.12
golden_495,Br[c:18]1[cH:4][cH:6][c:19]([CH:21]2[CH2:12][CH2:16][CH:23]([CH:22]3[CH2:14][CH2:10][CH:20]([CH2:9][CH2:8][CH3:1])[CH2:11][CH2:15]3)[CH2:17][CH2:13]2)[cH:7][cH:5]1.[CH4:3].[NH3:2]>>[CH3:1][CH2:8][CH2:9][CH:20]1[CH2:10][CH2:14][CH:22]([CH:23]2[CH2:16][CH2:12][CH:21]([c:19]3[cH:6][cH:4][c:18]([C:3]#[N:2])[cH:5][cH:7]3)[CH2:13][CH2:17]2)[CH2:15][CH2:11]1,1,7,0.08
golden_496,COP(=O)(OC)[NH:2][CH:21]([C:16](=[O:4])[NH:13][CH:22]1[C:17](=[O:5])[N:24]2[C:19]([C:15](=[O:3])[OH:6])=[C:18]([CH3:1])[CH2:12][S:14][CH:23]12)[c:20]1[cH:10][cH:8][cH:7][cH:9][cH:11]1>>[CH3:1][C:18]1=[C:19]([C:15](=[O:3])[OH:6])[N:24]2[C:17](=[O:5])[CH:22]([NH:13][C:16](=[O:4])[CH:21]([NH2:2])[c:20]3[cH:10][cH:8][cH:7][cH:9][cH:11]3)[CH:23]2[S:14][CH2:12]1,1,1,0.05
golden_497,[CH3:1][N:14]([CH3:2])[S:16](=[O:5])(=[O:6])[CH2:12][S:15][c:13]1[cH:10][cH:8][cH:7][cH:9][cH:11]1.[OH2:3].[OH2:4]>>[CH3:1][N:14]([CH3:2])[S:16](=[O:5])(=[O:6])[CH2:12][S:15](=[O:3])(=[O:4])[c:13]1[cH:10][cH:8][cH:7][cH:9][cH:11]1,1,2,0.02
golden_498,C[Si](C)(C)[O:2][CH:10]([CH2:8][CH:5]=[CH:4][I:3])[CH2:9][CH2:7][CH2:6][CH3:1]>>[CH3:1][CH2:6][CH2:7][CH2:9][CH:10]([OH:2])[CH2:8][CH:5]=[CH:4][I:3],1,1,0.01
golden_499,Br[CH2:10][CH:4]=[CH2:1].[Cl:2][c:16]1[cH:8][cH:9][c:17]([CH2:11][OH:14])[c:18]([Cl:3])[c:19]1-[c:15]1[cH:6][n:12][cH:5][n:13][cH:7]1>>[CH2:1]=[CH:4][CH2:10][O:14][CH2:11][c:17]1[cH:9][cH:8][c:16]([Cl:2])[c:19](-[c:15]2[cH:6][n:12][cH:5][n:13][cH:7]2)[c:18]1[Cl:3],1,2,0.03
golden_500,C[O:4][c:15]1[cH:7][cH:9][c:16]([CH:5]=[CH:6][c:17]2[cH:11][c:19](=[O:2])[cH:12][c:18]([C:14](=[O:1])[OH:3])[o:13]2)[cH:10][cH:8]1>>[O:1]=[C:14]([OH:3])[c:18]1[cH:12][c:19](=[O:2])[cH:11][c:17]([CH:6]=[CH:5][c:16]2[cH:9][cH:7][c:15]([OH:4])[cH:8][cH:10]2)[o:13]1,1,1,0.04
golden_501,[CH3:1][CH2:5][CH2:8][S:11][P:13]([O-:3])([O:10][CH2:7][CH3:2])=[S:12].[K][CH2:9][CH2:6][Br:4]>>[CH3:1][CH2:5][CH2:8][S:11][P:13](=[O:3])([O:10][CH2:7][CH3:2])[S:12][CH2:9][CH2:6][Br:4],1,2,0.01
golden_502,C[O:4][c:12]1[cH:7][c:13]2[c:16]([c:15]([Cl:6])[c:14]1[Cl:5])[C:11](=[O:3])[C:17]([CH2:8][CH3:1])([CH2:9][CH3:2])[CH2:10]2>>[CH3:1][CH2:8][C:17]1([CH2:9][CH3:2])[CH2:10][c:13]2[cH:7][c:12]([OH:4])[c:14]([Cl:5])[c:15]([Cl:6])[c:16]2[C:11]1=[O:3],1,1,0.03
golden_503,C[O:3][c:13]1[cH:6][c:14]2[c:17]([c:16]([Cl:5])[c:15]1[Cl:4])[C:12](=[O:2])[C:19]([CH3:1])([CH:18]1[CH2:9][CH2:7][CH2:8][CH2:10]1)[CH2:11]2>>[CH3:1][C:19]1([CH:18]2[CH2:9][CH2:7][CH2:8][CH2:10]2)[CH2:11][c:14]2[cH:6][c:13]([OH:3])[c:15]([Cl:4])[c:16]([Cl:5])[c:17]2[C:12]1=[O:2],1,1,0.04
golden_504,Cl[C:12](=[O:2])[CH2:9][CH2:7][CH2:6][CH3:1].[Cl:3][C:15]([Cl:4])([Cl:5])[CH:13]1[O:11][CH2:8][CH2:10][NH:14]1>>[CH3:1][CH2:6][CH2:7][CH2:9][C:12](=[O:2])[N:14]1[CH2:10][CH2:8][O:11][CH:13]1[C:15]([Cl:3])([Cl:4])[Cl:5],1,2,0.02
golden_505,CCO[C:14](=[O:4])[C:15]1([CH2:8][CH2:7][CH2:6][CH3:1])[CH2:9][CH2:10]1.[CH3:2][O:12][P:16](=[O:5])([CH3:11])[O:13][CH3:3]>>[CH3:1][CH2:6][CH2:7][CH2:8][C:15]1([C:14](=[O:4])[CH2:11][P:16](=[O:5])([O:12][CH3:2])[O:13][CH3:3])[CH2:9][CH2:10]1,1,3,0.03
golden_506,[CH3:1][CH:20]([CH3:2])[CH2:12][CH:22]([NH:15][CH2:13][C:23](=[O:11])[CH:24]([CH2:14][CH:21]([CH3:3])[CH3:4])[NH:16][C:18](=[O:8])[O:17][C:25]([CH3:5])([CH3:6])[CH3:7])[C:19](=[O:9])[OH:10]>>[CH3:1][CH:20]([CH3:2])[CH2:12][CH:22]([NH:15][CH2:13][CH:23]([OH:11])[CH:24]([CH2:14][CH:21]([CH3:3])[CH3:4])[NH:16][C:18](=[O:8])[O:17][C:25]([CH3:5])([CH3:6])[CH3:7])[C:19](=[O:9])[OH:10],1,1,0.05
golden_507,Cl[C:2](=[O:1])[c:17]1[n:13][n:19](-[c:16]2[cH:11][cH:7][cH:4][cH:8][cH:12]2)[n:14][c:18]1-[c:15]1[cH:9][cH:5][cH:3][cH:6][cH:10]1>>[O:1]=[CH:2][c:17]1[n:13][n:19](-[c:16]2[cH:11][cH:7][cH:4][cH:8][cH:12]2)[n:14][c:18]1-[c:15]1[cH:9][cH:5][cH:3][cH:6][cH:10]1,1,2,0.05
golden_508,Cl[C:13](=[O:2])[CH2:9][CH3:1].[Cl:3][c:14]1[cH:6][n:10][c:16](-[n:18]2[n:11][cH:5][cH:8][c:17]2[NH2:12])[c:15]([Cl:4])[cH:7]1>>[CH3:1][CH2:9][C:13](=[O:2])[NH:12][c:17]1[cH:8][cH:5][n:11][n:18]1-[c:16]1[n:10][cH:6][c:14]([Cl:3])[cH:7][c:15]1[Cl:4],1,2,0.02
golden_509,[CH3:1][CH2:9][CH2:10][C:13](=[O:4])[c:16]1[cH:7][c:18]2[n:11][c:17]([CH2:14][OH:6])[n:20]([CH3:3])[c:19]2[cH:8][c:15]1[O:12][CH3:2].[OH2:5]>>[CH3:1][CH2:9][CH2:10][C:13](=[O:4])[c:16]1[cH:7][c:18]2[n:11][c:17]([C:14](=[O:5])[OH:6])[n:20]([CH3:3])[c:19]2[cH:8][c:15]1[O:12][CH3:2],1,3,0.04
golden_510,[CH3:1][CH:6]=[CH:7][CH:8]=[CH:13][C:12](=[O:5])[O:9][CH3:2].[CH4:11].[CH4:3].[OH2:10].[OH2:4]>>[CH2:1]=[CH:6][CH:7]=[CH:8][CH:13]([O:10][C:11]([CH3:3])=[O:4])[C:12](=[O:5])[O:9][CH3:2],1,10,0.02
golden_511,Cl[c:11]1[cH:7][cH:6][c:10]([C:9](=[O:1])[OH:4])[cH:8][c:12]1[N+:13](=[O:2])[O-:3].[OH2:5]>>[O:1]=[C:9]([OH:4])[c:10]1[cH:6][cH:7][c:11]([OH:5])[c:12]([N+:13](=[O:2])[O-:3])[cH:8]1,1,2,0.01
golden_512,Cl[C:18](=[O:1])[c:21]1[cH:11][cH:5][cH:4][cH:6][cH:12]1.[CH:2]1=[CH:3][CH2:14][N:22]([CH2:16][c:19]2[cH:7][cH:9][c:20]([OH:17])[cH:10][cH:8]2)[CH2:15][CH2:13]1>>[O:1]=[C:18]([O:17][c:20]1[cH:9][cH:7][c:19]([CH2:16][N:22]2[CH2:14][CH:3]=[CH:2][CH2:13][CH2:15]2)[cH:8][cH:10]1)[c:21]1[cH:11][cH:5][cH:4][cH:6][cH:12]1,1,2,0.06
golden_513,[Na].[O:1]=[C:14]([CH2:9][C:16]1=[CH:6][S:13][CH2:8][CH2:7][O:12]1)[NH:11][CH:17]1[CH2:10][NH:18][C:15]1=[O:2].[OH2:3].[OH2:4].[OH2:5].[SH2:19]>>[O:1]=[C:14]([CH2:9][C:16]1=[CH:6][S:13][CH2:8][CH2:7][O:12]1)[NH:11][CH:17]1[CH2:10][N:18]([S:19](=[O:3])(=[O:4])[O-:5])[C:15]1=[O:2],1,4,0.02
golden_514,Cl[S:19](=[O:4])(=[O:5])[c:14]1[cH:7][c:15]2[c:17]([c:16]([C:13](=[O:3])[OH:6])[cH:8]1)[O:12][CH2:10][CH2:9][CH2:11]2.[CH4:1].[CH4:2].[NH3:18]>>[CH3:1][N:18]([CH3:2])[S:19](=[O:4])(=[O:5])[c:14]1[cH:7][c:15]2[c:17]([c:16]([C:13](=[O:3])[OH:6])[cH:8]1)[O:12][CH2:10][CH2:9][CH2:11]2,1,6,0.03
golden_515,Cl[C:31]([c:26]1[cH:12][cH:6][cH:3][cH:7][cH:13]1)([c:27]1[cH:14][cH:8][cH:4][cH:9][cH:15]1)[c:28]1[cH:16][cH:10][cH:5][cH:11][cH:17]1.[CH3:1][CH2:20][O:24][C:25](=[O:2])[CH2:22][CH:29]1[CH2:21][CH2:18][CH2:19][CH2:23][NH:30]1>>[CH3:1][CH2:20][O:24][C:25](=[O:2])[CH2:22][CH:29]1[CH2:21][CH2:18][CH2:19][CH2:23][N:30]1[C:31]([c:26]1[cH:12][cH:6][cH:3][cH:7][cH:13]1)([c:27]1[cH:14][cH:8][cH:4][cH:9][cH:15]1)[c:28]1[cH:16][cH:10][cH:5][cH:11][cH:17]1,1,2,0.18
golden_516,[CH3:2][C:11]([CH3:3])=[CH:8][CH:12]([OH:9])[C:13]([Cl:5])([Cl:6])[Cl:7].[CH4:10].[CH4:1].[OH2:4]>>[CH3:1][C:10](=[O:4])[O:9][CH:12]([CH:8]=[C:11]([CH3:2])[CH3:3])[C:13]([Cl:5])([Cl:6])[Cl:7],1,8,0.02
golden_517,Br[CH:23]1[CH2:14][CH:24]([CH:25]([CH3:3])[C:20](=[O:6])[O:16][CH2:11][CH3:1])[CH2:13][CH2:12][C:19]1=[O:5].[CH3:2][C:18](=[O:4])[NH:15][c:21]1[cH:7][cH:9][c:22]([O-:17])[cH:10][cH:8]1.[Na+]>>[CH3:1][CH2:11][O:16][C:20](=[O:6])[CH:25]([CH3:3])[CH:24]1[CH2:13][CH2:12][C:19](=[O:5])[CH:23]([O:17][c:22]2[cH:9][cH:7][c:21]([NH:15][C:18]([CH3:2])=[O:4])[cH:8][cH:10]2)[CH2:14]1,1,2,0.05
golden_518,[CH4:1].[O:2]=[C:17]1[NH:13][CH:23]([CH2:12][c:20]2[cH:9][nH:15][c:21]3[cH:10][cH:5][cH:6][cH:11][c:22]23)[C:24](=[S:16])[NH:14][c:18]2[cH:7][cH:3][cH:4][cH:8][c:19]21>>[CH3:1][S:16][CH:24]1[NH:14][c:18]2[cH:7][cH:3][cH:4][cH:8][c:19]2[C:17](=[O:2])[NH:13][CH:23]1[CH2:12][c:20]1[cH:9][nH:15][c:21]2[cH:10][cH:5][cH:6][cH:11][c:22]12,1,3,0.07
golden_519,O[C:15](=[O:4])[CH:17]([CH2:10][NH:19][CH:18]([C:14](=[O:3])[O:13][CH3:1])[c:16]1[cH:8][cH:6][cH:5][cH:7][cH:9]1)[N:11]=[N+:12]=[N-:2]>>[CH3:1][O:13][C:14](=[O:3])[CH:18]([c:16]1[cH:8][cH:6][cH:5][cH:7][cH:9]1)[N:19]1[CH2:10][CH:17]([N:11]=[N+:12]=[N-:2])[C:15]1=[O:4],1,2,0.03
golden_520,O[C:18](=[O:5])[c:23]1[cH:12][cH:7][cH:13][c:26]2[c:24](=[O:6])[c:22]([CH3:4])[c:21](-[c:20]3[cH:10][cH:8][c:19]([O:16][CH3:3])[cH:9][cH:11]3)[o:17][c:25]12.[CH4:14].[CH4:15].[CH4:1].[CH4:2].[NH3:27]>>[CH3:1][CH2:14][N:27]([CH2:15][CH3:2])[C:18](=[O:5])[c:23]1[cH:12][cH:7][cH:13][c:26]2[c:24](=[O:6])[c:22]([CH3:4])[c:21](-[c:20]3[cH:10][cH:8][c:19]([O:16][CH3:3])[cH:9][cH:11]3)[o:17][c:25]12,1,12,0.08
golden_521,Cl[C:11](=[O:4])[N:16]([CH3:1])[CH3:2].[CH3:3][NH:17][c:13]1[n:9][c:14]2[cH:7][c:12]([Cl:5])[cH:6][cH:8][c:15]2[s:10]1>>[CH3:1][N:16]([CH3:2])[C:11](=[O:4])[N:17]([CH3:3])[c:13]1[n:9][c:14]2[cH:7][c:12]([Cl:5])[cH:6][cH:8][c:15]2[s:10]1,1,2,0.02
golden_522,CO[C:14](=[O:5])[c:16]1[cH:7][cH:6][c:15]([O:12][CH3:2])[n:9][n:10]1.[CH3:1][CH2:8][O:11][C:13](=[O:4])[CH2:17][CH3:3]>>[CH3:1][CH2:8][O:11][C:13](=[O:4])[CH:17]([CH3:3])[C:14](=[O:5])[c:16]1[cH:7][cH:6][c:15]([O:12][CH3:2])[n:9][n:10]1,1,3,0.03
golden_523,[CH3:1][O:17][C:18](=[O:2])[CH2:20][C:19]1=[N:14][c:24]2[cH:10][cH:8][c:22]([Cl:4])[cH:12][c:26]2[C:21]([c:25]2[cH:11][cH:7][cH:6][cH:9][c:23]2[Cl:5])=[N:16][CH2:13]1.[OH:3][NH2:15]>>[CH3:1][O:17][C:18](=[O:2])[C:20](=[N:15][OH:3])[C:19]1=[N:14][c:24]2[cH:10][cH:8][c:22]([Cl:4])[cH:12][c:26]2[C:21]([c:25]2[cH:11][cH:7][cH:6][cH:9][c:23]2[Cl:5])=[N:16][CH2:13]1,1,3,0.07
golden_524,[CH3:1][O:12][c:16]1[cH:7][c:17]([N:21]2[C:13](=[O:2])[N:20]3[CH2:11][CH2:9][CH2:8][CH2:10][CH:18]3[C:19]2=[O:3])[c:14]([F:4])[cH:6][c:15]1[Cl:5]>>[CH3:1][O:12][c:16]1[cH:7][c:17]([N:21]2[C:13](=[O:2])[N:20]3[CH2:11][CH2:9][CH2:8][CH2:10][CH:18]3[CH:19]2[OH:3])[c:14]([F:4])[cH:6][c:15]1[Cl:5],1,1,0.03
golden_525,[O:1]=[C:9]1[O:4][C:10](=[O:2])[c:12]2[cH:8][cH:6][cH:5][cH:7][c:11]21.[OH2:3]>>[O:1]=[C:9]([OH:3])[c:11]1[cH:7][cH:5][cH:6][cH:8][c:12]1[C:10](=[O:2])[OH:4],1,2,0.02
golden_526,O=[N+:1]([O-])[c:23]1[cH:8][cH:10][c:24]([S:28](=[O:3])(=[O:4])[NH:21][c:25]2[cH:12][cH:5][cH:6][cH:13][c:26]2[C:22](=[O:2])[NH:20][CH2:17][CH2:16][CH2:18][n:27]2[cH:14][cH:7][n:19][cH:15]2)[cH:11][cH:9]1>>[NH2:1][c:23]1[cH:8][cH:10][c:24]([S:28](=[O:3])(=[O:4])[NH:21][c:25]2[cH:12][cH:5][cH:6][cH:13][c:26]2[C:22](=[O:2])[NH:20][CH2:17][CH2:16][CH2:18][n:27]2[cH:14][cH:7][n:19][cH:15]2)[cH:11][cH:9]1,1,2,0.07
golden_527,[CH3:1][C:16]1=[CH:7][CH:10]=[C:19]([CH:20]([CH3:4])[CH3:5])[CH2:21][O:6][CH:9]([C:18]([CH3:3])=[CH2:15])[CH2:12][CH2:14][C:17]([CH3:2])=[CH:8][CH2:11][CH2:13]1>>[CH3:1][C:16]1=[CH:7][CH:10]=[C:19]([CH:20]([CH3:4])[CH3:5])[CH:21]([OH:6])[CH2:15][C:18]([CH3:3])=[CH:9][CH2:12][CH2:14][C:17]([CH3:2])=[CH:8][CH2:11][CH2:13]1,1,3,1.18
golden_528,[CH3:1][C:21]1([CH3:2])[CH2:14][O:15][CH:19]([O:8][CH2:18][c:17]2[cH:12][cH:10][cH:9][cH:11][cH:13]2)[CH:20]1[O:16][Si:23]([CH3:6])([CH3:7])[C:22]([CH3:3])([CH3:4])[CH3:5]>>[CH3:1][C:21]1([CH3:2])[CH2:14][O:15][CH:19]([CH:18]([OH:8])[c:17]2[cH:12][cH:10][cH:9][cH:11][cH:13]2)[CH:20]1[O:16][Si:23]([CH3:6])([CH3:7])[C:22]([CH3:3])([CH3:4])[CH3:5],1,3,0.05
golden_529,O=C(C(F)(F)F)[O:11][C:13](=[O:1])[C:16]([F:2])([F:3])[F:4].O=[S:12]([CH3:10])[c:15]1[cH:8][cH:6][c:14]([Cl:5])[cH:7][cH:9]1>>[O:1]=[C:13]([O:11][CH2:10][S:12][c:15]1[cH:8][cH:6][c:14]([Cl:5])[cH:7][cH:9]1)[C:16]([F:2])([F:3])[F:4],1,4,0.11
golden_530,[CH2:1]([O:4][CH:5]=[CH2:8])[C:13]([CH3:3])=[CH:14][CH2:10][C:15]1([CH2:9][CH3:2])[O:11][CH2:6][CH2:7][O:12]1>>[CH2:1]=[C:13]([CH3:3])[CH:14]([CH2:8][CH:5]=[O:4])[CH2:10][C:15]1([CH2:9][CH3:2])[O:11][CH2:6][CH2:7][O:12]1,1,2,0.03
golden_531,O[C:22](=[O:7])[C:9]#[C:8][CH3:1].[CH3:2][O:19][c:24]1[cH:14][cH:12][c:23]([CH2:17][NH2:27])[cH:13][cH:15]1.[CH3:3][C:28]([CH3:4])([CH3:5])[N+:18]#[C-:21].[O:6]=[CH:26][c:25]1[cH:16][cH:10][cH:11][s:20]1>>[CH3:1][C:8]#[C:9][C:22](=[O:7])[N:27]([CH2:17][c:23]1[cH:12][cH:14][c:24]([O:19][CH3:2])[cH:15][cH:13]1)[CH:26]([C:21](=[O:6])[NH:18][C:28]([CH3:3])([CH3:4])[CH3:5])[c:25]1[cH:16][cH:10][cH:11][s:20]1,1,6,0.11
golden_532,[CH2:9]1[CH2:10][CH2:13][CH:21]([N+:14]#[C-:18])[CH2:12]1.[N:1]#[C:5][CH2:11][C:17](=[O:2])[OH:15].[O:3]=[CH:22][C:19](=[O:4])[c:20]1[cH:8][cH:6][cH:7][s:16]1>>[N:1]#[C:5][CH2:11][C:17](=[O:2])[O:15][CH:22]([C:18](=[O:3])[NH:14][CH:21]1[CH2:12][CH2:9][CH2:10][CH2:13]1)[C:19](=[O:4])[c:20]1[cH:8][cH:6][cH:7][s:16]1,1,4,0.06
golden_533,C[Si](C)(C)[CH2:9][C:10](=[CH2:1])[CH3:2].Cl.[O:3]=[CH:12][c:11]1[cH:7][cH:5][cH:4][cH:6][cH:8]1>>[CH2:1]=[C:10]([CH3:2])[CH2:9][CH:12]([OH:3])[c:11]1[cH:7][cH:5][cH:4][cH:6][cH:8]1,1,2,0.03
golden_534,C[Si](C)(C)[CH2:9][CH:3]=[CH2:1].[O:2]=[CH:11][c:10]1[cH:7][cH:5][cH:4][cH:6][cH:8]1>>[CH2:1]=[CH:3][CH2:9][CH:11]([OH:2])[c:10]1[cH:7][cH:5][cH:4][cH:6][cH:8]1,1,2,0.03
golden_535,[N:1]#[C:12][c:15]1[s:10][c:14]2[cH:4][cH:2][cH:3][cH:5][c:16]2[c:17]1[O:9][CH2:6][CH2:7][CH2:13][C:11]#[N:8]>>[NH2:1][c:12]1[n:8][c:11]2[c:13]([c:17]3[c:15]1[s:10][c:14]1[cH:4][cH:2][cH:3][cH:5][c:16]13)[CH2:7][CH2:6][O:9]2,1,6,0.07
golden_536,Br[CH2:1][CH2:8][CH2:10][CH3:2].[cH:3]1[cH:4][cH:6][cH:9][cH:7][cH:5]1>>[CH3:1][CH2:8][CH:10]([CH3:2])[c:9]1[cH:6][cH:4][cH:3][cH:5][cH:7]1,1,5,0.06
golden_537,[CH3:1][CH:9]([CH2:4][CH2:5][CH:10]=[O:6])[C:8]#[CH:3].[O+:2]#[C-:7]>>[CH3:1][CH:9]1[CH2:4][CH2:5][CH:10]2[O:6][C:7](=[O:2])[CH:3]=[C:8]12,1,3,0.03
golden_538,[CH3:1][C:5]#[C:6][CH2:9][CH2:10][c:16]1[o:4][c:15]([CH:17]([CH2:11][NH:12][C:14]([CH3:2])=[O:3])[OH:13])[cH:7][cH:8]1>>[CH3:1][C:5]#[C:6][CH2:9][CH2:10][CH:16]1[CH:8]=[CH:7][C:15](=[O:4])[CH:17]([CH2:11][NH:12][C:14]([CH3:2])=[O:3])[O:13]1,1,3,0.31
golden_539,[CH3:1][C:12]1([CH3:2])[C:9]2([OH:3])[CH2:7][CH2:5][CH:10]1[CH2:8][C:11]2=[CH2:6].[OH2:4]>>[CH3:1][C:12]1([CH3:2])[C:9](=[O:3])[C:11]2([CH2:6][OH:4])[CH2:7][CH2:5][CH:10]1[CH2:8]2,1,3,0.02
golden_540,O[CH2:12][CH:14]=[C:15]([CH3:1])[CH2:8][CH2:11][C:18]1=[C:17]([CH3:4])[CH2:10][CH2:7][CH2:9][C:16]1([CH3:2])[CH3:3].[O:5]=[CH:6][OH:13]>>[CH3:1][C:15]12[CH2:8][CH2:11][C:18]3([CH2:12]1)[C:16]([CH3:2])([CH3:3])[CH2:9][CH2:7][CH2:10][C:17]3([CH3:4])[CH:14]2[O:13][CH:6]=[O:5],1,6,0.10
golden_541,O=[C:12]([CH3:3])[CH3:4].[CH2:1]=[C:10]([CH3:2])[CH:11]([CH:7]([OH:6])[C:13]([CH3:5])=[CH2:8])[OH:9]>>[CH2:1]=[C:10]([CH3:2])[CH:11]1[O:9][C:12]([CH3:3])([CH3:4])[CH2:8][C:13]1([CH3:5])[CH:7]=[O:6],1,5,0.07
golden_542,[CH2:1]([O:5][C:14](=[NH:13])[C:17]([Cl:6])([Cl:7])[Cl:8])[CH:9]=[C:16]([CH3:4])[CH2:12][CH2:11][CH:10]=[C:15]([CH3:2])[CH3:3]>>[CH2:1]=[CH:9][C:16]([CH3:4])([CH2:12][CH2:11][CH:10]=[C:15]([CH3:2])[CH3:3])[NH:13][C:14](=[O:5])[C:17]([Cl:6])([Cl:7])[Cl:8],1,2,0.12
golden_543,[CH3:1][CH:12]([CH2:6][CH2:7][CH:13]=[C:14]([CH3:2])[CH3:3])[C:15]12[CH2:8][CH2:5][C:10](=[O:4])[CH:11]1[CH2:9]2>>[CH3:1][CH:12]1[CH2:6][CH2:7][CH:13]2[C:14]([CH3:2])([CH3:3])[CH:11]3[CH2:9][C:15]12[CH2:8][CH2:5][C:10]3=[O:4],1,3,0.04
golden_544,[C-:1]#[N+:14][C:17]1=[C:18]2[CH:22]([CH2:13][CH:21]([Cl:7])[C:23]1([CH3:3])[CH:8]=[CH2:2])[C:25]([CH3:4])([CH3:5])[c:16]1[nH:15][c:19]3[cH:11][cH:9][cH:10][cH:12][c:20]3[c:24]12.[OH2:6]>>[C-:1]#[N+:14][C:17]1=[C:18]2[CH:22]([CH2:13][CH:21]([Cl:7])[C:23]1([CH3:3])[CH:8]=[CH2:2])[C:25]([CH3:4])([CH3:5])[C:24]21[C:16](=[O:6])[NH:15][c:19]2[cH:11][cH:9][cH:10][cH:12][c:20]21,1,3,0.10
golden_545,[CH3:1][CH2:8][CH:13]1[CH:5]([CH:4]=[CH2:10])[N:11]([C:12](=[O:3])[CH2:14][CH3:2])[CH2:7][CH2:6][CH2:9]1>>[CH3:1][CH2:8][CH:13]1[CH:5]=[CH:4][CH2:10][CH:14]([CH3:2])[C:12](=[O:3])[NH:11][CH2:7][CH2:6][CH2:9]1,1,3,0.04
golden_546,[CH3:1][C:23]12[CH2:12][CH2:7][C:16](=[O:3])[CH:6]=[C:18]1[CH2:8][CH2:9][CH:20]1[CH:21]2[CH2:10][CH2:14][C:25]([CH3:2])([C:17](=[O:4])[C:24]([OH:5])=[CH2:13])[CH:22]1[CH2:11][CH:19]=[O:15]>>[CH3:1][C:23]12[CH2:12][CH2:7][C:16](=[O:3])[CH:6]=[C:18]1[CH2:8][CH2:9][CH:20]1[CH:21]2[CH2:10][CH2:14][C:25]2([CH3:2])[CH:22]1[CH2:11][CH:19]1[CH2:13][C:24]2([OH:5])[C:17](=[O:4])[O:15]1,1,4,0.11
golden_547,[CH3:1][CH2:8][O:12][c:14]1[o:2][c:17](-[c:15]2[cH:6][cH:4][cH:3][cH:5][cH:7]2)[n:11][c:16]1[C:18]1=[N:19][CH2:10][CH2:9][O:13]1>>[CH3:1][CH2:8][O:12][C:14](=[O:2])[c:16]1[n:11][c:17](-[c:15]2[cH:6][cH:4][cH:3][cH:5][cH:7]2)[n:19]2[c:18]1[O:13][CH2:9][CH2:10]2,1,2,0.04
golden_548,[CH3:1][CH2:12][O:17][C:20](=[O:9])[N:25]1[CH2:16][CH2:15][CH:23]2[CH:22]=[CH:11][CH:10]([OH:8])[CH:21]([CH2:14][CH2:13][O:18][Si:27]([CH3:5])([CH3:6])[C:26]([CH3:2])([CH3:3])[CH3:4])[CH:24]21.[CH4:19].[NH3:7]>>[CH3:1][CH2:12][O:17][C:20](=[O:9])[N:25]1[CH2:16][CH2:15][CH:23]2[CH:22]([C:19]([NH2:7])=[O:8])[CH:11]=[CH:10][CH:21]([CH2:14][CH2:13][O:18][Si:27]([CH3:5])([CH3:6])[C:26]([CH3:2])([CH3:3])[CH3:4])[CH:24]21,1,8,1.06
golden_549,O[CH:15]1[CH2:9][C:16]([CH3:1])([CH3:2])[CH2:8][C:12]2=[CH:4][c:13]3[cH:5][o:10][cH:6][c:14]3[CH2:7][C:11]21[OH:3]>>[CH3:1][C:16]1([CH3:2])[CH2:8][C:12]2=[CH:4][c:13]3[cH:5][o:10][cH:6][c:14]3[CH2:7][C:11](=[O:3])[CH:15]2[CH2:9]1,1,3,0.05
golden_550,Cc1ccc(S(=O)(=O)O[CH:15]2[CH2:9][C:16]([CH3:1])([CH3:2])[CH2:8][C:12]3=[CH:4][c:13]4[cH:5][o:10][cH:6][c:14]4[CH2:7][C:11]32[OH:3])cc1>>[CH3:1][C:16]1([CH3:2])[CH2:8][C:12]2=[CH:4][c:13]3[cH:5][o:10][cH:6][c:14]3[CH2:7][C:11](=[O:3])[CH:15]2[CH2:9]1,1,3,0.15
golden_551,[CH3:1][C:9]([CH3:2])=[C:8]1[O:3][CH2:6][O:7][CH2:4][CH2:5]1>>[CH3:1][C:9]1([CH3:2])[CH2:6][O:7][CH2:4][CH2:5][C:8]1=[O:3],1,2,0.01
golden_552,O=[C:14]1[CH2:10][CH2:8][CH2:9][CH2:11][CH2:16]1.[O:1]=[C:13]([CH:2]=[CH:17][c:15]1[cH:6][cH:4][cH:3][cH:5][cH:7]1)[CH3:12]>>[O:1]=[C:13]1[CH:2]=[C:14]2[CH2:10][CH2:8][CH2:9][CH2:11][CH:16]2[CH:17]([c:15]2[cH:6][cH:4][cH:3][cH:5][cH:7]2)[CH2:12]1,1,7,0.41
golden_553,CC(=O)O[C:11]([CH3:1])=[O:2].C[N+:14]1([O-])[CH2:9][CH2:7][CH2:8][CH:13]1[c:12]1[cH:5][cH:3][cH:4][n:10][cH:6]1>>[CH3:1][C:11](=[O:2])[N:14]1[CH2:9][CH2:7][CH2:8][CH:13]1[c:12]1[cH:5][cH:3][cH:4][n:10][cH:6]1,1,4,0.04
golden_554,[CH3:1][C:24]12[CH2:14][O:15][C:17](=[O:7])[CH:21]3[C:19]([C:18]4=[CH:20][CH:9]=[CH:8][CH2:10][CH2:11]4)([CH2:12][CH2:13][CH:22]1[O:16][Si:26]([CH3:5])([CH3:6])[C:25]([CH3:2])([CH3:3])[CH3:4])[CH:23]32>>[CH3:1][C:24]12[CH2:14][O:15][C:17](=[O:7])[CH:21]3[CH:20]4[CH:9]=[CH:8][CH2:10][CH2:11][C:18]4=[C:19]([CH2:12][CH2:13][CH:22]1[O:16][Si:26]([CH3:5])([CH3:6])[C:25]([CH3:2])([CH3:3])[CH3:4])[CH:23]32,1,2,0.10
golden_555,Cc1ccc(S(=O)(=O)O[CH:4]2[CH2:5][CH2:6][C:13]3([OH:3])[C:14]2([CH3:2])[CH2:7][CH2:8][CH:16]2[CH2:9][CH:15]([O:11][CH3:1])[O:12][CH2:10][CH:17]32)cc1>>[CH3:1][O:11][CH:15]1[CH2:9][CH:16]2[CH2:8][CH2:7][C:14]([CH3:2])=[CH:4][CH2:5][CH2:6][C:13](=[O:3])[CH:17]2[CH2:10][O:12]1,1,2,0.16
golden_556,O=[CH:4][CH2:10][CH2:5][CH:9]=[O:2].[O:1]=[CH:3][CH2:8][CH2:6][CH:11]=[O:7]>>[O:1]=[CH:3][C:8]1=[CH:4][CH:10]2[CH2:5][CH:9]([OH:2])[O:7][CH:11]2[CH2:6]1,1,7,0.09
golden_557,[CH3:1][CH:13]1[C:11](=[O:4])[O:10][CH:15]2[CH:14]1[CH2:8][CH2:9][C:16]1([CH3:2])[CH:7]=[CH:6][C:12](=[O:5])[C:17]([CH3:3])=[C:18]21>>[CH3:1][CH:13]1[C:11](=[O:4])[O:10][CH:15]2[CH:14]1[CH2:8][CH2:9][C:16]1([CH3:2])[C:17]3([CH3:3])[C:12](=[O:5])[CH:6]=[CH:7][C:18]213,1,3,0.05
golden_558,[CH3:1][C:16]([CH3:2])=[CH:5][C:20]([CH3:3])([CH3:4])[CH:19]=[C:21]([c:17]1[cH:12][cH:8][cH:6][cH:9][cH:13]1)[c:18]1[cH:14][cH:10][cH:7][cH:11][cH:15]1>>[CH3:1][C:16]([CH3:2])=[CH:5][CH:19]1[C:20]([CH3:3])([CH3:4])[C:21]1([c:17]1[cH:12][cH:8][cH:6][cH:9][cH:13]1)[c:18]1[cH:14][cH:10][cH:7][cH:11][cH:15]1,1,3,0.12
golden_559,[CH3:1][O:10][N:16]=[CH:15][CH2:7][NH:9][C:11](=[O:2])[CH:14]1[CH2:8][c:12]2[cH:5][cH:3][cH:4][cH:6][c:13]21>>[CH3:1][O:10][N:16]1[CH2:8][c:12]2[cH:5][cH:3][cH:4][cH:6][c:13]2[CH:14]2[C:11](=[O:2])[NH:9][CH2:7][CH:15]21,1,3,0.03
golden_560,[CH3:1][O:17][N:26]=[CH:25][c:21]1[cH:11][cH:9][cH:8][cH:10][c:19]1[CH2:14][O:16][CH:24]([CH2:15][C:18]#[CH:12])[C:20]#[CH:13].[CH3:2][Si:27]([CH3:3])([CH3:4])[C:22]#[C:23][Si:28]([CH3:5])([CH3:6])[CH3:7]>>[CH3:1][O:17][N:26]1[CH2:15][c:18]2[cH:12][c:22]([Si:27]([CH3:2])([CH3:3])[CH3:4])[c:23]([Si:28]([CH3:5])([CH3:6])[CH3:7])[cH:13][c:20]2[CH:24]2[O:16][CH2:14][c:19]3[cH:10][cH:8][cH:9][cH:11][c:21]3[CH:25]21,1,6,1.15
golden_561,C[Si](C)(C)[CH2:11][c:15]1[cH:9][cH:5][cH:6][cH:10][c:16]1[C:13](Cl)=[O:1].[cH:2]1[cH:3][cH:7][c:14]([CH:17]=[O:12])[cH:8][cH:4]1>>[O:1]=[C:13]1[O:12][CH:17]([c:14]2[cH:7][cH:3][cH:2][cH:4][cH:8]2)[CH2:11][c:15]2[cH:9][cH:5][cH:6][cH:10][c:16]21,1,4,0.05
golden_562,O=C1[C:32]([c:27]2[cH:16][cH:6][cH:1][cH:7][cH:17]2)=[C:34]([c:29]2[cH:20][cH:10][cH:3][cH:11][cH:21]2)[C:36]([c:31]2[cH:24][cH:14][cH:5][cH:15][cH:25]2)=[C:35]1[c:30]1[cH:22][cH:12][cH:4][cH:13][cH:23]1.[cH:2]1[cH:8][cH:18][c:28]([C:33]#[N:26])[cH:19][cH:9]1>>[cH:1]1[cH:6][cH:16][c:27](-[c:32]2[n:26][c:33](-[c:28]3[cH:18][cH:8][cH:2][cH:9][cH:19]3)[c:35](-[c:30]3[cH:22][cH:12][cH:4][cH:13][cH:23]3)[c:36](-[c:31]3[cH:24][cH:14][cH:5][cH:15][cH:25]3)[c:34]2-[c:29]2[cH:20][cH:10][cH:3][cH:11][cH:21]2)[cH:17][cH:7]1,1,4,1.57
golden_563,O=[CH:25][CH:22]([CH3:2])[CH2:13][CH2:12][CH2:14][CH:24]=[CH:23][CH:5]=[CH:4][CH3:1].[OH:3][c:19]1[n:15][cH:11][c:18](-[c:17]2[cH:9][cH:7][cH:6][cH:8][cH:10]2)[c:20]([OH:16])[cH:21]1>>[CH3:1][CH:4]=[CH:5][CH:23]1[O:16][c:20]2[c:18](-[c:17]3[cH:9][cH:7][cH:6][cH:8][cH:10]3)[cH:11][n:15][c:19]([OH:3])[c:21]2[CH:25]2[CH:22]([CH3:2])[CH2:13][CH2:12][CH2:14][CH:24]12,1,5,0.13
golden_564,[CH3:1][CH:28]([CH3:2])[O:19][C:24](=[O:3])[CH:31]=[CH:32][C:25](=[O:4])[O:20][CH:30]=[CH:33][N+:35](=[O:22])[O-:23].[cH:5]1[cH:7][cH:11][c:26]([C:36]2([c:27]3[cH:13][cH:9][cH:6][cH:10][cH:14]3)[CH2:18][CH2:15][CH2:17][CH:34]2[O:21][CH:29]=[CH2:16])[cH:12][cH:8]1>>[CH3:1][CH:28]([CH3:2])[O:19][C:24](=[O:3])[CH:31]1[O:23][N:35]2[O:22][CH:29]([O:21][CH:34]3[CH2:17][CH2:15][CH2:18][C:36]3([c:26]3[cH:11][cH:7][cH:5][cH:8][cH:12]3)[c:27]3[cH:13][cH:9][cH:6][cH:10][cH:14]3)[CH2:16][CH:30]3[O:20][C:25](=[O:4])[CH:32]1[CH:33]32,1,4,0.26
golden_565,C[Si](C)(C)[c:14]1[cH:8][cH:6][cH:5][cH:7][c:13]1OS(=O)(=O)C(F)(F)F.[CH3:1][O:10][C:11](=[O:3])[CH2:9][C:12]([CH3:2])=[O:4].[F-]>>[CH3:1][O:10][C:11](=[O:3])[CH2:9][c:13]1[cH:7][cH:5][cH:6][cH:8][c:14]1[C:12]([CH3:2])=[O:4],1,5,0.04
golden_566,O=[C:21]1[CH2:14][CH2:9][CH2:13][C:20](=[O:2])[C:23]1([CH2:16][CH2:10][CH2:11][O:18][CH2:15][c:22]1[cH:7][cH:5][cH:4][cH:6][cH:8]1)[CH2:17][CH2:12][C:19](=[O:1])[CH3:3]>>[O:1]=[C:19]1[CH:3]=[C:21]2[CH2:14][CH2:9][CH2:13][C:20](=[O:2])[C:23]2([CH2:16][CH2:10][CH2:11][O:18][CH2:15][c:22]2[cH:7][cH:5][cH:4][cH:6][cH:8]2)[CH2:17][CH2:12]1,1,4,0.09
golden_567,CO[CH:4](OC)[CH2:5][C:9]1([CH3:2])[O:7][CH:10]1[C:8](=[O:3])[O:6][CH3:1]>>[CH3:1][O:6][C:8](=[O:3])[c:10]1[o:7][cH:4][cH:5][c:9]1[CH3:2],1,6,0.03
golden_568,O[C:21]([c:19]1[cH:11][cH:3][cH:1][cH:4][cH:12]1)([C:22](O)([c:20]1[cH:13][cH:5][cH:2][cH:6][cH:14]1)[c:24]1[cH:16][cH:8][cH:10][cH:18][cH:26]1)[c:23]1[cH:15][cH:7][cH:9][cH:17][cH:25]1>>[cH:1]1[cH:3][cH:11][c:19](-[c:21]2[c:22](-[c:20]3[cH:13][cH:5][cH:2][cH:6][cH:14]3)[c:24]3[cH:16][cH:8][cH:10][cH:18][c:26]3[c:25]3[cH:17][cH:9][cH:7][cH:15][c:23]23)[cH:12][cH:4]1,1,5,1.40
golden_569,[CH3:1][C:12](=[O:2])[O:11][CH:15]=[CH:8][CH:5]=[CH2:9].[CH:3]1=[CH:4][CH:7]=[CH:14][CH2:10][CH:13]=[CH:6]1>>[CH3:1][C:12](=[O:2])[O:11][CH:15]1[CH:8]=[CH:5][CH2:9][CH:13]2[CH:6]=[CH:3][CH:4]=[CH:7][CH:14]1[CH2:10]2,1,2,0.07
golden_570,[CH3:1][C:17]([CH3:2])([CH3:3])[O:12][C:14](=[O:6])[N:16]([CH2:9][CH2:10][C:18]([CH3:4])=[CH2:11])[c:15]1[o:5][cH:13][cH:8][cH:7]1>>[CH3:1][C:17]([CH3:2])([CH3:3])[O:12][C:14](=[O:6])[N:16]1[CH2:9][CH2:10][C:18]2([CH3:4])[CH2:11][C:13](=[O:5])[CH2:8][CH:7]=[C:15]12,1,5,0.62
golden_571,O=[CH:14][CH2:9][CH2:8][CH2:10][CH:15]=O.[N:1]#[CH:2].[cH:3]1[cH:4][cH:6][c:13]([CH:16]([CH2:11][OH:12])[NH2:17])[cH:7][cH:5]1>>[N:1]#[C:2][CH:14]1[CH2:9][CH2:8][CH2:10][CH:15]2[O:12][CH2:11][CH:16]([c:13]3[cH:6][cH:4][cH:3][cH:5][cH:7]3)[N:17]12,1,7,0.05
golden_572,C[Si](C)(C)O[CH:3]=[C:16]1[CH2:13][CH2:11][CH2:9][CH2:7][CH2:5][CH2:6][CH2:8][CH2:10][CH2:12][CH2:14][C:17]1(O)[CH2:4][C:15]([CH3:1])=[CH2:2]>>[CH3:1][c:15]1[cH:2][cH:3][c:16]2[c:17]([cH:4]1)[CH2:14][CH2:12][CH2:10][CH2:8][CH2:6][CH2:5][CH2:7][CH2:9][CH2:11][CH2:13]2,1,5,0.09
golden_573,[CH2:1]=[C:12]([CH3:2])[CH:16]1[CH2:9][C:13](=[O:8])[C:18]([CH3:4])=[CH:17][CH2:11]1.[CH2:3]=[C:14]=[C:15]([CH3:10])[Si:19]([CH3:5])([CH3:6])[CH3:7]>>[CH2:1]=[C:12]([CH3:2])[CH:16]1[CH2:9][C:13](=[O:8])[C:18]2([CH3:4])[C:14]([CH3:3])=[C:15]([Si:19]([CH3:5])([CH3:6])[CH3:7])[CH2:10][CH:17]2[CH2:11]1,1,4,0.05
golden_574,O[C:34]([c:30]1[cH:19][cH:7][cH:2][cH:8][cH:20]1)([c:38]1[cH:26][cH:14][cH:16][cH:28][cH:40]1)[C:41]#[C:33][c:29]1[cH:17][cH:5][cH:1][cH:6][cH:18]1.O[C:35]([c:31]1[cH:21][cH:9][cH:3][cH:10][cH:22]1)([c:39]1[cH:27][cH:15][cH:13][cH:25][cH:37]1)[C:42]#[C:36][c:32]1[cH:23][cH:11][cH:4][cH:12][cH:24]1>>[cH:1]1[cH:5][cH:17][c:29](-[c:33]2[c:37]3[cH:25][cH:13][cH:15][cH:27][c:39]3[c:35](-[c:31]3[cH:21][cH:9][cH:3][cH:10][cH:22]3)[c:42]3[c:36](-[c:32]4[cH:23][cH:11][cH:4][cH:12][cH:24]4)[c:40]4[cH:28][cH:16][cH:14][cH:26][c:38]4[c:34](-[c:30]4[cH:19][cH:7][cH:2][cH:8][cH:20]4)[c:41]23)[cH:18][cH:6]1,1,7,34.58
golden_575,[CH2:1]=[CH:4][CH2:12][N:19]([CH2:13][C:16]#[CH:5])[CH:18]([CH2:11][c:17]1[cH:9][cH:7][cH:6][cH:8][cH:10]1)[C:15](=[O:3])[O:14][CH3:2]>>[CH2:1]=[CH:4][C:16]1=[CH:5][CH2:12][N:19]([CH:18]([CH2:11][c:17]2[cH:9][cH:7][cH:6][cH:8][cH:10]2)[C:15](=[O:3])[O:14][CH3:2])[CH2:13]1,1,3,0.06
golden_576,[CH2:2]1[CH2:3][CH2:4][CH2:7][O:10]1.[Li:1][CH2:6][CH2:9][CH2:8][CH3:5]>>[CH2:2]=[CH2:3].[CH3:5][CH2:8][CH2:9][CH3:6].[Li:1][O:10][CH:7]=[CH2:4],1,6,0.01
golden_577,Cl.[Li][O:2][CH:18]=[c:16]1[cH:8][c:13]([CH3:1])[cH:5][cH:6][c:14]1=[CH2:11].[cH:3]1[cH:4][cH:9][c:17]2[c:15]([cH:7]1)[CH2:10][CH2:12][N:20]=[CH:19]2>>[CH3:1][c:13]1[cH:5][cH:6][c:14]2[c:16]([cH:8]1)[CH:18]([OH:2])[N:20]1[CH2:12][CH2:10][c:15]3[cH:7][cH:3][cH:4][cH:9][c:17]3[CH:19]1[CH2:11]2,1,3,0.07
golden_578,[CH3:1][O:16][C:30]([CH3:3])([CH3:4])[CH:11]=[CH:12][C:32]1=[CH:28][CH:24]([OH:10])[CH:26]2[O:15][CH:22]2[C:19]1=[O:8].[CH3:2][O:17][C:31]([CH3:5])([CH3:6])[CH:29]=[CH:13][C:20]1=[CH:27][CH:23]([OH:9])[CH:25]2[O:14][CH:21]2[C:18]1=[O:7]>>[CH3:1][O:16][C:30]([CH3:3])([CH3:4])[CH:11]=[CH:12][C:32]12[C:19](=[O:8])[CH:22]3[O:15][CH:26]3[CH:24]([OH:10])[CH:28]1[CH:27]1[C:20](=[CH:13][CH:29]2[C:31]([CH3:5])([CH3:6])[O:17][CH3:2])[C:18](=[O:7])[CH:21]2[O:14][CH:25]2[CH:23]1[OH:9],1,2,1.32
golden_579,CO[N:9]1[C:8](=O)[CH:13]2[O:10][C:16]([CH3:1])([CH3:2])[O:11][CH:15]2[CH:14]1[CH:12]1[O:4][C:5](=[O:3])[CH2:6][CH2:7]1>>[CH3:1][C:16]1([CH3:2])[O:10][CH:13]2[CH2:8][NH:9][CH:14]([CH:12]([OH:4])[CH2:7][CH2:6][CH2:5][OH:3])[CH:15]2[O:11]1,1,7,0.84
golden_580,O[CH:8]1[CH2:6][CH:9]2[CH2:5][CH2:4][C:7]1([CH3:1])[C:10]2([CH3:2])[CH3:3]>>[CH2:1]=[C:7]1[CH:8]2[CH2:4][CH2:5][CH:9]([CH2:6]2)[C:10]1([CH3:2])[CH3:3],1,4,0.14
golden_581,CCOC(=O)[CH2:5][CH2:3][CH2:2][CH2:4][C:6](OCC)=[O:1]>>[O:1]=[C:6]1[CH2:4][CH2:2][CH2:3][CH2:5]1,1,3,0.02
golden_582,O=[CH:27][c:25]1[cH:14][cH:10][c:23]([Cl:3])[cH:11][cH:15]1.O=[CH:28][c:26]1[cH:16][cH:12][c:24]([Cl:4])[cH:13][cH:17]1.[NH:1]([N:21]=[C:31]([C:29](=[O:2])[NH2:18])[C:30](=[NH:19])[NH2:20])[c:22]1[cH:8][cH:6][cH:5][cH:7][cH:9]1>>[NH2:1][c:22]1[cH:8][cH:6][cH:5][cH:7][cH:9]1.[O:2]=[c:29]1[n:18][c:27](-[c:25]2[cH:14][cH:10][c:23]([Cl:3])[cH:11][cH:15]2)[nH:20][c:30]2[n:19][c:28](-[c:26]3[cH:16][cH:12][c:24]([Cl:4])[cH:13][cH:17]3)[nH:21][c:31]12,1,9,1.51
golden_583,Cl[CH:9]1[CH2:5][CH2:3][CH2:4][CH2:6][C:8]1=[O:2].[CH3:1][OH:7]>>[CH3:1][O:7][C:8](=[O:2])[CH:9]1[CH2:5][CH2:3][CH2:4][CH2:6]1,1,4,0.02
golden_584,[CH3:1][Si:18]([CH3:2])([CH3:3])[O:12][C:17]1=[CH:16][CH2:9][CH2:8][CH2:10]1.[O:4]=[C:13]1[CH:5]=[CH:6][C:14](=[O:11])[CH:15]=[CH:7]1>>[CH3:1][Si:18]([CH3:2])([CH3:3])[O:12][C:17]12[CH2:10][CH2:8][CH2:9][CH:16]1[c:15]1[cH:7][c:13]([OH:4])[cH:5][cH:6][c:14]1[O:11]2,1,3,0.11
golden_585,O[C:10]1([CH3:2])[CH2:7][CH2:4][CH2:6][CH2:9]1.[N-]=[N+]=[N:11][CH2:8][CH2:5][CH2:3][CH3:1]>>[CH3:1][CH2:3][CH2:5][CH2:8][N:11]1[CH2:9][CH2:6][CH2:4][CH2:7][CH:10]1[CH3:2],1,6,0.14
golden_586,O=[C:11]1[CH2:7][CH2:5][CH2:8][CH:12]([CH3:1])[CH:13]1[CH3:2].[O:3]=[C:10]([CH:4]=[CH2:9])[CH3:6]>>[CH3:1][CH:12]1[CH2:8][CH2:5][CH2:7][C:11]2=[CH:4][C:10](=[O:3])[CH2:6][CH2:9][C:13]21[CH3:2],1,7,0.94
golden_587,[CH2:1]([CH:4]=[CH:14][c:12]1[cH:9][cH:7][cH:6][cH:8][cH:10]1)[CH:5]([OH:3])[CH:11]=[CH:13][CH3:2]>>[CH2:1]=[CH:4][CH:14]([c:12]1[cH:9][cH:7][cH:6][cH:8][cH:10]1)[CH:13]([CH3:2])[CH2:11][CH:5]=[O:3],1,3,0.08
golden_588,[CH3:1][O:15][C:16](=[O:4])[C:20]([CH3:2])([CH2:13][CH2:10][CH2:14][C:21]1([C:5]#[N:3])[CH2:11][c:17]2[cH:8][cH:6][cH:7][cH:9][c:18]21)[CH:19]=[CH2:12]>>[CH3:1][O:15][C:16](=[O:4])[C:20]1([CH3:2])[CH2:13][CH2:10][CH2:14][C:21]2([C:5]#[N:3])[c:18]3[cH:9][cH:7][cH:6][cH:8][c:17]3[CH2:11][CH2:12][CH:19]12,1,3,1.07
golden_589,O=[C:22]1[C:23](=O)[c:25]2[cH:14][cH:10][cH:16][c:26]3[cH:15][cH:9][cH:13][c:24]1[c:27]23.OC(=[CH:20][C:18]([CH3:1])=[O:3])[CH2:21][C:19]([CH3:2])=[O:4].[CH:5]1=[CH:6][CH:8]2[CH:12]=[CH:11][CH:7]1[CH2:17]2>>[CH3:1][C:18](=[O:3])[c:20]1[cH:11][cH:12][c:21]([C:19]([CH3:2])=[O:4])[c:23]2[c:22]1-[c:24]1[cH:13][cH:9][cH:15][c:26]3[cH:16][cH:10][cH:14][c:25]-2[c:27]13.[CH:5]1=[CH:7][CH2:17][CH:8]=[CH:6]1,1,13,145.31
golden_590,O=[CH:5][CH2:6][CH3:1].[CH3:2][CH2:7][CH:4]=[O:3]>>[CH3:1][CH2:6][CH:5]=[C:7]([CH3:2])[CH:4]=[O:3],1,4,0.01
golden_591,[O:1]=[CH:13][c:14]1[cH:9][cH:5][cH:3][cH:6][cH:10]1.[O:2]=[CH:16][c:15]1[cH:11][cH:7][cH:4][cH:8][cH:12]1>>[O:1]=[C:13]([c:14]1[cH:9][cH:5][cH:3][cH:6][cH:10]1)[CH:16]([OH:2])[c:15]1[cH:11][cH:7][cH:4][cH:8][cH:12]1,1,2,0.05
golden_592,O[C:7]([CH3:2])([CH3:3])[C:6]([CH3:1])([CH3:4])[OH:5]>>[CH3:1][C:6](=[O:5])[C:7]([CH3:2])([CH3:3])[CH3:4],1,3,0.01
golden_593,O=[C:16]([CH3:2])[CH2:18][C:14](=[O:4])[O:12][CH3:1].O=[CH:17][c:15]1[cH:8][cH:6][cH:5][cH:7][cH:9]1.[O:3]=[C:13]([NH2:10])[NH2:11]>>[CH3:1][O:12][C:14](=[O:4])[CH:18]1[CH:16]([CH3:2])[NH:10][C:13](=[O:3])[NH:11][CH:17]1[c:15]1[cH:8][cH:6][cH:5][cH:7][cH:9]1,1,7,0.06
golden_594,O=[C:11]([CH3:3])[CH2:9][CH3:2].[CH3:1][O:6][C:8](=[O:5])[CH2:12][C:10]#[N:4].[SH-:7]>>[CH3:1][O:6][C:8](=[O:5])[c:12]1[c:10]([NH2:4])[s:7][c:9]([CH3:2])[c:11]1[CH3:3],1,8,0.02
golden_595,O=[C:17]([CH2:10][CH3:1])[CH2:19][C:15](=[O:8])[O:13][CH:21]([CH3:3])[CH3:4].O=[C:18]([CH2:11][CH3:2])[CH2:20][C:16](=[O:9])[O:14][CH:22]([CH3:5])[CH3:6].O=[CH:23][CH3:7].[NH3:12]>>[CH3:1][CH2:10][C:17]1=[C:19]([C:15](=[O:8])[O:13][CH:21]([CH3:3])[CH3:4])[CH:23]([CH3:7])[C:20]([C:16](=[O:9])[O:14][CH:22]([CH3:5])[CH3:6])=[C:18]([CH2:11][CH3:2])[NH:12]1,1,11,1.34
golden_596,O=[CH2:9].[CH3:1][CH2:6][CH2:11][C:10]([CH3:4])=[O:5].[CH3:2][CH2:7][NH:12][CH2:8][CH3:3]>>[CH3:1][CH2:6][CH:11]([CH2:9][N:12]([CH2:7][CH3:2])[CH2:8][CH3:3])[C:10]([CH3:4])=[O:5],1,4,0.04
golden_597,CO[C:16]([CH2:9][CH3:1])=[C:17]([c:13]1[cH:7][cH:5][c:12]([Cl:4])[cH:6][cH:8]1)[C:15]#[N:3].[NH2:2][C:14]([NH2:10])=[NH:11]>>[CH3:1][CH2:9][c:16]1[n:11][c:14]([NH2:2])[n:10][c:15]([NH2:3])[c:17]1-[c:13]1[cH:7][cH:5][c:12]([Cl:4])[cH:6][cH:8]1,1,3,0.36
golden_598,O=[C:10]([CH3:2])[C:5]#[CH:6].[CH3:1][O:8][C:9](=[O:4])[CH:11]=[C:12]([CH3:3])[NH2:7]>>[CH3:1][O:8][C:9](=[O:4])[c:11]1[cH:6][cH:5][c:10]([CH3:2])[n:7][c:12]1[CH3:3],1,5,0.03
golden_599,[CH2:1]=[CH2:2].[CH3:3][O:13][c:17]1[cH:5][cH:9][c:19]([C:15]#[C:16][c:20]2[cH:11][cH:7][c:18]([O:14][CH3:4])[cH:8][cH:12]2)[cH:10][cH:6]1>>[CH2:1]=[C:15]([C:16](=[CH2:2])[c:20]1[cH:11][cH:7][c:18]([O:14][CH3:4])[cH:8][cH:12]1)[c:19]1[cH:9][cH:5][c:17]([O:13][CH3:3])[cH:6][cH:10]1,1,3,0.17
golden_600,C=[CH:1][CH2:3][O:7][CH2:5][C:9]#[C:10][CH2:6][O:8][CH2:4][CH:2]=C>>[CH:1]1=[C:9]([C:10]2=[CH:2][CH2:4][O:8][CH2:6]2)[CH2:5][O:7][CH2:3]1,1,4,0.12
golden_601,C=[CH:7][CH2:20][N:28]([CH:26]1[CH:9]=[CH:10][CH:27]([N:29]([CH2:21][CH:8]=C)[S:31](=[O:5])(=[O:6])[c:25]2[cH:17][cH:13][c:23]([CH3:2])[cH:14][cH:18]2)[CH2:19]1)[S:30](=[O:3])(=[O:4])[c:24]1[cH:15][cH:11][c:22]([CH3:1])[cH:12][cH:16]1>>[CH3:1][c:22]1[cH:11][cH:15][c:24]([S:30](=[O:3])(=[O:4])[N:28]2[CH2:20][CH:7]=[CH:9][CH:26]2[CH2:19][CH:27]2[CH:10]=[CH:8][CH2:21][N:29]2[S:31](=[O:5])(=[O:6])[c:25]2[cH:17][cH:13][c:23]([CH3:2])[cH:14][cH:18]2)[cH:16][cH:12]1,1,5,1.55
golden_602,O=[C:13]=[O:3].[CH2:1]=[C:12]1[CH2:6][CH2:4][CH2:5][CH2:8][C:15]1=[CH2:9].[CH3:2][CH2:7][CH:14]1[CH2:10][O:11]1>>[CH2:1]=[C:12]1[CH2:6][CH2:4][CH2:5][CH2:8][C:15]12[CH2:9][C:13](=[O:3])[O:11][CH:14]([CH2:7][CH3:2])[CH2:10]2,1,5,0.04
golden_603,[CH3:1][c:7]1[o:2][c:6]([CH3:4])[cH:3][cH:5]1>>[CH3:1][C:7]1=[CH:3][C:6](=[O:2])[CH2:4][CH2:5]1,1,6,0.02
golden_604,[CH3:1][c:7]1[o:2][c:6]([CH3:5])[cH:3][cH:4]1>>[CH3:1][CH:7]1[CH:4]=[CH:3][C:6](=[O:2])[CH2:5]1,1,4,0.01
golden_605,CC(=O)OC(C)=O.CC(=O)OC(C)=O.O=[C:17]([CH2:3][CH2:16][C:15](=[O:1])[OH:14])[c:19]1[cH:12][cH:8][cH:5][cH:9][cH:13]1.O=[CH:2][c:18]1[cH:10][cH:6][cH:4][cH:7][cH:11]1>>[O:1]=[C:15]1[O:14][C:17]([c:19]2[cH:12][cH:8][cH:5][cH:9][cH:13]2)=[CH:3][C:16]1=[CH:2][c:18]1[cH:10][cH:6][cH:4][cH:7][cH:11]1,1,7,1.67
golden_606,[CH2:5]1[CH2:6][CH:12]=[CH:14][CH2:8][CH2:7][CH:13]=[CH:11]1.n1n[cH:16][c:10]([C:4]#[N:2])[c:9]([C:3]#[N:1])[cH:15]1>>[N:1]#[C:3][C:9]1=[C:10]([C:4]#[N:2])[CH:16]2[CH:13]3[CH2:7][CH2:8][CH:14]2[CH:12]2[CH2:6][CH2:5][CH:11]3[CH:15]12,1,6,0.14
golden_607,O=S1(=O)[CH2:15][CH:2]=[CH:3][CH:20]1[CH2:14][C:17](=[O:1])[N:23]([CH2:16][c:18]1[cH:10][cH:6][cH:4][cH:7][cH:11]1)[CH:22]=[CH:21][c:19]1[cH:12][cH:8][cH:5][cH:9][cH:13]1>>[O:1]=[C:17]1[CH2:14][CH:20]2[CH:3]=[CH:2][CH2:15][CH:21]([c:19]3[cH:12][cH:8][cH:5][cH:9][cH:13]3)[CH:22]2[N:23]1[CH2:16][c:18]1[cH:10][cH:6][cH:4][cH:7][cH:11]1,1,4,0.10
golden_608,C=CCO[C:9]1([O:2][CH2:7][CH:3]=[CH2:1])[CH2:6][CH2:4][CH2:5][CH2:8][CH2:10]1>>[CH2:1]=[CH:3][CH2:7][CH:10]1[CH2:8][CH2:5][CH2:4][CH2:6][C:9]1=[O:2],1,4,0.04
golden_609,N1=[CH:11][c:16]2[cH:5][cH:3][cH:2][cH:4][c:13]2[CH2:1]N1.N1=[CH:12][c:15]2[cH:9][cH:7][cH:6][cH:8][c:14]2[CH2:10]N1>>[CH2:1]=[C:13]1[CH:4]=[CH:2][CH:3]=[CH:5][C:16]12[CH2:11][CH2:10][c:14]1[cH:8][cH:6][cH:7][cH:9][c:15]1[CH2:12]2,1,8,1.08
golden_610,Cl[S:20][c:18]1[cH:9][cH:7][cH:6][cH:8][cH:10]1.[CH3:1][C:21]([CH3:2])([CH:5]([OH:4])[C:15]#[C:16][C:17]1=[C:22]([CH3:3])[CH2:13][CH2:11]1)[CH2:12][CH:19]=[CH2:14]>>[CH3:1][C:21]1([CH3:2])[CH:5]=[C:15]2[C:16]([S:20](=[O:4])[c:18]3[cH:9][cH:7][cH:6][cH:8][cH:10]3)=[C:17]3[CH2:11][CH2:13][C:22]3([CH3:3])[CH2:14][CH:19]2[CH2:12]1,1,6,0.14
golden_611,Br[c:16]1[cH:9][cH:7][c:14]([OH:6])[cH:8][c:15]1[O:10][CH3:1].CC1(C)OB([B:13]2[O:11][C:17]([CH3:2])([CH3:3])[C:18]([CH3:4])([CH3:5])[O:12]2)OC1(C)C>>[CH3:1][O:10][c:15]1[cH:8][c:14]([OH:6])[cH:7][cH:9][c:16]1[B:13]1[O:11][C:17]([CH3:2])([CH3:3])[C:18]([CH3:4])([CH3:5])[O:12]1,1,3,0.14
golden_612,CC1(C)OB([c:23]2[cH:12][cH:8][c:19]([OH:7])[cH:11][c:22]2[O:18][CH3:1])OC1(C)C.Cl[c:20]1[cH:9][cH:10][c:21]([N:25]([CH3:2])[CH:24]2[CH2:13][C:26]([CH3:3])([CH3:4])[NH:17][C:27]([CH3:5])([CH3:6])[CH2:14]2)[n:16][n:15]1>>[CH3:1][O:18][c:22]1[cH:11][c:19]([OH:7])[cH:8][cH:12][c:23]1-[c:20]1[cH:9][cH:10][c:21]([N:25]([CH3:2])[CH:24]2[CH2:13][C:26]([CH3:3])([CH3:4])[NH:17][C:27]([CH3:5])([CH3:6])[CH2:14]2)[n:16][n:15]1,1,3,0.10
golden_613,Cl[c:15]1[cH:8][cH:7][c:14]([Cl:6])[n:11][n:12]1.[CH3:1][NH:17][CH:16]1[CH2:9][C:18]([CH3:2])([CH3:3])[NH:13][C:19]([CH3:4])([CH3:5])[CH2:10]1>>[CH3:1][N:17]([c:15]1[cH:8][cH:7][c:14]([Cl:6])[n:11][n:12]1)[CH:16]1[CH2:9][C:18]([CH3:2])([CH3:3])[NH:13][C:19]([CH3:4])([CH3:5])[CH2:10]1,1,2,0.03
golden_614,[CH3:1][O:33][c:39]1[cH:25][c:36]([OH:34])[cH:22][cH:26][c:40]1-[c:37]1[cH:23][cH:24][c:38]([N:42]([CH3:2])[CH:41]2[CH2:27][C:43]([CH3:3])([CH3:4])[NH:31][C:44]([CH3:5])([CH3:6])[CH2:28]2)[n:30][n:29]1.[O:7]=[S:47](=[O:8])([N:32]([c:35]1[cH:20][cH:18][cH:17][cH:19][cH:21]1)[S:48](=[O:9])(=[O:10])[C:46]([F:14])([F:15])[F:16])[C:45]([F:11])([F:12])[F:13]>>[CH3:1][O:33][c:39]1[cH:25][c:36]([O:34][S:48](=[O:9])(=[O:10])[C:46]([F:14])([F:15])[F:16])[cH:22][cH:26][c:40]1-[c:37]1[cH:23][cH:24][c:38]([N:42]([CH3:2])[CH:41]2[CH2:27][C:43]([CH3:3])([CH3:4])[NH:31][C:44]([CH3:5])([CH3:6])[CH2:28]2)[n:30][n:29]1.[O:7]=[S:47](=[O:8])([NH:32][c:35]1[cH:20][cH:18][cH:17][cH:19][cH:21]1)[C:45]([F:11])([F:12])[F:13],1,2,0.17
golden_615,Cl[Si:20]([CH3:4])([CH3:5])[C:19]([CH3:1])([CH3:2])[CH3:3].[OH:6][CH2:9][CH:16]1[O:13][C:18]2([CH2:11][CH2:7][CH2:8][CH2:12]2)[O:14][CH:17]1[CH2:10][OH:15]>>[CH3:1][C:19]([CH3:2])([CH3:3])[Si:20]([CH3:4])([CH3:5])[O:15][CH2:10][CH:17]1[O:14][C:18]2([CH2:11][CH2:7][CH2:8][CH2:12]2)[O:13][CH:16]1[CH2:9][OH:6],1,2,0.03
golden_616,CS(C)=O.O=C(Cl)C(=O)Cl.[CH3:1][C:19]([CH3:2])([CH3:3])[Si:20]([CH3:4])([CH3:5])[O:15][CH2:10][CH:17]1[O:14][C:18]2([CH2:11][CH2:8][CH2:9][CH2:12]2)[O:13][CH:16]1[CH2:7][OH:6]>>[CH3:1][C:19]([CH3:2])([CH3:3])[Si:20]([CH3:4])([CH3:5])[O:15][CH2:10][CH:17]1[O:14][C:18]2([CH2:11][CH2:8][CH2:9][CH2:12]2)[O:13][CH:16]1[CH:7]=[O:6],1,1,0.09
golden_617,CS(C)=O.O=C(Cl)C(=O)Cl.[CH3:1][CH:16]([OH:7])[CH:18]1[O:14][C:19]2([CH2:11][CH2:8][CH2:9][CH2:12]2)[O:13][CH:17]1[CH2:10][O:15][Si:21]([CH3:5])([CH3:6])[C:20]([CH3:2])([CH3:3])[CH3:4]>>[CH3:1][C:16](=[O:7])[CH:18]1[O:14][C:19]2([CH2:11][CH2:8][CH2:9][CH2:12]2)[O:13][CH:17]1[CH2:10][O:15][Si:21]([CH3:5])([CH3:6])[C:20]([CH3:2])([CH3:3])[CH3:4],1,1,0.56
golden_618,CCOP(=O)(OCC)[CH2:9][C:20](=[O:8])[O:16][CH2:12][CH3:1].O=[C:21]([CH3:2])[CH:23]1[O:18][C:24]2([CH2:14][CH2:10][CH2:11][CH2:15]2)[O:17][CH:22]1[CH2:13][O:19][Si:26]([CH3:6])([CH3:7])[C:25]([CH3:3])([CH3:4])[CH3:5]>>[CH3:1][CH2:12][O:16][C:20](=[O:8])[CH:9]=[C:21]([CH3:2])[CH:23]1[O:18][C:24]2([CH2:14][CH2:10][CH2:11][CH2:15]2)[O:17][CH:22]1[CH2:13][O:19][Si:26]([CH3:6])([CH3:7])[C:25]([CH3:3])([CH3:4])[CH3:5],1,4,0.10
golden_619,CCO[C:9](=[O:7])[CH:8]=[C:18]([CH3:1])[CH:20]1[O:16][C:21]2([CH2:13][CH2:10][CH2:11][CH2:14]2)[O:15][CH:19]1[CH2:12][O:17][Si:23]([CH3:5])([CH3:6])[C:22]([CH3:2])([CH3:3])[CH3:4]>>[CH3:1][C:18](=[CH:8][CH2:9][OH:7])[CH:20]1[O:16][C:21]2([CH2:13][CH2:10][CH2:11][CH2:14]2)[O:15][CH:19]1[CH2:12][O:17][Si:23]([CH3:5])([CH3:6])[C:22]([CH3:2])([CH3:3])[CH3:4],1,3,0.07
golden_620,[CH3:1][O:26][c:33]1[cH:16][cH:14][c:32]([CH2:21][O:9][C:30](=[NH:8])[C:37]([Cl:10])([Cl:11])[Cl:12])[cH:15][cH:17]1.[CH3:2][C:31](=[CH:13][CH2:20][OH:25])[CH:35]1[O:28][C:36]2([CH2:23][CH2:18][CH2:19][CH2:24]2)[O:27][CH:34]1[CH2:22][O:29][Si:39]([CH3:6])([CH3:7])[C:38]([CH3:3])([CH3:4])[CH3:5]>>[CH3:1][O:26][c:33]1[cH:16][cH:14][c:32]([CH2:21][O:25][CH2:20][CH:13]=[C:31]([CH3:2])[CH:35]2[O:28][C:36]3([CH2:23][CH2:18][CH2:19][CH2:24]3)[O:27][CH:34]2[CH2:22][O:29][Si:39]([CH3:6])([CH3:7])[C:38]([CH3:3])([CH3:4])[CH3:5])[cH:15][cH:17]1.[NH2:8][C:30](=[O:9])[C:37]([Cl:10])([Cl:11])[Cl:12],1,2,0.22
golden_621,I[I:3].O[CH2:13][CH:23]1[O:18][C:25]2([CH2:14][CH2:9][CH2:10][CH2:15]2)[O:19][CH:24]1[C:20]([CH3:2])=[CH:4][CH2:11][O:16][CH2:12][c:21]1[cH:5][cH:7][c:22]([O:17][CH3:1])[cH:8][cH:6]1.c1ccc(P(c2ccccc2)c2ccccc2)cc1>>[CH3:1][O:17][c:22]1[cH:7][cH:5][c:21]([CH2:12][O:16][CH2:11][CH:4]=[C:20]([CH3:2])[CH:24]2[O:19][C:25]3([CH2:14][CH2:9][CH2:10][CH2:15]3)[O:18][CH:23]2[CH2:13][I:3])[cH:6][cH:8]1,1,3,0.16
golden_622,[CH3:1][CH:9]1[O:6][CH:7]([OH:2])[CH:4]=[CH:5][C:8]1=[O:3]>>[CH3:1][CH:9]1[O:6][C:7](=[O:2])[CH:4]=[CH:5][CH:8]1[OH:3],1,2,0.01
golden_623,[CH3:1][C:8](=[O:2])[c:7]1[cH:5][cH:3][cH:4][o:6]1>>[CH3:1][CH:8]([OH:2])[c:7]1[cH:5][cH:3][cH:4][o:6]1,1,1,0.01
golden_624,Cl[Si:16]([CH3:4])([CH3:5])[C:15]([CH3:1])([CH3:2])[CH3:3].[OH:6][CH:12]1[CH2:8][CH:13]([OH:7])[CH2:10][CH:14]([OH:11])[CH2:9]1>>[CH3:1][C:15]([CH3:2])([CH3:3])[Si:16]([CH3:4])([CH3:5])[O:11][CH:14]1[CH2:9][CH:12]([OH:6])[CH2:8][CH:13]([OH:7])[CH2:10]1,1,2,0.02
golden_625,C=CO[C:14]([CH3:1])=[O:7].[CH3:2][C:18]([CH3:3])([CH3:4])[Si:19]([CH3:5])([CH3:6])[O:13][CH:17]1[CH2:10][CH:15]([OH:8])[CH2:9][CH:16]([OH:12])[CH2:11]1>>[CH3:1][C:14](=[O:7])[O:12][CH:16]1[CH2:9][CH:15]([OH:8])[CH2:10][CH:17]([O:13][Si:19]([CH3:5])([CH3:6])[C:18]([CH3:2])([CH3:3])[CH3:4])[CH2:11]1,1,2,0.27
golden_626,Cl[S:29](=[O:9])(=[O:10])[c:23]1[cH:13][cH:11][c:22]([CH3:2])[cH:12][cH:14]1.[CH3:1][C:21](=[O:8])[O:18][CH:24]1[CH2:15][CH:25]([O:19][Si:28]([CH3:6])([CH3:7])[C:27]([CH3:3])([CH3:4])[CH3:5])[CH2:17][CH:26]([OH:20])[CH2:16]1>>[CH3:1][C:21](=[O:8])[O:18][CH:24]1[CH2:15][CH:25]([O:19][Si:28]([CH3:6])([CH3:7])[C:27]([CH3:3])([CH3:4])[CH3:5])[CH2:17][CH:26]([O:20][S:29](=[O:9])(=[O:10])[c:23]2[cH:13][cH:11][c:22]([CH3:2])[cH:12][cH:14]2)[CH2:16]1,1,2,0.07
golden_627,CC(=O)[O:9][CH:21]1[CH2:14][CH:22]([O:17][Si:25]([CH3:5])([CH3:6])[C:24]([CH3:2])([CH3:3])[CH3:4])[CH2:16][CH:23]([O:18][S:26](=[O:7])(=[O:8])[c:20]2[cH:12][cH:10][c:19]([CH3:1])[cH:11][cH:13]2)[CH2:15]1.CO>>[CH3:1][c:19]1[cH:10][cH:12][c:20]([S:26](=[O:7])(=[O:8])[O:18][CH:23]2[CH2:15][CH:21]([OH:9])[CH2:14][CH:22]([O:17][Si:25]([CH3:5])([CH3:6])[C:24]([CH3:2])([CH3:3])[CH3:4])[CH2:16]2)[cH:13][cH:11]1,1,1,0.08
golden_628,Cc1ccc(S(=O)(=O)O[CH:7]2[CH2:8][CH:12]([OH:6])[CH2:10][CH:13]([O:11][Si:15]([CH3:4])([CH3:5])[C:14]([CH3:1])([CH3:2])[CH3:3])[CH2:9]2)cc1>>[CH3:1][C:14]([CH3:2])([CH3:3])[Si:15]([CH3:4])([CH3:5])[O:11][CH:13]1[CH2:9][CH:7]=[CH:8][C:12](=[O:6])[CH2:10]1,1,3,0.28
golden_629,I[I:7].[CH3:1][C:15]([CH3:2])([CH3:3])[Si:16]([CH3:4])([CH3:5])[O:11][CH:14]1[CH2:9][CH:8]=[CH:13][C:12](=[O:6])[CH2:10]1>>[CH3:1][C:15]([CH3:2])([CH3:3])[Si:16]([CH3:4])([CH3:5])[O:11][CH:14]1[CH2:9][CH:8]=[C:13]([I:7])[C:12](=[O:6])[CH2:10]1,1,3,0.03
golden_630,CO[C:13](=[O:7])[CH2:18][CH:27]1[CH2:19][CH:26]([O:22][Si:29]([CH3:5])([CH3:6])[C:28]([CH3:2])([CH3:3])[CH3:4])[CH2:17][CH:8]=[C:23]1[CH2:16][CH2:14][CH2:15][O:21][c:25]1[cH:11][cH:9][c:24]([O:20][CH3:1])[cH:10][cH:12]1>>[CH3:1][O:20][c:24]1[cH:9][cH:11][c:25]([O:21][CH2:15][CH2:14][CH2:16][C:23]2=[CH:8][CH2:17][CH:26]([O:22][Si:29]([CH3:5])([CH3:6])[C:28]([CH3:2])([CH3:3])[CH3:4])[CH2:19][CH:27]2[CH2:18][CH2:13][OH:7])[cH:12][cH:10]1,1,3,0.12
golden_631,[CH3:1][O:20][c:24]1[cH:10][cH:12][c:25]([O:21][CH2:15][CH2:14][CH2:16][C:23]2=[CH:9][CH2:17][CH:26]([O:22][Si:29]([CH3:5])([CH3:6])[C:28]([CH3:2])([CH3:3])[CH3:4])[CH2:19][CH:27]2[CH2:18][CH2:8][OH:7])[cH:13][cH:11]1>>[CH3:1][O:20][c:24]1[cH:10][cH:12][c:25]([O:21][CH2:15][CH2:14][CH2:16][C:23]2=[CH:9][CH2:17][CH:26]([O:22][Si:29]([CH3:5])([CH3:6])[C:28]([CH3:2])([CH3:3])[CH3:4])[CH2:19][CH:27]2[CH2:18][CH:8]=[O:7])[cH:13][cH:11]1,1,1,0.10
golden_632,[CH3:2][O:24][c:30]1[cH:11][cH:13][c:31]([O:25][CH2:17][CH2:15][CH2:19][C:29]2=[CH:10][CH2:20][CH:32]([O:26][Si:35]([CH3:6])([CH3:7])[C:34]([CH3:3])([CH3:4])[CH3:5])[CH2:22][CH:33]2[CH2:21][CH:27]=[O:8])[cH:14][cH:12]1.[N-]=[N+]=[CH:18][C:28](=[O:9])[O:23][CH2:16][CH3:1]>>[CH3:1][CH2:16][O:23][C:28](=[O:9])[CH2:18][C:27](=[O:8])[CH2:21][CH:33]1[CH2:22][CH:32]([O:26][Si:35]([CH3:6])([CH3:7])[C:34]([CH3:3])([CH3:4])[CH3:5])[CH2:20][CH:10]=[C:29]1[CH2:19][CH2:15][CH2:17][O:25][c:31]1[cH:13][cH:11][c:30]([O:24][CH3:2])[cH:12][cH:14]1,1,4,0.14
golden_633,[N-]=[N+]=[C:32]([C:25](=[O:8])[CH2:17][CH:30]1[CH2:18][CH:29]([O:24][Si:35]([CH3:6])([CH3:7])[C:34]([CH3:3])([CH3:4])[CH3:5])[CH2:19][CH:31]=[C:33]1[CH2:20][CH2:14][CH2:16][O:23][c:28]1[cH:12][cH:10][c:27]([O:22][CH3:2])[cH:11][cH:13]1)[C:26](=[O:9])[O:21][CH2:15][CH3:1]>>[CH3:1][CH2:15][O:21][C:26](=[O:9])[C:32]12[C:25](=[O:8])[CH2:17][CH:30]3[CH2:18][CH:29]([O:24][Si:35]([CH3:6])([CH3:7])[C:34]([CH3:3])([CH3:4])[CH3:5])[CH2:19][CH:31]1[C:33]32[CH2:20][CH2:14][CH2:16][O:23][c:28]1[cH:12][cH:10][c:27]([O:22][CH3:2])[cH:11][cH:13]1,1,3,0.16
golden_634,CC[O:9][C:23](=[O:7])[C:30]12[C:24](=[O:8])[CH2:16][CH:28]3[CH2:17][CH:27]([O:22][Si:33]([CH3:5])([CH3:6])[C:32]([CH3:2])([CH3:3])[CH3:4])[CH2:18][CH:29]1[C:31]32[CH2:19][CH2:14][CH2:15][O:21][c:26]1[cH:12][cH:10][c:25]([O:20][CH3:1])[cH:11][cH:13]1.[OH-]>>[CH3:1][O:20][c:25]1[cH:10][cH:12][c:26]([O:21][CH2:15][CH2:14][CH2:19][C:31]23[CH:28]4[CH2:16][C:24](=[O:8])[C:30]2([C:23](=[O:7])[OH:9])[CH:29]3[CH2:18][CH:27]([O:22][Si:33]([CH3:5])([CH3:6])[C:32]([CH3:2])([CH3:3])[CH3:4])[CH2:17]4)[cH:13][cH:11]1,1,1,0.12
golden_635,[CH3:1][CH:16]1[CH2:10][CH2:8][CH:14]([CH2:7][CH2:9][CH:15]2[O:11][CH2:5][CH2:4][CH2:6][O:12]2)[CH2:3][C:13]1=[O:2]>>[CH3:1][CH:16]1[CH2:10][CH2:8][C:14]([CH2:7][CH2:9][CH:15]2[O:11][CH2:5][CH2:4][CH2:6][O:12]2)=[CH:3][C:13]1=[O:2],1,2,0.04
golden_636,C1CO[CH:5]([CH2:6][CH2:9][C:15]2([C:11](=[CH2:1])[CH2:7][Cl:4])[CH2:10][CH2:8][CH:14]([CH3:2])[C:12](=[O:3])[CH2:13]2)OC1>>[CH2:1]=[C:11]([CH2:7][Cl:4])[C:15]12[CH2:9][CH2:6][CH:5]=[C:13]1[C:12](=[O:3])[CH:14]([CH3:2])[CH2:8][CH2:10]2,1,5,0.07
golden_637,CC(C)(C)C(=O)O[C:15](=[O:4])[C:16]1=[CH:7][CH2:10][CH2:11]1.[CH2:1]=[CH:6][CH:21]([OH:14])[c:20]1[c:18]([O:13][CH3:3])[cH:9][cH:8][c:17]([O:12][CH3:2])[c:19]1[Br:5]>>[CH2:1]=[CH:6][CH:21]([O:14][C:15](=[O:4])[C:16]1=[CH:7][CH2:10][CH2:11]1)[c:20]1[c:18]([O:13][CH3:3])[cH:9][cH:8][c:17]([O:12][CH3:2])[c:19]1[Br:5],1,2,0.07
golden_638,Br[c:40]1[c:41]([O:30][CH2:22][c:34]2[cH:12][cH:16][c:36]([O:28][CH3:2])[cH:17][cH:13]2)[c:38]([CH3:5])[cH:20][c:39]([C:32](=[CH2:1])[CH3:4])[c:42]1[O:31][CH2:23][c:35]1[cH:14][cH:18][c:37]([O:29][CH3:3])[cH:19][cH:15]1.[O:6]1[CH2:24][CH2:25][CH:43]1[CH2:26][O:27][CH2:21][c:33]1[cH:10][cH:8][cH:7][cH:9][cH:11]1>>[CH2:1]=[C:32]([CH3:4])[c:39]1[cH:20][c:38]([CH3:5])[c:41]([O:30][CH2:22][c:34]2[cH:12][cH:16][c:36]([O:28][CH3:2])[cH:17][cH:13]2)[c:40]([CH2:24][CH2:25][CH:43]([OH:6])[CH2:26][O:27][CH2:21][c:33]2[cH:10][cH:8][cH:7][cH:9][cH:11]2)[c:42]1[O:31][CH2:23][c:35]1[cH:14][cH:18][c:37]([O:29][CH3:3])[cH:19][cH:15]1,1,3,0.25
golden_639,I[CH3:1].I[CH3:2].[CH3:3][C:10](=[O:5])[c:12]1[cH:7][c:11]([CH3:4])[c:14]([OH:8])[c:13]([Br:6])[c:15]1[OH:9]>>[CH3:1][O:8][c:14]1[c:11]([CH3:4])[cH:7][c:12]([C:10]([CH3:3])=[O:5])[c:15]([O:9][CH3:2])[c:13]1[Br:6],1,4,0.02
golden_640,O=[C:10]([CH3:4])[c:12]1[cH:7][c:11]([CH3:5])[c:14]([O:8][CH3:2])[c:13]([Br:6])[c:15]1[O:9][CH3:3].c1ccc(P(c2ccccc2)(c2ccccc2)=[CH2:1])cc1>>[CH2:1]=[C:10]([CH3:4])[c:12]1[cH:7][c:11]([CH3:5])[c:14]([O:8][CH3:2])[c:13]([Br:6])[c:15]1[O:9][CH3:3],1,3,0.07
golden_641,Br[c:18]1[c:19]([O:12][CH3:3])[c:16]([CH3:6])[cH:9][c:17]([C:14](=[CH2:1])[CH3:5])[c:20]1[O:13][CH3:4].I[CH2:10][CH:21]([CH3:7])[C:15](=[O:8])[O:11][CH3:2]>>[CH2:1]=[C:14]([CH3:5])[c:17]1[cH:9][c:16]([CH3:6])[c:19]([O:12][CH3:3])[c:18]([CH2:10][CH:21]([CH3:7])[C:15](=[O:8])[O:11][CH3:2])[c:20]1[O:13][CH3:4],1,3,0.06
golden_642,O=[CH:19][c:14]1[cH:5][c:15]([O:10][CH3:1])[c:17]([O:11][CH3:2])[c:16]([CH:18]([CH3:3])[CH3:4])[cH:6]1.[CH2:7]([CH2:8][SH:12])[CH2:9][SH:13]>>[CH3:1][O:10][c:15]1[cH:5][c:14]([CH:19]2[S:12][CH2:8][CH2:7][CH2:9][S:13]2)[cH:6][c:16]([CH:18]([CH3:3])[CH3:4])[c:17]1[O:11][CH3:2],1,3,0.04
golden_643,Br[CH2:16][CH:8]=[C:22]([CH3:3])[CH2:14][CH2:15][CH:28]1[O:19][C:30]1([CH3:6])[CH3:7].[CH3:1][O:17][c:24]1[cH:9][c:23]([CH:29]2[S:20][CH2:12][CH2:11][CH2:13][S:21]2)[cH:10][c:25]([CH:27]([CH3:4])[CH3:5])[c:26]1[O:18][CH3:2]>>[CH3:1][O:17][c:24]1[cH:9][c:23]([C:29]2([CH2:16][CH:8]=[C:22]([CH3:3])[CH2:14][CH2:15][CH:28]3[O:19][C:30]3([CH3:6])[CH3:7])[S:20][CH2:12][CH2:11][CH2:13][S:21]2)[cH:10][c:25]([CH:27]([CH3:4])[CH3:5])[c:26]1[O:18][CH3:2],1,3,0.11
golden_644,[CH3:1][O:20][c:25]1[cH:11][c:24]([C:18]2([CH2:15][CH:10]=[C:23]([CH3:3])[CH2:17][CH2:19][CH:29]3[O:22][C:30]3([CH3:6])[CH3:7])[S:8][CH2:13][CH2:16][CH2:14][S:9]2)[cH:12][c:26]([CH:28]([CH3:4])[CH3:5])[c:27]1[O:21][CH3:2]>>[CH3:1][O:20][c:25]1[cH:11][c:24]([CH2:18][CH2:15][CH:10]=[C:23]([CH3:3])[CH2:17][CH2:19][CH:29]2[O:22][C:30]2([CH3:6])[CH3:7])[cH:12][c:26]([CH:28]([CH3:4])[CH3:5])[c:27]1[O:21][CH3:2].[SH:8][CH2:13][CH2:16][CH2:14][SH:9],1,4,0.15
golden_645,[CH3:1][O:14][c:18]1[c:17]([CH:21]([CH3:3])[CH3:4])[cH:9][c:16]([CH2:10][CH2:12][CH:23]=[C:24]([CH3:5])[CH2:13][CH2:11][CH:22]2[O:8][C:25]2([CH3:6])[CH3:7])[cH:20][c:19]1[O:15][CH3:2]>>[CH3:1][O:14][c:18]1[c:17]([CH:21]([CH3:3])[CH3:4])[cH:9][c:16]2[c:20]([c:19]1[O:15][CH3:2])[C:24]1([CH3:5])[CH2:13][CH2:11][CH:22]([OH:8])[C:25]([CH3:6])([CH3:7])[CH:23]1[CH2:12][CH2:10]2,1,4,1.49
golden_646,O=P(Cl)(Cl)Cl.O[CH:9]1[CH2:8][CH2:13][C:24]2([CH3:7])[c:20]3[c:16]([cH:10][c:17]([CH:21]([CH3:3])[CH3:4])[c:18]([O:14][CH3:1])[c:19]3[O:15][CH3:2])[CH2:11][CH2:12][CH:22]2[C:23]1([CH3:5])[CH3:6]>>[CH3:1][O:14][c:18]1[c:17]([CH:21]([CH3:3])[CH3:4])[cH:10][c:16]2[c:20]([c:19]1[O:15][CH3:2])[C:24]1([CH3:7])[CH2:13][CH:8]=[CH:9][C:23]([CH3:5])([CH3:6])[CH:22]1[CH2:12][CH2:11]2,1,2,0.11
golden_647,Br[c:23]1[c:21]([O:15][CH3:2])[cH:6][cH:7][c:22]([O:16][CH3:3])[c:24]1[CH:25]1[O:17][CH2:10][CH2:8][CH2:11][O:18]1.C[Si](C)(C)[O:4][C:19]([CH:12]=[C:20]([O:5][Si](C)(C)C)[O:14][CH2:9][CH3:1])=[CH2:13].[F-].[F-]>>[CH3:1][CH2:9][O:14][C:20](=[O:5])[CH2:12][C:19](=[O:4])[CH2:13][c:23]1[c:21]([O:15][CH3:2])[cH:6][cH:7][c:22]([O:16][CH3:3])[c:24]1[CH:25]1[O:17][CH2:10][CH2:8][CH2:11][O:18]1,1,5,0.23
golden_648,C1CO[CH:9]([c:20]2[c:18]([O:13][CH3:3])[cH:7][cH:6][c:17]([O:12][CH3:2])[c:19]2[CH2:8][C:15](=[O:5])[CH2:16][C:14](=[O:4])[O:11][CH2:10][CH3:1])OC1>>[CH3:1][CH2:10][O:11][C:14](=[O:4])[c:16]1[cH:9][c:20]2[c:18]([O:13][CH3:3])[cH:7][cH:6][c:17]([O:12][CH3:2])[c:19]2[cH:8][c:15]1[OH:5],1,6,0.16
golden_649,O=S(=O)(O[S:27](=[O:5])(=[O:6])[C:26]([F:7])([F:8])[F:9])C(F)(F)F.[CH3:1][CH2:14][O:15][C:19](=[O:4])[c:21]1[cH:13][c:25]2[c:23]([O:17][CH3:3])[cH:11][cH:10][c:22]([O:16][CH3:2])[c:24]2[cH:12][c:20]1[OH:18]>>[CH3:1][CH2:14][O:15][C:19](=[O:4])[c:21]1[cH:13][c:25]2[c:23]([O:17][CH3:3])[cH:11][cH:10][c:22]([O:16][CH3:2])[c:24]2[cH:12][c:20]1[O:18][S:27](=[O:5])(=[O:6])[C:26]([F:7])([F:8])[F:9],1,2,0.07
golden_650,CCO[C:19](=[O:5])[c:21]1[cH:14][c:25]2[c:23]([O:16][CH3:2])[cH:12][cH:11][c:22]([O:15][CH3:1])[c:24]2[cH:13][c:20]1[O:18][S:28](=[O:6])(=[O:7])[C:27]([F:8])([F:9])[F:10].[CH3:3][O:17][NH:26][CH3:4]>>[CH3:1][O:15][c:22]1[cH:11][cH:12][c:23]([O:16][CH3:2])[c:25]2[cH:14][c:21]([C:19](=[O:5])[N:26]([CH3:4])[O:17][CH3:3])[c:20]([O:18][S:28](=[O:6])(=[O:7])[C:27]([F:8])([F:9])[F:10])[cH:13][c:24]12,1,2,0.06
golden_651,CON(C)[C:9](=[O:3])[c:17]1[cH:12][c:21]2[c:19]([O:14][CH3:1])[cH:10][cH:11][c:20]([O:15][CH3:2])[c:22]2[cH:13][c:18]1[O:16][S:24](=[O:4])(=[O:5])[C:23]([F:6])([F:7])[F:8]>>[CH3:1][O:14][c:19]1[cH:10][cH:11][c:20]([O:15][CH3:2])[c:22]2[cH:13][c:18]([O:16][S:24](=[O:4])(=[O:5])[C:23]([F:6])([F:7])[F:8])[c:17]([CH:9]=[O:3])[cH:12][c:21]12,1,2,0.06
golden_652,CC(C)(C)O[OH:6].[CH3:1][CH:7]([CH3:2])[C:8]([CH2:4][OH:3])=[CH2:5]>>[CH3:1][CH:7]([CH3:2])[C:8]1([CH2:4][OH:3])[CH2:5][O:6]1,1,3,0.02
golden_653,Cl[S:14]([CH3:4])(=[O:5])=[O:6].[CH2:1]=[CH:8][CH2:9][C:13]([OH:7])([CH2:10][OH:11])[CH:12]([CH3:2])[CH3:3]>>[CH2:1]=[CH:8][CH2:9][C:13]([OH:7])([CH2:10][O:11][S:14]([CH3:4])(=[O:5])=[O:6])[CH:12]([CH3:2])[CH3:3],1,2,0.02
golden_654,CS(=O)(=O)O[CH2:6][C:9]([CH2:5][CH:4]=[CH2:1])([OH:7])[CH:8]([CH3:2])[CH3:3]>>[CH2:1]=[CH:4][CH2:5][C:9]1([CH:8]([CH3:2])[CH3:3])[CH2:6][O:7]1,1,2,0.02
golden_655,I[I:5].[CH2:1]=[CH:6][CH2:9][C:14]([CH2:10][CH2:8][C:13]([CH3:4])=[CH2:7])([OH:11])[CH:12]([CH3:2])[CH3:3]>>[CH2:1]=[CH:6][CH2:9][C:14]1([CH:12]([CH3:2])[CH3:3])[CH2:10][CH2:8][C:13]([CH3:4])([CH2:7][I:5])[O:11]1,1,3,0.02
golden_656,O[C:15](=[O:3])[C:5]#[CH:1].[CH3:2][O:14][C:16](=[O:4])[N:20]1[CH:6]=[C:17]([c:19]2[cH:10][cH:8][cH:7][cH:9][c:18]2[NH2:13])[CH2:11][CH2:12]1>>[CH:1]#[C:5][C:15](=[O:3])[NH:13][c:18]1[cH:9][cH:7][cH:8][cH:10][c:19]1[C:17]1=[CH:6][N:20]([C:16](=[O:4])[O:14][CH3:2])[CH2:12][CH2:11]1,1,2,0.05
golden_657,[CH3:1][O:13][C:16](=[O:4])[N:21]1[CH2:10][CH2:11][C:22]([c:19]2[cH:9][cH:7][cH:6][cH:8][c:18]2[NH:12][C:14](=[O:2])[C:17]#[CH:5])=[CH:20]1.[O+:3]#[C-:15]>>[CH3:1][O:13][C:16](=[O:4])[N:21]1[CH2:10][CH2:11][C:22]23[C:17](=[CH:5][C:15](=[O:3])[CH:20]12)[C:14](=[O:2])[NH:12][c:18]1[cH:8][cH:6][cH:7][cH:9][c:19]13,1,3,0.07
golden_658,[CH3:1][O:13][C:16](=[O:4])[N:21]1[CH2:10][CH2:11][C:22]23[c:18]4[cH:8][cH:6][cH:5][cH:7][c:17]4[NH:12][C:14](=[O:2])[C:19]2=[CH:9][C:15](=[O:3])[CH:20]13>>[CH3:1][O:13][C:16](=[O:4])[N:21]1[CH2:10][CH2:11][C:22]23[c:18]4[cH:8][cH:6][cH:5][cH:7][c:17]4[NH:12][C:14](=[O:2])[CH:19]2[CH2:9][C:15](=[O:3])[CH:20]13,1,2,0.06
golden_659,Br[CH2:10][CH:4]=[CH2:1].[O:2]=[C:14]1[NH:13][c:16]2[cH:7][cH:5][cH:6][cH:8][c:17]2[C:21]23[CH2:12][CH2:11][NH:20][CH:19]2[C:15](=[O:3])[CH2:9][CH:18]13>>[CH2:1]=[CH:4][CH2:10][N:20]1[CH2:11][CH2:12][C:21]23[c:17]4[cH:8][cH:6][cH:5][cH:7][c:16]4[NH:13][C:14](=[O:2])[CH:18]2[CH2:9][C:15](=[O:3])[CH:19]13,1,2,0.04
golden_660,O[C:20]1([CH:6]=[CH2:11])[CH2:12][CH:23]2[C:19](=[O:4])[NH:16][c:21]3[cH:9][cH:7][cH:8][cH:10][c:22]3[C:26]23[CH2:15][CH2:14][N:25]([CH2:13][CH:5]=[CH2:1])[CH:24]13.[CH3:2][C:18](=[O:3])[OH:17]>>[CH2:1]=[CH:5][CH2:13][N:25]1[CH2:14][CH2:15][C:26]23[c:22]4[cH:10][cH:8][cH:7][cH:9][c:21]4[NH:16][C:19](=[O:4])[CH:23]2[CH2:12][C:20](=[CH:6][CH2:11][O:17][C:18]([CH3:2])=[O:3])[CH:24]13,1,2,0.09
golden_661,CC(=O)[O:3][CH2:10][CH:5]=[C:17]1[CH2:11][CH:20]2[C:16](=[O:2])[NH:15][c:18]3[cH:8][cH:6][cH:7][cH:9][c:19]3[C:23]23[CH2:14][CH2:13][N:22]([CH2:12][CH:4]=[CH2:1])[CH:21]13.CO>>[CH2:1]=[CH:4][CH2:12][N:22]1[CH2:13][CH2:14][C:23]23[c:19]4[cH:9][cH:7][cH:6][cH:8][c:18]4[NH:15][C:16](=[O:2])[CH:20]2[CH2:11][C:17](=[CH:5][CH2:10][OH:3])[CH:21]13,1,1,0.08
golden_662,CO[C:10](=[O:4])[CH2:14][C:24]1([CH2:13][CH3:2])[CH2:15][CH:21]2[C:18](=[O:3])[NH:17][c:19]3[cH:8][cH:6][cH:7][cH:9][c:20]3[C:25]23[CH2:16][CH2:12][N:23]([CH2:11][CH:5]=[CH2:1])[CH:22]13>>[CH2:1]=[CH:5][CH2:11][N:23]1[CH2:12][CH2:16][C:25]23[c:20]4[cH:9][cH:7][cH:6][cH:8][c:19]4[NH:17][C:18](=[O:3])[CH:21]2[CH2:15][C:24]([CH2:13][CH3:2])([CH2:14][CH2:10][OH:4])[CH:22]13,1,3,0.10
golden_663,Cl[S:35](=[O:5])(=[O:6])[c:27]1[cH:13][cH:11][c:26]([CH3:3])[cH:12][cH:14]1.[CH2:1]=[CH:7][CH2:18][N:32]1[CH2:19][CH2:22][C:34]23[c:29]4[cH:16][cH:10][cH:9][cH:15][c:28]4[NH:23][C:25](=[O:4])[CH:30]2[CH2:21][C:33]([CH:8]=[CH2:2])([CH2:20][CH2:17][OH:24])[CH:31]13>>[CH2:1]=[CH:7][CH2:18][N:32]1[CH2:19][CH2:22][C:34]23[c:29]4[cH:16][cH:10][cH:9][cH:15][c:28]4[NH:23][C:25](=[O:4])[CH:30]2[CH2:21][C:33]([CH:8]=[CH2:2])([CH2:20][CH2:17][O:24][S:35](=[O:5])(=[O:6])[c:27]2[cH:13][cH:11][c:26]([CH3:3])[cH:12][cH:14]2)[CH:31]13,1,2,0.22
golden_664,Cc1ccc(S(=O)(=O)O[CH2:21][CH2:24][C:37]2([CH:6]=[CH2:2])[CH2:25][CH:34]3[C:29](=[O:3])[NH:27][c:32]4[cH:19][cH:13][cH:14][cH:20][c:33]4[C:38]34[CH2:26][CH2:23][N:36]([CH2:22][CH:5]=[CH2:1])[CH:35]24)cc1.[Se:4]([Se:28][c:31]1[cH:17][cH:11][cH:8][cH:12][cH:18]1)[c:30]1[cH:15][cH:9][cH:7][cH:10][cH:16]1>>[CH2:1]=[CH:5][CH2:22][N:36]1[CH2:23][CH2:26][C:38]23[c:33]4[cH:20][cH:14][cH:13][cH:19][c:32]4[NH:27][C:29](=[O:3])[CH:34]2[CH2:25][C:37]([CH:6]=[CH2:2])([CH2:24][CH2:21][Se:28][c:31]2[cH:17][cH:11][cH:8][cH:12][cH:18]2)[CH:35]13.[SeH:4][c:30]1[cH:15][cH:9][cH:7][cH:10][cH:16]1,1,3,2.06
golden_665,C=C[CH2:10][N:20]1[CH2:11][CH2:13][C:22]23[c:17]4[cH:9][cH:7][cH:6][cH:8][c:16]4[NH:14][C:15](=[O:2])[CH:18]2[CH2:12][C:21]([CH:3]=[CH2:1])([CH:5]=[CH2:4])[CH:19]13>>[CH2:1]=[CH:3][C:21]12[CH:5]=[CH:4][CH2:10][N:20]3[CH2:11][CH2:13][C:22]4([c:17]5[cH:9][cH:7][cH:6][cH:8][c:16]5[NH:14][C:15](=[O:2])[CH:18]4[CH2:12]1)[CH:19]32,1,3,0.12
golden_666,I[CH2:8][Cl:5].[CH2:1]=[C:10]([CH3:2])[CH:12]1[CH2:7][CH:6]=[C:11]([CH3:3])[C:13](=[O:4])[CH2:9]1>>[CH2:1]=[C:10]([CH3:2])[CH:12]1[CH2:7][CH:6]=[C:11]([CH3:3])[C:13]([OH:4])([CH2:8][Cl:5])[CH2:9]1,1,2,0.02
golden_667,Cl[CH2:8][C:13]1([OH:5])[CH2:9][CH:12]([C:10](=[CH2:1])[CH3:2])[CH2:7][CH:6]=[C:11]1[CH3:3].[K][OH:4]>>[CH2:1]=[C:10]([CH3:2])[CH:12]1[CH2:7][CH:6]=[C:11]([CH3:3])[C:13]([OH:5])([CH2:8][OH:4])[CH2:9]1,1,3,0.02
golden_668,Cl[Si:23]([CH:19]([CH3:4])[CH3:5])([CH:20]([CH3:6])[CH3:7])[CH:21]([CH3:8])[CH3:9].[CH2:1]=[C:16]([CH3:2])[CH:18]1[CH2:12][CH:11]=[C:17]([CH3:3])[C:22]([OH:10])([CH2:13][OH:15])[CH2:14]1>>[CH2:1]=[C:16]([CH3:2])[CH:18]1[CH2:12][CH:11]=[C:17]([CH3:3])[C:22]([OH:10])([CH2:13][O:15][Si:23]([CH:19]([CH3:4])[CH3:5])([CH:20]([CH3:6])[CH3:7])[CH:21]([CH3:8])[CH3:9])[CH2:14]1,1,2,0.06
golden_669,Cl[Si:32]([CH2:19][CH3:3])([CH2:20][CH3:4])[CH2:21][CH3:5].[CH:1]#[C:14][CH2:17][C:31]1([OH:22])[CH2:18][CH:27]([C:24](=[CH2:2])[CH3:6])[CH2:16][C:25]([CH2:15][O:23][Si:33]([CH:28]([CH3:8])[CH3:9])([CH:29]([CH3:10])[CH3:11])[CH:30]([CH3:12])[CH3:13])=[C:26]1[CH3:7]>>[CH:1]#[C:14][CH2:17][C:31]1([O:22][Si:32]([CH2:19][CH3:3])([CH2:20][CH3:4])[CH2:21][CH3:5])[CH2:18][CH:27]([C:24](=[CH2:2])[CH3:6])[CH2:16][C:25]([CH2:15][O:23][Si:33]([CH:28]([CH3:8])[CH3:9])([CH:29]([CH3:10])[CH3:11])[CH:30]([CH3:12])[CH3:13])=[C:26]1[CH3:7],1,2,0.17
golden_670,O=[C:27]1[CH2:19][CH:30]([C:26](=[CH2:1])[CH3:2])[CH2:21][C:34]2([CH2:20][O:25][S:36]([CH:31]([CH3:4])[CH3:5])([CH:32]([CH3:6])[CH3:7])[CH:33]([CH3:8])[CH3:9])[CH:14]=[CH:13][CH2:22][C:35]12[CH3:10].[CH3:3][c:28]1[cH:15][cH:17][c:29]([S:37](=[O:11])(=[O:12])[NH:24][NH2:23])[cH:18][cH:16]1>>[CH2:1]=[C:26]([CH3:2])[CH:30]1[CH2:19][C:27](=[N:23][NH:24][S:37](=[O:11])(=[O:12])[c:29]2[cH:17][cH:15][c:28]([CH3:3])[cH:16][cH:18]2)[C:35]2([CH3:10])[CH2:22][CH:13]=[CH:14][C:34]2([CH2:20][O:25][S:36]([CH:31]([CH3:4])[CH3:5])([CH:32]([CH3:6])[CH3:7])[CH:33]([CH3:8])[CH3:9])[CH2:21]1,1,2,0.43
golden_671,[CH2:1]=[C:27]([CH3:2])[CH:30]1[CH2:20][C:22](=[N:11][NH:25][S:37](=[O:12])(=[O:13])[c:29]2[cH:18][cH:16][c:28]([CH3:3])[cH:17][cH:19]2)[C:34]2([CH3:10])[CH2:21][CH:14]=[CH:15][C:35]2([CH2:23][O:26][S:36]([CH:31]([CH3:4])[CH3:5])([CH:32]([CH3:6])[CH3:7])[CH:33]([CH3:8])[CH3:9])[CH2:24]1>>[CH2:1]=[C:27]([CH3:2])[CH:30]1[CH2:20][CH2:22][C:34]2([CH3:10])[CH2:21][CH:14]=[CH:15][C:35]2([CH2:23][O:26][S:36]([CH:31]([CH3:4])[CH3:5])([CH:32]([CH3:6])[CH3:7])[CH:33]([CH3:8])[CH3:9])[CH2:24]1.[CH3:3][c:28]1[cH:16][cH:18][c:29]([S:37](=[O:12])(=[O:13])[NH:25][NH2:11])[cH:19][cH:17]1,1,3,0.32
golden_672,CC(C)(C)O[OH:10].[CH2:1]=[C:11]([CH3:2])[CH:12]1[CH2:5][CH2:6][C:15]2([CH3:3])[CH2:7][CH:13]=[CH:14][C:16]2([CH2:8][OH:4])[CH2:9]1>>[CH2:1]=[C:11]([CH3:2])[CH:12]1[CH2:5][CH2:6][C:15]2([CH3:3])[CH2:7][CH:13]3[O:10][CH:14]3[C:16]2([CH2:8][OH:4])[CH2:9]1,1,3,0.07
golden_673,[CH2:1]=[C:11]([CH3:2])[CH:12]1[CH2:6][CH2:7][C:15]2([CH3:3])[CH2:8][CH:13]3[O:10][CH:14]3[C:16]2([CH2:5][OH:4])[CH2:9]1>>[CH2:1]=[C:11]([CH3:2])[CH:12]1[CH2:6][CH2:7][C:15]2([CH3:3])[CH2:8][CH:13]3[O:10][CH:14]3[C:16]2([CH:5]=[O:4])[CH2:9]1,1,1,0.04
golden_674,[CH:1]#[C:6][C:16]12[CH2:11][CH:13]([C:12](=[CH2:2])[CH3:3])[CH2:7][CH2:9][C:15]1([CH3:4])[CH2:10][CH:8]1[O:5][CH:14]12>>[CH:1]#[C:6][C:16]12[CH2:11][CH:13]([C:12](=[CH2:2])[CH3:3])[CH2:7][CH2:9][C:15]1([CH3:4])[CH2:10][CH2:8][CH:14]2[OH:5],1,2,0.50
golden_675,[CH2:1]=[C:12]([CH3:2])[CH:14]1[CH2:7][CH2:9][C:16]2([CH3:4])[CH2:10][CH2:8][CH:15]([OH:6])[C:17]2([C:13]#[CH:3])[CH2:11]1.[OH2:5]>>[CH2:1]=[C:12]([CH3:2])[CH:14]1[CH2:7][CH2:9][C:16]2([CH3:4])[CH2:10][CH2:8][CH:15]([OH:6])[C:17]2([C:13]([CH3:3])=[O:5])[CH2:11]1,1,3,0.06
golden_676,Cl[CH2:12][c:16]1[cH:8][cH:5][cH:4][cH:6][cH:9]1.[CH3:1][C:14](=[O:3])[c:18]1[cH:11][cH:7][c:15]([CH3:2])[cH:10][c:17]1[OH:13]>>[CH3:1][C:14](=[O:3])[c:18]1[cH:11][cH:7][c:15]([CH3:2])[cH:10][c:17]1[O:13][CH2:12][c:16]1[cH:8][cH:5][cH:4][cH:6][cH:9]1,1,2,0.04
golden_677,Cl[Si:22]([CH3:3])([CH3:4])[CH3:5].[CH3:1][C:17](=[O:16])[c:21]1[cH:13][cH:9][c:18]([CH3:2])[cH:12][c:20]1[O:15][CH2:14][c:19]1[cH:10][cH:7][cH:6][cH:8][cH:11]1.[Li][N](C(C)C)C(C)C>>[CH2:1]=[C:17]([O:16][Si:22]([CH3:3])([CH3:4])[CH3:5])[c:21]1[cH:13][cH:9][c:18]([CH3:2])[cH:12][c:20]1[O:15][CH2:14][c:19]1[cH:10][cH:7][cH:6][cH:8][cH:11]1,1,3,0.08
golden_678,C[Si](C)(C)[O:2][C:15](=[CH2:12])[c:19]1[cH:11][cH:7][c:16]([CH3:1])[cH:10][c:18]1[O:14][CH2:13][c:17]1[cH:8][cH:5][cH:4][cH:6][cH:9]1.O=C(O[OH:3])c1cccc(Cl)c1>>[CH3:1][c:16]1[cH:7][cH:11][c:19]([C:15](=[O:2])[CH2:12][OH:3])[c:18]([O:14][CH2:13][c:17]2[cH:8][cH:5][cH:4][cH:6][cH:9]2)[cH:10]1,1,3,0.11
golden_679,Cl[Si:26]([CH3:5])([CH3:6])[C:25]([CH3:2])([CH3:3])[CH3:4].[CH3:1][c:21]1[cH:11][cH:15][c:24]([C:20](=[O:7])[CH2:16][OH:19])[c:23]([O:18][CH2:17][c:22]2[cH:12][cH:9][cH:8][cH:10][cH:13]2)[cH:14]1>>[CH3:1][c:21]1[cH:11][cH:15][c:24]([C:20](=[O:7])[CH2:16][O:19][Si:26]([CH3:5])([CH3:6])[C:25]([CH3:2])([CH3:3])[CH3:4])[c:23]([O:18][CH2:17][c:22]2[cH:12][cH:9][cH:8][cH:10][cH:13]2)[cH:14]1,1,2,0.08
golden_680,O=[C:20]([CH2:16][O:19][Si:26]([CH3:6])([CH3:7])[C:25]([CH3:3])([CH3:4])[CH3:5])[c:24]1[cH:15][cH:11][c:21]([CH3:2])[cH:14][c:23]1[O:18][CH2:17][c:22]1[cH:12][cH:9][cH:8][cH:10][cH:13]1.c1ccc([P+](c2ccccc2)(c2ccccc2)[CH3:1])cc1>>[CH2:1]=[C:20]([CH2:16][O:19][Si:26]([CH3:6])([CH3:7])[C:25]([CH3:3])([CH3:4])[CH3:5])[c:24]1[cH:15][cH:11][c:21]([CH3:2])[cH:14][c:23]1[O:18][CH2:17][c:22]1[cH:12][cH:9][cH:8][cH:10][cH:13]1,1,4,0.31
golden_681,[BH3:1].[CH3:2][c:21]1[cH:11][cH:15][c:24]([C:25](=[CH2:17])[CH2:18][O:20][Si:27]([CH3:6])([CH3:7])[C:26]([CH3:3])([CH3:4])[CH3:5])[c:23]([O:19][CH2:16][c:22]2[cH:12][cH:9][cH:8][cH:10][cH:13]2)[cH:14]1>>[BH2:1][CH2:17][CH:25]([CH2:18][O:20][Si:27]([CH3:6])([CH3:7])[C:26]([CH3:3])([CH3:4])[CH3:5])[c:24]1[cH:15][cH:11][c:21]([CH3:2])[cH:14][c:23]1[O:19][CH2:16][c:22]1[cH:12][cH:9][cH:8][cH:10][cH:13]1,1,2,0.18
golden_682,O[OH:19].[BH2:1][CH2:17][CH:26]([CH2:18][O:21][Si:28]([CH3:6])([CH3:7])[C:27]([CH3:3])([CH3:4])[CH3:5])[c:25]1[cH:15][cH:11][c:22]([CH3:2])[cH:14][c:24]1[O:20][CH2:16][c:23]1[cH:12][cH:9][cH:8][cH:10][cH:13]1>>[BH2:1][O:19][CH2:17][CH:26]([CH2:18][O:21][Si:28]([CH3:6])([CH3:7])[C:27]([CH3:3])([CH3:4])[CH3:5])[c:25]1[cH:15][cH:11][c:22]([CH3:2])[cH:14][c:24]1[O:20][CH2:16][c:23]1[cH:12][cH:9][cH:8][cH:10][cH:13]1,1,4,0.08
golden_683,B[O:2][CH2:13][CH:20]([CH2:14][O:3][Si](C)(C)C(C)(C)C)[c:19]1[cH:11][cH:7][c:16]([CH3:1])[cH:10][c:18]1[O:15][CH2:12][c:17]1[cH:8][cH:5][cH:4][cH:6][cH:9]1.[OH-].[OH-]>>[CH3:1][c:16]1[cH:7][cH:11][c:19]([CH:20]([CH2:13][OH:2])[CH2:14][OH:3])[c:18]([O:15][CH2:12][c:17]2[cH:8][cH:5][cH:4][cH:6][cH:9]2)[cH:10]1,1,2,0.07
golden_684,[CH2:1]([O:5][c:18]1[cH:12][c:17]([CH3:2])[cH:11][cH:13][c:19]1[CH:20]([CH2:14][OH:3])[CH2:15][OH:4])[c:16]1[cH:9][cH:7][cH:6][cH:8][cH:10]1>>[CH3:1][c:16]1[cH:9][cH:7][cH:6][cH:8][cH:10]1.[CH3:2][c:17]1[cH:11][cH:13][c:19]([CH:20]([CH2:14][OH:3])[CH2:15][OH:4])[c:18]([OH:5])[cH:12]1,1,2,0.50
golden_685,O=[C:16]([CH3:2])[CH3:3].[CH3:1][c:12]1[cH:5][cH:7][c:14]([CH:15]([CH2:8][OH:10])[CH2:9][OH:11])[c:13]([OH:4])[cH:6]1>>[CH3:1][c:12]1[cH:5][cH:7][c:14]([CH:15]2[CH2:8][O:10][C:16]([CH3:2])([CH3:3])[O:11][CH2:9]2)[c:13]([OH:4])[cH:6]1,1,3,0.04
golden_686,Cl[Si:23]([CH3:7])([CH3:8])[C:22]([CH3:4])([CH3:5])[CH3:6].[CH3:1][c:17]1[cH:9][cH:11][c:19]([CH:20]2[CH2:12][O:14][C:21]([CH3:2])([CH3:3])[O:15][CH2:13]2)[c:18]([OH:16])[cH:10]1>>[CH3:1][c:17]1[cH:9][cH:11][c:19]([CH:20]2[CH2:12][O:14][C:21]([CH3:2])([CH3:3])[O:15][CH2:13]2)[c:18]([O:16][Si:23]([CH3:7])([CH3:8])[C:22]([CH3:4])([CH3:5])[CH3:6])[cH:10]1,1,2,0.16
golden_687,[CH3:1][c:17]1[cH:9][cH:11][c:19]([CH:20]2[CH2:12][O:14][C:21]([CH3:2])([CH3:3])[O:15][CH2:13]2)[c:18]([O:16][Si:23]([CH3:7])([CH3:8])[C:22]([CH3:4])([CH3:5])[CH3:6])[cH:10]1>>[CH3:1][C:17]1=[CH:9][CH2:11][C:19]([CH:20]2[CH2:12][O:14][C:21]([CH3:2])([CH3:3])[O:15][CH2:13]2)=[C:18]([O:16][Si:23]([CH3:7])([CH3:8])[C:22]([CH3:4])([CH3:5])[CH3:6])[CH2:10]1,1,2,0.18
golden_688,CC(C)(C)[Si](C)(C)[O:4][C:12]1=[C:15]([CH:14]2[CH2:7][O:10][C:16]([CH3:2])([CH3:3])[O:11][CH2:8]2)[CH2:9][CH:5]=[C:13]([CH3:1])[CH2:6]1.[F-]>>[CH3:1][C:13]1=[CH:5][CH2:9][CH:15]([CH:14]2[CH2:7][O:10][C:16]([CH3:2])([CH3:3])[O:11][CH2:8]2)[C:12](=[O:4])[CH2:6]1,1,2,0.05
golden_689,[CH3:1][C:19]1([CH3:2])[O:11][CH2:7][CH:16]([CH:17]2[CH2:9][CH:18]=[C:20]([CH3:3])[CH2:10][C:15]2=[O:4])[CH2:8][O:12]1.[O:5]=[Os:21](=[O:6])(=[O:13])=[O:14]>>[CH3:1][C:19]1([CH3:2])[O:11][CH2:7][CH:16]([CH:17]2[CH2:9][CH:18]3[O:13][Os:21](=[O:5])(=[O:6])[O:14][C:20]3([CH3:3])[CH2:10][C:15]2=[O:4])[CH2:8][O:12]1,1,2,0.04
golden_690,[CH3:1][C:21]1([CH3:2])[O:15][CH2:11][CH:18]([CH:19]2[CH2:13][CH:20]3[O:9][Os:23](=[O:5])(=[O:6])[O:10][C:22]3([CH3:3])[CH2:14][C:17]2=[O:4])[CH2:12][O:16]1.[OH2:7].[OH2:8]>>[CH3:1][C:21]1([CH3:2])[O:15][CH2:11][CH:18]([CH:19]2[CH2:13][CH:20]([OH:7])[C:22]([CH3:3])([OH:8])[CH2:14][C:17]2=[O:4])[CH2:12][O:16]1.[O:5]=[Os:23](=[O:6])([OH:9])[OH:10],1,4,0.04
golden_691,[CH3:1][C:17]1([CH3:2])[O:11][CH2:7][CH:15]([CH:16]2[CH2:9][CH:14]([OH:5])[C:18]([CH3:3])([OH:6])[CH2:10][C:13]2=[O:4])[CH2:8][O:12]1>>[CH3:1][C:17]1([CH3:2])[O:11][CH2:7][CH:15]([CH:16]2[CH2:9][C:14](=[O:5])[C:18]([CH3:3])([OH:6])[CH2:10][C:13]2=[O:4])[CH2:8][O:12]1,1,1,0.03
golden_692,Br[c:11]1[cH:5][cH:4][cH:7][c:13]2[nH:10][cH:6][c:12]([CH2:9][CH2:8][OH:2])[c:14]12.[O:1]=[CH2:3]>>[O:1]=[CH:3][c:11]1[cH:5][cH:4][cH:7][c:13]2[nH:10][cH:6][c:12]([CH2:9][CH2:8][OH:2])[c:14]12,1,3,0.03
golden_693,O=[CH:6][c:15]1[cH:8][cH:7][cH:10][c:17]2[nH:14][cH:9][c:16]([CH2:12][CH2:11][OH:5])[c:18]12.[CH3:1][C:20]([CH3:2])([CH3:3])[S:19](=[O:4])[NH2:13]>>[CH3:1][C:20]([CH3:2])([CH3:3])[S:19](=[O:4])[N:13]=[CH:6][c:15]1[cH:8][cH:7][cH:10][c:17]2[nH:14][cH:9][c:16]([CH2:12][CH2:11][OH:5])[c:18]12,1,2,0.04
golden_694,Cl[S:39](=[O:7])(=[O:8])[c:30]1[cH:17][cH:13][c:28]([CH3:1])[cH:14][cH:18]1.Cl[S:40](=[O:9])(=[O:10])[c:31]1[cH:19][cH:15][c:29]([CH3:2])[cH:16][cH:20]1.[CH3:3][C:38]([CH3:4])([CH3:5])[S:37](=[O:6])[N:26]=[CH:11][c:32]1[cH:21][cH:12][cH:22][c:35]2[c:34]1[c:33]([CH2:25][CH2:24][OH:27])[cH:23][nH:36]2>>[CH3:1][c:28]1[cH:13][cH:17][c:30]([S:39](=[O:7])(=[O:8])[O:27][CH2:24][CH2:25][c:33]2[cH:23][n:36]([S:40](=[O:9])(=[O:10])[c:31]3[cH:19][cH:15][c:29]([CH3:2])[cH:16][cH:20]3)[c:35]3[cH:22][cH:12][cH:21][c:32]([CH:11]=[N:26][S:37](=[O:6])[C:38]([CH3:3])([CH3:4])[CH3:5])[c:34]23)[cH:18][cH:14]1,1,4,0.21
golden_695,Cc1ccc(S(=O)(=O)O[CH2:20][CH2:19][c:24]2[cH:18][n:30]([S:33](=[O:8])(=[O:9])[c:23]3[cH:14][cH:12][c:22]([CH3:3])[cH:13][cH:15]3)[c:27]3[cH:17][cH:11][cH:16][c:25]([CH:28]([CH:10]=[C:21]([CH3:1])[CH3:2])[NH:29][S:31](=[O:7])[C:32]([CH3:4])([CH3:5])[CH3:6])[c:26]23)cc1>>[CH3:1][C:21]([CH3:2])=[CH:10][CH:28]1[c:25]2[cH:16][cH:11][cH:17][c:27]3[c:26]2[c:24]([cH:18][n:30]3[S:33](=[O:8])(=[O:9])[c:23]2[cH:14][cH:12][c:22]([CH3:3])[cH:13][cH:15]2)[CH2:19][CH2:20][N:29]1[S:31](=[O:7])[C:32]([CH3:4])([CH3:5])[CH3:6],1,2,0.21
golden_696,[NH2:1][c:15]1[cH:5][cH:3][cH:4][cH:6][c:16]1[NH2:12].[S:2]=[C:14]=[N:13][CH:17]1[CH2:9][CH2:7][NH:11][CH2:8][CH2:10]1>>[NH2:1][c:15]1[cH:5][cH:3][cH:4][cH:6][c:16]1[NH:12][C:14](=[S:2])[NH:13][CH:17]1[CH2:9][CH2:7][NH:11][CH2:8][CH2:10]1,1,1,0.04
golden_697,Br[CH2:13][c:22]1[cH:7][cH:5][c:21]([F:1])[cH:6][cH:8]1.[S:2]=[C:20]([NH:18][c:24]1[cH:10][cH:4][cH:3][cH:9][c:23]1[NH2:17])[NH:19][CH:25]1[CH2:14][CH2:11][NH:16][CH2:12][CH2:15]1>>[F:1][c:21]1[cH:5][cH:7][c:22]([CH2:13][NH:17][c:23]2[cH:9][cH:3][cH:4][cH:10][c:24]2[NH:18][C:20](=[S:2])[NH:19][CH:25]2[CH2:14][CH2:11][NH:16][CH2:12][CH2:15]2)[cH:8][cH:6]1,1,2,0.09
golden_698,Br[CH2:18][CH2:15][c:26]1[cH:7][cH:11][c:28]([O:24][CH3:1])[cH:12][cH:8]1.[F:2][c:25]1[cH:5][cH:9][c:27]([CH2:21][n:34]2[c:29]([NH:23][CH:32]3[CH2:16][CH2:19][NH:33][CH2:20][CH2:17]3)[n:22][c:30]3[cH:13][cH:3][cH:4][cH:14][c:31]32)[cH:10][cH:6]1>>[CH3:1][O:24][c:28]1[cH:11][cH:7][c:26]([CH2:15][CH2:18][N:33]2[CH2:19][CH2:16][CH:32]([NH:23][c:29]3[n:22][c:30]4[cH:13][cH:3][cH:4][cH:14][c:31]4[n:34]3[CH2:21][c:27]3[cH:9][cH:5][c:25]([F:2])[cH:6][cH:10]3)[CH2:17][CH2:20]2)[cH:8][cH:12]1,1,2,0.14
golden_699,O=[C:5]([OH:4])[C:6]([CH3:1])([CH3:2])[CH3:3]>>[CH3:1][C:6]([CH3:2])([CH3:3])[CH2:5][OH:4],1,3,0.01
golden_700,[CH3:1][C:6]([CH3:2])([CH3:3])[CH2:5][OH:4]>>[CH3:1][C:6]([CH3:2])([CH3:3])[CH:5]=[O:4],1,1,0.00
golden_701,O=[CH:2][c:13]1[cH:6][cH:8][c:14](-[c:15]2[cH:10][cH:4][cH:3][cH:5][n:12]2)[cH:9][cH:7]1.[NH2:1][NH2:11]>>[NH2:1][N:11]=[CH:2][c:13]1[cH:6][cH:8][c:14](-[c:15]2[cH:10][cH:4][cH:3][cH:5][n:12]2)[cH:9][cH:7]1,1,2,0.03
golden_702,[NH2:1][N:12]=[CH:10][c:13]1[cH:5][cH:7][c:14](-[c:15]2[cH:9][cH:3][cH:2][cH:4][n:11]2)[cH:8][cH:6]1>>[NH2:1][NH:12][CH2:10][c:13]1[cH:5][cH:7][c:14](-[c:15]2[cH:9][cH:3][cH:2][cH:4][n:11]2)[cH:8][cH:6]1,1,1,0.06
golden_703,[NH2:1][CH:25]([CH2:17][c:21]1[cH:10][cH:6][cH:4][cH:7][cH:11]1)[CH:26]1[O:3][CH2:19]1.[NH2:2][NH:27][CH2:18][c:22]1[cH:12][cH:14][c:23](-[c:24]2[cH:16][cH:8][cH:5][cH:9][n:20]2)[cH:15][cH:13]1>>[NH2:1][CH:25]([CH2:17][c:21]1[cH:10][cH:6][cH:4][cH:7][cH:11]1)[CH:26]([OH:3])[CH2:19][N:27]([NH2:2])[CH2:18][c:22]1[cH:12][cH:14][c:23](-[c:24]2[cH:16][cH:8][cH:5][cH:9][n:20]2)[cH:15][cH:13]1,1,2,0.11
golden_704,O[C:39](=[O:11])[CH:47]([NH:32][C:37](=[O:9])[O:35][CH3:1])[C:50]([CH3:3])([CH3:4])[CH3:5].[CH3:2][O:36][C:38](=[O:10])[NH:33][CH:48]([C:40](=[O:12])[NH:34][N:49]([CH2:28][c:42]1[cH:22][cH:24][c:43](-[c:44]2[cH:26][cH:18][cH:15][cH:19][n:30]2)[cH:25][cH:23]1)[CH2:29][CH:45]([OH:13])[CH:46]([CH2:27][c:41]1[cH:20][cH:16][cH:14][cH:17][cH:21]1)[NH2:31])[C:51]([CH3:6])([CH3:7])[CH3:8]>>[CH3:1][O:35][C:37](=[O:9])[NH:32][CH:47]([C:39](=[O:11])[NH:31][CH:46]([CH2:27][c:41]1[cH:20][cH:16][cH:14][cH:17][cH:21]1)[CH:45]([OH:13])[CH2:29][N:49]([CH2:28][c:42]1[cH:22][cH:24][c:43](-[c:44]2[cH:26][cH:18][cH:15][cH:19][n:30]2)[cH:25][cH:23]1)[NH:34][C:40](=[O:12])[CH:48]([NH:33][C:38](=[O:10])[O:36][CH3:2])[C:51]([CH3:6])([CH3:7])[CH3:8])[C:50]([CH3:3])([CH3:4])[CH3:5],1,2,1.94
golden_705,[O:1]=[N+:13]([O-:2])[CH3:9].[O:3]=[CH:12][c:11]1[cH:7][cH:5][c:10]([Cl:4])[cH:6][cH:8]1>>[O:1]=[N+:13]([O-:2])[CH2:9][CH:12]([OH:3])[c:11]1[cH:7][cH:5][c:10]([Cl:4])[cH:6][cH:8]1,1,2,0.03
golden_706,CO[C:15](=[O:2])[CH:18]1[CH2:11][CH2:8][CH2:9][NH:13]1.[O:1]=[C:14]([CH2:10][NH2:12])[c:17]1[cH:6][cH:4][c:16]([Br:3])[cH:5][cH:7]1>>[O:1]=[C:14]([CH2:10][NH:12][C:15](=[O:2])[CH:18]1[CH2:11][CH2:8][CH2:9][NH:13]1)[c:17]1[cH:6][cH:4][c:16]([Br:3])[cH:5][cH:7]1,1,2,0.03
golden_707,O[C:29](=[O:7])[CH:41]([NH2:5])[CH:39]([CH3:1])[CH3:2].O[C:30](=[O:8])[CH:42]([NH2:6])[CH:40]([CH3:3])[CH3:4].[cH:9]1[cH:13][c:33](-[c:35]2[cH:17][nH:27][c:37]([CH:43]3[CH2:21][CH2:19][CH2:23][NH:45]3)[n:25]2)[cH:14][cH:10][c:31]1-[c:32]1[cH:11][cH:15][c:34](-[c:36]2[cH:18][nH:28][c:38]([CH:44]3[CH2:22][CH2:20][CH2:24][NH:46]3)[n:26]2)[cH:16][cH:12]1>>[CH3:1][CH:39]([CH3:2])[CH:41]([NH2:5])[C:29](=[O:7])[N:45]1[CH2:23][CH2:19][CH2:21][CH:43]1[c:37]1[n:25][c:35](-[c:33]2[cH:13][cH:9][c:31](-[c:32]3[cH:11][cH:15][c:34](-[c:36]4[cH:18][nH:28][c:38]([CH:44]5[CH2:22][CH2:20][CH2:24][N:46]5[C:30](=[O:8])[CH:42]([NH2:6])[CH:40]([CH3:3])[CH3:4])[n:26]4)[cH:16][cH:12]3)[cH:10][cH:14]2)[cH:17][nH:27]1,1,4,0.40
golden_708,Cc1ccc(S(=O)(=O)O[CH:19]2[CH2:14][CH2:13][NH:16][CH2:15]2)cc1.[N:1]#[C:2][CH:20]([c:17]1[cH:9][cH:5][cH:3][cH:6][cH:10]1)[c:18]1[cH:11][cH:7][cH:4][cH:8][cH:12]1>>[N:1]#[C:2][C:20]([c:17]1[cH:9][cH:5][cH:3][cH:6][cH:10]1)([c:18]1[cH:11][cH:7][cH:4][cH:8][cH:12]1)[CH:19]1[CH2:14][CH2:13][NH:16][CH2:15]1,1,3,1.13
golden_709,O[C:12](=[O:2])[CH2:8][c:13]1[cH:3][cH:5][c:15]2[c:14]([cH:4]1)[CH2:9][CH2:7][O:11]2.[CH3:1][CH2:6][OH:10]>>[CH3:1][CH2:6][O:10][C:12](=[O:2])[CH2:8][c:13]1[cH:3][cH:5][c:15]2[c:14]([cH:4]1)[CH2:9][CH2:7][O:11]2,1,2,0.06
golden_710,CCO[C:5](=[O:1])[CH2:7][c:10]1[cH:2][cH:4][c:12]2[c:11]([cH:3]1)[CH2:8][CH2:6][O:9]2>>[OH:1][CH2:5][CH2:7][c:10]1[cH:2][cH:4][c:12]2[c:11]([cH:3]1)[CH2:8][CH2:6][O:9]2,1,3,0.04
golden_711,Br[CH2:20][CH2:17][c:24]1[cH:9][cH:15][c:28]2[c:27]([cH:14]1)[CH2:18][CH2:16][O:23]2.[N:1]#[C:2][C:31]([c:25]1[cH:10][cH:5][cH:3][cH:6][cH:11]1)([c:26]1[cH:12][cH:7][cH:4][cH:8][cH:13]1)[CH:29]1[CH2:19][CH2:21][NH:30][CH2:22]1>>[N:1]#[C:2][C:31]([c:25]1[cH:10][cH:5][cH:3][cH:6][cH:11]1)([c:26]1[cH:12][cH:7][cH:4][cH:8][cH:13]1)[CH:29]1[CH2:19][CH2:21][N:30]([CH2:20][CH2:17][c:24]2[cH:9][cH:15][c:28]3[c:27]([cH:14]2)[CH2:18][CH2:16][O:23]3)[CH2:22]1,1,2,0.13
golden_712,[N:1]#[C:24][C:32]([c:26]1[cH:10][cH:5][cH:3][cH:6][cH:11]1)([c:27]1[cH:12][cH:7][cH:4][cH:8][cH:13]1)[CH:30]1[CH2:19][CH2:21][N:31]([CH2:20][CH2:17][c:25]2[cH:9][cH:15][c:29]3[c:28]([cH:14]2)[CH2:18][CH2:16][O:23]3)[CH2:22]1.[OH2:2]>>[NH2:1][C:24](=[O:2])[C:32]([c:26]1[cH:10][cH:5][cH:3][cH:6][cH:11]1)([c:27]1[cH:12][cH:7][cH:4][cH:8][cH:13]1)[CH:30]1[CH2:19][CH2:21][N:31]([CH2:20][CH2:17][c:25]2[cH:9][cH:15][c:29]3[c:28]([cH:14]2)[CH2:18][CH2:16][O:23]3)[CH2:22]1,1,1,0.14
golden_713,O=[C:14]([CH3:1])[c:19]1[cH:11][cH:7][c:16]([Br:4])[cH:10][c:18]1[OH:2].[Br:3][c:15]1[cH:5][cH:8][c:17]([NH:13][NH2:12])[cH:9][cH:6]1>>[CH3:1][C:14](=[N:12][NH:13][c:17]1[cH:8][cH:5][c:15]([Br:3])[cH:6][cH:9]1)[c:19]1[cH:11][cH:7][c:16]([Br:4])[cH:10][c:18]1[OH:2],1,2,0.03
golden_714,Cl[c:14]1[n:10][c:12]([Cl:3])[cH:4][cH:5][c:13]1[N+:16](=[O:1])[O-:2].[CH2:6]1[CH2:8][NH:15][CH2:9][CH2:7][NH:11]1>>[O:1]=[N+:16]([O-:2])[c:13]1[cH:5][cH:4][c:12]([Cl:3])[n:10][c:14]1[N:15]1[CH2:8][CH2:6][NH:11][CH2:7][CH2:9]1,1,2,0.04
golden_715,Cl[c:15]1[cH:5][cH:6][c:16]([N+:19](=[O:3])[O-:4])[c:17]([N:18]2[CH2:9][CH2:7][NH:12][CH2:8][CH2:10]2)[n:11]1.[CH3:1][C:14](=[O:2])[NH2:13]>>[CH3:1][C:14](=[O:2])[NH:13][c:15]1[cH:5][cH:6][c:16]([N+:19](=[O:3])[O-:4])[c:17]([N:18]2[CH2:9][CH2:7][NH:12][CH2:8][CH2:10]2)[n:11]1,1,2,0.05
golden_716,[CH3:1][C:14](=[O:3])[NH:13][c:15]1[cH:4][cH:5][c:16]([NH2:11])[c:17]([N:18]2[CH2:8][CH2:6][NH:12][CH2:7][CH2:9]2)[n:10]1.[NH3:2]>>[CH3:1][C:14](=[O:3])[NH:13][c:15]1[cH:4][cH:5][c:16]([N+:11]#[N:2])[c:17]([N:18]2[CH2:8][CH2:6][NH:12][CH2:7][CH2:9]2)[n:10]1,1,1,0.02
golden_717,COC(=O)[C:23]([NH:2]C(C)=O)([C:18]([O:3][CH3:17])=[O:4])[CH2:19][C:22](=[O:5])[c:21]1[cH:8][cH:6][c:20]([CH2:16][CH2:15][CH2:14][CH2:13][CH2:12][CH2:11][CH2:10][CH3:1])[cH:7][cH:9]1>>[CH3:1][CH2:10][CH2:11][CH2:12][CH2:13][CH2:14][CH2:15][CH2:16][c:20]1[cH:6][cH:8][c:21]([CH:22]([OH:5])[CH2:19][C:23]([NH2:2])([CH2:17][OH:3])[CH2:18][OH:4])[cH:9][cH:7]1,1,8,1.42
golden_718,O[CH:5]([CH2:6][C:22]([NH2:2])([CH2:18][OH:3])[CH2:19][OH:4])[c:20]1[cH:7][cH:9][c:21]([CH2:17][CH2:16][CH2:15][CH2:14][CH2:13][CH2:12][CH2:11][CH3:1])[cH:10][cH:8]1>>[CH3:1][CH2:11][CH2:12][CH2:13][CH2:14][CH2:15][CH2:16][CH2:17][c:21]1[cH:9][cH:7][c:20]([CH:5]=[CH:6][C:22]([NH2:2])([CH2:18][OH:3])[CH2:19][OH:4])[cH:8][cH:10]1,1,2,0.07
golden_719,[CH3:1][CH2:9][CH2:10][CH2:11][CH2:12][CH2:13][CH2:14][CH2:15][c:20]1[cH:5][cH:7][c:21]([CH:16]=[CH:19][C:22]([NH2:2])([CH2:17][OH:3])[CH2:18][OH:4])[cH:8][cH:6]1>>[CH3:1][CH2:9][CH2:10][CH2:11][CH2:12][CH2:13][CH2:14][CH2:15][c:20]1[cH:5][cH:7][c:21]([CH2:16][CH2:19][C:22]([NH2:2])([CH2:17][OH:3])[CH2:18][OH:4])[cH:8][cH:6]1,1,2,0.07
golden_720,O[C:28](=[O:7])[CH:38]([NH:22][C:26](=[O:5])[O:25][CH:36]1[CH2:17][CH:35]1[CH2:16][CH2:15][CH2:14][C:9]#[C:10][c:30]1[n:20][c:32]2[cH:12][cH:11][c:29]([O:23][CH3:1])[cH:13][c:33]2[n:21][c:31]1[O:24][CH:34]1[CH2:18][CH:37]([C:27](=[O:6])[OH:8])[NH:39][CH2:19]1)[C:40]([CH3:2])([CH3:3])[CH3:4]>>[CH3:1][O:23][c:29]1[cH:11][cH:12][c:32]2[n:20][c:30]3[c:31]([n:21][c:33]2[cH:13]1)[O:24][CH:34]1[CH2:18][CH:37]([C:27](=[O:6])[OH:8])[N:39]([CH2:19]1)[C:28](=[O:7])[CH:38]([C:40]([CH3:2])([CH3:3])[CH3:4])[NH:22][C:26](=[O:5])[O:25][CH:36]1[CH2:17][CH:35]1[CH2:16][CH2:15][CH2:14][C:9]#[C:10]3,1,2,0.16
golden_721,[CH3:1][O:23][c:29]1[cH:9][cH:10][c:32]2[n:20][c:30]3[c:31]([n:21][c:33]2[cH:11]1)[O:24][CH:34]1[CH2:18][CH:37]([C:27](=[O:6])[OH:8])[N:39]([CH2:19]1)[C:28](=[O:7])[CH:38]([C:40]([CH3:2])([CH3:3])[CH3:4])[NH:22][C:26](=[O:5])[O:25][CH:36]1[CH2:17][CH:35]1[CH2:16][CH2:14][CH2:12][C:13]#[C:15]3>>[CH3:1][O:23][c:29]1[cH:9][cH:10][c:32]2[n:20][c:30]3[c:31]([n:21][c:33]2[cH:11]1)[O:24][CH:34]1[CH2:18][CH:37]([C:27](=[O:6])[OH:8])[N:39]([CH2:19]1)[C:28](=[O:7])[CH:38]([C:40]([CH3:2])([CH3:3])[CH3:4])[NH:22][C:26](=[O:5])[O:25][CH:36]1[CH2:17][CH:35]1[CH2:16][CH2:14][CH2:12][CH2:13][CH2:15]3,1,4,1.34
golden_722,O[C:36](=[O:7])[CH:47]1[CH2:22][CH:44]2[CH2:25][N:51]1[C:37](=[O:8])[CH:48]([C:52]([CH3:3])([CH3:4])[CH3:5])[NH:29][C:35](=[O:6])[O:34][CH:46]1[CH2:21][CH:45]1[CH2:20][CH2:18][CH2:16][CH2:17][CH2:19][c:40]1[n:27][c:42]3[cH:14][cH:13][c:39]([O:32][CH3:2])[cH:15][c:43]3[n:28][c:41]1[O:33]2.[CH2:1]=[CH:12][CH:49]1[CH2:26][C:53]1([NH2:30])[C:38](=[O:9])[NH:31][S:54](=[O:10])(=[O:11])[CH:50]1[CH2:23][CH2:24]1>>[CH2:1]=[CH:12][CH:49]1[CH2:26][C:53]1([NH:30][C:36](=[O:7])[CH:47]1[CH2:22][CH:44]2[CH2:25][N:51]1[C:37](=[O:8])[CH:48]([C:52]([CH3:3])([CH3:4])[CH3:5])[NH:29][C:35](=[O:6])[O:34][CH:46]1[CH2:21][CH:45]1[CH2:20][CH2:18][CH2:16][CH2:17][CH2:19][c:40]1[n:27][c:42]3[cH:14][cH:13][c:39]([O:32][CH3:2])[cH:15][c:43]3[n:28][c:41]1[O:33]2)[C:38](=[O:9])[NH:31][S:54](=[O:10])(=[O:11])[CH:50]1[CH2:23][CH2:24]1,1,2,0.34
golden_723,[CH3:1][CH:19]([CH3:2])[CH2:10][n:20]1[cH:9][n:12][c:16]2[c:14]([C:13]#[N:3])[n:11][c:15]3[cH:7][cH:5][cH:6][cH:8][c:17]3[c:18]21.[OH2:4]>>[CH3:1][CH:19]([CH3:2])[CH2:10][n:20]1[cH:9][n:12][c:16]2[c:14]([C:13]([NH2:3])=[O:4])[n:11][c:15]3[cH:7][cH:5][cH:6][cH:8][c:17]3[c:18]21,1,1,0.05
golden_724,[O:1]=[CH:3][NH:12][NH2:13].[S:2]=[C:15]=[N:14][c:16]1[cH:6][cH:7][c:17]([CH:20]2[CH2:10][CH2:11]2)[c:19]2[cH:9][cH:5][cH:4][cH:8][c:18]12>>[O:1]=[CH:3][NH:12][NH:13][C:15](=[S:2])[NH:14][c:16]1[cH:6][cH:7][c:17]([CH:20]2[CH2:10][CH2:11]2)[c:19]2[cH:9][cH:5][cH:4][cH:8][c:18]12,1,1,0.04
golden_725,O=[CH:4][c:13]1[cH:7][nH:10][c:14]2[cH:8][cH:6][c:12]([O:11][CH3:1])[cH:9][c:15]12.[O:2]=[N+:16]([O-:3])[CH3:5]>>[CH3:1][O:11][c:12]1[cH:6][cH:8][c:14]2[nH:10][cH:7][c:13]([CH:4]=[CH:5][N+:16](=[O:2])[O-:3])[c:15]2[cH:9]1,1,4,0.03
golden_726,[CH3:1][CH2:8][O:11][C:13](=[O:3])[CH:10]=[CH:18][O:12][c:16]1[cH:7][cH:5][cH:6][c:15]([CH2:9][CH3:2])[c:17]1[CH:14]=[O:4]>>[CH3:1][CH2:8][O:11][C:13](=[O:3])[CH2:10][CH:18]1[O:12][c:16]2[cH:7][cH:5][cH:6][c:15]([CH2:9][CH3:2])[c:17]2[C:14]1=[O:4],1,3,0.04
golden_727,[CH3:1][CH2:16][O:18][C:19]1([C:11]#[N:8])[O:9][C:10](=[N:7][C:23]([CH3:5])([CH3:6])[CH2:17][C:22]([CH3:2])([CH3:3])[CH3:4])[c:20]2[cH:14][cH:12][cH:13][cH:15][c:21]21>>[CH3:1][CH2:16][O:18][C:19](=[O:9])[c:21]1[cH:15][cH:13][cH:12][cH:14][c:20]1[C:10]#[N:7].[CH3:2][C:22]([CH3:3])([CH3:4])[CH2:17][C:23]([CH3:5])([CH3:6])[C:11]#[N:8],1,4,0.59
golden_728,[CH3:1][S:19](=[O:2])(=[O:3])[NH:13][C:14]1([C:18]2=[CH:17][CH2:11][CH2:10][c:15]3[cH:7][cH:5][cH:6][cH:8][c:16]32)[CH2:9][CH2:12]1.[FH:4]>>[CH3:1][S:19](=[O:2])(=[O:3])[N:13]=[C:14]1[CH2:9][CH2:12][C:18]12[c:16]1[cH:8][cH:6][cH:5][cH:7][c:15]1[CH2:10][CH2:11][CH:17]2[F:4],1,3,0.05
golden_729,[CH3:1][CH:6]=[CH:7][CH:17]([CH3:4])[S:13][C:14](=[O:5])[N:12]([CH3:2])[c:16]1[cH:10][cH:8][c:15]([CH3:3])[cH:9][cH:11]1>>[CH3:1][CH:6]=[CH:7][C:17]([CH3:4])([S:13][C:14](=[O:5])[NH:12][CH3:2])[c:16]1[cH:10][cH:8][c:15]([CH3:3])[cH:9][cH:11]1,1,3,0.03
golden_730,[CH3:1][O:25][C:26](=[O:3])[CH:29]=[C:35]([N:24]([CH:9]([C:27]#[C:28][c:32]1[cH:20][cH:14][cH:11][cH:15][cH:21]1)[c:31]1[cH:18][cH:12][cH:10][cH:13][cH:19]1)[S:36](=[O:4])(=[O:5])[c:33]1[cH:22][cH:16][c:30]([CH3:2])[cH:17][cH:23]1)[C:34]([F:6])([F:7])[F:8]>>[CH3:1][O:25][C:26](=[O:3])[C:29]1=[C:28]([c:32]2[cH:20][cH:14][cH:11][cH:15][cH:21]2)[C:27](=[CH:9][c:31]2[cH:18][cH:12][cH:10][cH:13][cH:19]2)[C:35]1([NH:24][S:36](=[O:4])(=[O:5])[c:33]1[cH:22][cH:16][c:30]([CH3:2])[cH:17][cH:23]1)[C:34]([F:6])([F:7])[F:8],1,4,1.74
golden_731,[CH3:1][c:28]1[cH:12][cH:16][c:30]([S:39](=[O:3])(=[O:4])[N:24]2[CH2:22][CH:36]=[C:38]([c:29]3[cH:14][cH:6][cH:5][cH:7][cH:15]3)[CH2:23][O:25][CH:35]([c:34]3[cH:21][cH:11][cH:8][cH:18][c:31]3[CH3:2])[c:37]3[o:26][c:32]4[cH:19][cH:9][cH:10][cH:20][c:33]4[c:27]32)[cH:17][cH:13]1>>[CH3:1][c:28]1[cH:12][cH:16][c:30]([S:39](=[O:3])(=[O:4])[CH:36]2[CH2:22][N:24]=[C:27]3[c:33]4[cH:20][cH:10][cH:9][cH:19][c:32]4[O:26][C:37]34[CH:35]([c:34]3[cH:21][cH:11][cH:8][cH:18][c:31]3[CH3:2])[O:25][CH2:23][C:38]24[c:29]2[cH:14][cH:6][cH:5][cH:7][cH:15]2)[cH:17][cH:13]1,1,3,0.29
golden_732,O=C1O[C:27]([CH:5]=[CH2:24])([c:30]2[cH:15][cH:11][c:28]([CH3:1])[cH:12][cH:16]2)[CH2:23][O:25]1.[CH3:2][c:29]1[cH:13][cH:19][c:32]([S:39](=[O:3])(=[O:4])[N:38]=[C:34]2[C:33](=[CH:37][c:31]3[cH:17][cH:7][cH:6][cH:8][cH:18]3)[O:26][c:35]3[cH:21][cH:9][cH:10][cH:22][c:36]32)[cH:20][cH:14]1>>[CH3:1][c:28]1[cH:11][cH:15][c:30]([C:27]2=[CH:5][CH2:24][N:38]([S:39](=[O:3])(=[O:4])[c:32]3[cH:19][cH:13][c:29]([CH3:2])[cH:14][cH:20]3)[c:34]3[c:33]([o:26][c:35]4[cH:21][cH:9][cH:10][cH:22][c:36]34)[CH:37]([c:31]3[cH:17][cH:7][cH:6][cH:8][cH:18]3)[O:25][CH2:23]2)[cH:16][cH:12]1,1,4,0.51
golden_733,[CH3:1][c:27]1[cH:12][cH:18][c:30]([S:39](=[O:2])(=[O:3])[N:37]2[CH2:22][CH:36]3[O:25][C:38]3([c:29]3[cH:16][cH:8][cH:5][cH:9][cH:17]3)[CH2:23][O:24][CH:35]([c:28]3[cH:14][cH:6][cH:4][cH:7][cH:15]3)[c:31]3[o:26][c:33]4[cH:20][cH:10][cH:11][cH:21][c:34]4[c:32]32)[cH:19][cH:13]1>>[CH3:1][c:27]1[cH:12][cH:18][c:30]([S:39](=[O:2])(=[O:3])[N:37]2[CH2:22][CH:36]3[O:25][CH:35]([c:28]4[cH:14][cH:6][cH:4][cH:7][cH:15]4)[O:24][CH2:23][C:38]3([c:29]3[cH:16][cH:8][cH:5][cH:9][cH:17]3)[c:31]3[o:26][c:33]4[cH:20][cH:10][cH:11][cH:21][c:34]4[c:32]32)[cH:19][cH:13]1,1,4,0.24
golden_734,CC(C)(C)C(=O)O[CH:5]([C:11]#[C:13][C:10](=[CH2:1])[CH3:3])[C:12]([CH2:8][CH2:7][CH2:6][CH3:2])=[CH2:9].[OH2:4]>>[CH2:1]=[C:10]([CH3:3])[CH:13]1[CH2:9][C:12]([CH2:8][CH2:7][CH2:6][CH3:2])=[CH:5][C:11]1=[O:4],1,4,0.99
golden_735,[O:1]1[N:17]=[C:20]([c:19]2[cH:11][cH:7][n:16][cH:8][cH:12]2)[N:24]([CH2:15][c:18]2[cH:9][cH:3][cH:2][cH:4][cH:10]2)[CH:21]1[c:23]1[cH:14][cH:6][cH:5][cH:13][cH:22]1>>[O:1]=[c:21]1[c:23]2[cH:14][cH:6][cH:5][cH:13][c:22]2[n:17][c:20](-[c:19]2[cH:11][cH:7][n:16][cH:8][cH:12]2)[n:24]1[CH2:15][c:18]1[cH:9][cH:3][cH:2][cH:4][cH:10]1,1,4,0.10
golden_736,[O:1]=[S:23](=[O:2])([O:3][c:16]1[cH:11][cH:7][cH:8][cH:12][c:17]1-[c:18]1[nH:15][c:20]2[cH:13][cH:9][cH:10][cH:14][c:21]2[cH:19]1)[C:22]([F:4])([F:5])[F:6]>>[O:1]=[S:23](=[O:2])([c:19]1[c:18](-[c:17]2[cH:12][cH:8][cH:7][cH:11][c:16]2[OH:3])[nH:15][c:20]2[cH:13][cH:9][cH:10][cH:14][c:21]12)[C:22]([F:4])([F:5])[F:6],1,3,0.04
golden_737,CO[CH:6]1[O:3][C:22]([CH2:19][CH2:16][CH2:15][CH3:1])([c:27]2[cH:14][cH:8][cH:7][cH:13][c:26]2[NH:28][S:30](=[O:4])(=[O:5])[c:25]2[cH:11][cH:9][c:24]([CH3:2])[cH:10][cH:12]2)[C:29]2=[C:23]1[CH2:20][CH2:17][CH2:18][CH2:21]2>>[CH3:1][CH2:15][CH2:16][CH2:19][C:22](=[O:3])[C:29]12[CH2:21][CH2:18][CH2:17][CH2:20][C:23]1=[CH:6][N:28]([S:30](=[O:4])(=[O:5])[c:25]1[cH:11][cH:9][c:24]([CH3:2])[cH:10][cH:12]1)[c:26]1[cH:13][cH:7][cH:8][cH:14][c:27]12,1,5,0.21
golden_738,[CH2:1]([O:16][c:20]1[cH:11][cH:13][c:22]2[cH:12][cH:7][cH:8][cH:14][c:23]2[c:21]1[CH:18]=[O:3])[C:24]#[CH:15].[O:2]=[CH:17][c:19]1[cH:9][cH:5][cH:4][cH:6][cH:10]1>>[CH3:1][C:24]1([CH2:15][C:17](=[O:2])[c:19]2[cH:9][cH:5][cH:4][cH:6][cH:10]2)[O:16][c:20]2[cH:11][cH:13][c:22]3[cH:12][cH:7][cH:8][cH:14][c:23]3[c:21]2[C:18]1=[O:3],1,8,0.16
golden_739,[CH3:1][C:14](=[CH2:9])[C:10]1([OH:2])[CH2:7][CH2:8][CH:13]1[c:12]1[cH:6][cH:4][cH:3][cH:5][cH:11]1>>[CH3:1][C:14]12[CH2:9][c:11]3[cH:5][cH:3][cH:4][cH:6][c:12]3[CH:13]1[CH2:8][CH2:7][C:10]2=[O:2],1,4,0.08
golden_740,[CH3:1][CH:7]([O:5][P:23]([O:18][CH2:14][CH3:2])([O:19][CH2:15][CH3:3])=[N:22][C:20](=[O:4])[O:17][CH2:16][c:21]1[cH:12][cH:10][cH:9][cH:11][cH:13]1)[C:6]#[CH:8]>>[CH3:1][CH:7]=[C:6]=[CH:8][N:22]([C:20](=[O:4])[O:17][CH2:16][c:21]1[cH:12][cH:10][cH:9][cH:11][cH:13]1)[P:23](=[O:5])([O:18][CH2:14][CH3:2])[O:19][CH2:15][CH3:3],1,2,0.12
golden_741,O=[C:14]([CH3:3])[CH:5]=[CH:15][C:16]12[CH2:8][CH2:7][C:13](=[O:4])[N:22]1[CH2:10][CH2:9][c:17]1[cH:6][c:18]([O:11][CH3:1])[c:19]([O:12][CH3:2])[cH:21][c:20]12>>[CH3:1][O:11][c:18]1[cH:6][c:17]2[c:20]3[c:21]([c:19]1[O:12][CH3:2])[C:14]([CH3:3])=[CH:5][C:15]3=[C:16]1[CH2:8][CH2:7][C:13](=[O:4])[N:22]1[CH2:10][CH2:9]2,1,6,0.21
golden_742,[OH:1][c:15]1[cH:3][cH:2][c:16]2[cH:8][cH:4][cH:5][cH:10][c:18]2[c:22]1-[c:19]1[c:17]([OH:14])[cH:9][cH:12][c:20]2[cH:11][cH:6][cH:7][cH:13][c:21]12>>[O:1]=[C:15]1[O:14][c:17]2[cH:9][cH:12][c:20]3[cH:11][cH:6][cH:7][cH:13][c:21]3[c:19]2[C:22]12[CH:3]=[CH:2][c:16]1[cH:8][cH:4][cH:5][cH:10][c:18]12,1,3,0.97
golden_743,O=[O:16].[CH3:1][CH2:12][O:14][C:17](=[O:4])[C:21]#[C:22][C:18](=[O:5])[O:15][CH2:13][CH3:2].[OH:3][CH2:6][C:20]#[C:23][c:19]1[cH:10][cH:8][cH:7][cH:9][cH:11]1>>[CH3:1][CH2:12][O:14][C:17](=[O:4])[c:21]1[o:16][c:20]([CH:6]=[O:3])[c:23](-[c:19]2[cH:10][cH:8][cH:7][cH:9][cH:11]2)[c:22]1[C:18](=[O:5])[O:15][CH2:13][CH3:2],1,5,0.15
golden_744,[CH3:1][CH:14]1[CH2:9][CH2:4][CH:3]([C:13]2=[CH:15][CH2:10][CH2:7][CH2:5][CH2:6][CH2:8]2)[O:2][C:12]1=[CH2:11]>>[CH3:1][CH:14]1[CH2:9][CH2:4][CH:3]=[C:13]2[CH2:8][CH2:6][CH2:5][CH2:7][CH2:10][CH:15]2[CH2:11][C:12]1=[O:2],1,2,0.84
golden_745,[CH:2]#[C:17][c:18]1[cH:10][cH:5][cH:3][cH:6][cH:11]1.n1n[c:22](-[c:19]2[cH:12][cH:7][cH:4][cH:8][cH:13]2)[c:21]2[cH:15][cH:9][cH:14][c:20]([Cl:1])[n:16]12>>[Cl:1][c:20]1[cH:14][cH:9][cH:15][c:21]([C:22]2([c:19]3[cH:12][cH:7][cH:4][cH:8][cH:13]3)[CH:2]=[C:17]2[c:18]2[cH:10][cH:5][cH:3][cH:6][cH:11]2)[n:16]1,1,4,0.10
golden_746,[OH:1][C:18]([C:2]#[C:19][c:22]1[cH:16][cH:10][cH:5][cH:11][cH:17]1)([c:20]1[cH:12][cH:6][cH:3][cH:7][cH:13]1)[c:21]1[cH:14][cH:8][cH:4][cH:9][cH:15]1>>[O:1]=[C:18]([CH:2]=[C:19]([c:21]1[cH:14][cH:8][cH:4][cH:9][cH:15]1)[c:22]1[cH:16][cH:10][cH:5][cH:11][cH:17]1)[c:20]1[cH:12][cH:6][cH:3][cH:7][cH:13]1,1,3,0.31
golden_747,[CH2:12]1[CH2:13][O:18][CH2:23][O:17]1.[CH3:1][O:16][C:20](=[O:7])[C:24]([CH3:2])=[CH2:15].[CH3:3][C:25]([CH3:4])([CH3:5])[c:22]1[cH:10][cH:8][c:21]([CH:19]=[CH2:14])[cH:9][cH:11]1.[OH2:6]>>[CH3:1][O:16][C:20](=[O:7])[C:24]([CH3:2])([CH2:14][C:19](=[O:6])[c:21]1[cH:8][cH:10][c:22]([C:25]([CH3:3])([CH3:4])[CH3:5])[cH:11][cH:9]1)[CH2:15][CH:23]1[O:17][CH2:12][CH2:13][O:18]1,1,5,1.61
golden_748,[CH2:1]([C:24]#[C:23][c:20]1[cH:13][cH:5][cH:3][cH:6][cH:14]1)[N:25]([N:17]=[CH:22][c:19]1[cH:11][cH:9][c:18]([Br:2])[cH:10][cH:12]1)[c:21]1[cH:15][cH:7][cH:4][cH:8][cH:16]1>>[CH3:1][c:24]1[c:23](-[c:20]2[cH:13][cH:5][cH:3][cH:6][cH:14]2)[c:22](-[c:19]2[cH:11][cH:9][c:18]([Br:2])[cH:10][cH:12]2)[n:17][n:25]1-[c:21]1[cH:15][cH:7][cH:4][cH:8][cH:16]1,1,5,1.20
golden_749,[CH3:1][CH2:7][CH2:9][CH:14]1[CH2:10][CH:15]([c:13]2[cH:5][cH:3][cH:2][cH:4][cH:6]2)[O:12][N:11]1[CH3:8]>>[CH3:1][CH2:7][CH2:9][CH:14]1[CH2:10][CH:15]([c:13]2[cH:5][cH:3][cH:2][cH:4][cH:6]2)[O:12][CH2:8][NH:11]1,1,3,0.03
golden_750,[CH3:1][CH2:8][O:11][C:12]#[C:13][CH:4]([OH:2])[CH:14]1[CH2:9][CH2:6][CH2:5][CH2:7][CH2:10]1.[IH:3]>>[CH3:1][CH2:8][O:11][C:12](=[O:2])[C:13]([I:3])=[CH:4][CH:14]1[CH2:9][CH2:6][CH2:5][CH2:7][CH2:10]1,1,3,0.03
golden_751,[CH3:1][C:15]([CH3:2])([NH2:10])[C:12]#[C:14][c:13]1[cH:8][cH:6][cH:5][cH:7][cH:9]1.[O:3]=[C:11]=[O:4]>>[CH3:1][C:15]1([CH3:2])[NH:10][C:11](=[O:3])[CH:14]([c:13]2[cH:8][cH:6][cH:5][cH:7][cH:9]2)[C:12]1=[O:4],1,5,0.04
golden_752,[IH:2].[OH:1][C:12]1([C:16]2=[CH:15][CH2:10][CH2:9][c:13]3[cH:5][cH:3][cH:4][cH:6][c:14]32)[CH2:8][CH2:7][CH2:11]1>>[O:1]=[C:12]1[CH2:8][CH2:7][CH2:11][C:16]12[c:14]1[cH:6][cH:4][cH:3][cH:5][c:13]1[CH2:9][CH2:10][CH:15]2[I:2],1,3,0.06
golden_753,[CH2:1]([CH:7]=[CH:23][c:21]1[cH:11][cH:9][cH:8][cH:10][cH:12]1)[O:19][CH:22]([C:20](=[O:5])[O:16][CH2:13][CH3:2])[P:24](=[O:6])([O:17][CH2:14][CH3:3])[O:18][CH2:15][CH3:4]>>[CH2:1]=[CH:7][CH:23]([c:21]1[cH:11][cH:9][cH:8][cH:10][cH:12]1)[CH:22]([O:19][P:24](=[O:6])([O:17][CH2:14][CH3:3])[O:18][CH2:15][CH3:4])[C:20](=[O:5])[O:16][CH2:13][CH3:2],1,4,0.08
golden_754,O=[C:21]([OH:3])[C:23]1=[C:22]([CH:10]=[CH2:9])[CH:25]2[CH2:14][CH:27]3[CH:26]([CH2:12]1)[CH2:13][CH:24]([CH3:1])[CH2:15][CH:28]3[N:29]([C:19](=[O:2])[O:18][CH2:11][c:20]1[cH:7][cH:5][cH:4][cH:6][cH:8]1)[CH2:16]2.[N-]=[N+]=[N-:17]>>[CH3:1][CH:24]1[CH2:13][CH:26]2[CH2:12][c:23]3[n:17][c:21]([OH:3])[cH:9][cH:10][c:22]3[CH:25]3[CH2:14][CH:27]2[CH:28]([CH2:15]1)[N:29]([C:19](=[O:2])[O:18][CH2:11][c:20]1[cH:7][cH:5][cH:4][cH:6][cH:8]1)[CH2:16]3,1,7,0.13
golden_755,[O:1]=[C:14]=[O:2].[cH:3]1[cH:4][cH:8][c:13]([C:15]#[C:16][c:18]2[cH:11][cH:7][cH:6][cH:10][c:17]2[NH2:12])[cH:9][cH:5]1>>[OH:1][c:14]1[n:12][c:17]2[cH:10][cH:6][cH:7][cH:11][c:18]2[c:16]([OH:2])[c:15]1-[c:13]1[cH:8][cH:4][cH:3][cH:5][cH:9]1,1,4,0.06
golden_756,Br[C:20](=[CH:14][c:16]1[cH:10][cH:8][cH:7][cH:9][cH:11]1)[C:15](=[O:3])[C:19]([F:4])([F:5])[F:6].[CH3:1][NH:17][CH2:12][CH2:13][NH:18][CH3:2]>>[CH3:1][N:17]1[CH2:12][CH2:13][N:18]([CH3:2])[C:20]([CH2:14][c:16]2[cH:10][cH:8][cH:7][cH:9][cH:11]2)([C:19]([F:4])([F:5])[F:6])[C:15]1=[O:3],1,6,0.05
golden_757,C[Si](C)(C)[Cl:3].O[CH:6]([CH:5]=[C:15]=[CH:7][C:14](=[O:2])[O:13][CH2:12][CH3:1])[c:17]1[cH:10][cH:8][c:16]([Cl:4])[cH:9][cH:11]1>>[CH3:1][CH2:12][O:13][C:14](=[O:2])[CH:7]=[C:15]([Cl:3])[CH:5]=[CH:6][c:17]1[cH:10][cH:8][c:16]([Cl:4])[cH:9][cH:11]1,1,3,0.04
golden_758,O=C(O[CH2:11][C:13](=[CH2:1])[CH3:2])[n:12]1[c:14]2[c:17]([c:16]3[cH:6][cH:4][cH:3][cH:5][c:15]13)[CH2:10][CH2:8][CH2:7][CH2:9]2>>[CH2:1]=[C:13]([CH3:2])[CH2:11][C:17]12[CH2:10][CH2:8][CH2:7][CH2:9][C:14]1=[N:12][c:15]1[cH:5][cH:3][cH:4][cH:6][c:16]12,1,3,0.06
golden_759,[O:1]1[CH2:13][CH:19]1[C:16](=[N:14][N:15]1[CH2:12][CH:20]1[c:18]1[cH:10][cH:6][cH:3][cH:7][cH:11]1)[c:17]1[cH:8][cH:4][cH:2][cH:5][cH:9]1>>[OH:1][CH:19]1[CH2:13][CH:20]([c:18]2[cH:10][cH:6][cH:3][cH:7][cH:11]2)[CH2:12][NH:15][N:14]=[C:16]1[c:17]1[cH:8][cH:4][cH:2][cH:5][cH:9]1,1,3,0.05
golden_760,[cH:1]1[cH:2][cH:6][c:13]([C:14]#[C:15][CH:11]2[CH2:10][CH2:12][N:18]2[c:17]2[cH:9][cH:5][cH:4][cH:8][cH:16]2)[cH:7][cH:3]1>>[cH:1]1[cH:2][cH:6][c:13](-[c:14]2[c:15]3[n:18]([c:17]4[cH:9][cH:5][cH:4][cH:8][c:16]24)[CH2:12][CH2:10][CH2:11]3)[cH:7][cH:3]1,1,5,0.09
golden_761,O[CH:16]([c:14]1[o:3][c:18]([CH2:12][CH2:11][C:17]([CH3:1])([CH3:2])[OH:13])[cH:5][cH:4]1)[c:15]1[cH:9][cH:7][cH:6][cH:8][cH:10]1>>[CH3:1][C:17]1([CH3:2])[CH2:11][CH2:12][C:18]2([CH:5]=[CH:4][C:14](=[O:3])[CH:16]2[c:15]2[cH:9][cH:7][cH:6][cH:8][cH:10]2)[O:13]1,1,4,0.09
golden_762,O1[CH2:8][c:17]2[c:15]([Br:4])[cH:6][cH:7][c:16]([Br:5])[c:18]2[CH2:9][C:14]([C:12](=[O:3])[O:11][CH2:10][CH3:1])=[C:13]1[CH3:2]>>[CH3:1][CH2:10][O:11][C:12](=[O:3])[c:14]1[cH:9][c:18]2[c:16]([Br:5])[cH:7][cH:6][c:15]([Br:4])[c:17]2[cH:8][c:13]1[CH3:2],1,5,0.07
golden_763,Br[CH2:8][c:17]1[c:15]([Br:4])[cH:6][cH:7][c:16]([Br:5])[c:18]1[CH2:9]Br.O=[C:13]([CH3:2])[CH2:14][C:12](=[O:3])[O:11][CH2:10][CH3:1]>>[CH3:1][CH2:10][O:11][C:12](=[O:3])[c:14]1[cH:9][c:18]2[c:16]([Br:5])[cH:7][cH:6][c:15]([Br:4])[c:17]2[cH:8][c:13]1[CH3:2],1,9,0.10
golden_764,[CH2:1]=[CH:3][CH2:9][CH2:11][N:15]([C:12](=[O:2])[CH2:10][C:13]#[CH:8])[c:16]1[cH:6][cH:4][cH:14][cH:5][cH:7]1>>[CH2:1]=[CH:3][CH2:9][CH2:11][N:15]1[C:12](=[O:2])[CH:8]=[C:13]2[CH2:10][CH:14]3[CH:4]=[CH:6][C:16]21[CH:7]=[CH:5]3,1,4,0.78
golden_765,[CH2:1]=[CH:11][CH2:37][Sn:55]([CH2:39][CH2:31][CH2:27][CH3:2])([CH2:40][CH2:32][CH2:28][CH3:3])[CH2:41][CH2:33][CH2:29][CH3:4].[CH3:5][C:45](=[O:9])[O:42][CH:50]([CH2:36][CH2:30][CH2:34][O:43][Si:54]([c:48]1[cH:23][cH:17][cH:13][cH:18][cH:24]1)([c:49]1[cH:25][cH:19][cH:14][cH:20][cH:26]1)[C:53]([CH3:6])([CH3:7])[CH3:8])[Se:44][c:47]1[cH:21][cH:15][cH:12][cH:16][cH:22]1.[O:10]=[C:46]1[CH2:35][CH2:38][CH:52]=[CH:51]1>>[CH2:1]=[CH:11][CH2:37][CH:51]1[C:46](=[O:10])[CH2:35][CH2:38][CH:52]1[CH:50]([CH2:36][CH2:30][CH2:34][O:43][Si:54]([c:48]1[cH:23][cH:17][cH:13][cH:18][cH:24]1)([c:49]1[cH:25][cH:19][cH:14][cH:20][cH:26]1)[C:53]([CH3:6])([CH3:7])[CH3:8])[O:42][C:45]([CH3:5])=[O:9].[CH3:2][CH2:27][CH2:31][CH2:39][Sn:55]([CH2:40][CH2:32][CH2:28][CH3:3])([CH2:41][CH2:33][CH2:29][CH3:4])[Se:44][c:47]1[cH:21][cH:15][cH:12][cH:16][cH:22]1,1,5,0.82
golden_766,[CH2:1]=[C:13]1[CH2:9][CH:16]2[CH2:10][CH:15]([O:12][Si:21]([CH:18]([CH3:2])[CH3:3])([CH:19]([CH3:4])[CH3:5])[CH:20]([CH3:6])[CH3:7])[CH2:11][C:14]23[O:8][CH:17]13>>[CH2:1]=[C:13]1[CH2:9][CH:16]2[CH2:10][CH:15]([O:12][Si:21]([CH:18]([CH3:2])[CH3:3])([CH:19]([CH3:4])[CH3:5])[CH:20]([CH3:6])[CH3:7])[CH2:11][CH:17]1[C:14]2=[O:8],1,3,0.31
golden_767,O[CH:15]1[CH2:9][CH2:8][CH2:10][CH:16]2[C:12]1([OH:1])[C:13](=[O:2])[N:17]2[CH2:11][c:14]1[cH:6][cH:4][cH:3][cH:5][cH:7]1>>[O:1]=[C:12]1[CH:15]2[CH2:9][CH2:8][CH2:10][CH:16]1[N:17]([CH2:11][c:14]1[cH:6][cH:4][cH:3][cH:5][cH:7]1)[C:13]2=[O:2],1,3,0.46
golden_768,O=[C:15]1[CH2:12][CH2:11][CH2:13]1.[cH:1]1[cH:3][cH:7][c:16]([CH:18]([NH2:14])[CH:19]([c:17]2[cH:9][cH:5][cH:2][cH:6][cH:10]2)[NH2:20])[cH:8][cH:4]1>>[cH:1]1[cH:3][cH:7][c:16]([CH:18]2[N:14]=[C:15]3[CH2:12][CH2:11][CH2:13][N:20]3[CH:19]2[c:17]2[cH:9][cH:5][cH:2][cH:6][cH:10]2)[cH:8][cH:4]1,1,5,0.17
golden_769,Br[C:19]1([C:17](=[O:4])[N:26]([CH2:15][C:5]#[CH:1])[CH2:16][C:18]#[CH:13])[CH2:14][C:25]1([c:22]1[cH:9][cH:6][c:20]([CH3:2])[cH:7][cH:10]1)[c:24]1[cH:12][cH:8][c:21]([CH3:3])[cH:11][cH:23]1>>[CH:1]#[C:5][CH2:15][N:26]1[CH2:16][C:18]2=[C:19]([CH2:14][CH:25]([c:22]3[cH:9][cH:6][c:20]([CH3:2])[cH:7][cH:10]3)[c:24]3[cH:12][cH:8][c:21]([CH3:3])[cH:11][c:23]3[CH2:13]2)[C:17]1=[O:4],1,7,0.25
golden_770,Br[c:16]1[o:3][cH:23][cH:15][cH:10]1.[CH2:1]=[CH:5][CH2:11][NH:20][CH2:12][CH2:13][C:22](=[CH2:14])[c:19]1[cH:9][cH:7][cH:6][cH:8][c:18]1[NH:21][C:17]([CH3:2])=[O:4]>>[CH2:1]=[CH:5][CH2:11][N:20]1[CH2:12][CH2:13][C:22]23[CH2:14][C:16](=[O:3])[CH2:10][CH2:15][C:23]12[N:21]([C:17]([CH3:2])=[O:4])[c:18]1[cH:8][cH:6][cH:7][cH:9][c:19]13,1,9,1.92
golden_771,[CH3:1][CH2:10][CH2:12][CH2:11][CH:3]=[CH:4][CH:18]1[O:2][C:16](=[CH:19][c:17]2[cH:8][cH:6][cH:5][cH:7][cH:9]2)[CH2:14][CH2:13][CH2:15]1>>[CH3:1][CH2:10][CH2:12][CH2:11][CH:3]=[CH:4][CH:18]1[CH2:15][CH2:13][CH2:14][C:16](=[O:2])[CH:19]1[c:17]1[cH:8][cH:6][cH:5][cH:7][cH:9]1,1,2,0.06
golden_772,[CH3:1][CH2:16][O:17][C:18](=[O:2])[CH2:20][C:22](=[O:3])[c:26]1[cH:15][cH:7][cH:6][cH:14][c:25]1[CH:9]=[CH:21][c:19]1[cH:8][cH:11][c:23]2[cH:10][cH:4][cH:5][cH:12][c:24]2[cH:13]1>>[CH3:1][CH2:16][O:17][C:18](=[O:2])[c:20]1[cH:9][c:21](-[c:19]2[cH:8][cH:11][c:23]3[cH:10][cH:4][cH:5][cH:12][c:24]3[cH:13]2)[c:25]2[cH:14][cH:6][cH:7][cH:15][c:26]2[c:22]1[OH:3],1,6,2.26
golden_773,[CH3:1][O:13][C:14](=[O:2])[N:11]([OH:3])[c:16]1[cH:9][cH:7][cH:8][cH:10][cH:17]1.[Cl:4][C:18]([Cl:5])([Cl:6])[C:15]#[N:12]>>[CH3:1][O:13][C:14](=[O:2])[NH:11][c:16]1[cH:9][cH:7][cH:8][cH:10][c:17]1[NH:12][C:15](=[O:3])[C:18]([Cl:4])([Cl:5])[Cl:6],1,4,0.10
golden_774,[CH3:1][C:20](=[O:5])[n:28]1[c:24]2[cH:13][cH:9][cH:10][cH:14][c:25]2[c:29]([CH2:17][C:19](=[O:4])[N:27]([CH2:16][c:23]2[cH:12][cH:8][cH:7][cH:11][c:22]2[CH3:2])[c:21]2[o:3][cH:18][cH:15][cH:6]2)[cH:26]1>>[CH3:1][C:20](=[O:5])[N:28]1[c:24]2[cH:13][cH:9][cH:10][cH:14][c:25]2[C:29]23[CH2:17][C:19](=[O:4])[N:27]([CH2:16][c:23]4[cH:12][cH:8][cH:7][cH:11][c:22]4[CH3:2])[C:21]2=[CH:6][CH2:15][C:18](=[O:3])[CH:26]13,1,5,1.41
golden_775,Cl[CH2:15][C:4]#[C:3][CH2:14][O:16][c:19]1[cH:10][cH:6][cH:5][cH:9][c:18]1[Br:2].[CH3:1][N:23]1[C:20](=[S:17])[CH2:12][c:21]2[cH:11][cH:7][cH:8][cH:13][c:22]21>>[CH3:1][n:23]1[c:20]([S:17][CH2:15][C:4]#[C:3][CH2:14][O:16][c:19]2[cH:10][cH:6][cH:5][cH:9][c:18]2[Br:2])[cH:12][c:21]2[cH:11][cH:7][cH:8][cH:13][c:22]21,1,3,0.08
golden_776,[CH3:1][n:23]1[c:20]([S:15][CH2:12][C:13]#[C:16][CH2:3][O:14][c:18]2[cH:9][cH:5][cH:4][cH:8][c:17]2[Br:2])[cH:19][c:21]2[cH:10][cH:6][cH:7][cH:11][c:22]21>>[CH3:1][n:23]1[c:20]2[c:19]([c:21]3[cH:10][cH:6][cH:7][cH:11][c:22]31)[C:16](=[CH:3][O:14][c:18]1[cH:9][cH:5][cH:4][cH:8][c:17]1[Br:2])[CH2:13][CH2:12][S:15]2,1,5,0.13
golden_777,C([O:17][CH2:15][CH3:1])[C:18](=[O:4])[CH:22]=[C:24](O[CH:16]([CH3:2])[C:23]#[C:21][CH3:3])[c:19]1[cH:11][cH:7][cH:5][cH:8][cH:12]1.[cH:6]1[cH:9][cH:13][c:20]([NH2:25])[cH:14][cH:10]1>>[CH3:1][CH2:15][O:17][C:18](=[O:4])[c:22]1[c:21]([CH3:3])[c:23]([CH2:16][CH3:2])[n:25](-[c:20]2[cH:13][cH:9][cH:6][cH:10][cH:14]2)[c:24]1-[c:19]1[cH:11][cH:7][cH:5][cH:8][cH:12]1,1,10,1.32
golden_778,Br[CH:11]1[CH:7]2[CH:4]=[CH:5][CH:12]([CH2:6][CH:10]1[OH:3])[N:13]2[C:9](=[O:2])[O:8][CH3:1]>>[CH3:1][O:8][C:9](=[O:2])[N:13]1[CH2:7][CH:11]2[CH:4]=[CH:5][CH:12]1[CH2:6][CH:10]2[OH:3],1,4,0.02
golden_779,[CH3:1][C:30]([CH3:2])([CH3:3])[c:25]1[cH:10][cH:8][c:24]([C:5]#[C:23][CH:31]([O:21][C:22](=[O:4])[CH2:19][c:32]2[c:27]3[cH:13][cH:7][cH:6][cH:12][c:26]3[nH:20][cH:29]2)[CH:28]2[CH2:17][CH2:15][CH2:14][CH2:16][CH2:18]2)[cH:9][cH:11]1>>[CH3:1][C:30]([CH3:2])([CH3:3])[c:25]1[cH:10][cH:8][c:24]([CH:5]=[C:23]2[CH:29]3[NH:20][c:26]4[cH:12][cH:6][cH:7][cH:13][c:27]4[C:32]34[CH2:19][C:22](=[O:4])[O:21][C:31]24[CH:28]2[CH2:17][CH2:15][CH2:14][CH2:16][CH2:18]2)[cH:9][cH:11]1,1,4,0.31
golden_780,CCOP(=O)(OCC)O[CH2:1][CH:7]=[CH:21][c:19]1[cH:13][cH:9][cH:8][cH:10][cH:14]1.[CH3:2][N:23]([CH3:3])[CH2:22][C:17](=[O:4])[c:18]1[cH:11][cH:15][c:20]([N+:24](=[O:5])[O-:6])[cH:16][cH:12]1>>[CH2:1]=[CH:7][CH:21]([c:19]1[cH:13][cH:9][cH:8][cH:10][cH:14]1)[CH:22]([C:17](=[O:4])[c:18]1[cH:11][cH:15][c:20]([N+:24](=[O:5])[O-:6])[cH:16][cH:12]1)[N:23]([CH3:2])[CH3:3],1,3,0.24
golden_781,Br[CH3:3].C[Si](C)(C)[C:15](=O)[c:16]1[cH:8][cH:6][cH:5][cH:7][cH:9]1.[CH3:1][CH2:10][CH2:11][CH2:13][C:18]1=[CH:4][CH:17]1[CH2:12][O:14][CH3:2]>>[CH3:1][CH2:10][CH2:11][CH2:13][C:18]1([CH3:3])[CH:4]=[C:15]([c:16]2[cH:8][cH:6][cH:5][cH:7][cH:9]2)[CH:17]1[CH2:12][O:14][CH3:2],1,7,0.10
golden_782,O=[S:16]([c:17]1[cH:9][cH:5][cH:4][cH:6][cH:10]1)[c:18]1[cH:11][cH:7][cH:8][cH:12][cH:19]1.[CH3:1][CH2:13][O:15][CH2:14][CH2:20][C:3]#[N:2]>>[CH3:1][CH2:13][O:15][CH2:14][CH:20]([C:3]#[N:2])[c:19]1[cH:12][cH:8][cH:7][cH:11][c:18]1[S:16][c:17]1[cH:9][cH:5][cH:4][cH:6][cH:10]1,1,4,1.12
golden_783,O[C:12](=[O:1])[CH2:10][c:13]1[cH:6][cH:2][cH:3][cH:7][c:14]1[S:11][c:15]1[cH:8][cH:4][cH:5][cH:9][cH:16]1>>[O:1]=[C:12]1[CH2:10][c:13]2[cH:6][cH:2][cH:3][cH:7][c:14]2[S:11][c:15]2[cH:8][cH:4][cH:5][cH:9][c:16]21,1,3,0.05
golden_784,[CH3:1][O:9][c:12]1[cH:5][cH:7][c:13]([O:4][C:11](=[S:10])[N:14]([CH3:2])[CH3:3])[cH:8][cH:6]1>>[CH3:1][O:9][c:12]1[cH:5][cH:7][c:13]([S:10][C:11](=[O:4])[N:14]([CH3:2])[CH3:3])[cH:8][cH:6]1,1,2,0.02
golden_785,[CH3:1][C:16](=[CH2:11])[C:14](=[O:3])[C:18]([C:13]1([OH:2])[CH2:10][CH2:9][CH2:12]1)=[CH:17][c:15]1[cH:7][cH:5][cH:4][cH:6][cH:8]1>>[CH3:1][CH:16]1[CH2:11][CH:17]([c:15]2[cH:7][cH:5][cH:4][cH:6][cH:8]2)[C:18]2([CH2:12][CH2:9][CH2:10][C:13]2=[O:2])[C:14]1=[O:3],1,4,0.47
golden_786,CC(C)(O[C:19]([CH3:3])([c:23]1[cH:24][n:28]([S:29](=[O:6])(=[O:7])[c:22]2[cH:12][cH:10][c:21]([CH3:4])[cH:11][cH:13]2)[c:26]2[cH:15][cH:9][cH:8][cH:14][c:25]12)[C:27]#[C:20][C:18](=[O:5])[O:16][CH3:1])[O:17][CH3:2]>>[CH3:1][O:16][C:18](=[O:5])[C:20]1=[c:24]2[c:23]([c:25]3[cH:14][cH:8][cH:9][cH:15][c:26]3[n:28]2[S:29](=[O:6])(=[O:7])[c:22]2[cH:12][cH:10][c:21]([CH3:4])[cH:11][cH:13]2)=[C:19]([CH3:3])[CH:27]1[O:17][CH3:2],1,6,0.27
golden_787,[CH:4]#[C:18][c:20]1[cH:9][cH:7][cH:6][cH:8][cH:10]1.[CH:5]12[CH2:11][CH2:12][CH2:13][CH2:14][CH2:15][CH2:17][CH:21]1[C:19]2=[CH2:16].[N-]=[N+]=[N:22][S:23]([CH3:1])(=[O:2])=[O:3]>>[CH3:1][S:23](=[O:2])(=[O:3])[N:22]1[CH:4]=[C:18]([c:20]2[cH:9][cH:7][cH:6][cH:8][cH:10]2)[CH2:16][C:19]2=[CH:5][CH2:11][CH2:12][CH2:13][CH2:14][CH2:15][CH2:17][CH:21]21,1,5,0.24
golden_788,O[C:20]1([C:19]2([NH:16][S:21](=[O:2])(=[O:3])[c:18]3[cH:6][cH:4][c:17]([CH3:1])[cH:5][cH:7]3)[CH2:12][CH2:11][CH2:15]2)[CH2:13][CH2:9][CH2:8][CH2:10][CH2:14]1>>[CH3:1][c:17]1[cH:4][cH:6][c:18]([S:21](=[O:2])(=[O:3])[NH:16][CH:19]2[CH2:12][CH2:11][CH2:15][C:20]23[CH2:13][CH2:9][CH2:8][CH2:10][CH2:14]3)[cH:7][cH:5]1,1,4,0.06
golden_789,[CH3:1][CH:18]=[CH:7][O:5][CH:19]([CH2:13][c:17]1[cH:11][cH:9][cH:8][cH:10][cH:12]1)[NH:14][C:16](=[O:6])[O:15][C:20]([CH3:2])([CH3:3])[CH3:4]>>[CH3:1][CH:18]([CH:7]=[O:5])[CH:19]([CH2:13][c:17]1[cH:11][cH:9][cH:8][cH:10][cH:12]1)[NH:14][C:16](=[O:6])[O:15][C:20]([CH3:2])([CH3:3])[CH3:4],1,2,0.05
golden_790,[CH2:1]([CH:2]=[CH:26][c:21]1[cH:13][cH:7][cH:4][cH:8][cH:14]1)[N:18]([CH2:17][c:20]1[cH:11][cH:5][cH:3][cH:6][cH:12]1)[c:23]1[cH:22][nH:19][c:24]2[cH:15][cH:9][cH:10][cH:16][c:25]12>>[CH2:1]=[CH:2][CH:26]([c:21]1[cH:13][cH:7][cH:4][cH:8][cH:14]1)[c:22]1[nH:19][c:24]2[cH:15][cH:9][cH:10][cH:16][c:25]2[c:23]1[NH:18][CH2:17][c:20]1[cH:11][cH:5][cH:3][cH:6][cH:12]1,1,3,0.16
golden_791,[CH3:2][O:16][CH:20]=[C:18]1[CH2:6][CH2:12][CH2:13][CH2:14]1.[N-]=[N+]=[C:4]([CH:5]=[CH:21][c:19]1[cH:10][cH:8][cH:7][cH:9][cH:11]1)[C:17](=[O:3])[O:15][CH3:1]>>[CH3:1][O:15][C:17](=[O:3])[CH:4]=[CH:5][CH:21]([c:19]1[cH:10][cH:8][cH:7][cH:9][cH:11]1)[CH:20]([O:16][CH3:2])[C:18]1=[CH:6][CH2:12][CH2:13][CH2:14]1,1,4,0.08
golden_792,[O:1]=[C:10]1[CH2:5][CH2:3][CH2:7][C:12]([C:11]2([OH:2])[CH2:6][CH2:4][CH2:8]2)=[CH:9]1>>[O:1]=[C:10]1[CH2:5][CH2:3][CH2:7][C:12]2([CH2:8][CH2:4][CH2:6][C:11]2=[O:2])[CH2:9]1,1,3,0.24
golden_793,[CH2:1]=[CH:8][CH2:10][O:7][CH2:15][C:12](=[O:5])[O:11][CH3:3].[CH3:2][CH2:9][CH:13]([CH3:4])[CH:14]=[O:6]>>[CH2:1]=[CH:8][CH2:10][C:15]([OH:7])([C:12](=[O:5])[O:11][CH3:3])[CH:14]([OH:6])[CH:13]([CH3:4])[CH2:9][CH3:2],1,5,0.02
golden_794,[CH2:1]=[CH:7][CH:13]=[CH:14][CH2:8][CH2:9][C:15]([CH3:3])([CH3:4])[C:12](=[O:6])[CH2:16][C:11](=[O:5])[O:10][CH3:2]>>[CH2:1]=[CH:7][CH:13]1[CH:14]2[CH2:8][CH2:9][C:15]([CH3:3])([CH3:4])[C:12](=[O:6])[C:16]12[C:11](=[O:5])[O:10][CH3:2],1,4,0.03
golden_795,[CH3:1][O:10][C:12](=[O:3])[C:14]12[CH:5]([CH:4]=[CH2:9])[CH:13]1[CH2:8][CH2:6][CH2:7][C:11]2=[O:2]>>[CH3:1][O:10][C:12](=[O:3])[C:14]12[CH2:9][CH:4]=[CH:5][CH:13]1[CH2:8][CH2:6][CH2:7][C:11]2=[O:2],1,2,0.03
golden_796,[CH2:1]=[C:13]([CH3:3])[CH2:10][O:4][c:14]1[nH:11][c:16]2[cH:8][cH:6][cH:7][cH:9][c:17]2[c:18]1[C:15](=[O:5])[O:12][CH3:2]>>[CH2:1]=[C:13]([CH3:3])[CH2:10][C:18]1([C:15](=[O:5])[O:12][CH3:2])[C:14](=[O:4])[NH:11][c:16]2[cH:8][cH:6][cH:7][cH:9][c:17]21,1,2,0.29
golden_797,[CH3:1][CH2:15][CH2:16][CH2:17][C:21]#[C:4][Si:25]([CH2:19][C:24]([CH3:3])=[CH2:18])([c:22]1[cH:11][cH:7][cH:5][cH:8][cH:12]1)[c:23]1[cH:13][cH:9][cH:6][cH:10][cH:14]1.[CH3:2][OH:20]>>[CH3:1][CH2:15][CH2:16][CH2:17][C:21]1=[CH:4][Si:25]([c:22]2[cH:11][cH:7][cH:5][cH:8][cH:12]2)([c:23]2[cH:13][cH:9][cH:6][cH:10][cH:14]2)[CH2:19][C:24]([CH3:3])([O:20][CH3:2])[CH2:18]1,1,3,0.11
golden_798,Br[Br:3].CC(=O)O[CH:12]([CH2:7][CH:4]=[CH2:1])[O:9][CH:11]([CH:5]=[CH2:2])[CH2:6][CH:10]=[CH2:8]>>[CH2:1]=[CH:4][CH2:7][CH:12]1[CH2:8][CH:10]([Br:3])[CH2:6][CH:11]([CH:5]=[CH2:2])[O:9]1,1,4,0.26
golden_799,[CH2:1]([CH:4]=[CH:18][CH3:2])[N:15]([CH2:12][c:17]1[cH:8][cH:6][cH:5][cH:7][cH:9]1)[CH2:19][C:16](=[O:3])[N:20]1[CH2:13][CH2:10][CH2:11][CH2:14]1>>[CH2:1]=[CH:4][CH:18]([CH3:2])[CH:19]([NH:15][CH2:12][c:17]1[cH:8][cH:6][cH:5][cH:7][cH:9]1)[C:16](=[O:3])[N:20]1[CH2:13][CH2:10][CH2:11][CH2:14]1,1,3,0.09
golden_800,[CH3:1][c:15]1[cH:10][cH:14][c:18]([S:22](=[O:4])(=[O:5])[N:20]2[CH2:3][C:21]([OH:6])([c:16]3[cH:11][cH:8][cH:7][cH:9][cH:12]3)[CH:19]2[CH3:2])[cH:17][cH:13]1>>[CH3:1][c:15]1[cH:10][cH:14][c:18]2[c:17]([cH:13]1)[C:21]([OH:6])([c:16]1[cH:11][cH:8][cH:7][cH:9][cH:12]1)[CH:19]([CH3:2])[N:20]([CH3:3])[S:22]2(=[O:4])=[O:5],1,4,0.08
golden_801,[NH:1]([NH:2][c:16]1[cH:8][cH:12][c:20]2[cH:10][cH:4][cH:6][cH:14][c:22]2[cH:18]1)[c:15]1[cH:7][cH:11][c:19]2[cH:9][cH:3][cH:5][cH:13][c:21]2[cH:17]1>>[NH2:1][c:15]1[cH:7][cH:11][c:19]2[cH:9][cH:3][cH:5][cH:13][c:21]2[c:17]1-[c:18]1[c:16]([NH2:2])[cH:8][cH:12][c:20]2[cH:10][cH:4][cH:6][cH:14][c:22]12,1,4,0.06
golden_802,n1n[c:14]([C:13]([CH3:1])([CH3:2])[OH:4])[cH:7][n:12]1[S:17](=[O:5])(=[O:6])[c:16]1[cH:10][cH:8][c:15]([CH3:3])[cH:9][cH:11]1>>[CH3:1][C:13](=[O:4])[C:14]([CH3:2])=[CH:7][NH:12][S:17](=[O:5])(=[O:6])[c:16]1[cH:10][cH:8][c:15]([CH3:3])[cH:9][cH:11]1,1,4,0.04
golden_803,[CH3:1][CH2:10][O:15][C:17](=[O:4])[C:22](=[N+:13]=[N-:14])[C:24]([CH3:12])=[C:23]([CH2:3][c:20]1[cH:8][cH:7][c:19]([Cl:6])[cH:9][cH:21]1)[C:18](=[O:5])[O:16][CH2:11][CH3:2]>>[CH3:1][CH2:10][O:15][C:17](=[O:4])[c:22]1[n:13][nH:14][c:23]([C:18](=[O:5])[O:16][CH2:11][CH3:2])[c:24]1[CH2:12][c:21]1[cH:9][c:19]([Cl:6])[cH:7][cH:8][c:20]1[CH3:3],1,6,0.42
golden_804,[N-]=[N+]=[C:14]([C:10](=[O:6])[CH:13]([CH3:4])[CH3:5])[C:11]([CH2:7][CH:12]([CH3:2])[CH3:3])=[N:8][O:9][CH3:1]>>[CH3:1][O:9][C:10](=[O:6])[C:14]1([CH:13]([CH3:4])[CH3:5])[N:8]=[C:11]1[CH2:7][CH:12]([CH3:2])[CH3:3],1,6,0.04
golden_805,[N-]=[N+]=[C:22]([C:16](=[O:3])[C:21]([CH3:2])=[CH:19][c:17]1[cH:10][cH:6][cH:4][cH:7][cH:11]1)[C:20](=[N:14][O:15][CH3:1])[c:18]1[cH:12][cH:8][cH:5][cH:9][cH:13]1>>[CH3:1][O:15][C:16](=[O:3])[c:22]1[c:20](-[c:18]2[cH:12][cH:8][cH:5][cH:9][cH:13]2)[nH:14][c:19](-[c:17]2[cH:10][cH:6][cH:4][cH:7][cH:11]2)[c:21]1[CH3:2],1,7,1.29
golden_806,[CH3:1][c:31]1[cH:13][cH:19][c:34]([CH:38]=[CH:37][C:30](=[O:26])[C:29]2([C:28](=[O:3])[NH:39][c:35]3[cH:21][cH:11][cH:6][cH:12][cH:22]3)[CH2:23][CH2:24]2)[cH:20][cH:14]1.[O:2]=[C:27]([CH:25]=[CH:36][c:33]1[cH:17][cH:9][cH:5][cH:10][cH:18]1)[c:32]1[cH:15][cH:7][cH:4][cH:8][cH:16]1>>[CH3:1][c:31]1[cH:13][cH:19][c:34]([CH:38]2[CH:37]([CH:36]([CH2:25][C:27](=[O:2])[c:32]3[cH:15][cH:7][cH:4][cH:8][cH:16]3)[c:33]3[cH:17][cH:9][cH:5][cH:10][cH:18]3)[C:30]3=[C:29]([CH2:24][CH2:23][O:26]3)[C:28](=[O:3])[N:39]2[c:35]2[cH:21][cH:11][cH:6][cH:12][cH:22]2)[cH:20][cH:14]1,1,5,1.62
golden_807,[CH3:1][c:20]1[cH:8][cH:12][c:22](-[c:19]2[n:14][c:23]([CH3:2])[c:17]([O:3][C:18](=[O:4])[O:16][c:21]3[cH:10][cH:6][cH:5][cH:7][cH:11]3)[o:15]2)[cH:13][cH:9]1>>[CH3:1][c:20]1[cH:8][cH:12][c:22]([C:19]2=[N:14][C:23]([CH3:2])([C:18](=[O:4])[O:16][c:21]3[cH:10][cH:6][cH:5][cH:7][cH:11]3)[C:17](=[O:3])[O:15]2)[cH:13][cH:9]1,1,2,1.41
golden_808,[O:1]=[CH:15][C:13]#[C:21][c:16]1[cH:7][cH:3][cH:2][cH:4][cH:8]1.[cH:5]1[cH:6][cH:12][c:20]2[cH:18][c:17]([OH:14])[cH:9][cH:11][c:19]2[cH:10]1>>[O:1]=[C:15]1[CH2:13][CH:21]([c:16]2[cH:7][cH:3][cH:2][cH:4][cH:8]2)[c:18]2[c:17]([cH:9][cH:11][c:19]3[cH:10][cH:5][cH:6][cH:12][c:20]23)[O:14]1,1,7,1.36
golden_809,[CH2:1]=[C:9]([CH3:2])[C:11]1=[C:12]([CH:10]([OH:3])[C:8]#[CH:4])[CH2:7][CH2:5][CH2:6]1>>[CH3:1][c:8]1[cH:4][c:9]([CH3:2])[c:11]2[c:12]([c:10]1[OH:3])[CH2:7][CH2:5][CH2:6]2,1,5,0.69
golden_810,[CH:1]#[C:14][CH:3]([OH:2])[C:18]1=[C:16]([C:15](=[CH2:11])[c:17]2[cH:7][cH:5][cH:4][cH:6][cH:8]2)[CH2:12][CH2:9][CH2:10][CH2:13]1>>[CH2:1]=[C:14]1[CH2:11][C:15]([c:17]2[cH:7][cH:5][cH:4][cH:6][cH:8]2)=[C:16]2[CH2:12][CH2:9][CH2:10][CH2:13][C:18]12[CH:3]=[O:2],1,4,0.74
golden_811,[CH3:1][C:17](=[CH2:4])[C:16](=[O:3])[C:20]([CH3:2])=[CH:21][c:19]1[cH:13][cH:9][cH:6][cH:10][cH:14]1.[N-]=[N+]=[N:22][CH2:15][c:18]1[cH:11][cH:7][cH:5][cH:8][cH:12]1>>[CH3:1][C:17]1=[CH:4][CH:21]([c:19]2[cH:13][cH:9][cH:6][cH:10][cH:14]2)[CH:20]([CH3:2])[C:16](=[O:3])[N:22]1[CH2:15][c:18]1[cH:11][cH:7][cH:5][cH:8][cH:12]1,1,7,0.12
golden_812,O=[CH:23][c:22]1[cH:9][cH:6][c:20]([Cl:4])[cH:7][cH:10]1.[CH3:1][CH2:13][CH2:16][N:26]([CH2:17][CH2:14][CH3:2])[C:19](=[O:3])[C:15]#[CH:24].[Cl:5][c:21]1[cH:8][cH:11][c:25]([NH2:18])[n:27][cH:12]1>>[CH3:1][CH2:13][CH2:16][N:26]([CH2:17][CH2:14][CH3:2])[C:19](=[O:3])[CH2:15][c:24]1[c:23](-[c:22]2[cH:9][cH:6][c:20]([Cl:4])[cH:7][cH:10]2)[n:18][c:25]2[cH:11][cH:8][c:21]([Cl:5])[cH:12][n:27]12,1,8,0.22
golden_813,O=[CH:31][c:28]1[cH:16][cH:10][cH:6][cH:11][cH:17]1.[CH3:1][Si:32]([CH3:2])([CH2:23][C:34]([CH2:22][CH2:20][C:33]([CH3:3])([CH3:4])[CH2:21][OH:26])=[CH2:24])[c:29]1[cH:18][cH:12][cH:7][cH:13][cH:19]1.[cH:5]1[cH:8][cH:14][c:27]([CH:30]=[O:25])[cH:15][cH:9]1>>[CH3:1][SiH:32]([CH3:2])[c:29]1[cH:18][cH:12][cH:7][cH:13][cH:19]1.[CH3:3][C:33]1([CH3:4])[CH2:20][CH2:22][C:34]2([CH2:23][CH:30]([c:27]3[cH:14][cH:8][cH:5][cH:9][cH:15]3)[O:25][CH:31]([c:28]3[cH:16][cH:10][cH:6][cH:11][cH:17]3)[CH2:24]2)[O:26][CH2:21]1,1,6,0.48
golden_814,[CH3:1][O:18][C:22](=[O:6])[C:29]1([C:23](=[O:7])[O:19][CH3:2])[CH2:13][CH2:12][CH:28]=[C:31]([CH3:5])[CH2:17][CH2:14][C:30]([C:24](=[O:8])[O:20][CH3:3])([C:25](=[O:9])[O:21][CH3:4])[CH2:16][CH:27]=[CH:11][CH:10]=[CH:26][CH2:15]1>>[CH3:1][O:18][C:22](=[O:6])[C:29]1([C:23](=[O:7])[O:19][CH3:2])[CH2:13][CH2:12][CH:28]2[CH:26]([CH:10]=[CH:11][CH:27]3[CH2:16][C:30]([C:24](=[O:8])[O:20][CH3:3])([C:25](=[O:9])[O:21][CH3:4])[CH2:14][CH2:17][C:31]32[CH3:5])[CH2:15]1,1,2,0.12
golden_815,[CH3:1][CH2:21][O:25][C:27](=[O:5])[C:29]([CH2:22][c:31]1[cH:15][cH:9][cH:7][cH:10][cH:16]1)=[C:30]=[CH2:24].[CH3:2][C:38]([CH3:3])([CH3:4])[N:36]=[CH2:39].[O:6]=[C:28]1[N:35]([CH2:23][c:32]2[cH:17][cH:11][cH:8][cH:12][cH:18]2)[c:33]2[cH:19][cH:13][cH:14][cH:20][c:34]2[C:37]1=[O:26]>>[CH3:1][CH2:21][O:25][C:39]12[O:26][C:37]3([CH2:24][C:30]1=[C:29]([CH2:22][c:31]1[cH:15][cH:9][cH:7][cH:10][cH:16]1)[C:27](=[O:5])[N:36]2[C:38]([CH3:2])([CH3:3])[CH3:4])[C:28](=[O:6])[N:35]([CH2:23][c:32]1[cH:17][cH:11][cH:8][cH:12][cH:18]1)[c:33]1[cH:19][cH:13][cH:14][cH:20][c:34]13,1,8,1.79
golden_816,O=[CH:28][c:24]1[cH:14][c:21]([Br:4])[cH:10][cH:16][c:26]1[NH:31][CH2:19][C:7]#[CH:2].O=[CH:29][c:25]1[cH:15][c:22]([Br:5])[cH:11][cH:17][c:27]1[NH:30][CH2:18][C:6]#[CH:1].[CH3:3][c:20]1[cH:8][cH:12][c:23]([NH2:32])[cH:13][cH:9]1>>[CH:1]#[C:6][CH2:18][N:30]1[c:27]2[cH:17][cH:11][c:22]([Br:5])[cH:15][c:25]2[CH:29]2[N:31]([CH2:19][C:7]#[CH:2])[c:26]3[cH:16][cH:10][c:21]([Br:4])[cH:14][c:24]3[CH:28]1[N:32]2[c:23]1[cH:12][cH:8][c:20]([CH3:3])[cH:9][cH:13]1,1,6,0.29
golden_817,[cH:1]1[cH:5][cH:13][c:27]([CH2:21][N:35]=[N+:25]=[N-:23])[cH:14][cH:6]1.[cH:2]1[cH:7][cH:15][c:28]([CH2:22][N:36]=[N+:26]=[N-:24])[cH:16][cH:8]1.[cH:3]1[cH:9][cH:17][c:29]([C:31]#[CH:33])[cH:18][cH:10]1.[cH:4]1[cH:11][cH:19][c:30]([C:32]#[CH:34])[cH:20][cH:12]1>>[cH:1]1[cH:5][cH:13][c:27]([CH2:21][n:35]2[n:25][n:23][c:31](-[c:29]3[cH:17][cH:9][cH:3][cH:10][cH:18]3)[c:33]2-[c:34]2[c:32](-[c:30]3[cH:19][cH:11][cH:4][cH:12][cH:20]3)[n:24][n:26][n:36]2[CH2:22][c:28]2[cH:15][cH:7][cH:2][cH:8][cH:16]2)[cH:14][cH:6]1,1,7,0.56
golden_818,[CH3:1][O:13][C:15](=[O:5])[C:19]1([CH2:10][CH2:7][C:16]2=[C:18]([CH3:3])[CH2:9][O:12][C:14]2=[O:4])[CH:17]([CH3:2])[CH2:8][CH2:11][C:20]1=[O:6]>>[CH3:1][O:13][C:15](=[O:5])[C:19]12[CH2:10][CH2:7][CH:16]3[C:14](=[O:4])[O:12][CH2:9][C:18]3([CH3:3])[C:20]1([OH:6])[CH2:11][CH2:8][CH:17]2[CH3:2],1,2,0.06
golden_819,CCO[CH:16]=[C:23]([c:21]1[cH:14][cH:10][cH:7][cH:11][cH:15]1)[C:24](=O)[C:4]#[C:5][Si:27]([CH3:1])([CH3:2])[CH3:3].[cH:6]1[cH:8][cH:12][c:20](-[c:22]2[cH:17][c:25]([NH2:18])[nH:26][n:19]2)[cH:13][cH:9]1>>[CH3:1][Si:27]([CH3:2])([CH3:3])[C:5]#[C:4][c:24]1[c:23](-[c:21]2[cH:14][cH:10][cH:7][cH:11][cH:15]2)[cH:16][n:18][c:25]2[cH:17][c:22](-[c:20]3[cH:12][cH:8][cH:6][cH:9][cH:13]3)[n:19][n:26]12,1,4,0.24
golden_820,[CH3:1][C:19](=[O:2])[O:16][CH2:14][CH:26]1[CH:3]=[CH:4][CH:27]([OH:17])[CH:28]([C:22]#[C:21][c:20]2[cH:10][cH:6][cH:5][cH:7][cH:11]2)[O:18]1.[N-]=[N+]=[N:15][c:24]1[cH:12][cH:8][cH:9][cH:13][c:25]1[CH:23]=O>>[CH3:1][C:19](=[O:2])[O:16][CH2:14][CH:26]1[CH:3]=[CH:4][CH:27]2[O:17][c:23]3[c:22]([c:21](-[c:20]4[cH:10][cH:6][cH:5][cH:7][cH:11]4)[n:15][c:24]4[cH:12][cH:8][cH:9][cH:13][c:25]34)[CH:28]2[O:18]1,1,6,0.41
golden_821,Cc1ccc(S(=O)(=O)NN=[C:23]([CH3:17])[c:21]2[cH:13][cH:9][cH:8][cH:10][cH:14]2)cc1.I[c:22]1[cH:15][cH:11][c:20]([O:19][CH3:1])[cH:12][cH:16]1.O.[CH3:2][C:27]([CH3:3])([CH3:4])[N+:18]#[C-:24].[CH3:5][C:28]([CH3:6])([CH3:7])[N+:26]#[C-:25]>>[CH3:1][O:19][c:20]1[cH:11][cH:15][c:22](-[c:25]2[c:24]([NH:18][C:27]([CH3:2])([CH3:3])[CH3:4])[c:23](-[c:21]3[cH:13][cH:9][cH:8][cH:10][cH:14]3)[cH:17][n:26]2[C:28]([CH3:5])([CH3:6])[CH3:7])[cH:16][cH:12]1,1,8,1.68
golden_822,O=[C:43]([c:37]1[cH:20][cH:12][c:33]([CH3:2])[cH:13][cH:21]1)[CH:39](O)O.O[CH:38]([OH:26])[C:29](=[O:7])[c:35]1[cH:16][cH:10][c:32]([CH3:1])[cH:11][cH:17]1.[CH3:3][C:42]1([CH3:4])[CH2:24][C:28](=[O:6])[CH:30]=[C:31]([NH:41][c:36]2[cH:18][cH:14][c:34]([F:9])[cH:15][cH:19]2)[CH2:25]1.[O:5]=[C:27]([OH:8])[CH2:22][CH2:23][NH2:40]>>[CH3:1][c:32]1[cH:10][cH:16][c:35]([C:29](=[O:7])[CH:38]2[O:26][C:43]3([c:37]4[cH:20][cH:12][c:33]([CH3:2])[cH:13][cH:21]4)[CH:39]([C:30]4=[C:31]([CH2:25][C:42]([CH3:3])([CH3:4])[CH2:24][C:28]4=[O:6])[N:41]3[c:36]3[cH:18][cH:14][c:34]([F:9])[cH:15][cH:19]3)[N:40]2[CH2:23][CH2:22][C:27](=[O:5])[OH:8])[cH:17][cH:11]1,1,10,0.59
golden_823,[CH3:1][O:13][C:17](=[O:5])[CH2:22][N:12]=[CH:23][c:21]1[cH:10][cH:8][c:20]([O:16][CH3:4])[cH:9][cH:11]1.[CH3:2][O:14][C:18](=[O:6])[CH:24]=[CH:25][C:19](=[O:7])[O:15][CH3:3]>>[CH3:1][O:13][C:17](=[O:5])[c:22]1[nH:12][c:23](-[c:21]2[cH:10][cH:8][c:20]([O:16][CH3:4])[cH:9][cH:11]2)[c:25]([C:19](=[O:7])[O:15][CH3:3])[c:24]1[C:18](=[O:6])[O:14][CH3:2],1,7,0.24
golden_824,O=[CH:33][C:35](=[O:23])[c:29]1[cH:19][cH:13][cH:8][cH:14][cH:20]1.[CH3:1][CH2:21][O:22][C:25](=[O:4])[CH2:32][C:30]#[N:2].[O:3]=[C:24]([c:27]1[cH:15][cH:9][cH:6][cH:10][cH:16]1)[CH2:31][C:26](=[S:5])[NH:34][c:28]1[cH:17][cH:11][cH:7][cH:12][cH:18]1>>[CH3:1][CH2:21][O:22][C:25](=[O:4])[CH:32]1[CH:30]([NH2:2])[O:23][C:35]2([c:29]3[cH:19][cH:13][cH:8][cH:14][cH:20]3)[CH:33]1[CH:31]([C:24](=[O:3])[c:27]1[cH:15][cH:9][cH:6][cH:10][cH:16]1)[C:26](=[S:5])[N:34]2[c:28]1[cH:17][cH:11][cH:7][cH:12][cH:18]1,1,8,1.76
golden_825,O=S(=O)([CH:3]=[CH:27][c:22]1[cH:12][cH:6][cH:4][cH:7][cH:13]1)[c:26]1[n:20][n:18][n:19][n:28]1-[c:23]1[cH:14][cH:8][cH:5][cH:9][cH:15]1.[O:1]=[CH:2][c:24]1[cH:16][cH:10][cH:11][cH:17][c:25]1[SH:21]>>[CH:2]1=[CH:3][CH:27]([c:22]2[cH:12][cH:6][cH:4][cH:7][cH:13]2)[S:21][c:25]2[cH:17][cH:11][cH:10][cH:16][c:24]21.[O:1]=[c:26]1[nH:20][n:18][n:19][n:28]1-[c:23]1[cH:14][cH:8][cH:5][cH:9][cH:15]1,1,6,1.39
golden_826,Br[CH2:30][c:29]1[cH:18][cH:8][cH:7][cH:17][c:28]1[C:23](=[O:5])[O:20][CH2:19][CH3:1].CO[C:32](=[O:6])[C-:33]([c:26]1[cH:13][cH:9][c:24]([O:21][CH3:2])[cH:10][cH:14]1)[C:31](=[S:22])[c:25]1[cH:11][cH:15][c:27]([N:34]([CH3:3])[CH3:4])[cH:16][cH:12]1>>[CH3:1][CH2:19][O:20][C:23](=[O:5])[c:28]1[cH:17][cH:7][cH:8][cH:18][c:29]1-[c:30]1[s:22][c:31](-[c:25]2[cH:11][cH:15][c:27]([N:34]([CH3:3])[CH3:4])[cH:16][cH:12]2)[c:33](-[c:26]2[cH:13][cH:9][c:24]([O:21][CH3:2])[cH:10][cH:14]2)[c:32]1[OH:6],1,6,1.89
golden_827,O=[C:23]([CH3:11])[CH2:25][C:21](=[O:3])[O:20][CH2:17][CH3:2].O=[N+:19]([O-])[c:26]1[cH:12][cH:7][cH:8][cH:13][c:28]1[CH:29]=[CH:27][C:24](=O)[c:22]1[cH:9][cH:5][cH:4][cH:6][cH:10]1.[CH3:1][CH2:14][CH2:15][CH2:16][NH2:18]>>[CH3:1][CH2:14][CH2:15][CH2:16][NH:18][c:23]1[cH:11][c:24](-[c:22]2[cH:9][cH:5][cH:4][cH:6][cH:10]2)[c:27]2[nH:19][c:26]3[cH:12][cH:7][cH:8][cH:13][c:28]3[c:29]2[c:25]1[C:21](=[O:3])[O:20][CH2:17][CH3:2],1,14,1.94
golden_828,O=[CH:22][c:21]1[cH:8][cH:5][c:19]([Cl:4])[cH:6][cH:9]1.[CH3:1][CH2:12][O:15][C:18](=[O:3])[C:13]#[CH:23].[CH3:2][O:16][c:20]1[cH:7][cH:11][c:26]2[c:24]([cH:10]1)[s:17][c:25]([NH2:14])[n:27]2>>[CH3:1][CH2:12][O:15][C:18](=[O:3])[CH2:13][c:23]1[c:22](-[c:21]2[cH:8][cH:5][c:19]([Cl:4])[cH:6][cH:9]2)[n:14][c:25]2[s:17][c:24]3[cH:10][c:20]([O:16][CH3:2])[cH:7][cH:11][c:26]3[n:27]12,1,8,0.16
golden_829,[cH:1]1[cH:2][cH:4][c:14]2[c:13]([cH:3]1)[C:5]#[C:11][CH2:9][CH2:7][CH2:8][CH2:10][C:12]#[C:6]2>>[cH:1]1[cH:2][cH:4][c:14]2[cH:6][c:12]3[c:11]([cH:5][c:13]2[cH:3]1)[CH2:9][CH2:7][CH2:8][CH2:10]3,1,3,0.07
golden_830,C=C[CH:34]1[CH:35]2[CH2:21][CH2:16][CH2:23][C:37]2([CH3:3])[CH:33]([O:26][C:27](=[O:4])[c:31]2[cH:14][cH:10][c:29]([Br:5])[cH:11][cH:15]2)[CH2:22][C:36]1([CH3:2])[CH:32]([CH2:20][CH2:18][C:28]([CH3:1])=[CH2:6])[O:25][CH2:17][O:24][CH2:19][c:30]1[cH:12][cH:8][cH:7][cH:9][cH:13]1>>[CH3:1][C:28]1=[CH:6][CH:34]2[CH:35]3[CH2:21][CH2:16][CH2:23][C:37]3([CH3:3])[CH:33]([O:26][C:27](=[O:4])[c:31]3[cH:14][cH:10][c:29]([Br:5])[cH:11][cH:15]3)[CH2:22][C:36]2([CH3:2])[CH:32]([O:25][CH2:17][O:24][CH2:19][c:30]2[cH:12][cH:8][cH:7][cH:9][cH:13]2)[CH2:20][CH2:18]1,1,3,0.34
golden_831,O=[C:23]1[CH2:13][CH2:14][CH:26]([C:27]([CH3:3])([CH3:4])[CH3:5])[CH2:15][CH2:22]1.O=[CH:21][c:20]1[cH:9][cH:6][c:18]([CH3:2])[cH:7][cH:10]1.[CH3:1][O:17][c:19]1[cH:8][cH:11][c:24]([NH2:16])[cH:25][cH:12]1>>[CH3:1][O:17][c:19]1[cH:8][cH:11][c:24]2[n:16][c:21](-[c:20]3[cH:9][cH:6][c:18]([CH3:2])[cH:7][cH:10]3)[c:22]3[c:23]([c:25]2[cH:12]1)[CH2:13][CH2:14][CH:26]([C:27]([CH3:3])([CH3:4])[CH3:5])[CH2:15]3,1,9,1.57
golden_832,O=[C:20]1[CH2:10][CH2:5][CH2:4][CH2:8][CH2:19]1.[CH3:1][CH2:13][CH2:14][CH2:15][O:16][C:17](=[O:3])[CH:18]=[CH2:9].[CH3:2][n:25]1[c:23]2[cH:12][cH:7][cH:6][cH:11][c:21]2[cH:22][cH:24]1>>[CH3:1][CH2:13][CH2:14][CH2:15][O:16][C:17](=[O:3])[c:18]1[cH:9][c:19]2[cH:8][cH:4][cH:5][cH:10][c:20]2[c:22]2[c:21]3[cH:11][cH:6][cH:7][cH:12][c:23]3[n:25]([CH3:2])[c:24]12,1,14,1.52
golden_833,O=[C:42]([CH3:26])[c:35]1[cH:20][cH:9][cH:6][cH:10][cH:21]1.[CH3:1][c:31]1[cH:13][cH:18][c:34]([C:29](=[O:2])[CH:43]=[C:45]2[C:30](=[O:3])[N:44]([CH2:27][c:33]3[cH:16][cH:7][cH:5][cH:8][cH:17]3)[c:36]3[cH:22][cH:15][c:32]([Cl:4])[cH:23][c:37]32)[cH:19][cH:14]1.[cH:11]1[cH:12][cH:25][c:41]2[cH:39][cH:38][nH:28][c:40]2[cH:24]1>>[CH3:1][c:31]1[cH:13][cH:18][c:34]([C:29](=[O:2])[CH:43]2[CH2:26][CH:42]([c:35]3[cH:20][cH:9][cH:6][cH:10][cH:21]3)[c:39]3[c:38]([nH:28][c:40]4[cH:24][cH:11][cH:12][cH:25][c:41]34)[C:45]23[C:30](=[O:3])[N:44]([CH2:27][c:33]2[cH:16][cH:7][cH:5][cH:8][cH:17]2)[c:36]2[cH:22][cH:15][c:32]([Cl:4])[cH:23][c:37]23)[cH:19][cH:14]1,1,8,1.20
golden_834,[CH3:1][CH2:14][C:27]([CH2:15][CH3:2])([CH2:16][C:20]#[N:18])[CH2:17][C:22]#[C:23][CH2:13][CH2:11][CH2:12][C:21]#[C:19][C:9]#[C:10][Si:28]([CH:24]([CH3:3])[CH3:4])([CH:25]([CH3:5])[CH3:6])[CH:26]([CH3:7])[CH3:8]>>[CH3:1][CH2:14][C:27]1([CH2:15][CH3:2])[CH2:16][c:20]2[n:18][c:19]([C:9]#[C:10][Si:28]([CH:24]([CH3:3])[CH3:4])([CH:25]([CH3:5])[CH3:6])[CH:26]([CH3:7])[CH3:8])[c:21]3[c:23]([c:22]2[CH2:17]1)[CH2:13][CH2:11][CH2:12]3,1,3,0.20
golden_835,O=[CH2:8].O=[CH2:9].[Br:1][c:12]1[cH:2][cH:13][c:15]([NH2:20])[cH:14][cH:3]1.[CH2:4]1[CH2:6][CH:16]=[CH:18][O:10]1.[CH2:5]1[CH2:7][CH:17]=[CH:19][O:11]1>>[Br:1][c:12]1[cH:2][c:13]2[c:15]3[c:14]([cH:3]1)[CH:19]1[O:11][CH2:5][CH2:7][CH:17]1[CH2:9][N:20]3[CH2:8][CH:16]1[CH2:6][CH2:4][O:10][CH:18]21,1,10,1.09
golden_836,Cl[C:19](=[O:6])[CH:23]=[CH2:13].[CH3:1][CH2:9][O:14][C:18](=[O:5])[CH2:22][C:25]([CH3:4])=[O:17].[CH3:2][CH2:10][O:15][C:20](=[O:7])[C:24](=[CH2:12])[C:21](=[O:8])[O:16][CH2:11][CH3:3]>>[CH3:1][CH2:9][O:14][C:18](=[O:5])[CH:22]1[CH2:12][C:24]([C:20](=[O:7])[O:15][CH2:10][CH3:2])([C:21](=[O:8])[O:16][CH2:11][CH3:3])[CH2:13][CH:23]2[C:19](=[O:6])[O:17][C:25]12[CH3:4],1,6,0.15
golden_837,O=[CH2:19].[O:1]=[C:22]([CH2:16][CH2:12][CH2:11][CH2:15][N+:21]#[C-:23])[NH:20][CH2:14][CH2:10][CH2:9][CH2:13][CH2:18][NH2:26].[OH:2][C:24](=[O:3])[CH2:17][c:25]1[cH:7][cH:5][cH:4][cH:6][cH:8]1>>[O:1]=[C:22]1[CH2:16][CH2:12][CH2:11][CH2:15][NH:21][C:23](=[O:2])[CH2:19][N:26]([C:24](=[O:3])[CH2:17][c:25]2[cH:7][cH:5][cH:4][cH:6][cH:8]2)[CH2:18][CH2:13][CH2:9][CH2:10][CH2:14][NH:20]1,1,6,1.11
golden_838,O[C:24](=[O:9])[C:11]#[C:10][CH3:1].[CH3:2][C:30]([CH3:3])([CH3:4])[N+:21]#[C-:23].[CH3:5][C:31]([CH3:6])([CH3:7])[O:22][c:25]1[cH:15][cH:19][c:27]([NH2:29])[cH:20][cH:16]1.[O:8]=[CH:28][c:26]1[cH:17][cH:13][cH:12][cH:14][cH:18]1>>[CH3:1][C:10]#[C:11][C:24](=[O:9])[N:29]([c:27]1[cH:19][cH:15][c:25]([O:22][C:31]([CH3:5])([CH3:6])[CH3:7])[cH:16][cH:20]1)[CH:28]([C:23](=[O:8])[NH:21][C:30]([CH3:2])([CH3:3])[CH3:4])[c:26]1[cH:17][cH:13][cH:12][cH:14][cH:18]1,1,6,0.95
golden_839,CC(C)(C)[O:5][c:19]1[cH:8][cH:10][c:27]([N:25]([C:21](=[O:7])[C:12]#[C:22][CH3:1])[CH:24]([C:20](=[O:6])[NH:18][C:26]([CH3:2])([CH3:3])[CH3:4])[c:23]2[cH:16][cH:14][cH:13][cH:15][cH:17]2)[cH:11][cH:9]1>>[CH3:1][C:22]1=[CH:12][C:21](=[O:7])[N:25]([CH:24]([C:20](=[O:6])[NH:18][C:26]([CH3:2])([CH3:3])[CH3:4])[c:23]2[cH:16][cH:14][cH:13][cH:15][cH:17]2)[C:27]12[CH:10]=[CH:8][C:19](=[O:5])[CH:9]=[CH:11]2,1,3,1.58
golden_840,O=[CH:16][C:13](=[O:2])[O:12][CH2:9][CH3:1].[CH:3]1=[CH:4][CH:17]=[CH:18][CH2:10]1.[cH:5]1[cH:6][cH:8][cH:15][c:14]([NH2:11])[cH:7]1>>[CH3:1][CH2:9][O:12][C:13](=[O:2])[CH:16]1[NH:11][c:14]2[cH:7][cH:5][cH:6][cH:8][c:15]2[CH:17]2[CH:4]=[CH:3][CH2:10][CH:18]12,1,5,0.07
golden_841,O=[CH:45][CH:8]=[CH:7][c:39]1[cH:22][cH:12][cH:9][cH:13][cH:23]1.[CH3:1][CH2:31][O:33][C:37](=[O:5])[CH2:52][N:50]=[CH:46][c:40]1[cH:24][cH:14][cH:10][cH:15][cH:25]1.[O:2]=[C:34]1[CH:43]=[CH:47][C:35](=[O:3])[N:49]1[c:42]1[cH:28][cH:16][cH:11][cH:17][cH:29]1.[O:4]=[C:36]([CH:44]=[CH:48][c:41]1[cH:26][cH:20][c:38]([Br:6])[cH:21][cH:27]1)[n:51]1[cH:30][cH:18][cH:19][n:32]1>>[CH3:1][CH2:31][O:33][C:37](=[O:5])[C:52]12[CH:47]3[C:35](=[O:3])[N:49]([c:42]4[cH:28][cH:16][cH:11][cH:17][cH:29]4)[C:34](=[O:2])[CH:43]3[CH:45]([CH:8]=[CH:7][c:39]3[cH:22][cH:12][cH:9][cH:13][cH:23]3)[N:50]1[CH:46]([c:40]1[cH:24][cH:14][cH:10][cH:15][cH:25]1)[CH:44]([C:36](=[O:4])[n:51]1[cH:30][cH:18][cH:19][n:32]1)[CH:48]2[c:41]1[cH:26][cH:20][c:38]([Br:6])[cH:21][cH:27]1,1,8,0.92
golden_842,[CH2:1]=[CH:6][CH:21]([O:14][C:15](=[O:4])[C:16]1=[CH:7][CH2:10][CH2:11]1)[c:20]1[c:18]([O:13][CH3:3])[cH:9][cH:8][c:17]([O:12][CH3:2])[c:19]1[Br:5]>>[CH2:1]=[CH:6][CH2:10][CH2:11][C:16]1=[CH:7][CH:21]([c:20]2[c:18]([O:13][CH3:3])[cH:9][cH:8][c:17]([O:12][CH3:2])[c:19]2[Br:5])[O:14][C:15]1=[O:4],1,4,0.08
golden_843,C=C[CH2:17][CH2:19][C:29]1=[CH:11][CH:39]([c:37]2[c:33]([O:23][CH3:3])[cH:15][cH:13][c:31]([O:21][CH3:1])[c:35]2[Br:7])[O:25][C:27]1=[O:5].[CH3:2][O:22][c:32]1[cH:14][cH:16][c:34]([O:24][CH3:4])[c:38]([CH:40]2[CH:12]=[C:30]([CH2:20][CH2:18][CH:10]=[CH2:9])[C:28](=[O:6])[O:26]2)[c:36]1[Br:8]>>[CH3:1][O:21][c:31]1[cH:13][cH:15][c:33]([O:23][CH3:3])[c:37]([CH:39]2[CH:11]=[C:29]([CH2:19][CH2:17][CH:9]=[CH:10][CH2:18][CH2:20][C:30]3=[CH:12][CH:40]([c:38]4[c:34]([O:24][CH3:4])[cH:16][cH:14][c:32]([O:22][CH3:2])[c:36]4[Br:8])[O:26][C:28]3=[O:6])[C:27](=[O:5])[O:25]2)[c:35]1[Br:7],1,3,1.43
golden_844,[CH2:10]1[CH2:11][CH2:13][CH:22]([N+:17]#[C-:19])[CH2:14][CH2:12]1.[CH3:1][CH2:15][C:24](=[O:3])[CH2:16][CH3:2].[O:4]=[N+:23]([O-:5])[c:21]1[cH:9][cH:7][cH:6][cH:8][c:20]1[OH:18]>>[CH3:1][CH2:15][C:24]([CH2:16][CH3:2])([O:18][c:20]1[cH:8][cH:6][cH:7][cH:9][c:21]1[N+:23](=[O:4])[O-:5])[C:19](=[O:3])[NH:17][CH:22]1[CH2:13][CH2:11][CH2:10][CH2:12][CH2:14]1,1,4,0.14
golden_845,Br[CH2:24][C:21](=[O:4])[O:20][CH2:17][CH3:1].[CH3:2][c:25]1[cH:11][cH:15][c:27]([S:29](=[O:5])(=[O:6])[N:28]([CH2:18][C:7]#[C:22][c:26]2[cH:13][cH:9][cH:8][cH:10][cH:14]2)[CH2:19][C:23]#[N:3])[cH:16][cH:12]1>>[CH3:1][CH2:17][O:20][C:21](=[O:4])[C:24]1=[C:23]([NH2:3])[CH2:19][N:28]([S:29](=[O:5])(=[O:6])[c:27]2[cH:15][cH:11][c:25]([CH3:2])[cH:12][cH:16]2)[CH2:18][CH:7]=[C:22]1[c:26]1[cH:13][cH:9][cH:8][cH:10][cH:14]1,1,6,0.18
golden_846,F[c:18]1[cH:7][c:17]([Br:5])[cH:6][cH:8][c:19]1[S:24](=[O:3])(=[O:4])[N:15]1[CH2:14][CH:21]1[CH:20]([CH3:1])[CH3:2].[CH2:9]1[CH2:10][CH2:13][NH:23][CH:22]([CH2:12][OH:16])[CH2:11]1>>[CH3:1][CH:20]([CH3:2])[CH:21]1[CH2:14][N:23]2[CH2:13][CH2:10][CH2:9][CH2:11][CH:22]2[CH2:12][O:16][c:18]2[cH:7][c:17]([Br:5])[cH:6][cH:8][c:19]2[S:24](=[O:3])(=[O:4])[NH:15]1,1,4,0.07
golden_847,CO[CH:30](OC)[CH2:16][CH:29]([CH3:3])[CH3:4].O[c:25]1[c:26]([C:18](=[O:9])[CH2:15][CH:28]([CH3:1])[CH3:2])[c:23]([OH:12])[cH:14][c:24]([OH:13])[cH:27]1.[CH3:5][C:31]1([CH3:6])[C:19](=[O:10])[CH:21]=[C:22]([OH:17])[C:32]([CH3:7])([CH3:8])[C:20]1=[O:11]>>[CH3:1][CH:28]([CH3:2])[CH2:15][C:18](=[O:9])[c:26]1[c:23]([OH:12])[cH:14][c:24]([OH:13])[c:27]2[c:25]1[O:17][C:22]1=[C:21]([C:19](=[O:10])[C:31]([CH3:5])([CH3:6])[C:20](=[O:11])[C:32]1([CH3:7])[CH3:8])[CH:30]2[CH2:16][CH:29]([CH3:3])[CH3:4],1,8,1.55
golden_848,C[Si](C)(C)[c:14]1[cH:15][c:22]([CH3:1])[c:23]([CH3:2])[cH:16][c:21]1OS(=O)(=O)C(F)(F)F.F.[OH2:3].[cH:4]1[cH:6][cH:10][c:19]([CH2:17][N:25]2[CH2:18][CH:24]2[c:20]2[cH:12][cH:8][cH:5][cH:9][cH:13]2)[cH:11][cH:7]1>>[CH3:1][c:22]1[cH:15][cH:14][c:21]([N:25]([CH2:17][c:19]2[cH:10][cH:6][cH:4][cH:7][cH:11]2)[CH2:18][CH:24]([OH:3])[c:20]2[cH:12][cH:8][cH:5][cH:9][cH:13]2)[cH:16][c:23]1[CH3:2],1,6,1.37
golden_849,[C:9](#[CH:30])[CH:41]1[CH2:27][CH2:28]1.[N-]=[N+]=[N:29][S:44](=[O:3])(=[O:4])[c:37]1[cH:21][cH:15][c:34]([CH3:1])[cH:16][cH:22]1.[N-]=[N+]=[N:43][S:45](=[O:5])(=[O:6])[c:38]1[cH:23][cH:17][c:35]([CH3:2])[cH:18][cH:24]1.[cH:10]1[cH:11][cH:19][c:36]([C:32]#[CH:31])[cH:20][cH:12]1.[cH:7]1[cH:8][c:39]2[cH:25][cH:13][cH:14][cH:26][c:40]2[n:42][cH:33]1>>[CH3:1][c:34]1[cH:15][cH:21][c:37]([S:44](=[O:3])(=[O:4])[N:29]=[C:31]2[C:32]([c:36]3[cH:19][cH:11][cH:10][cH:12][cH:20]3)=[C:33]3[CH:7]=[CH:8][c:39]4[cH:25][cH:13][cH:14][cH:26][c:40]4[N:42]3[C:30](=[CH:9][CH:41]3[CH2:27][CH2:28]3)[N:43]2[S:45](=[O:5])(=[O:6])[c:38]2[cH:23][cH:17][c:35]([CH3:2])[cH:18][cH:24]2)[cH:22][cH:16]1,1,11,3.01
golden_850,Br[c:15]1[cH:14][cH:7][cH:9][c:16]2[cH:8][cH:3][cH:4][cH:10][c:17]12.C(c1ccccc1)#[C:11][c:12]1[cH:5][cH:1][cH:2][cH:6][cH:13]1>>[cH:1]1[cH:2][cH:6][c:13]2[c:12]([cH:5]1)[CH2:11][c:15]1[c:14]-2[cH:7][cH:9][c:16]2[cH:8][cH:3][cH:4][cH:10][c:17]12,1,8,68.14
golden_851,CCO[CH:7]=[C:19]([C:18](=[O:4])[C:20]#[C:8][Si:26]([CH3:1])([CH3:2])[CH3:3])[c:21]1[cH:12][cH:16][c:23]([N+:25](=[O:5])[O-:6])[cH:17][cH:13]1.[cH:9]1[cH:10][cH:14][c:22]([NH2:24])[cH:15][cH:11]1>>[CH3:1][Si:26]([CH3:2])([CH3:3])[CH:8]=[C:20]1[C:18](=[O:4])[C:19]([c:21]2[cH:12][cH:16][c:23]([N+:25](=[O:5])[O-:6])[cH:17][cH:13]2)=[CH:7][N:24]1[c:22]1[cH:14][cH:10][cH:9][cH:11][cH:15]1,1,4,0.11
golden_852,[CH:4]([CH:5]=[CH:18][CH2:11][CH2:13][NH:21][CH2:14][c:17]1[cH:9][cH:7][cH:6][cH:8][cH:10]1)=[CH2:12].[O:1]=[C:15]1[O:3][C:16](=[O:2])[CH:20]=[CH:19]1>>[O:1]=[C:15]([OH:3])[CH:19]1[CH2:12][CH:4]=[CH:5][CH:18]2[CH2:11][CH2:13][N:21]([CH2:14][c:17]3[cH:9][cH:7][cH:6][cH:8][cH:10]3)[C:16](=[O:2])[CH:20]21,1,4,0.08
golden_853,O=[CH:31][CH:30]1[CH2:19][CH2:14][CH2:17][CH:29]1[CH2:18][O:22][C:24]([CH3:4])=[O:5].[CH3:1][CH2:12][CH2:13][CH2:15][N+:21]#[C-:25].[CH3:2][CH2:16][C:26]([OH:6])=[O:7].[CH3:3][O:23][c:28]1[cH:10][cH:8][c:27]([CH2:20][NH2:32])[cH:9][cH:11]1>>[CH3:1][CH2:12][CH2:13][CH2:15][NH:21][C:25](=[O:6])[CH:31]([CH:30]1[CH2:19][CH2:14][CH2:17][CH:29]1[CH2:18][O:22][C:24]([CH3:4])=[O:5])[N:32]([CH2:20][c:27]1[cH:8][cH:10][c:28]([O:23][CH3:3])[cH:11][cH:9]1)[C:26](=[O:7])[CH2:16][CH3:2],1,6,1.82
golden_854,O[CH:29]([CH:10]=[CH2:1])[CH2:20][CH2:17][CH2:16][CH2:18][O:22][CH2:19][c:27]1[cH:14][cH:12][cH:11][cH:13][cH:15]1.[CH3:2][CH:28]([CH3:3])[CH2:21][CH:30]([C:25](=[O:8])[OH:23])[N:31]([CH3:4])[C:26](=[O:9])[O:24][C:32]([CH3:5])([CH3:6])[CH3:7]>>[CH2:1]=[CH:10][CH:29]([CH2:20][CH2:17][CH2:16][CH2:18][O:22][CH2:19][c:27]1[cH:14][cH:12][cH:11][cH:13][cH:15]1)[O:23][C:25](=[O:8])[CH:30]([CH2:21][CH:28]([CH3:2])[CH3:3])[N:31]([CH3:4])[C:26](=[O:9])[O:24][C:32]([CH3:5])([CH3:6])[CH3:7],1,2,0.13
golden_855,[CH3:1][O:19][c:23]1[cH:8][cH:6][c:22]([CH2:13][O:18][CH2:15][CH:28]([CH3:2])[CH2:16][CH:29]([O:20][C:21](=[O:5])[C:27]#[C:26][CH2:14][CH2:12][CH2:17][C:30]([CH3:3])([CH3:4])[C:25]#[CH:11])[C:24]#[CH:10])[cH:7][cH:9]1>>[CH3:1][O:19][c:23]1[cH:8][cH:6][c:22]([CH2:13][O:18][CH2:15][CH:28]([CH3:2])[CH2:16][CH:29]2[O:20][C:21](=[O:5])[c:27]3[c:24]2[cH:10][cH:11][c:25]2[c:26]3[CH2:14][CH2:12][CH2:17][C:30]2([CH3:3])[CH3:4])[cH:7][cH:9]1,1,3,0.16
golden_856,[N-]=[N+]=[C:24]([C:19](=[O:5])[CH:7]=[CH:8][CH:26]1[CH2:15][CH2:13][CH:22]2[C:21](=[CH:9][CH2:10][CH2:14][C:25]2([CH3:3])[CH3:4])[CH:23]1[O:18][CH2:12][O:16][CH3:2])[C:20](=[O:6])[O:17][CH2:11][CH3:1]>>[CH3:1][CH2:11][O:17][C:20](=[O:6])[CH:24]1[C:19](=[O:5])[CH:7]=[CH:8][C:26]12[CH2:15][CH2:13][CH:22]1[C:21](=[CH:9][CH2:10][CH2:14][C:25]1([CH3:3])[CH3:4])[CH:23]2[O:18][CH2:12][O:16][CH3:2],1,4,0.08
golden_857,[CH3:1][C:17]([CH:3]=[O:2])=[CH2:11].[CH:4](=[CH2:5])[C:14]1=[CH:15][CH2:9][CH2:6][CH2:10][C:16]12[O:12][CH2:7][CH2:8][O:13]2>>[CH3:1][C:17]1([CH:3]=[O:2])[CH2:11][CH2:5][CH:4]=[C:14]2[CH:15]1[CH2:9][CH2:6][CH2:10][C:16]21[O:12][CH2:7][CH2:8][O:13]1,1,2,0.07
golden_858,[CH3:1][O:13][c:19]1[cH:6][cH:8][c:21]([CH:5]=[O:4])[c:22]([O:14][CH2:12][C:18]#[C:17][c:20]2[cH:7][cH:10][c:23]([O:15][CH3:2])[c:24]([O:16][CH3:3])[cH:11]2)[cH:9]1>>[CH3:1][O:13][c:19]1[cH:6][cH:8][c:21]2[c:22]([cH:9]1)[O:14][CH2:12][C:18]([C:17](=[O:4])[c:20]1[cH:7][cH:10][c:23]([O:15][CH3:2])[c:24]([O:16][CH3:3])[cH:11]1)=[CH:5]2,1,3,0.16
golden_859,CC[O:10][C:37]#[C:32][C:48]1([OH:13])[CH2:33][CH:43]([O:36][Si:51]([c:40]2[cH:22][cH:18][cH:16][cH:19][cH:23]2)([c:41]2[cH:24][cH:20][cH:17][cH:21][cH:25]2)[C:50]([CH3:7])([CH3:8])[CH3:9])[CH2:31][CH:44]([C:38]([CH3:2])=[CH:14][CH:45]([CH3:4])[CH:47]([OH:12])[C:49]([CH3:5])([CH3:6])[CH:46]([OH:11])[C:39]([CH3:3])=[CH:15][CH2:29][CH:42]([CH2:30][CH2:28][CH2:27][CH2:26][CH3:1])[OH:34])[O:35]1>>[CH3:1][CH2:26][CH2:27][CH2:28][CH2:30][CH:42]1[CH2:29][CH:15]=[C:39]([CH3:3])[CH:46]([OH:11])[C:49]([CH3:5])([CH3:6])[CH:47]([OH:12])[CH:45]([CH3:4])[CH:14]=[C:38]([CH3:2])[CH:44]2[CH2:31][CH:43]([O:36][Si:51]([c:40]3[cH:22][cH:18][cH:16][cH:19][cH:23]3)([c:41]3[cH:24][cH:20][cH:17][cH:21][cH:25]3)[C:50]([CH3:7])([CH3:8])[CH3:9])[CH2:33][C:48]([OH:13])([CH2:32][C:37](=[O:10])[O:34]1)[O:35]2,1,4,0.99
golden_860,O[CH:23]([CH2:16][CH2:14][CH2:13][CH2:12][CH2:11][CH2:10][CH2:9][CH2:8][CH3:1])[CH2:17][CH:25]1[CH2:19][C:26]([CH3:3])([CH3:4])[CH2:18][CH:24]1[CH:7]=[CH:6][CH:22]([CH3:2])[CH2:15][C:21](=[O:5])[OH:20]>>[CH3:1][CH2:8][CH2:9][CH2:10][CH2:11][CH2:12][CH2:13][CH2:14][CH2:16][CH:23]1[CH2:17][CH:25]2[CH2:19][C:26]([CH3:3])([CH3:4])[CH2:18][CH:24]2[CH:7]=[CH:6][CH:22]([CH3:2])[CH2:15][C:21](=[O:5])[O:20]1,1,2,0.09
golden_861,[CH3:1][C:12]([CH3:2])=[CH:6][CH2:7][CH2:10][C:16]([CH3:4])=[CH:14][CH2:8][CH2:9][C:15]([CH3:3])([OH:11])[CH:13]=[O:5]>>[CH3:1][C:12]([CH3:2])=[CH:6][CH2:7][CH2:10][C:16]1([CH3:4])[O:11][C:15]2([CH3:3])[CH2:9][CH2:8][CH:14]1[CH:13]2[OH:5],1,2,0.04
golden_862,C=C[CH2:19][N:28]([CH2:20][CH:25]1[CH:12]=[CH:11][CH2:17][CH:26]1[N:27]([CH2:18][CH:10]=[CH2:9])[C:22](=[O:4])[O:21][C:30]([CH3:1])([CH3:2])[CH3:3])[S:31](=[O:6])(=[O:7])[c:24]1[cH:15][cH:13][c:23]([N+:29](=[O:5])[O-:8])[cH:14][cH:16]1>>[CH3:1][C:30]([CH3:2])([CH3:3])[O:21][C:22](=[O:4])[N:27]1[CH2:18][CH:10]=[CH:9][CH2:17][CH:26]1[CH:25]1[CH:12]=[CH:11][CH2:19][N:28]([S:31](=[O:6])(=[O:7])[c:24]2[cH:15][cH:13][c:23]([N+:29](=[O:5])[O-:8])[cH:14][cH:16]2)[CH2:20]1,1,5,1.58
golden_863,[CH3:1][CH2:22][Si:38]([CH2:23][CH3:2])([CH2:24][CH3:3])[O:27][CH:34]1[CH2:18][CH2:17][CH:33]([CH3:5])[C:36]2([CH3:6])[CH2:20][CH2:16][C:29](=[O:8])[C:35](=[CH2:19])[C:37]12[CH2:21][CH2:14][CH2:15][O:26][C:28]([CH3:4])=[O:7].[cH:9]1[cH:10][cH:13][c:32]2[cH:30][cH:11][nH:25][c:31]2[cH:12]1>>[CH3:1][CH2:22][Si:38]([CH2:23][CH3:2])([CH2:24][CH3:3])[O:27][CH:34]1[CH2:18][CH2:17][CH:33]([CH3:5])[C:36]2([CH3:6])[CH2:20][CH2:16][C:29](=[O:8])[CH:35]([CH2:19][c:30]3[cH:11][nH:25][c:31]4[cH:12][cH:9][cH:10][cH:13][c:32]34)[C:37]12[CH2:21][CH2:14][CH2:15][O:26][C:28]([CH3:4])=[O:7],1,3,0.26
golden_864,CO[CH:13]([O:4]C)[CH:11]1[CH:9]2[CH:5]=[CH:6][CH:10]1[CH:12]([CH3:2])[CH:14]([S:7][CH3:1])[C:8]2=[O:3].O>>[CH3:1][S:7][C:14]12[C:8](=[O:3])[CH:9]3[CH:5]=[CH:6][CH:10]([CH:11]3[CH:13]1[OH:4])[CH:12]2[CH3:2],1,4,0.04
golden_865,CO[CH:24](OC)[O:15][CH3:3].[CH3:1][O:12][c:17]1[cH:5][c:18]([CH2:10][CH:23]([CH2:11][CH:22]2[CH2:9][CH2:7][CH2:8][CH:21]([CH3:4])[O:14]2)[OH:16])[cH:20][c:19]([O:13][CH3:2])[cH:6]1>>[CH3:1][O:12][c:17]1[cH:5][c:18]2[c:20]([c:19]([O:13][CH3:2])[cH:6]1)[CH:24]([O:15][CH3:3])[O:16][CH:23]([CH2:11][CH:22]1[CH2:9][CH2:7][CH2:8][CH:21]([CH3:4])[O:14]1)[CH2:10]2,1,5,0.13
golden_866,Br[c:25]1[cH:10][cH:7][c:22]([O:17][CH2:11][O:15][CH3:1])[c:26]2[c:27]1[CH:20]([C:21]1=[C:30](Br)[CH:31]([OH:5])[CH:29]([OH:4])[c:28]3[c:23]([O:18][CH2:12][O:16][CH3:2])[cH:8][cH:6][cH:9][c:24]31)[CH2:14][CH2:13][C:19]2=[O:3]>>[CH3:1][O:15][CH2:11][O:17][c:22]1[cH:7][cH:10][c:25]2[c:27]3[c:26]1[C:19](=[O:3])[CH2:13][CH2:14][C:20]3=[C:21]1[c:24]3[cH:9][cH:6][cH:8][c:23]([O:18][CH2:12][O:16][CH3:2])[c:28]3[CH:29]([OH:4])[CH:31]([OH:5])[CH:30]12,1,5,1.43
golden_867,CC(=O)O[CH2:11][CH:9]=[CH:10][CH:26]([O:22][C:25]([CH2:17][CH2:14][O:21][CH2:15][O:20][CH2:13][CH2:12][O:19][CH3:2])=[C:24]([OH:8])[CH2:16]S(=O)(=O)c1ccccc1)[CH:27]([CH2:18][CH3:1])[O:23][Si:29]([CH3:6])([CH3:7])[C:28]([CH3:3])([CH3:4])[CH3:5]>>[CH3:1][CH2:18][CH:27]([O:23][Si:29]([CH3:6])([CH3:7])[C:28]([CH3:3])([CH3:4])[CH3:5])[CH:26]1[CH:10]=[CH:9][CH2:11][CH2:16][C:24](=[O:8])[CH:25]([CH2:17][CH2:14][O:21][CH2:15][O:20][CH2:13][CH2:12][O:19][CH3:2])[O:22]1,1,4,0.35
golden_868,C=C.[CH:1]1=[CH:6][CH:16]2[CH2:9][CH:15]1[CH:17]([C:13](=[O:5])[C:14]([CH3:3])=[CH2:7])[C:18]2([CH3:4])[CH2:10][O:12][CH2:8][O:11][CH3:2]>>[CH2:1]=[CH:6][CH:16]1[CH2:9][CH:15]2[CH:7]=[C:14]([CH3:3])[C:13](=[O:5])[CH:17]2[C:18]1([CH3:4])[CH2:10][O:12][CH2:8][O:11][CH3:2],1,4,0.11
golden_869,[CH3:1][C:20](=[O:5])[CH2:11][CH2:10][CH2:16][CH:13]=[O:2].[O:3]=[N+:19]([O-:4])[CH:18]=[CH:17][c:15]1[cH:9][cH:7][cH:6][cH:8][c:14]1[OH:12]>>[CH3:1][C:20]1([OH:5])[CH2:11][CH2:10][CH:16]2[C:13](=[O:2])[O:12][c:14]3[cH:8][cH:6][cH:7][cH:9][c:15]3[CH:17]2[CH:18]1[N+:19](=[O:3])[O-:4],1,5,0.06
golden_870,C[O:6][c:24]1[cH:19][c:25]([OH:7])[c:43](-[c:33]2[c:28]([OH:20])[cH:13][c:34]([O:21][CH3:1])[c:40]3[c:38]2[cH:17][c:32]([Br:9])[c:37]2[cH:16][c:27]([O:23][CH:42]([CH3:4])[CH3:5])[cH:11][cH:18][c:39]23)[c:29]2[cH:12][c:30]([Br:8])[c:35]3[cH:14][c:26]([O:22][CH:41]([CH3:2])[CH3:3])[cH:10][cH:15][c:36]3[c:31]12>>[CH3:1][O:21][c:34]1[cH:13][c:28]2[c:33]([c:38]3[cH:17][c:32]([Br:9])[c:37]4[cH:16][c:27]([O:23][CH:42]([CH3:4])[CH3:5])[cH:11][cH:18][c:39]4[c:40]13)[C:43]1([CH2:19][C:24](=[O:6])[c:31]3[c:29]1[cH:12][c:30]([Br:8])[c:35]1[cH:14][c:26]([O:22][CH:41]([CH3:2])[CH3:3])[cH:10][cH:15][c:36]31)[C:25](=[O:7])[O:20]2,1,5,2.15
golden_871,O[CH2:1][C:14]12[c:16]3[nH:13][c:18]4[cH:6][cH:4][cH:5][cH:7][c:19]4[c:17]3[CH2:8][CH2:10][N:21]1[CH2:12][C:15](=[CH:3][CH3:2])[CH:20]2[CH2:9][CH2:11]O>>[CH2:1]=[C:14]1[c:16]2[nH:13][c:18]3[cH:6][cH:4][cH:5][cH:7][c:19]3[c:17]2[CH2:8][CH2:10][N:21]2[CH2:11][CH2:9][CH:20]1[C:15](=[CH:3][CH3:2])[CH2:12]2,1,4,0.99
golden_872,CC(C)O[C:12]1=[C:13]([CH2:10][CH2:7][CH2:5][CH3:2])[C:11](=[O:3])[CH2:8][CH2:6][CH2:9]1.[Br][Mg][CH:4]=[CH2:1]>>[CH2:1]=[CH:4][C:12]1=[C:13]([CH2:10][CH2:7][CH2:5][CH3:2])[C:11](=[O:3])[CH2:8][CH2:6][CH2:9]1,1,3,0.03
golden_873,n1n[n:39]([S:41](=[O:9])(=[O:10])[c:31]2[cH:19][cH:15][c:29]([CH3:4])[cH:16][cH:20]2)[cH:23][c:32]1[CH2:24][CH:37]([CH:36]([CH:11]=[C:27]([CH3:2])[C:26](=[O:6])[O:25][CH3:1])[c:33]1[cH:21][cH:12][cH:22][cH:35][cH:34]1)[N:38]([CH3:5])[S:40](=[O:7])(=[O:8])[c:30]1[cH:17][cH:13][c:28]([CH3:3])[cH:14][cH:18]1>>[CH3:1][O:25][C:26](=[O:6])[C:27]([CH3:2])=[CH:11][CH:36]1[c:33]2[cH:21][cH:12][cH:22][c:35]3[c:34]2[c:32]([cH:23][n:39]3[S:41](=[O:9])(=[O:10])[c:31]2[cH:19][cH:15][c:29]([CH3:4])[cH:16][cH:20]2)[CH2:24][CH:37]1[N:38]([CH3:5])[S:40](=[O:7])(=[O:8])[c:30]1[cH:17][cH:13][c:28]([CH3:3])[cH:14][cH:18]1,1,6,1.73
golden_874,C[Si](C)(C)[C:2]#[C:11][CH2:6][CH2:8][CH:14]1[CH2:9][CH:13]([CH3:3])[CH2:7][C:12](=[O:4])[CH:15]1[CH2:10][CH:5]=[CH2:1]>>[CH2:1]=[CH:5][CH2:10][C:15]12[C:11](=[CH2:2])[CH2:6][CH2:8][CH:14]1[CH2:9][CH:13]([CH3:3])[CH2:7][C:12]2=[O:4],1,5,0.06
golden_875,CO[C:12](OC)([CH3:1])[CH3:2].[Br:3][C:9]1=[CH:6][CH:4]=[CH:5][CH:10]([OH:7])[CH:11]1[OH:8]>>[CH3:1][C:12]1([CH3:2])[O:7][CH:10]2[CH:5]=[CH:4][CH:6]=[C:9]([Br:3])[CH:11]2[O:8]1,1,4,0.06
golden_876,[CH3:1][CH2:10][C:17](=[C:9]=[CH:8][C:16]1=[C:15]([CH2:7][CH:6]=[CH2:12])[C:14](=[O:5])[O:13][C:18]1([CH3:3])[CH3:4])[CH2:11][CH3:2]>>[CH3:1][CH2:10][C:17]1([CH2:11][CH3:2])[CH:9]=[CH:8][C:16]2=[C:15]([CH:7]=[CH:6][CH2:12]1)[C:14](=[O:5])[O:13][C:18]2([CH3:3])[CH3:4],1,3,1.32
golden_877,[CH3:1][C:24]([CH3:2])([CH3:3])[O:17][C:18](=[O:4])[N:22]1[C:19](=[O:5])[CH:26]([F:8])[c:21]2[cH:12][cH:10][cH:9][cH:11][c:20]21.[O:6]=[N+:23]([O-:7])[CH:15]=[C:25]1[CH2:13][O:16][CH2:14]1>>[CH3:1][C:24]([CH3:2])([CH3:3])[O:17][C:18](=[O:4])[N:22]1[C:19](=[O:5])[C:26]([F:8])([C:25]2([CH2:15][N+:23](=[O:6])[O-:7])[CH2:13][O:16][CH2:14]2)[c:21]2[cH:12][cH:10][cH:9][cH:11][c:20]21,1,3,0.08
golden_878,I[c:23]1[cH:15][cH:9][cH:10][cH:16][c:24]1-[c:25]1[cH:7][cH:5][c:17]([OH:3])[cH:6][cH:8]1.[CH3:1][C:18](=[O:4])[c:21]1[cH:11][cH:13][c:22]([CH:20]=[C:19]=[CH2:2])[cH:14][cH:12]1>>[CH3:1][C:18](=[O:4])[c:21]1[cH:11][cH:13][c:22]([C:20]2=[C:19]([CH3:2])[c:23]3[cH:15][cH:9][cH:10][cH:16][c:24]3[C:25]23[CH:7]=[CH:5][C:17](=[O:3])[CH:6]=[CH:8]3)[cH:14][cH:12]1,1,5,1.72
golden_879,O=[C:23](O)[CH2:15][c:25]1[cH:10][cH:8][c:24]([CH3:2])[cH:9][cH:11]1.O=[CH:30][c:28]1[cH:14][cH:6][cH:5][cH:13][c:27]1[O:19][CH2:16][CH:29]=[CH:22][C:21](=[O:3])[O:18][CH3:1].[cH:4]1[cH:7][o:20][c:26]([CH2:17][NH2:31])[cH:12]1>>[CH3:1][O:18][C:21](=[O:3])[C:22]1=[C:23]([CH2:15][c:25]2[cH:10][cH:8][c:24]([CH3:2])[cH:9][cH:11]2)[N:31]([CH2:17][c:26]2[cH:12][cH:4][cH:7][o:20]2)[CH:30]2[c:28]3[cH:14][cH:6][cH:5][cH:13][c:27]3[O:19][CH2:16][CH:29]12,1,8,0.23
golden_880,[CH2:1]=[CH:12][CH:22]1[CH2:13][C:23]1([C:17](=[O:9])[O:14][CH3:2])[C:18](=[O:10])[O:15][CH3:3].[CH3:4][C:19]1([CH3:5])[C:11](=[O:8])[C:20]([CH3:6])([CH3:7])[C:21]1=[S:16]>>[CH2:1]=[CH:12][CH:22]1[CH2:13][C:23]([C:17](=[O:9])[O:14][CH3:2])([C:18](=[O:10])[O:15][CH3:3])[C:21](=[C:20]([CH3:6])[CH3:7])[S:16]1.[CH3:4][C:19]([CH3:5])=[C:11]=[O:8],1,5,0.23
golden_881,[CH3:1][CH:31]=[CH:30][CH2:19][c:27]1[cH:16][cH:15][c:26]([CH:7]=[O:4])[o:21]1.[CH3:2][N:32]1[C:22](=[O:5])[C:33](=[C:24]([C:6]#[N:3])[C:23](=[O:20])[c:25]2[cH:13][cH:9][cH:8][cH:10][cH:14]2)[c:29]2[cH:18][cH:12][cH:11][cH:17][c:28]21>>[CH3:1][CH:31]1[CH:30]([CH2:19][c:27]2[cH:16][cH:15][c:26]([CH:7]=[O:4])[o:21]2)[O:20][C:23]([c:25]2[cH:13][cH:9][cH:8][cH:10][cH:14]2)=[C:24]([C:6]#[N:3])[C:33]12[C:22](=[O:5])[N:32]([CH3:2])[c:28]1[cH:17][cH:11][cH:12][cH:18][c:29]12,1,2,0.18
golden_882,[CH3:1][CH:21]=[C:20]([CH:17]=[CH:25][CH:16]=[O:3])[c:22]1[cH:12][cH:8][cH:7][cH:9][cH:13]1.[O:2]=[C:19]1[NH:18][c:23]2[cH:14][cH:10][cH:11][cH:15][c:24]2[C:28]1=[CH:26][C:27]([F:4])([F:5])[F:6]>>[CH3:1][C:21]1=[C:20]([c:22]2[cH:12][cH:8][cH:7][cH:9][cH:13]2)[CH2:17][CH:25]([CH2:16][OH:3])[CH:26]([C:27]([F:4])([F:5])[F:6])[C:28]12[C:19](=[O:2])[NH:18][c:23]1[cH:14][cH:10][cH:11][cH:15][c:24]12,1,5,0.25
golden_883,O[CH:23]([C:22]#[C:18][CH:26]1[CH2:16][CH2:17]1)[c:25]1[cH:15][cH:9][cH:8][cH:14][c:24]1[OH:19].[O:1]=[PH:27]([c:20]1[cH:10][cH:4][cH:2][cH:5][cH:11]1)[c:21]1[cH:12][cH:6][cH:3][cH:7][cH:13]1>>[O:1]=[P:27]([c:20]1[cH:10][cH:4][cH:2][cH:5][cH:11]1)([c:21]1[cH:12][cH:6][cH:3][cH:7][cH:13]1)[c:23]1[c:22]([CH2:18][CH:26]2[CH2:16][CH2:17]2)[o:19][c:24]2[cH:14][cH:8][cH:9][cH:15][c:25]12,1,6,2.07
golden_884,O=O.O=[C:25]([CH3:6])[CH2:23][C:18](=[O:5])[O:17][CH2:16][CH3:1].[CH3:2][c:19]1[cH:7][cH:11][c:21]([C:24](=[O:4])[CH3:15])[cH:12][cH:8]1.[CH3:3][c:20]1[cH:9][cH:13][c:22]([NH2:26])[cH:14][cH:10]1>>[CH3:1][CH2:16][O:17][C:18](=[O:5])[c:23]1[cH:15][c:24](-[c:21]2[cH:11][cH:7][c:19]([CH3:2])[cH:8][cH:12]2)[n:26](-[c:22]2[cH:13][cH:9][c:20]([CH3:3])[cH:10][cH:14]2)[c:25]1[CH:6]=[O:4],1,12,1.65
golden_885,I[c:22]1[cH:13][cH:9][cH:6][cH:10][cH:14]1.[CH2:1]=[C:19]=[CH:23][O:18][c:21]1[cH:11][cH:7][cH:5][cH:8][cH:12]1.[CH3:2][CH2:15][NH:24][CH2:16][CH3:3].[O:4]=[C:20]=[O:17]>>[CH2:1]=[C:19]([c:22]1[cH:13][cH:9][cH:6][cH:10][cH:14]1)[CH:23]([O:17][C:20](=[O:4])[N:24]([CH2:15][CH3:2])[CH2:16][CH3:3])[O:18][c:21]1[cH:11][cH:7][cH:5][cH:8][cH:12]1,1,4,0.08
golden_886,O=[O:2].[O:1]=[C:19]([c:21]1[cH:11][cH:5][cH:3][cH:6][cH:12]1)[CH:25]=[C:20]([NH:17][c:23]1[cH:15][cH:9][cH:10][cH:16][c:24]1[OH:18])[c:22]1[cH:13][cH:7][cH:4][cH:8][cH:14]1>>[O:1]=[C:19]([c:21]1[cH:11][cH:5][cH:3][cH:6][cH:12]1)[C:25]1([OH:2])[O:18][c:24]2[cH:16][cH:10][cH:9][cH:15][c:23]2[N:17]=[C:20]1[c:22]1[cH:13][cH:7][cH:4][cH:8][cH:14]1,1,4,0.18
golden_887,NN[S:38](=[O:6])(=[O:7])[c:34]1[cH:20][cH:14][c:31]([CH3:2])[cH:15][cH:21]1.[CH3:1][O:26][C:28](=[O:5])[C:37]([CH2:24][N:36]([C:27](=[O:4])[C:30]#[C:29][c:33]1[cH:18][cH:12][cH:11][cH:13][cH:19]1)[S:39](=[O:8])(=[O:9])[c:35]1[cH:22][cH:16][c:32]([CH3:3])[cH:17][cH:23]1)=[CH2:25].[I-:10]>>[CH3:1][O:26][C:28](=[O:5])[C:37]1([CH2:25][S:38](=[O:6])(=[O:7])[c:34]2[cH:20][cH:14][c:31]([CH3:2])[cH:15][cH:21]2)[CH2:24][N:36]([S:39](=[O:8])(=[O:9])[c:35]2[cH:22][cH:16][c:32]([CH3:3])[cH:17][cH:23]2)[C:27](=[O:4])[C:30]1=[C:29]([I:10])[c:33]1[cH:18][cH:12][cH:11][cH:13][cH:19]1,1,4,0.24
golden_888,[cH:1]1[cH:2][cH:6][c:16]([C:17]#[C:9][c:18]2[cH:8][cH:4][cH:5][cH:12][c:21]2[C:23]#[C:20][CH2:11][NH:14][c:19]2[cH:10][n:13][o:15][cH:22]2)[cH:7][cH:3]1>>[cH:1]1[cH:2][cH:6][c:16](-[c:17]2[cH:9][c:18]3[cH:8][cH:4][cH:5][cH:12][c:21]3[c:23]3[c:20]2[cH:11][n:14][c:19]2[cH:10][n:13][o:15][c:22]23)[cH:7][cH:3]1,1,5,1.42
golden_889,Br[C:19]([CH3:3])([CH3:4])[C:14](=[O:5])[NH:18][O:13][CH2:11][c:16]1[cH:9][cH:7][cH:6][cH:8][cH:10]1.[CH3:1][N:17]([CH3:2])[C:15]#[N:12]>>[CH3:1][N:17]([CH3:2])[C:15]1=[N:12][C:19]([CH3:3])([CH3:4])[C:14](=[O:5])[N:18]1[O:13][CH2:11][c:16]1[cH:9][cH:7][cH:6][cH:8][cH:10]1,1,3,0.08
golden_890,O=[O:2].[CH3:1][CH2:14][O:15][C:16](=[O:3])[C:18](=[C:19]=[CH2:4])[CH2:20][c:17]1[cH:10][cH:6][cH:5][cH:7][cH:11]1.[cH:8]1[cH:9][cH:13][n:22][cH:21][cH:12]1>>[CH3:1][CH2:14][O:15][C:16](=[O:3])[c:18]1[c:19]([CH:4]=[O:2])[c:21]2[cH:12][cH:8][cH:9][cH:13][n:22]2[c:20]1-[c:17]1[cH:10][cH:6][cH:5][cH:7][cH:11]1,1,8,1.65
golden_891,Br[C:20]([F:4])([F:5])[C:15](=[O:2])[O:14][CH2:10][CH3:1].[O-][N+:13](=[O:3])[c:17]1[cH:8][cH:6][cH:7][cH:9][c:18]1[C:16]#[C:21][CH:19]1[CH2:11][CH2:12]1>>[CH3:1][CH2:10][O:14][C:15](=[O:2])[C:20]([F:4])([F:5])[C:21]1([CH:19]2[CH2:11][CH2:12]2)[NH:13][c:17]2[cH:8][cH:6][cH:7][cH:9][c:18]2[C:16]1=[O:3],1,6,0.77
golden_892,[CH3:1][CH2:11][O:14][CH:21]=[CH2:12].[OH:2][c:15]1[cH:7][cH:6][cH:10][cH:18][c:19]1[N:13]=[CH:20][c:17]1[cH:9][cH:5][cH:4][cH:8][c:16]1[Cl:3]>>[CH3:1][CH2:11][O:14][CH:21]1[CH2:12][CH:20]([c:17]2[cH:9][cH:5][cH:4][cH:8][c:16]2[Cl:3])[NH:13][c:19]2[c:15]([OH:2])[cH:7][cH:6][cH:10][c:18]21,1,3,0.11
golden_893,[CH3:1][CH2:10][CH:5]([O:3][CH2:4][CH:13]=[CH2:2])[CH:6]=[CH:14][c:12]1[cH:9][cH:7][cH:8][o:11]1>>[CH3:1][CH2:10][CH:5]=[CH:6][CH:14]([c:12]1[cH:9][cH:7][cH:8][o:11]1)[CH:13]([CH3:2])[CH:4]=[O:3],1,4,0.06
golden_894,[O:1]=[C:10]1[CH2:8][CH2:6][CH2:7][N:9]1[CH:5]=[CH:11][C:12]([F:2])([F:3])[F:4]>>[O:1]=[C:10]1[CH2:8][CH2:6][CH2:7][N:9]=[CH:5][CH:11]1[C:12]([F:2])([F:3])[F:4],1,2,0.03
golden_895,O=[CH:6][c:17]1[cH:8][cH:7][cH:9][c:18]([O:13][CH3:3])[cH:10]1.[CH3:1][O:11][C:14](=[O:4])[CH2:16][C:15](=[O:5])[O:12][CH3:2]>>[CH3:1][O:11][C:14](=[O:4])[C:16](=[CH:6][c:17]1[cH:8][cH:7][cH:9][c:18]([O:13][CH3:3])[cH:10]1)[C:15](=[O:5])[O:12][CH3:2],1,4,0.07
golden_896,[CH3:1][C:29]([CH3:2])([CH3:3])[O:21][C:22](=[O:4])[NH:20][CH:26]([c:25]1[cH:18][cH:14][cH:13][cH:17][c:24]1[F:9])[S:28](=[O:6])(=[O:8])[c:23]1[cH:15][cH:11][cH:10][cH:12][cH:16]1.[O:5]=[N+:27]([O-:7])[CH3:19]>>[CH3:1][C:29]([CH3:2])([CH3:3])[O:21][C:22](=[O:4])[NH:20][CH:26]([CH2:19][N+:27](=[O:5])[O-:7])[c:25]1[cH:18][cH:14][cH:13][cH:17][c:24]1[F:9].[O:6]=[S:28]([OH:8])[c:23]1[cH:15][cH:11][cH:10][cH:12][cH:16]1,1,3,0.08
golden_897,[O:1]=[N+:14]([O-:3])[CH3:10].[O:2]=[N+:15]([O-:4])[c:12]1[cH:8][cH:6][cH:7][c:11]([CH:13]=[O:5])[cH:9]1>>[O:1]=[N+:14]([O-:3])[CH2:10][CH:13]([OH:5])[c:11]1[cH:7][cH:6][cH:8][c:12]([N+:15](=[O:2])[O-:4])[cH:9]1,1,2,0.03
golden_898,[CH3:1][c:13]1[cH:5][c:14]([CH3:2])[cH:7][c:15]([C:17]#[C:12][CH2:4][O:10][CH2:8][CH:16]=[CH2:9])[cH:6]1.[O+:3]#[C-:11]>>[CH3:1][c:13]1[cH:5][c:14]([CH3:2])[cH:7][c:15]([CH:17]2[C:11](=[O:3])[CH2:9][CH:16]3[CH2:8][O:10][CH:4]=[C:12]32)[cH:6]1,1,5,0.08
golden_899,[N-]=[N+]=[CH:24][c:21]1[cH:14][cH:8][cH:3][cH:9][cH:15]1.[cH:1]1[cH:4][cH:10][c:19]([CH2:16][O:18][CH2:17][CH:22]=[CH:23][c:20]2[cH:12][cH:6][cH:2][cH:7][cH:13]2)[cH:11][cH:5]1>>[cH:1]1[cH:4][cH:10][c:19]([CH2:16][O:18][CH2:17][CH:22]2[CH:23]([c:20]3[cH:12][cH:6][cH:2][cH:7][cH:13]3)[CH:24]2[c:21]2[cH:14][cH:8][cH:3][cH:9][cH:15]2)[cH:11][cH:5]1,1,3,0.13
golden_900,[CH3:1][CH2:12][CH2:14][CH2:16][O:20][P:26](=[O:4])([CH:19]=[CH2:18])[O:21][CH2:17][CH2:15][CH2:13][CH3:2].[O:3]=[CH:22][c:23]1[cH:8][cH:10][c:24]([C:25]([F:5])([F:6])[F:7])[cH:11][cH:9]1>>[CH3:1][CH2:12][CH2:14][CH2:16][O:20][P:26](=[O:4])([CH2:19][CH2:18][C:22](=[O:3])[c:23]1[cH:8][cH:10][c:24]([C:25]([F:5])([F:6])[F:7])[cH:11][cH:9]1)[O:21][CH2:17][CH2:15][CH2:13][CH3:2],1,3,1.31
golden_901,[CH2:1]=[Ti:24]([CH:22]1[CH:8]=[CH:4][CH:5]=[CH:9]1)[CH:23]1[CH:10]=[CH:6][CH:7]=[CH:11]1.[CH3:2][CH2:17][O:19][C:20](=[O:3])[CH2:18][c:21]1[cH:15][cH:13][cH:12][cH:14][cH:16]1>>[CH2:1]=[C:20]([CH2:18][c:21]1[cH:15][cH:13][cH:12][cH:14][cH:16]1)[O:19][CH2:17][CH3:2].[O:3]=[Ti:24]([CH:22]1[CH:8]=[CH:4][CH:5]=[CH:9]1)[CH:23]1[CH:10]=[CH:6][CH:7]=[CH:11]1,1,4,0.09
golden_902,CC(C)(C)OC(=O)O[CH:7]([C:20](=[CH2:5])[C:19](=[O:2])[O:18][CH2:17][CH3:1])[c:21]1[cH:13][cH:9][cH:8][cH:10][cH:14]1.O=[CH:6][c:22]1[cH:15][cH:11][cH:12][cH:16][c:23]1[N+:24](=[O:3])[O-:4]>>[CH3:1][CH2:17][O:18][C:19](=[O:2])[C:20]([CH:5]=[CH:6][c:22]1[cH:15][cH:11][cH:12][cH:16][c:23]1[N+:24](=[O:3])[O-:4])=[CH:7][c:21]1[cH:13][cH:9][cH:8][cH:10][cH:14]1,1,4,0.15
golden_903,O[CH2:3][CH:6]([NH2:4])[CH:5]([CH3:1])[CH3:2]>>[CH3:1][CH:5]([CH3:2])[CH:6]1[CH2:3][NH:4]1,1,2,0.01
golden_904,[CH2:5]([CH2:6][CH:11]=[CH2:9])[OH:10].[O:1]=[C:12]1[CH2:7][CH2:3][CH2:2][CH2:4][CH2:8]1>>[OH:1][CH:11]1[CH2:6][CH2:5][O:10][C:12]2([CH2:7][CH2:3][CH2:2][CH2:4][CH2:8]2)[CH2:9]1,1,4,0.03
golden_905,[CH3:1][CH2:12][O:14][C:16](=[O:3])[CH2:19][c:21]1[cH:10][cH:6][cH:7][cH:11][n:22]1.[CH3:2][O:15][c:17]1[cH:8][cH:4][cH:5][cH:9][c:18]1[CH2:20][NH2:13]>>[CH3:1][CH2:12][O:14][C:16](=[O:3])[c:19]1[n:13][c:20](-[c:18]2[cH:9][cH:5][cH:4][cH:8][c:17]2[O:15][CH3:2])[n:22]2[cH:11][cH:7][cH:6][cH:10][c:21]12,1,6,0.08
golden_906,CC(C)O[C:15](=[O:1])[CH2:17][CH2:18][C:16](OC(C)C)=[O:2].[Br:3][c:21]1[cH:5][cH:9][c:23]([C:19]#[N:13])[cH:10][cH:6]1.[Br:4][c:22]1[cH:7][cH:11][c:24]([C:20]#[N:14])[cH:12][cH:8]1>>[O:1]=[C:15]1[NH:14][C:20]([c:24]2[cH:11][cH:7][c:22]([Br:4])[cH:8][cH:12]2)=[C:18]2[C:16](=[O:2])[NH:13][C:19]([c:23]3[cH:9][cH:5][c:21]([Br:3])[cH:6][cH:10]3)=[C:17]12,1,10,0.32
golden_907,[CH3:1][C:13]([CH3:2])=[CH:4][CH2:11][O:12][C:16]([CH3:3])([C:14]#[CH:5])[c:15]1[cH:9][cH:7][cH:6][cH:8][cH:10]1>>[CH3:1][C:13]([CH3:2])=[CH:4][C:14]1=[CH:5][CH2:11][O:12][C:16]1([CH3:3])[c:15]1[cH:9][cH:7][cH:6][cH:8][cH:10]1,1,3,0.09
golden_908,[CH3:1][CH:8]([OH:2])[c:6]1[o:3][cH:7][cH:5][cH:4]1>>[CH3:1][CH:8]1[C:6](=[O:2])[CH:4]=[CH:5][CH:7]1[OH:3],1,4,0.03
golden_909,[CH3:2][C:16]([CH3:3])([CH3:4])[N+:12]#[C-:15].[NH4+:13].[O-][C:14]([CH3:1])=[O:5].[O:6]=[C:17]1[CH2:10][CH2:8][CH2:7][CH2:9][CH2:11]1>>[CH3:1][C:14](=[O:5])[NH:13][C:17]1([C:15](=[O:6])[NH:12][C:16]([CH3:2])([CH3:3])[CH3:4])[CH2:10][CH2:8][CH2:7][CH2:9][CH2:11]1,1,6,0.20
golden_910,O=[C:15]([CH2:9][CH:17]1[CH2:12][CH2:11][c:16]2[cH:8][cH:4][cH:5][cH:10][c:18]2[C:19]1=O)[c:14]1[cH:6][cH:2][cH:1][cH:3][cH:7]1.[NH3:13]>>[cH:1]1[cH:2][cH:6][c:14](-[c:15]2[cH:9][c:17]3[c:19]([nH:13]2)-[c:18]2[cH:10][cH:5][cH:4][cH:8][c:16]2[CH2:11][CH2:12]3)[cH:7][cH:3]1,1,6,0.07
golden_911,[CH3:1][CH2:8][CH2:9][CH2:10][CH2:11][CH2:12][CH2:13][CH2:14][CH2:15][CH2:16][CH:18]([OH:2])[c:17]1[cH:6][cH:4][cH:3][cH:5][cH:7]1.[OH-]>>[CH3:1][CH2:8][CH2:9][CH2:10][CH2:11][CH2:12][CH2:13][CH2:14][CH2:15][CH2:16][CH:18]([OH:2])[c:17]1[cH:6][cH:4][cH:3][cH:5][cH:7]1,1,0,0.05
golden_912,CCO[C:10](=[O:2])[CH2:5][C:9](=O)[CH3:1].[cH:3]1[cH:4][cH:7][cH:12][c:11]([OH:8])[cH:6]1>>[CH3:1][c:9]1[cH:5][c:10](=[O:2])[o:8][c:11]2[cH:6][cH:3][cH:4][cH:7][c:12]12,1,6,0.15
golden_913,[O:1]=[C:14]([OH:2])[CH2:18][c:16]1[cH:12][cH:8][cH:5][cH:9][cH:13]1.[O:3]=[CH:17][c:15]1[cH:10][cH:6][cH:4][cH:7][cH:11]1>>[O:1]=[C:14]([OH:2])[CH:18]([c:16]1[cH:12][cH:8][cH:5][cH:9][cH:13]1)[CH:17]([OH:3])[c:15]1[cH:10][cH:6][cH:4][cH:7][cH:11]1,1,2,0.21
golden_914,CN(C)[CH2:10][N:14]([CH3:2])[CH3:3].[CH3:1][CH2:5][CH2:6][CH:12]1[CH2:7][CH2:9][CH2:13][C:11](=[O:4])[CH2:8]1>>[CH3:1][CH2:5][CH2:6][CH:12]1[CH2:7][CH2:9][CH:13]([CH2:10][N:14]([CH3:2])[CH3:3])[C:11](=[O:4])[CH2:8]1,1,3,0.06
golden_915,[CH3:1][C:14](=[O:5])[OH:13].[CH3:2][C:16]([CH3:3])([CH3:4])[N+:12]#[C-:15].[O:6]=[C:17]1[CH2:10][CH2:8][CH2:7][CH2:9][CH2:11]1>>[CH3:1][C:14](=[O:5])[O:13][C:17]1([C:15](=[O:6])[NH:12][C:16]([CH3:2])([CH3:3])[CH3:4])[CH2:10][CH2:8][CH2:7][CH2:9][CH2:11]1,1,4,0.06
golden_916,[N:1]#[C:3][CH:9]=[CH2:10].[O:2]=[CH:11][c:12]1[cH:7][cH:5][cH:4][cH:6][cH:8]1>>[N:1]#[C:3][CH2:9][CH2:10][C:11](=[O:2])[c:12]1[cH:7][cH:5][cH:4][cH:6][cH:8]1,1,3,0.04
golden_917,CCO[C:10](=[O:2])[CH2:7][CH2:4][CH2:5][CH2:8][CH2:12][C:11](=[O:3])[O:9][CH2:6][CH3:1]>>[CH3:1][CH2:6][O:9][C:11](=[O:3])[CH:12]1[CH2:8][CH2:5][CH2:4][CH2:7][C:10]1=[O:2],1,3,0.03
golden_918,CCO[C:20](=[O:2])[CH:25]([CH:23]([CH3:1])[OH:3])[CH:27]1[CH2:17][CH:24]([O:19][CH2:15][c:22]2[cH:12][cH:8][cH:5][cH:9][cH:13]2)[CH:26]([CH2:16][O:18][CH2:14][c:21]2[cH:10][cH:6][cH:4][cH:7][cH:11]2)[NH:28]1>>[CH3:1][CH:23]([OH:3])[CH:25]1[C:20](=[O:2])[N:28]2[CH:26]([CH2:16][O:18][CH2:14][c:21]3[cH:10][cH:6][cH:4][cH:7][cH:11]3)[CH:24]([O:19][CH2:15][c:22]3[cH:12][cH:8][cH:5][cH:9][cH:13]3)[CH2:17][CH:27]12,1,2,0.13
golden_919,O[CH:5]1[O:4][CH:38]([CH2:28][O:31][CH2:26][c:34]2[cH:18][cH:10][cH:6][cH:11][cH:19]2)[CH:39]([O:32][CH2:27][c:35]2[cH:20][cH:12][cH:7][cH:13][cH:21]2)[CH2:29]1.[CH3:1][C:40]([CH3:2])([CH3:3])[Si:41]([O:33][NH2:30])([c:36]1[cH:22][cH:14][cH:8][cH:15][cH:23]1)[c:37]1[cH:24][cH:16][cH:9][cH:17][cH:25]1>>[CH3:1][C:40]([CH3:2])([CH3:3])[Si:41]([O:33][N:30]=[CH:5][CH2:29][CH:39]([O:32][CH2:27][c:35]1[cH:20][cH:12][cH:7][cH:13][cH:21]1)[CH:38]([OH:4])[CH2:28][O:31][CH2:26][c:34]1[cH:18][cH:10][cH:6][cH:11][cH:19]1)([c:36]1[cH:22][cH:14][cH:8][cH:15][cH:23]1)[c:37]1[cH:24][cH:16][cH:9][cH:17][cH:25]1,1,3,0.56
golden_920,CCO[C:7](=[O:2])[c:8]1[cH:4][o:6][cH:3][n:5]1.[NH3:1]>>[NH2:1][C:7](=[O:2])[c:8]1[cH:4][o:6][cH:3][n:5]1,1,2,0.02
golden_921,O=[C:25]([C:26](=O)[c:30]1[cH:20][cH:12][cH:5][cH:13][cH:21]1)[c:29]1[cH:18][cH:10][cH:4][cH:11][cH:19]1.[O:1]=[C:22]([CH2:23][c:27]1[cH:14][cH:6][cH:2][cH:7][cH:15]1)[CH2:24][c:28]1[cH:16][cH:8][cH:3][cH:9][cH:17]1>>[O:1]=[C:22]1[C:23]([c:27]2[cH:14][cH:6][cH:2][cH:7][cH:15]2)=[C:25]([c:29]2[cH:18][cH:10][cH:4][cH:11][cH:19]2)[C:26]([c:30]2[cH:20][cH:12][cH:5][cH:13][cH:21]2)=[C:24]1[c:28]1[cH:16][cH:8][cH:3][cH:9][cH:17]1,1,8,1.26
golden_922,O=[C:10]([CH3:2])[NH:8][CH2:6][CH2:7][c:12]1[cH:4][cH:3][c:11]([O:9][CH3:1])[cH:5][cH:13]1>>[CH3:1][O:9][c:11]1[cH:3][cH:4][c:12]2[c:13]([cH:5]1)[C:10]([CH3:2])=[N:8][CH2:6][CH2:7]2,1,3,0.03
golden_923,[CH3:1][O:14][c:25]1[c:23]([Cl:10])[c:20]([CH3:4])[c:22]([Cl:9])[c:21]([OH:8])[c:27]1[C:29](=[O:15])[c:28]1[c:24]([CH2:13][CH:11]=[C:17]([CH3:2])[CH3:3])[c:18]([OH:6])[cH:12][c:19]([OH:7])[c:26]1[CH:16]=[O:5]>>[CH3:1][O:14][c:25]1[c:23]([Cl:10])[c:20]([CH3:4])[c:22]([Cl:9])[c:21]([OH:8])[c:27]1[CH:29]1[O:15][C:16](=[O:5])[c:26]2[c:19]([OH:7])[cH:12][c:18]([OH:6])[c:24]([CH2:13][CH:11]=[C:17]([CH3:2])[CH3:3])[c:28]21,1,3,0.17
golden_924,CCO[C:7](=[O:2])[CH:5]=[CH:9][CH3:1].[O:3]=[C:8]([CH3:4])[CH3:6]>>[CH3:1][CH:9]1[CH2:5][C:7](=[O:2])[CH2:4][C:8](=[O:3])[CH2:6]1,1,6,0.13
golden_925,[CH3:1][C:12]#[CH:7].[cH:2]1[cH:3][cH:5][c:11]([CH2:8][N:13]=[N+:10]=[N-:9])[cH:6][cH:4]1>>[CH3:1][c:12]1[cH:7][n:13]([CH2:8][c:11]2[cH:5][cH:3][cH:2][cH:4][cH:6]2)[n:10][n:9]1,1,2,0.05
golden_926,O=[C:15]1[CH:12]([CH2:13][CH:7]=[CH2:1])[N:18]([C:14]([CH3:2])=[O:5])[c:17]2[cH:11][cH:9][cH:8][cH:10][c:16]21.c1ccc(P(c2ccccc2)(c2ccccc2)=[C:19]([CH3:3])[C:6]#[N:4])cc1>>[CH2:1]=[CH:7][CH2:13][C:19]([CH3:3])([C:6]#[N:4])[c:15]1[cH:12][n:18]([C:14]([CH3:2])=[O:5])[c:17]2[cH:11][cH:9][cH:8][cH:10][c:16]12,1,5,1.77
golden_927,[CH:3]1=[CH:9][CH2:5][CH2:6][CH:10]=[CH:4]1.[O:1]=[C:8]1[CH2:7][CH:11]=[C:12]1[Br:2]>>[O:1]=[C:8]1[CH2:7][CH:11]2[CH:9]3[CH:3]=[CH:4][CH:10]([CH2:6][CH2:5]3)[C:12]12[Br:2],1,2,0.04
golden_928,CO[C:19](=[O:1])[CH2:24][c:21]1[cH:12][cH:6][cH:3][cH:7][cH:13]1.CO[C:20](=[O:2])[C:25]([OH:18])([c:22]1[cH:14][cH:8][cH:4][cH:9][cH:15]1)[c:23]1[cH:16][cH:10][cH:5][cH:11][cH:17]1>>[O:1]=[C:19]1[O:18][C:25]([c:22]2[cH:14][cH:8][cH:4][cH:9][cH:15]2)([c:23]2[cH:16][cH:10][cH:5][cH:11][cH:17]2)[C:20](=[O:2])[CH:24]1[c:21]1[cH:12][cH:6][cH:3][cH:7][cH:13]1,1,5,0.20
golden_929,O=S(=O)([CH3:1])[c:17]1[nH:13][c:18]2[cH:11][cH:7][cH:8][cH:12][c:19]2[n:14]1.[CH3:2][C:15](=[O:3])[c:16]1[cH:9][cH:5][cH:4][cH:6][cH:10]1>>[CH2:1]=[C:15]([CH3:2])[c:16]1[cH:9][cH:5][cH:4][cH:6][cH:10]1.[O:3]=[c:17]1[nH:13][c:18]2[cH:11][cH:7][cH:8][cH:12][c:19]2[nH:14]1,1,6,0.08
golden_930,O=[CH:23][c:22]1[cH:15][cH:9][cH:4][cH:10][cH:16]1.[O:1]=[C:19]([CH3:17])[c:21]1[cH:13][cH:7][cH:3][cH:8][cH:14]1.[cH:2]1[cH:5][cH:11][c:20]([NH2:18])[cH:12][cH:6]1>>[O:1]=[C:19]([CH2:17][CH:23]([NH:18][c:20]1[cH:11][cH:5][cH:2][cH:6][cH:12]1)[c:22]1[cH:15][cH:9][cH:4][cH:10][cH:16]1)[c:21]1[cH:13][cH:7][cH:3][cH:8][cH:14]1,1,4,0.17
golden_931,[Br:1][c:32]1[cH:19][cH:9][cH:3][cH:10][cH:20]1.[cH:2]1[cH:7][cH:17][c:31]([CH2:27][Sn:36]([CH2:28][c:33]2[cH:21][cH:11][cH:4][cH:12][cH:22]2)([CH2:29][c:34]2[cH:23][cH:13][cH:5][cH:14][cH:24]2)[CH2:30][c:35]2[cH:25][cH:15][cH:6][cH:16][cH:26]2)[cH:18][cH:8]1>>[Br:1][Sn:36]([CH2:28][c:33]1[cH:21][cH:11][cH:4][cH:12][cH:22]1)([CH2:29][c:34]1[cH:23][cH:13][cH:5][cH:14][cH:24]1)[CH2:30][c:35]1[cH:25][cH:15][cH:6][cH:16][cH:26]1.[cH:2]1[cH:7][cH:17][c:31]([CH2:27][c:32]2[cH:19][cH:9][cH:3][cH:10][cH:20]2)[cH:18][cH:8]1,1,4,1.24
golden_932,OOC(c1ccccc1)=[O:14].[CH3:1][CH2:10][O:13][C:18](=[CH:16][CH2:12][CH2:11][c:15]1[cH:8][cH:6][cH:5][cH:7][cH:9]1)[C:17]([F:2])([F:3])[F:4]>>[CH3:1][CH2:10][O:13][C:18]1([C:17]([F:2])([F:3])[F:4])[O:14][CH:16]1[CH2:12][CH2:11][c:15]1[cH:8][cH:6][cH:5][cH:7][cH:9]1,1,3,0.08
golden_933,O=[CH:3][c:10]1[cH:7][cH:5][cH:4][cH:6][cH:8]1.c1ccc(P(c2ccccc2)(c2ccccc2)=[C:9]([Cl:1])[Cl:2])cc1>>[Cl:1][C:9]([Cl:2])=[CH:3][c:10]1[cH:7][cH:5][cH:4][cH:6][cH:8]1,1,3,0.07
golden_934,[CH3:1][C:7]([CH3:2])=[CH:4][CH2:5][Br:3].[O]=[Mg:6]>>[CH3:1][C:7]([CH3:2])=[CH:4][CH2:5][Mg:6][Br:3],1,4,0.01
golden_935,[CH3:1][N:15]([CH3:2])[CH2:9][C:12]#[CH:4].[OH:3][CH:13]1[CH2:7][CH2:5][CH2:6][CH2:8][CH:14]1[N:16]=[N+:11]=[N-:10]>>[CH3:1][N:15]([CH3:2])[CH2:9][c:12]1[cH:4][n:16]([CH:14]2[CH2:8][CH2:6][CH2:5][CH2:7][CH:13]2[OH:3])[n:11][n:10]1,1,2,0.03
golden_936,O=[C:8]1[CH2:5][CH2:3][CH2:2][CH2:4][CH2:6]1.[OH:1][NH2:7]>>[OH:1][N:7]=[C:8]1[CH2:5][CH2:3][CH2:2][CH2:4][CH2:6]1,1,2,0.01
golden_937,O[CH2:4][CH2:5][CH2:3][CH3:1].[ClH:2]>>[CH3:1][CH2:3][CH2:5][CH2:4][Cl:2],1,2,0.01
golden_938,[Na][NH2:1].[cH:2]1[cH:3][cH:5][cH:7][n:6][cH:4]1>>[NH2:1][c:7]1[cH:5][cH:3][cH:2][cH:4][n:6]1,1,3,0.01
golden_939,O.O=Cc1ccccc1.[O:1]=[CH:7][c:8]1[cH:5][cH:3][cH:2][cH:4][cH:6]1>>[OH:1][CH2:7][c:8]1[cH:5][cH:3][cH:2][cH:4][cH:6]1,1,1,0.04
golden_940,Cl[C:16](=[O:2])[O:15][CH2:13][CH:21]1[c:19]2[cH:10][cH:6][cH:4][cH:8][c:17]2-[c:18]2[cH:9][cH:5][cH:7][cH:11][c:20]21.[CH:1]#[C:3][CH2:12][OH:14]>>[CH:1]#[C:3][CH2:12][O:14][C:16](=[O:2])[O:15][CH2:13][CH:21]1[c:19]2[cH:10][cH:6][cH:4][cH:8][c:17]2-[c:18]2[cH:9][cH:5][cH:7][cH:11][c:20]21,1,2,0.08
golden_941,O=C1CCC(=O)N1O[C:11](=[O:2])[c:12]1[cH:6][cH:4][cH:3][cH:5][cH:7]1.[CH3:1][CH2:8][CH2:9][NH2:10]>>[CH3:1][CH2:8][CH2:9][NH:10][C:11](=[O:2])[c:12]1[cH:6][cH:4][cH:3][cH:5][cH:7]1,1,2,0.03
golden_942,O=[C:6]([CH3:1])[CH2:3][CH2:4][C:7]([CH3:2])=[O:5]>>[CH3:1][c:6]1[cH:3][cH:4][c:7]([CH3:2])[o:5]1,1,4,0.01
golden_943,CC(=O)O[C:10]([CH3:1])=[O:2].[O:3]=[C:11]([OH:4])[c:13]1[cH:8][cH:6][cH:5][cH:7][c:12]1[OH:9]>>[CH3:1][C:10](=[O:2])[O:9][c:12]1[cH:7][cH:5][cH:6][cH:8][c:13]1[C:11](=[O:3])[OH:4],1,2,0.02
golden_944,CC(=O)O[C:9]([CH3:1])=[O:2].[OH:3][c:10]1[cH:4][cH:6][c:11]([NH2:8])[cH:7][cH:5]1>>[CH3:1][C:9](=[O:2])[NH:8][c:11]1[cH:6][cH:4][c:10]([OH:3])[cH:5][cH:7]1,1,2,0.02
golden_945,Br[CH2:8][C:2]#[N:1].[cH:3]1[cH:4][cH:6][n:9][cH:7][cH:5]1>>[N:1]#[C:2][CH2:8][n+:9]1[cH:6][cH:4][cH:3][cH:5][cH:7]1,1,2,0.01
golden_946,Br[CH2:7][CH3:1].[cH:2]1[cH:3][cH:5][n:8][cH:6][cH:4]1>>[CH3:1][CH2:7][n+:8]1[cH:5][cH:3][cH:2][cH:4][cH:6]1,1,2,0.02
golden_947,Br[CH2:8][CH3:1].[CH3:2][O:9][C:11](=[O:3])[c:13]1[cH:6][cH:4][c:12]([OH:10])[cH:5][cH:7]1>>[CH3:1][CH2:8][O:10][c:12]1[cH:4][cH:6][c:13]([C:11](=[O:3])[O:9][CH3:2])[cH:7][cH:5]1,1,2,0.02
golden_948,CCO[C:9](=[O:2])[c:11]1[cH:4][cH:3][cH:5][c:12]([O:10][CH2:8][CH2:7][CH3:1])[cH:6]1>>[CH3:1][CH2:7][CH2:8][O:10][c:12]1[cH:5][cH:3][cH:4][c:11]([CH2:9][OH:2])[cH:6]1,1,3,0.06
golden_949,[CH3:1][O:13][c:19]1[cH:7][cH:25][cH:27][cH:9][c:21]1[O:15][CH3:3].[CH3:2][O:14][c:20]1[cH:8][cH:26][cH:28][cH:10][c:22]1[O:16][CH3:4].[CH3:5][O:17][c:23]1[cH:11][cH:29][cH:30][cH:12][c:24]1[O:18][CH3:6]>>[CH3:1][O:13][c:19]1[cH:7][c:25]2[c:26]3[cH:8][c:20]([O:14][CH3:2])[c:22]([O:16][CH3:4])[cH:10][c:28]3[c:30]3[cH:12][c:24]([O:18][CH3:6])[c:23]([O:17][CH3:5])[cH:11][c:29]3[c:27]2[cH:9][c:21]1[O:15][CH3:3],1,9,1.57
golden_950,BrP(Br)[Br:1].O[CH2:7][CH2:8][CH2:9][c:10]1[cH:5][cH:3][cH:2][cH:4][cH:6]1>>[Br:1][CH2:7][CH2:8][CH2:9][c:10]1[cH:5][cH:3][cH:2][cH:4][cH:6]1,1,3,0.03
golden_951,[CH3:1][c:16]1[cH:9][cH:13][c:18]([S:19]([NH:2][N:15]=[CH:5][c:17]2[cH:11][cH:7][cH:6][cH:8][cH:12]2)(=[O:3])=[O:4])[cH:14][cH:10]1>>[CH3:1][c:16]1[cH:9][cH:13][c:18]([S:19](=[O:3])[O-:4])[cH:14][cH:10]1.[N-:2]=[N+:15]=[CH:5][c:17]1[cH:11][cH:7][cH:6][cH:8][cH:12]1,1,1,0.05
golden_952,C[O:1][c:8]1[cH:5][c:7]([I:4])[cH:6][c:9]([O:2]C)[c:10]1[O:3]C>>[OH:1][c:8]1[cH:5][c:7]([I:4])[cH:6][c:9]([OH:2])[c:10]1[OH:3],1,3,0.01
golden_953,[O:1]=[c:19]1[o:5][c:21](=[O:3])[c:27]2[cH:17][c:26]3[c:20](=[O:2])[o:6][c:22](=[O:4])[c:28]3[cH:18][c:25]12.[cH:7]1[cH:9][cH:13][cH:23][cH:14][cH:10]1.[cH:8]1[cH:11][cH:15][cH:24][cH:16][cH:12]1>>[O:1]=[C:19]([OH:5])[c:25]1[cH:18][c:28]([C:22](=[O:4])[c:24]2[cH:15][cH:11][cH:8][cH:12][cH:16]2)[c:26]([C:20](=[O:2])[OH:6])[cH:17][c:27]1[C:21](=[O:3])[c:23]1[cH:13][cH:9][cH:7][cH:10][cH:14]1,1,6,1.32
golden_954,Br[CH2:3][CH2:4][CH2:5][O:6][CH3:1].[I-:2]>>[CH3:1][O:6][CH2:5][CH2:4][CH2:3][I:2],1,2,0.01
golden_955,[O:1]=[C:6]1[CH2:4][CH:2]=[CH:3][CH2:5]1>>[O:1]=[C:6]1[CH2:4][CH2:2][CH2:3][CH2:5]1,1,2,0.01
golden_956,Br[CH2:8][c:10]1[cH:6][cH:4][cH:3][cH:5][cH:7]1.[O:1]=[C:9]=[O:2].[O]=[Mg]>>[O:1]=[C:9]([OH:2])[CH2:8][c:10]1[cH:6][cH:4][cH:3][cH:5][cH:7]1,1,2,0.02
golden_957,[CH3:1][O:9][C:11](=[O:3])[CH:13]=[CH:14][C:12](=[O:4])[O:10][CH3:2].[CH:5]([CH:6]=[CH2:8])=[CH2:7]>>[CH3:1][O:9][C:11](=[O:3])[CH:13]1[CH2:7][CH:5]=[CH:6][CH2:8][CH:14]1[C:12](=[O:4])[O:10][CH3:2],1,2,0.03
golden_958,CCO[C:9](=[O:2])[CH2:6][CH2:4][CH2:7][CH2:11][C:10](=[O:3])[O:8][CH2:5][CH3:1]>>[CH3:1][CH2:5][O:8][C:10](=[O:3])[CH:11]1[CH2:7][CH2:4][CH2:6][C:9]1=[O:2],1,3,0.04
golden_959,O[c:11]1[cH:5][cH:3][cH:2][cH:4][cH:6]1.[Br:1][CH2:7][CH2:8][CH2:9][OH:10]>>[Br:1][CH2:7][CH2:8][CH2:9][O:10][c:11]1[cH:5][cH:3][cH:2][cH:4][cH:6]1,1,2,0.02
golden_960,O[OH:10].[CH3:1][C:14]12[CH2:9][CH2:6][CH:12]([OH:3])[CH2:8][CH:13]1[CH2:7][CH2:4][CH2:5][C:11]2=[O:2]>>[CH3:1][C:14]12[CH2:9][CH2:6][CH:12]([OH:3])[CH2:8][CH:13]1[CH2:7][CH2:4][CH2:5][C:11](=[O:2])[O:10]2,1,4,0.04
golden_961,C=C[CH:14]1[CH2:8][CH2:7][CH:5]=[C:12]([CH3:2])[CH2:9]1.[CH3:1][O:10][C:11](=[O:4])[C:13]([CH3:3])=[CH2:6]>>[CH3:1][O:10][C:11](=[O:4])[C:13]([CH3:3])=[CH:6][CH:14]1[CH2:8][CH2:7][CH:5]=[C:12]([CH3:2])[CH2:9]1,1,3,0.04
golden_962,O=S(Br)[Br:1].O[CH2:9][c:10]1[cH:4][cH:6][c:11]2[cH:5][cH:2][cH:3][cH:7][c:12]2[cH:8]1>>[Br:1][CH2:9][c:10]1[cH:4][cH:6][c:11]2[cH:5][cH:2][cH:3][cH:7][c:12]2[cH:8]1,1,3,0.04
golden_963,I[CH2:9][c:10]1[cH:7][cH:5][cH:4][cH:6][cH:8]1.[CH3:1][N:11]([CH3:2])[CH3:3]>>[CH3:1][N+:11]([CH3:2])([CH3:3])[CH2:9][c:10]1[cH:7][cH:5][cH:4][cH:6][cH:8]1,1,2,0.02
golden_964,O=[C:14]([CH2:12][c:15]1[cH:8][cH:4][cH:2][cH:5][cH:9]1)[c:16]1[cH:10][cH:6][cH:3][cH:7][cH:11]1.[NH2:1][NH2:13]>>[NH2:1][N:13]=[C:14]([CH2:12][c:15]1[cH:8][cH:4][cH:2][cH:5][cH:9]1)[c:16]1[cH:10][cH:6][cH:3][cH:7][cH:11]1,1,2,0.07
golden_965,O=[C:12]([CH3:3])[CH:13]1[CH2:9][CH2:5][CH2:4][CH2:6][CH2:10]1.c1ccc(P(c2ccccc2)(c2ccccc2)=[C:11]([CH2:7][CH3:1])[CH2:8][CH3:2])cc1>>[CH3:1][CH2:7][C:11]([CH2:8][CH3:2])=[C:12]([CH3:3])[CH:13]1[CH2:9][CH2:5][CH2:4][CH2:6][CH2:10]1,1,3,0.10
golden_966,I[CH3:2].[CH3:1][N:10]([CH3:3])[c:9]1[cH:7][cH:5][cH:4][cH:6][cH:8]1>>[CH3:1][N+:10]([CH3:2])([CH3:3])[c:9]1[cH:7][cH:5][cH:4][cH:6][cH:8]1,1,2,0.02
golden_967,CC(C)(C)OC(=O)O[C:11](=[O:4])[O:10][C:14]([CH3:1])([CH3:2])[CH3:3].[O:5]=[C:12]([OH:7])[CH:13]([CH2:8][OH:6])[NH2:9]>>[CH3:1][C:14]([CH3:2])([CH3:3])[O:10][C:11](=[O:4])[NH:9][CH:13]([CH2:8][OH:6])[C:12](=[O:5])[OH:7],1,2,0.11
golden_968,Cl[C:14](=[O:7])[CH:15]([CH2:9][OH:8])[NH:10][C:13](=[O:6])[O:12][C:17]([CH3:3])([CH3:4])[CH3:5].[CH3:1][O:11][NH:16][CH3:2]>>[CH3:1][O:11][N:16]([CH3:2])[C:14](=[O:7])[CH:15]([CH2:9][OH:8])[NH:10][C:13](=[O:6])[O:12][C:17]([CH3:3])([CH3:4])[CH3:5],1,2,0.03
golden_969,CO[C:6](=[O:2])[CH2:5][CH2:4][SH:3].[NH4+:1].[OH-]>>[NH2:1][C:6](=[O:2])[CH2:5][CH2:4][SH:3],1,2,0.01
golden_970,CO[C:6](=[O:3])[CH:7]([NH2:2])[CH2:5][SH:4].[NH4+:1].[OH-]>>[NH2:1][C:6](=[O:3])[CH:7]([NH2:2])[CH2:5][SH:4],1,2,0.01
golden_971,Cl[S:18](=[O:4])(=[O:5])[c:13]1[cH:8][cH:9][c:14]([OH:6])[c:16]2[n:11][c:12]([CH3:1])[cH:7][cH:10][c:15]12.[CH3:2][NH:17][CH3:3]>>[CH3:1][c:12]1[cH:7][cH:10][c:15]2[c:13]([S:18](=[O:4])(=[O:5])[N:17]([CH3:2])[CH3:3])[cH:8][cH:9][c:14]([OH:6])[c:16]2[n:11]1,1,2,0.03
golden_972,O=[Se]=[O:3].[CH3:1][N:18]([CH3:2])[S:19](=[O:4])(=[O:5])[c:14]1[cH:9][cH:10][c:15]([OH:6])[c:17]2[n:12][c:13]([CH3:7])[cH:8][cH:11][c:16]12>>[CH3:1][N:18]([CH3:2])[S:19](=[O:4])(=[O:5])[c:14]1[cH:9][cH:10][c:15]([OH:6])[c:17]2[n:12][c:13]([CH:7]=[O:3])[cH:8][cH:11][c:16]12,1,4,0.03
golden_973,O[S:16](=[O:2])(=[O:3])[Cl:5].[CH3:1][c:11]1[cH:6][cH:9][c:14]2[cH:12][cH:7][cH:8][c:13]([OH:4])[c:15]2[n:10]1>>[CH3:1][c:11]1[cH:6][cH:9][c:14]2[c:12]([S:16](=[O:2])(=[O:3])[Cl:5])[cH:7][cH:8][c:13]([OH:4])[c:15]2[n:10]1,1,3,0.03
golden_974,Cl[CH2:4][CH2:6][CH2:7][CH2:5][CH:3]=[CH2:1].[I-:2]>>[CH2:1]=[CH:3][CH2:5][CH2:7][CH2:6][CH2:4][I:2],1,2,0.01
golden_975,N#[N+][CH3:3].[O:1]=[C:8]1[CH2:6][CH2:4][CH2:2][CH2:5][CH2:7]1>>[O:1]=[C:8]1[CH2:6][CH2:4][CH2:2][CH2:3][CH2:5][CH2:7]1,1,5,0.02
golden_976,[CH3:1][N:2]=[C:5]=[O:3].[OH2:4]>>[CH3:1][NH2:2].[O:3]=[C:5]=[O:4],1,2,0.00
golden_977,[CH3:1][CH2:4][NH2:6].[CH3:2][N:5]=[C:7]=[O:3]>>[CH3:1][CH2:4][NH:6][C:7](=[O:3])[NH:5][CH3:2],1,1,0.01
golden_978,[CH3:1][CH2:4][OH:6].[CH3:2][N:5]=[C:7]=[O:3]>>[CH3:1][CH2:4][O:6][C:7](=[O:3])[NH:5][CH3:2],1,1,0.01
golden_979,Cl[C:3](=[O:2])[CH2:4][CH3:1].[N-]=[N+]=[N-:5]>>[CH3:1][CH2:4][N:5]=[C:3]=[O:2],1,5,0.01
golden_980,O[CH2:4][CH2:6][CH2:7][CH2:5][CH2:3][CH3:1].[Br-:2]>>[CH3:1][CH2:3][CH2:5][CH2:7][CH2:6][CH2:4][Br:2],1,2,0.01
golden_981,C[O:3][C:5](=[O:2])[CH2:4][CH3:1].I>>[CH3:1][CH2:4][C:5](=[O:2])[OH:3],1,1,0.01
golden_982,[Br:1][Br:2].[CH2:3]1[CH2:4][CH2:6][CH:8]=[CH:7][CH2:5]1>>[Br:1][CH:7]1[CH2:5][CH2:3][CH2:4][CH2:6][CH:8]1[Br:2],1,3,0.02
golden_983,O=C1CCC(=O)N1[Br:1].O[CH2:6][c:8]1[cH:5][cH:3][cH:2][cH:4][n:7]1>>[Br:1][CH2:6][c:8]1[cH:5][cH:3][cH:2][cH:4][n:7]1,1,3,0.02
golden_984,C[O:5][P:13]([O:8][CH3:2])[O:9][CH3:3].[CH2:1]=[CH:7][CH:11]([OH:6])[CH:12]([NH2:4])[OH:10]>>[CH2:1]=[CH:7][CH:11]([OH:6])[CH:12]([NH2:4])[O:10][P:13](=[O:5])([O:8][CH3:2])[O:9][CH3:3],1,2,0.02
golden_985,Br[CH2:6][CH2:5][CH:4]=[CH2:1].[CH3:2][C:8](=[O:3])[SH:7]>>[CH2:1]=[CH:4][CH2:5][CH2:6][S:7][C:8]([CH3:2])=[O:3],1,2,0.01
golden_986,CC(=O)O[CH2:1][CH2:2][SH:3]>>[CH2:1]1[CH2:2][S:3]1,1,2,0.01
golden_987,Br[CH2:10][CH2:9][CH3:1].[CH:2]#[C:3][c:11]1[cH:7][cH:5][cH:4][cH:6][cH:8]1>>[CH3:1][CH2:9][CH2:10][C:2]#[C:3][c:11]1[cH:7][cH:5][cH:4][cH:6][cH:8]1,1,3,0.04
golden_988,Cl[C:15](=[O:1])[O:14][CH2:12][c:16]1[cH:6][cH:4][cH:3][cH:5][cH:7]1.[OH:2][CH2:8][CH2:9][CH2:10][CH2:11][NH2:13]>>[O:1]=[C:15]([NH:13][CH2:11][CH2:10][CH2:9][CH2:8][OH:2])[O:14][CH2:12][c:16]1[cH:6][cH:4][cH:3][cH:5][cH:7]1,1,2,0.04
golden_989,O[N:27]1[C:22](=[O:2])[c:25]2[cH:11][cH:7][cH:8][cH:12][c:26]2[C:23]1=[O:3].[O:1]=[C:21]([NH:18][CH2:15][CH2:13][CH2:14][CH2:16][OH:20])[O:19][CH2:17][c:24]1[cH:9][cH:5][cH:4][cH:6][cH:10]1>>[O:1]=[C:21]([NH:18][CH2:15][CH2:13][CH2:14][CH2:16][O:20][N:27]1[C:22](=[O:2])[c:25]2[cH:11][cH:7][cH:8][cH:12][c:26]2[C:23]1=[O:3])[O:19][CH2:17][c:24]1[cH:9][cH:5][cH:4][cH:6][cH:10]1,1,2,0.09
golden_990,O=C1CCC(=O)N1[Cl:2].[O:1]=[PH:19]([O:15][CH2:13][c:17]1[cH:9][cH:5][cH:3][cH:6][cH:10]1)[O:16][CH2:14][c:18]1[cH:11][cH:7][cH:4][cH:8][cH:12]1>>[O:1]=[P:19]([Cl:2])([O:15][CH2:13][c:17]1[cH:9][cH:5][cH:3][cH:6][cH:10]1)[O:16][CH2:14][c:18]1[cH:11][cH:7][cH:4][cH:8][cH:12]1,1,2,0.09
golden_991,Cl[P:25](=[O:3])([O:18][CH2:16][c:22]1[cH:10][cH:6][cH:4][cH:7][cH:11]1)[O:19][CH2:17][c:23]1[cH:12][cH:8][cH:5][cH:9][cH:13]1.[O:1]=[C:20]1[CH2:14][CH2:15][C:21](=[O:2])[NH:24]1>>[O:1]=[C:20]1[CH2:14][CH2:15][C:21](=[O:2])[N:24]1[P:25](=[O:3])([O:18][CH2:16][c:22]1[cH:10][cH:6][cH:4][cH:7][cH:11]1)[O:19][CH2:17][c:23]1[cH:12][cH:8][cH:5][cH:9][cH:13]1,1,2,0.07
golden_992,CC(C)(C)OC(=O)O[C:11](=[O:6])[O:9][C:12]([CH3:1])([CH3:2])[CH3:3].[NH2:4][C:10](=[O:5])[CH2:7][NH2:8]>>[CH3:1][C:12]([CH3:2])([CH3:3])[O:9][C:11](=[O:6])[NH:8][CH2:7][C:10]([NH2:4])=[O:5],1,2,0.10
golden_993,[NH3:1].[O:2]=[C:22]1[CH2:15][CH2:16][C:23](=[O:3])[N:19]1[P:26](=[O:4])([O:20][CH2:17][c:24]1[cH:11][cH:7][cH:5][cH:8][cH:12]1)[O:21][CH2:18][c:25]1[cH:13][cH:9][cH:6][cH:10][cH:14]1>>[NH2:1][C:22](=[O:2])[CH2:15][CH2:16][C:23](=[O:3])[NH:19][P:26](=[O:4])([O:20][CH2:17][c:24]1[cH:11][cH:7][cH:5][cH:8][cH:12]1)[O:21][CH2:18][c:25]1[cH:13][cH:9][cH:6][cH:10][cH:14]1,1,2,0.12
golden_994,[NH2:1][CH2:15][CH2:16][NH2:21].[O:2]=[C:25]1[CH2:17][CH2:18][C:26](=[O:3])[N:22]1[P:29](=[O:4])([O:23][CH2:19][c:27]1[cH:11][cH:7][cH:5][cH:8][cH:12]1)[O:24][CH2:20][c:28]1[cH:13][cH:9][cH:6][cH:10][cH:14]1>>[NH2:1][CH2:15][CH2:16][NH:21][C:25](=[O:2])[CH2:17][CH2:18][C:26](=[O:3])[NH:22][P:29](=[O:4])([O:23][CH2:19][c:27]1[cH:11][cH:7][cH:5][cH:8][cH:12]1)[O:24][CH2:20][c:28]1[cH:13][cH:9][cH:6][cH:10][cH:14]1,1,2,0.09
golden_995,[CH3:1][C:8](=[O:3])[CH:10]=[CH2:7].[CH3:2][C:9]([CH:4]=[CH2:6])=[CH2:5]>>[CH3:1][C:8](=[O:3])[CH:10]1[CH2:6][CH:4]=[C:9]([CH3:2])[CH2:5][CH2:7]1,1,2,0.04
golden_996,Cl[CH:8]1[CH2:6][CH2:4][CH2:3][CH2:5][C:7]1=[O:1].[OH-:2]>>[O:1]=[C:7]([OH:2])[CH:8]1[CH2:5][CH2:3][CH2:4][CH2:6]1,1,4,0.01
golden_997,Br[CH2:5][CH3:1].[CH2:2]1[CH2:3][CH2:6][NH:8][CH2:7][CH2:4]1>>[CH3:1][CH2:5][N:8]1[CH2:6][CH2:3][CH2:2][CH2:4][CH2:7]1,1,2,0.01
golden_998,[I:1][CH3:2].[NH3:3]>>[CH3:2][NH3+:3].[I-:1],1,2,0.00
golden_999,CO[C:6]([CH3:2])=[O:3].[CH3:1][CH2:4][O-:5]>>[CH3:1][CH2:4][O:5][C:6]([CH3:2])=[O:3],1,2,0.01
golden_1000,O=C(O[OH:3])c1ccccc1.[CH3:1][CH:4]=[CH:5][CH3:2]>>[CH3:1][CH:4]1[O:3][CH:5]1[CH3:2],1,3,0.02
golden_1001,Br[Br:2].[CH3:1][CH:7]=[CH:8][CH2:5][CH2:3][CH2:4][OH:6]>>[CH3:1][CH:7]([Br:2])[CH:8]1[CH2:5][CH2:3][CH2:4][O:6]1,1,3,0.01
golden_1002,[CH3:1][c:8]1[cH:4][cH:6][cH:9][cH:7][cH:5]1.[O:2]=[NH+:10][O-:3]>>[CH3:1][c:8]1[cH:4][cH:6][c:9]([N+:10](=[O:2])[O-:3])[cH:7][cH:5]1,1,2,0.02
golden_1003,N#[N+][c:8]1[cH:4][cH:3][cH:5][c:9]([O:7][CH3:1])[cH:6]1.[I-:2]>>[CH3:1][O:7][c:9]1[cH:5][cH:3][cH:4][c:8]([I:2])[cH:6]1,1,2,0.01
golden_1004,O=[C:7]([CH3:1])[CH3:2].[CH2:3]1[CH2:4][CH2:6][NH:8][CH2:5]1>>[CH3:1][CH:7]([CH3:2])[N:8]1[CH2:5][CH2:3][CH2:4][CH2:6]1,1,3,0.02
golden_1005,CCO[C:10](=[O:3])[CH2:8][CH2:5][CH3:2].[CH3:1][CH2:4][CH2:6][CH2:7][NH2:9]>>[CH3:1][CH2:4][CH2:6][CH2:7][NH:9][C:10](=[O:3])[CH2:8][CH2:5][CH3:2],1,2,0.01
golden_1006,CCO[C:4](=[O:2])[CH2:6][CH2:5][CH2:3][CH3:1]>>[CH3:1][CH2:3][CH2:5][CH2:6][CH2:4][OH:2],1,3,0.01
golden_1007,Cl[C:9]1=[CH:4][C:8](=[O:2])[CH2:6][CH2:5][CH2:7]1.[N:1]#[C-:3]>>[N:1]#[C:3][C:9]1=[CH:4][C:8](=[O:2])[CH2:6][CH2:5][CH2:7]1,1,2,0.01
golden_1008,F[c:10]1[cH:7][cH:6][c:9]([N+:12](=[O:2])[O-:4])[cH:8][c:11]1[N+:13](=[O:3])[O-:5].[NH3:1]>>[NH2:1][c:10]1[cH:7][cH:6][c:9]([N+:12](=[O:2])[O-:4])[cH:8][c:11]1[N+:13](=[O:3])[O-:5],1,2,0.02
golden_1009,N[P:9](=[O:1])([OH:2])[OH:3].[cH:4]1[cH:5][nH:8][cH:6][n:7]1>>[O:1]=[P:9]([OH:2])([OH:3])[n:8]1[cH:5][cH:4][n:7][cH:6]1,1,2,0.02
golden_1010,[CH3:1][CH2:5][O:10][C:12]([CH:4]=[CH2:7])=[CH2:6].[CH3:2][O:9][C:11](=[O:3])[CH:13]=[CH2:8]>>[CH3:1][CH2:5][O:10][C:12]1=[CH:4][CH2:7][CH:13]([C:11](=[O:3])[O:9][CH3:2])[CH2:8][CH2:6]1,1,2,0.03
golden_1011,[CH3:1][CH2:9][CH:14]([O:3][S:12][c:13]1[cH:7][cH:5][cH:4][cH:6][cH:8]1)[CH2:10][CH2:11][CH2:15][CH3:2]>>[CH3:1][CH2:9][CH:14]([OH:3])[CH2:10][CH2:11][CH:15]([CH3:2])[S:12][c:13]1[cH:7][cH:5][cH:4][cH:6][cH:8]1,1,3,0.23
golden_1012,COC(=O)O[CH3:1].[N:2]#[C:3][CH2:10][c:9]1[cH:7][cH:5][cH:4][cH:6][cH:8]1>>[CH3:1][CH:10]([C:3]#[N:2])[c:9]1[cH:7][cH:5][cH:4][cH:6][cH:8]1,1,3,0.04
golden_1013,Cl[c:9]1[cH:4][cH:3][c:8]([CH3:2])[cH:5][cH:10]1.[Li:1][O:7][CH:11]=[CH2:6]>>[Li:1][O:7][CH:11]1[CH2:6][c:9]2[cH:4][cH:3][c:8]([CH3:2])[cH:5][c:10]21,1,4,0.02
golden_1014,[N:1](=[N:2][c:12]1[cH:5][cH:9][cH:14][cH:10][cH:6]1)[c:11]1[cH:3][cH:7][cH:13][cH:8][cH:4]1>>[NH2:1][c:11]1[cH:3][cH:7][c:13](-[c:14]2[cH:9][cH:5][c:12]([NH2:2])[cH:6][cH:10]2)[cH:8][cH:4]1,1,4,0.19
golden_1015,[CH3:1][c:13]1[cH:10][c:15]([CH3:2])[c:17]([S:18](=[O:3])(=[O:4])[c:14]2[cH:8][cH:6][cH:5][cH:7][cH:9]2)[c:16]([CH3:12])[cH:11]1>>[CH3:1][c:13]1[cH:10][c:15]([CH3:2])[c:17]([S:18](=[O:3])[OH:4])[c:16]([CH2:12][c:14]2[cH:8][cH:6][cH:5][cH:7][cH:9]2)[cH:11]1,1,3,0.05
golden_1016,[CH2:5]1[CH2:6][CH2:8][CH:17]([NH2:11])[CH2:9][CH2:7]1.[cH:1]1[cH:2][cH:4][c:16]2[s:13][c:14](=[S:12])[nH:10][c:15]2[cH:3]1>>[cH:1]1[cH:2][cH:4][c:16]2[s:13][c:14]([S:12][NH:11][CH:17]3[CH2:8][CH2:6][CH2:5][CH2:7][CH2:9]3)[n:10][c:15]2[cH:3]1,1,1,0.03
golden_1017,N[c:11]1[c:9]([N+:13](=[O:1])[O-:2])[cH:7][c:8]([F:3])[c:10]([Cl:4])[c:12]1[Br:6].[ClH:5]>>[O:1]=[N+:13]([O-:2])[c:9]1[cH:7][c:8]([F:3])[c:10]([Cl:4])[c:12]([Br:6])[c:11]1[Cl:5],1,2,0.02
golden_1018,O=C1[CH2:1][C:15](=[CH2:14])[O:2]1.O[C:17]1([C:5]#[C:4][c:16]2[cH:9][cH:7][cH:6][cH:8][cH:10]2)[CH:11]=[CH:12][C:18](=[O:3])[CH:19]=[CH:13]1>>[CH3:1][C:15](=[O:2])[CH2:14][c:19]1[cH:13][c:17]([C:5]#[C:4][c:16]2[cH:9][cH:7][cH:6][cH:8][cH:10]2)[cH:11][cH:12][c:18]1[OH:3],1,6,1.97
golden_1019,c1n[c:14](-[c:13]2[cH:7][cH:3][cH:2][cH:6][c:12]2[O:10][CH2:8][C:11]#[CH:5])[n:9][cH:4][cH:1]1>>[cH:1]1[cH:4][n:9][c:14]2[c:11]([cH:5]1)[CH2:8][O:10][c:12]1[cH:6][cH:2][cH:3][cH:7][c:13]1-2,1,4,0.04
golden_1020,N([NH:11][c:18]1[cH:10][cH:5][c:13]([Br:3])[cH:8][cH:17]1)=[C:14]([CH3:9])[c:16]1[cH:7][cH:4][c:12]([Br:2])[cH:6][c:15]1[OH:1]>>[OH:1][c:15]1[cH:6][c:12]([Br:2])[cH:4][cH:7][c:16]1-[c:14]1[cH:9][c:17]2[cH:8][c:13]([Br:3])[cH:5][cH:10][c:18]2[nH:11]1,1,7,0.75
golden_1021,CC(=O)O[C:16](=O)[CH3:1].[O:2]=[C:17]1[CH2:18][NH:13][C:20](=[O:14])[c:19]2[cH:10][cH:6][cH:7][cH:11][c:21]2[N:22]1[CH2:12][c:15]1[cH:8][cH:4][cH:3][cH:5][cH:9]1>>[CH3:1][c:16]1[n:13][c:18]2[c:17](=[O:2])[n:22]([CH2:12][c:15]3[cH:8][cH:4][cH:3][cH:5][cH:9]3)[c:21]3[cH:11][cH:7][cH:6][cH:10][c:19]3[c:20]2[o:14]1,1,8,0.19
golden_1022,Br[C:24]1([CH3:3])[CH2:15][C:25]1(Br)Br.[CH3:1][C:21]1([CH2:14][CH:20]=[O:9])[CH:18]([O:17][Si:27]([CH3:7])([CH3:8])[C:26]([CH3:4])([CH3:5])[CH3:6])[CH2:12][CH2:13][CH:19]1[c:23]1[cH:11][cH:10][c:22]([CH3:2])[o:16]1>>[CH3:1][C:21]12[CH2:14][CH:20]([OH:9])[C:25]34[CH2:15][C:24]3([CH3:3])[C:22]3([CH3:2])[CH:10]=[CH:11][C:23]4([O:16]3)[CH:19]1[CH2:13][CH2:12][CH:18]2[O:17][Si:27]([CH3:7])([CH3:8])[C:26]([CH3:4])([CH3:5])[CH3:6],1,6,0.22
golden_1023,[CH3:1][O:16][c:19]1[cH:7][cH:9][c:20](-[c:17]2[o:3][c:23]([CH3:2])[c:22]([C:21]3=[C:24]([c:26]4[cH:12][cH:6][cH:5][cH:11][cH:25]4)[C:18](=[O:4])[CH2:13][CH2:14]3)[n:15]2)[cH:10][cH:8]1>>[CH3:1][O:16][c:19]1[cH:7][cH:9][c:20]([C:17](=[O:3])[NH:15][c:22]2[c:21]3[c:24]([c:26]4[cH:12][cH:6][cH:5][cH:11][c:25]4[c:23]2[CH3:2])[C:18](=[O:4])[CH2:13][CH2:14]3)[cH:10][cH:8]1,1,3,1.40
golden_1024,Br[c:15]1[cH:6][cH:2][cH:3][cH:7][c:16]1[O:13][CH:12]=[C:22]1[CH2:11][CH2:10][S:14][c:18]2[c:17]1[c:19]1[cH:8][cH:4][cH:5][cH:9][c:20]1[n:21]2[CH3:1]>>[CH3:1][n:21]1[c:18]2[c:17]([c:19]3[cH:8][cH:4][cH:5][cH:9][c:20]31)[C:22]1([CH2:11][CH2:10][S:14]2)[CH2:12][c:15]2[cH:6][cH:2][cH:3][cH:7][c:16]2[O:13]1,1,5,0.10
golden_1025,CC(=O)O[N:13]=[C:17]([CH3:12])[c:16]1[cH:9][cH:5][cH:4][cH:6][cH:10]1.O=[CH:19][c:18]1[cH:11][cH:7][cH:8][o:14]1.O[C:20]([CH3:2])=[CH:21][C:15]([CH3:1])=[O:3]>>[CH3:1][C:15](=[O:3])[c:21]1[c:19](-[c:18]2[cH:11][cH:7][cH:8][o:14]2)[cH:12][c:17](-[c:16]2[cH:9][cH:5][cH:4][cH:6][cH:10]2)[n:13][c:20]1[CH3:2],1,10,1.49
golden_1026,CS(=O)[CH3:6].[CH3:1][c:13]1[cH:10][c:17]([CH3:3])[c:19]([NH2:12])[cH:18][cH:11]1.[CH3:2][c:14]1[cH:7][cH:4][cH:5][cH:8][c:15]1[C:16]#[CH:9]>>[CH3:1][c:13]1[cH:10][c:17]([CH3:3])[c:19]2[n:12][cH:6][cH:9][c:16](-[c:15]3[cH:8][cH:5][cH:4][cH:7][c:14]3[CH3:2])[c:18]2[cH:11]1,1,7,0.93
golden_1027,[N-]=[N+]=[N:16][CH2:1][CH:6]=[CH:13][CH2:8][CH2:9][CH:14]1[CH2:11][CH:15]([C:17]([CH3:2])([CH3:3])[CH3:4])[CH2:10][CH2:7][C:12]1=[O:5]>>[CH2:1]=[CH:6][CH:13]1[CH2:8][CH2:9][CH:14]2[CH2:11][CH:15]([C:17]([CH3:2])([CH3:3])[CH3:4])[CH2:10][CH2:7][C:12](=[O:5])[N:16]12,1,6,0.15
golden_1028,O=C(OCc1ccccc1)[NH:21][CH:29]1[N:20]=[C:24]([c:25]2[cH:9][cH:5][cH:4][cH:6][cH:10]2)[c:26]2[cH:11][cH:7][cH:8][cH:12][c:27]2[N:30]([CH3:1])[C:23]1=[S:3].O[C:22](=[O:2])[CH2:16][CH2:19][CH:28]1[CH2:17][CH2:14][CH2:13][CH2:15][CH2:18]1>>[CH3:1][N:30]1[C:23](=[S:3])[CH:29]([NH:21][C:22](=[O:2])[CH2:16][CH2:19][CH:28]2[CH2:17][CH2:14][CH2:13][CH2:15][CH2:18]2)[N:20]=[C:24]([c:25]2[cH:9][cH:5][cH:4][cH:6][cH:10]2)[c:26]2[cH:11][cH:7][cH:8][cH:12][c:27]21,1,3,0.25
golden_1029,[CH3:1][CH:5]=[C:12]1[C:11](=[O:3])[O:10][CH:18]2[CH:16]3[CH2:9][CH2:6][CH2:7][C:14]3=[C:13]([CH3:2])[CH2:8][CH:15]([OH:4])[CH:17]12>>[CH3:1][CH:5]=[C:12]1[C:11](=[O:3])[O:10][CH:16]2[CH2:9][CH2:6][CH2:7][C:14]3=[C:13]([CH3:2])[CH2:8][CH:15]([OH:4])[CH:17]1[CH:18]32,1,4,0.07
golden_1030,O.O=C(O[c:32]1[cH:14][cH:16][c:33]([N+:39](=[O:7])[O-:8])[cH:17][cH:15]1)C(F)(F)F.[CH3:1][CH2:20][CH2:21][CH2:22][CH2:23][CH2:26][C:41]([CH3:4])([CH3:5])[c:34]1[cH:18][c:35]([O:28][CH2:24][c:31]2[cH:12][cH:10][cH:9][cH:11][cH:13]2)[c:37]2[c:36]([cH:19]1)[O:29][C:40]([CH3:2])([CH3:3])[CH2:25][CH:38]2[C:30](=[O:6])[OH:27]>>[CH3:1][CH2:20][CH2:21][CH2:22][CH2:23][CH2:26][C:41]([CH3:4])([CH3:5])[c:34]1[cH:18][c:35]([O:28][CH2:24][c:31]2[cH:12][cH:10][cH:9][cH:11][cH:13]2)[c:37]2[c:36]([cH:19]1)[O:29][C:40]([CH3:2])([CH3:3])[CH2:25][CH:38]2[C:30](=[O:6])[O:27][c:32]1[cH:14][cH:16][c:33]([N+:39](=[O:7])[O-:8])[cH:17][cH:15]1,1,2,0.38
golden_1031,O=[CH:15][CH3:1].[CH3:2][NH:17][CH:16]1[CH2:11][CH2:9][CH2:10][C:13]1([OH:3])[C:18](=[CH2:12])[c:14]1[cH:7][cH:5][cH:4][cH:6][cH:8]1>>[CH3:1][CH:15]1[CH2:12][C:18]2([c:14]3[cH:7][cH:5][cH:4][cH:6][cH:8]3)[C:13](=[O:3])[CH2:10][CH2:9][CH2:11][CH:16]2[N:17]1[CH3:2],1,5,0.06
golden_1032,OOC(c1cccc(Cl)c1)=[O:14].[CH3:1][CH2:8][NH:12][C:16](=[O:4])[n:22]1[n:11][cH:7][c:19]2[cH:6][cH:5][c:17]([O:13][C:15]([CH3:2])=[O:3])[c:18]([CH2:10][CH:21]=[CH2:9])[c:20]21>>[CH3:1][CH2:8][NH:12][C:16](=[O:4])[n:22]1[n:11][cH:7][c:19]2[cH:6][cH:5][c:17]([O:13][C:15]([CH3:2])=[O:3])[c:18]([CH2:10][CH:21]3[CH2:9][O:14]3)[c:20]21,1,3,0.12
golden_1033,CC[O:9][P:25](=[O:8])([O:19][CH2:14][CH3:2])[CH:21]([CH2:15][CH2:13][CH2:12][CH2:11][CH2:10][CH3:1])[NH:18][CH:20]1[CH2:16][C:23]([CH3:4])([CH3:5])[N:22]([CH3:3])[C:24]([CH3:6])([CH3:7])[CH2:17]1.O>>[CH3:1][CH2:10][CH2:11][CH2:12][CH2:13][CH2:15][CH:21]([NH:18][CH:20]1[CH2:16][C:23]([CH3:4])([CH3:5])[N:22]([CH3:3])[C:24]([CH3:6])([CH3:7])[CH2:17]1)[P:25](=[O:8])([OH:9])[O:19][CH2:14][CH3:2],1,1,0.06
golden_1034,O=[C:14]([CH2:5]Br)[C:13](=[N:7][O:9][CH3:2])[C:12](=[O:4])[O:10][CH2:6][CH3:1].[NH2:3][C:15]([NH2:8])=[O:11]>>[CH3:1][CH2:6][O:10][C:12](=[O:4])[C:13](=[N:7][O:9][CH3:2])[c:14]1[cH:5][o:11][c:15]([NH2:3])[n:8]1,1,5,0.02
golden_1035,CN(N=O)[C:15]1=[N:12][c:18]2[cH:9][cH:6][s:14][c:19]2[C:16]([c:17]2[cH:7][cH:4][cH:3][cH:5][cH:8]2)=[N:13][CH2:10]1.[O:1]=[N+:20]([O-:2])[CH3:11]>>[O:1]=[N+:20]([O-:2])[CH2:11][C:15]1=[N:12][c:18]2[cH:9][cH:6][s:14][c:19]2[C:16]([c:17]2[cH:7][cH:4][cH:3][cH:5][cH:8]2)=[N:13][CH2:10]1,1,3,0.04
golden_1036,C1CCC([O:8][CH2:18][CH2:19][O:24][c:33]2[cH:17][c:27]([C:26](=[O:5])[O:22][CH3:1])[cH:14][c:30]([NH:21][S:36](=[O:6])(=[O:7])[c:29]3[cH:13][cH:11][c:28]([CH:35]([CH3:3])[CH3:4])[cH:12][n:20]3)[c:34]2[O:25][c:32]2[cH:16][cH:10][cH:9][cH:15][c:31]2[O:23][CH3:2])OC1>>[CH3:1][O:22][C:26](=[O:5])[c:27]1[cH:14][c:30]([NH:21][S:36](=[O:6])(=[O:7])[c:29]2[cH:13][cH:11][c:28]([CH:35]([CH3:3])[CH3:4])[cH:12][n:20]2)[c:34]([O:25][c:32]2[cH:16][cH:10][cH:9][cH:15][c:31]2[O:23][CH3:2])[c:33]([O:24][CH2:19][CH2:18][OH:8])[cH:17]1,1,1,0.16
golden_1037,O=[C:12]([NH:13][CH3:1])[c:19]1[o:14][c:17]([CH2:11][S:15][CH2:10][CH2:9][NH2:2])[cH:8][c:18]1-[c:16]1[cH:6][cH:4][cH:3][cH:5][cH:7]1>>[CH3:1][NH:13][CH2:12][c:19]1[o:14][c:17]([CH2:11][S:15][CH2:10][CH2:9][NH2:2])[cH:8][c:18]1-[c:16]1[cH:6][cH:4][cH:3][cH:5][cH:7]1,1,3,0.07
golden_1038,CC(=O)[O:6][CH:22]([CH3:1])[c:19]1[n:15][cH:7][cH:9][c:18]([N:23]2[CH2:13][CH2:12][c:20]3[cH:10][cH:8][c:17]([S:25](=[O:4])(=[O:5])[N:24]([CH3:2])[CH3:3])[cH:11][c:21]3[CH2:14]2)[n:16]1>>[CH3:1][CH:22]([OH:6])[c:19]1[n:15][cH:7][cH:9][c:18]([N:23]2[CH2:13][CH2:12][c:20]3[cH:10][cH:8][c:17]([S:25](=[O:4])(=[O:5])[N:24]([CH3:2])[CH3:3])[cH:11][c:21]3[CH2:14]2)[n:16]1,1,1,0.07
golden_1039,COC[O:8][c:33]1[c:32]([O:23][CH3:2])[cH:18][cH:17][c:31]([CH2:20][O:22][c:28]2[cH:11][cH:15][c:30](-[c:29]3[cH:13][cH:9][c:27]([CH2:19][C:25](=[O:6])[O:21][CH3:1])[cH:10][cH:14]3)[cH:16][cH:12]2)[c:34]1[C:26](=[O:7])[O:24][C:35]([CH3:3])([CH3:4])[CH3:5]>>[CH3:1][O:21][C:25](=[O:6])[CH2:19][c:27]1[cH:9][cH:13][c:29](-[c:30]2[cH:15][cH:11][c:28]([O:22][CH2:20][c:31]3[cH:17][cH:18][c:32]([O:23][CH3:2])[c:33]([OH:8])[c:34]3[C:26](=[O:7])[O:24][C:35]([CH3:3])([CH3:4])[CH3:5])[cH:12][cH:16]2)[cH:14][cH:10]1,1,1,0.17
golden_1040,O=[C:6]1[CH2:2][O:8][CH2:4][CH:9]2[CH2:3][NH:7][CH2:1][CH2:5][N:10]12>>[CH2:1]1[CH2:5][N:10]2[CH2:6][CH2:2][O:8][CH2:4][CH:9]2[CH2:3][NH:7]1,1,3,0.02
golden_1041,COCCOC[O:3][c:34]1[cH:19][cH:14][c:31]([CH:7]=[CH:5][CH:4]=[CH:6][C:30](=[O:2])[NH:27][CH2:21][CH2:24][N:38]2[CH2:25][CH2:22][CH:36]([O:29][CH:37]([c:32]3[cH:15][cH:10][cH:8][cH:11][cH:16]3)[c:33]3[cH:17][cH:12][cH:9][cH:13][cH:18]3)[CH2:23][CH2:26]2)[cH:20][c:35]1[O:28][CH3:1]>>[CH3:1][O:28][c:35]1[cH:20][c:31]([CH:7]=[CH:5][CH:4]=[CH:6][C:30](=[O:2])[NH:27][CH2:21][CH2:24][N:38]2[CH2:25][CH2:22][CH:36]([O:29][CH:37]([c:32]3[cH:15][cH:10][cH:8][cH:11][cH:16]3)[c:33]3[cH:17][cH:12][cH:9][cH:13][cH:18]3)[CH2:23][CH2:26]2)[cH:14][cH:19][c:34]1[OH:3],1,1,0.32
golden_1042,CC1(C)[O:5][CH2:11][CH:18]([CH2:12][CH:17]2[CH2:9][CH2:7][CH2:6][CH2:8][O:14][CH2:10]2)[N:13]1[C:16](=[O:4])[O:15][C:19]([CH3:1])([CH3:2])[CH3:3].O>>[CH3:1][C:19]([CH3:2])([CH3:3])[O:15][C:16](=[O:4])[NH:13][CH:18]([CH2:11][OH:5])[CH2:12][CH:17]1[CH2:9][CH2:7][CH2:6][CH2:8][O:14][CH2:10]1,1,2,0.08
golden_1043,Cl[C:20](=[O:2])[CH:25]([CH3:1])[O:18][c:23]1[cH:10][cH:6][c:21]([O:17][c:22]2[cH:8][cH:12][c:24]([C:27]([F:3])([F:4])[F:5])[cH:13][cH:9]2)[cH:7][cH:11]1.[CH2:14]1[CH2:15][O:19][NH:26][CH2:16]1>>[CH3:1][CH:25]([O:18][c:23]1[cH:10][cH:6][c:21]([O:17][c:22]2[cH:8][cH:12][c:24]([C:27]([F:3])([F:4])[F:5])[cH:13][cH:9]2)[cH:7][cH:11]1)[C:20](=[O:2])[N:26]1[CH2:16][CH2:14][CH2:15][O:19]1,1,2,0.12
golden_1044,F[c:12]1[cH:7][cH:8][c:13]([C:6]#[N:4])[c:14]([C:11](=[O:5])[O:10][CH3:1])[cH:9]1.[CH3:2][NH:15][CH3:3]>>[CH3:1][O:10][C:11](=[O:5])[c:14]1[cH:9][c:12]([N:15]([CH3:2])[CH3:3])[cH:7][cH:8][c:13]1[C:6]#[N:4],1,2,0.03
golden_1045,F[c:16]1[cH:5][cH:6][c:17]([C:4]#[N:2])[c:19]2[o:14][c:15]([CH3:1])[cH:7][c:18]12.[OH:3][CH2:8][CH2:9][CH:20]1[CH2:10][CH2:12][NH:21][CH2:13][CH2:11]1>>[CH3:1][c:15]1[cH:7][c:18]2[c:16]([N:21]3[CH2:12][CH2:10][CH:20]([CH2:9][CH2:8][OH:3])[CH2:11][CH2:13]3)[cH:5][cH:6][c:17]([C:4]#[N:2])[c:19]2[o:14]1,1,2,0.07
golden_1046,Cl[C:21](=[O:6])[C:29]([CH3:4])([CH3:5])[S:30](=[O:7])(=[O:8])[c:22]1[cH:10][cH:12][c:25]2[c:24]([cH:11]1)[n:19][c:23]([CH2:18][C:28]([CH3:1])([CH3:2])[CH3:3])[n:27]2[CH2:17][CH:26]1[CH2:15][CH2:16]1.[OH:9][CH2:13][CH2:14][NH2:20]>>[CH3:1][C:28]([CH3:2])([CH3:3])[CH2:18][c:23]1[n:19][c:24]2[cH:11][c:22]([S:30](=[O:7])(=[O:8])[C:29]([CH3:4])([CH3:5])[C:21](=[O:6])[NH:20][CH2:14][CH2:13][OH:9])[cH:10][cH:12][c:25]2[n:27]1[CH2:17][CH:26]1[CH2:15][CH2:16]1,1,2,0.11
golden_1047,Cl[CH2:19][CH2:18][CH2:23][N:34]([CH2:21][CH3:1])[CH2:22][CH3:2].[O:3]=[S:35](=[O:4])([c:29]1[cH:14][cH:12][c:28]([OH:24])[cH:13][cH:15]1)[c:31]1[c:30]([CH2:20][c:27]2[cH:10][cH:8][c:26]([Cl:5])[cH:9][cH:11]2)[o:25][c:32]2[cH:16][cH:6][cH:7][cH:17][c:33]12>>[CH3:1][CH2:21][N:34]([CH2:22][CH3:2])[CH2:23][CH2:18][CH2:19][O:24][c:28]1[cH:12][cH:14][c:29]([S:35](=[O:3])(=[O:4])[c:31]2[c:30]([CH2:20][c:27]3[cH:10][cH:8][c:26]([Cl:5])[cH:9][cH:11]3)[o:25][c:32]3[cH:16][cH:6][cH:7][cH:17][c:33]23)[cH:15][cH:13]1,1,2,0.16
golden_1048,Cl[S:27](=[O:6])(=[O:7])[CH2:14][CH:25]([CH3:1])[CH3:2].[CH3:3][n:26]1[cH:12][cH:10][c:23]2[c:22]([OH:17])[cH:9][c:18]([CH2:13][c:20]3[cH:8][n:15][c:19]([NH2:4])[n:16][c:21]3[NH2:5])[cH:11][c:24]21>>[CH3:1][CH:25]([CH3:2])[CH2:14][S:27](=[O:6])(=[O:7])[O:17][c:22]1[cH:9][c:18]([CH2:13][c:20]2[cH:8][n:15][c:19]([NH2:4])[n:16][c:21]2[NH2:5])[cH:11][c:24]2[c:23]1[cH:10][cH:12][n:26]2[CH3:3],1,2,0.11
golden_1049,Cl[C:24](=[O:2])[c:33]1[cH:18][cH:9][c:26]([Cl:4])[cH:17][c:32]1[O:23][CH3:1].[O:3]=[C:25]([c:28]1[cH:12][cH:10][c:27]([NH2:22])[cH:11][cH:13]1)[N:35]1[CH2:21][c:30]2[cH:15][cH:6][cH:5][cH:14][c:29]2[CH2:20][c:31]2[cH:16][cH:7][cH:8][cH:19][c:34]21>>[CH3:1][O:23][c:32]1[cH:17][c:26]([Cl:4])[cH:9][cH:18][c:33]1[C:24](=[O:2])[NH:22][c:27]1[cH:10][cH:12][c:28]([C:25](=[O:3])[N:35]2[CH2:21][c:30]3[cH:15][cH:6][cH:5][cH:14][c:29]3[CH2:20][c:31]3[cH:16][cH:7][cH:8][cH:19][c:34]32)[cH:13][cH:11]1,1,2,0.19
golden_1050,Cl[CH2:8][c:17]1[cH:4][cH:2][c:16]([CH3:1])[cH:3][n:10]1.[cH:5]1[c:19]2[c:20]([cH:6][c:22]3[nH:12][c:18](=[S:15])[nH:11][c:21]13)[O:14][CH2:7][O:13][CH2:9]2>>[CH3:1][c:16]1[cH:2][cH:4][c:17]([CH2:8][S:15][c:18]2[n:11][c:21]3[cH:5][c:19]4[c:20]([cH:6][c:22]3[nH:12]2)[O:14][CH2:7][O:13][CH2:9]4)[n:10][cH:3]1,1,2,0.05
golden_1051,Cl[C:9](=[O:2])[Cl:4].[CH3:1][CH2:5][O:8][C:10](=[O:3])[NH:7][NH2:6]>>[CH3:1][CH2:5][O:8][C:10](=[O:3])[NH:7][NH:6][C:9](=[O:2])[Cl:4],1,2,0.02
golden_1052,F[c:25]1[cH:16][c:27](-[n:35]2[c:31](=[O:5])[cH:18][c:30]([C:37]([F:10])([F:11])[F:12])[n:34]([CH3:3])[c:32]2=[O:6])[c:24]([F:9])[cH:17][c:28]1[N+:36](=[O:7])[O-:8].[CH3:1][O:20][C:23](=[O:4])[CH:33]([CH3:2])[O:22][c:29]1[n:19][cH:14][cH:13][cH:15][c:26]1[OH:21]>>[CH3:1][O:20][C:23](=[O:4])[CH:33]([CH3:2])[O:22][c:29]1[n:19][cH:14][cH:13][cH:15][c:26]1[O:21][c:25]1[cH:16][c:27](-[n:35]2[c:31](=[O:5])[cH:18][c:30]([C:37]([F:10])([F:11])[F:12])[n:34]([CH3:3])[c:32]2=[O:6])[c:24]([F:9])[cH:17][c:28]1[N+:36](=[O:7])[O-:8],1,2,0.11
golden_1053,Br[CH2:23][CH2:20][CH2:24][O:34][c:44]1[cH:18][cH:10][cH:9][cH:16][c:42]1[C:8]#[N:5].[CH3:1][O:32][CH2:22][CH2:21][CH2:31][N:49]1[C:38](=[O:7])[CH2:25][CH2:27][c:43]2[cH:17][cH:11][c:39]([CH2:26][O:35][CH:46]3[CH2:30][N:48]([C:37](=[O:6])[O:36][C:50]([CH3:2])([CH3:3])[CH3:4])[CH2:29][CH2:28][CH:47]3[c:41]3[cH:14][cH:12][c:40]([OH:33])[cH:13][cH:15]3)[cH:19][c:45]21>>[CH3:1][O:32][CH2:22][CH2:21][CH2:31][N:49]1[C:38](=[O:7])[CH2:25][CH2:27][c:43]2[cH:17][cH:11][c:39]([CH2:26][O:35][CH:46]3[CH2:30][N:48]([C:37](=[O:6])[O:36][C:50]([CH3:2])([CH3:3])[CH3:4])[CH2:29][CH2:28][CH:47]3[c:41]3[cH:14][cH:12][c:40]([O:33][CH2:23][CH2:20][CH2:24][O:34][c:44]4[cH:18][cH:10][cH:9][cH:16][c:42]4[C:8]#[N:5])[cH:13][cH:15]3)[cH:19][c:45]21,1,2,0.32
golden_1054,Cl[CH2:7][S:9][CH3:1].[Cl:2][c:10]1[cH:4][cH:6][c:12]([OH:8])[c:11]([Cl:3])[cH:5]1>>[CH3:1][S:9][CH2:7][O:8][c:12]1[cH:6][cH:4][c:10]([Cl:2])[cH:5][c:11]1[Cl:3],1,2,0.01
golden_1055,CS[c:21]1[n:15][c:26](=[O:3])[c:25]([CH2:13][c:20]2[cH:8][cH:5][cH:4][cH:6][cH:9]2)[c:23]([CH3:2])[nH:17]1.[CH3:1][c:22]1[n:14][cH:7][nH:18][c:24]1[CH2:12][S:19][CH2:11][CH2:10][NH2:16]>>[CH3:1][c:22]1[n:14][cH:7][nH:18][c:24]1[CH2:12][S:19][CH2:11][CH2:10][NH:16][c:21]1[n:15][c:26](=[O:3])[c:25]([CH2:13][c:20]2[cH:8][cH:5][cH:4][cH:6][cH:9]2)[c:23]([CH3:2])[nH:17]1,1,2,0.07
golden_1056,Cl[S:21](=[O:4])(=[O:5])[c:16]1[cH:7][cH:8][c:17]([O:14][CH3:1])[c:18]([C:15](=[O:3])[OH:6])[cH:9]1.[CH3:2][N:19]1[CH2:10][CH2:12][NH:20][CH2:13][CH2:11]1>>[CH3:1][O:14][c:17]1[cH:8][cH:7][c:16]([S:21](=[O:4])(=[O:5])[N:20]2[CH2:12][CH2:10][N:19]([CH3:2])[CH2:11][CH2:13]2)[cH:9][c:18]1[C:15](=[O:3])[OH:6],1,2,0.04
golden_1057,Br[C:22]1=[CH:7][C:21](=[O:3])[CH:26]2[CH2:13][CH2:14][CH:27]1[CH2:15]2.[CH3:1][O:17][CH2:10][CH2:11][O:18][CH2:12][c:25]1[n:16][c:23]([C:28]([F:4])([F:5])[F:6])[cH:8][cH:9][c:24]1[C:20](=[O:2])[OH:19]>>[CH3:1][O:17][CH2:10][CH2:11][O:18][CH2:12][c:25]1[n:16][c:23]([C:28]([F:4])([F:5])[F:6])[cH:8][cH:9][c:24]1[C:20](=[O:2])[O:19][C:22]1=[CH:7][C:21](=[O:3])[CH:26]2[CH2:13][CH2:14][CH:27]1[CH2:15]2,1,2,0.13
golden_1058,F[c:26]1[c:25]([F:8])[cH:15][c:30]2[c:29](=[O:6])[c:27]([C:21](=[O:4])[O:19][CH2:17][CH3:1])[cH:16][n:33](-[c:24]3[cH:13][cH:11][c:23]([F:7])[cH:12][cH:14]3)[c:31]2[c:28]1[F:9].[CH3:2][CH2:18][O:20][C:22](=[O:5])[CH2:32][C:10]#[N:3]>>[CH3:1][CH2:17][O:19][C:21](=[O:4])[c:27]1[cH:16][n:33](-[c:24]2[cH:13][cH:11][c:23]([F:7])[cH:12][cH:14]2)[c:31]2[c:28]([F:9])[c:26]([CH:32]([C:10]#[N:3])[C:22](=[O:5])[O:20][CH2:18][CH3:2])[c:25]([F:8])[cH:15][c:30]2[c:29]1=[O:6],1,3,0.12
golden_1059,Cl[C:23](=[O:4])[O:22][CH3:1].[CH3:2][N:30]([CH3:3])[C:24](=[O:5])[N:31]1[CH2:19][C:25]([c:29]2[cH:16][c:26]([Cl:7])[cH:12][cH:15][c:28]2[F:6])=[CH:8][C:32]1([CH2:20][CH2:17][CH2:18][NH2:21])[c:27]1[cH:13][cH:10][cH:9][cH:11][cH:14]1>>[CH3:1][O:22][C:23](=[O:4])[NH:21][CH2:18][CH2:17][CH2:20][C:32]1([c:27]2[cH:13][cH:10][cH:9][cH:11][cH:14]2)[CH:8]=[C:25]([c:29]2[cH:16][c:26]([Cl:7])[cH:12][cH:15][c:28]2[F:6])[CH2:19][N:31]1[C:24](=[O:5])[N:30]([CH3:2])[CH3:3],1,2,0.10
golden_1060,O=[CH:15][c:22]1[cH:10][cH:8][c:21]([CH:5]=[CH:4][C:20](=[O:3])[O:19][CH3:1])[cH:9][cH:11]1.[CH3:2][c:23]1[nH:18][c:25]2[cH:12][cH:6][cH:7][cH:13][c:26]2[c:24]1[CH2:16][CH2:14][NH2:17]>>[CH3:1][O:19][C:20](=[O:3])[CH:4]=[CH:5][c:21]1[cH:8][cH:10][c:22]([CH2:15][NH:17][CH2:14][CH2:16][c:24]2[c:23]([CH3:2])[nH:18][c:25]3[cH:12][cH:6][cH:7][cH:13][c:26]23)[cH:11][cH:9]1,1,3,0.08
golden_1061,Br[c:30]1[cH:14][cH:15][c:31]([C:27](=[O:6])[NH:23][CH:32]([CH2:21][C:26](=[O:5])[O-:7])[CH2:22][N+:33]([CH3:2])([CH3:3])[CH3:4])[o:25]1.[CH3:1][CH2:16][CH2:17][CH2:18][CH2:19][CH2:20][O:24][c:29]1[cH:12][cH:10][cH:11][c:28]([C:8]#[CH:9])[cH:13]1>>[CH3:1][CH2:16][CH2:17][CH2:18][CH2:19][CH2:20][O:24][c:29]1[cH:12][cH:10][cH:11][c:28]([C:8]#[C:9][c:30]2[cH:14][cH:15][c:31]([C:27](=[O:6])[NH:23][CH:32]([CH2:21][C:26](=[O:5])[O-:7])[CH2:22][N+:33]([CH3:2])([CH3:3])[CH3:4])[o:25]2)[cH:13]1,1,3,0.15
golden_1062,Cl[CH2:12][CH2:14][N:26]([CH3:1])[CH3:2].[Cl:3][c:18]1[cH:6][cH:8][c:20]2[c:22]([cH:10]1)-[c:25]1[c:23]([cH:11][s:17][c:24]1[CH2:13][OH:15])-[c:21]1[cH:9][cH:5][cH:4][cH:7][c:19]1[O:16]2>>[CH3:1][N:26]([CH3:2])[CH2:14][CH2:12][O:15][CH2:13][c:24]1[s:17][cH:11][c:23]2[c:25]1-[c:22]1[cH:10][c:18]([Cl:3])[cH:6][cH:8][c:20]1[O:16][c:19]1[cH:7][cH:4][cH:5][cH:9][c:21]1-2,1,2,0.07
golden_1063,Cl[CH2:18][CH2:16][CH2:19][N:35]([CH3:4])[CH3:5].[CH3:1][CH2:17][O:21][C:25](=[O:6])[c:27]1[cH:10][cH:15][c:32](-[c:34]2[c:30]([O:23][CH3:2])[cH:13][cH:8][cH:14][c:31]2[O:24][CH3:3])[c:33](-[c:26]2[cH:9][cH:11][c:28]([Cl:7])[c:29]([OH:22])[cH:12]2)[n:20]1>>[CH3:1][CH2:17][O:21][C:25](=[O:6])[c:27]1[cH:10][cH:15][c:32](-[c:34]2[c:30]([O:23][CH3:2])[cH:13][cH:8][cH:14][c:31]2[O:24][CH3:3])[c:33](-[c:26]2[cH:9][cH:11][c:28]([Cl:7])[c:29]([O:22][CH2:18][CH2:16][CH2:19][N:35]([CH3:4])[CH3:5])[cH:12]2)[n:20]1,1,2,1.27
golden_1064,Cl[CH2:13][c:22]1[c:18]([OH:2])[cH:6][cH:9][c:21]2[c:23]1[CH2:14][CH2:10][CH2:11][C:16]2=[O:1].[Cl:3][c:19]1[cH:7][cH:5][c:17]([CH2:12][SH:15])[cH:8][c:20]1[Cl:4]>>[O:1]=[C:16]1[CH2:11][CH2:10][CH2:14][c:23]2[c:21]1[cH:9][cH:6][c:18]([OH:2])[c:22]2[CH2:13][S:15][CH2:12][c:17]1[cH:5][cH:7][c:19]([Cl:3])[c:20]([Cl:4])[cH:8]1,1,2,0.05
golden_1065,O=[CH:7][CH:11]([O:9][CH3:2])[O:10][CH3:3].[CH3:1][CH2:4][CH2:5][CH2:6][NH2:8]>>[CH3:1][CH2:4][CH2:5][CH2:6][NH:8][CH2:7][CH:11]([O:9][CH3:2])[O:10][CH3:3],1,3,0.01
golden_1066,O=[N+:3]([O-])[c:9]1[cH:6][c:8]([N:11]([CH3:1])[CH3:2])[cH:5][cH:7][c:10]1[F:4]>>[CH3:1][N:11]([CH3:2])[c:8]1[cH:5][cH:7][c:10]([F:4])[c:9]([NH2:3])[cH:6]1,1,2,0.01
golden_1067,Cl[C:17](=[O:4])[c:21]1[cH:12][cH:8][cH:7][cH:11][c:20]1[O:16][CH2:13][CH3:1].[N:2]#[C:6][c:19]1[cH:10][cH:9][n:14][c:22]([C:18]([NH2:3])=[O:5])[c:23]1[NH2:15]>>[CH3:1][CH2:13][O:16][c:20]1[cH:11][cH:7][cH:8][cH:12][c:21]1[C:17](=[O:4])[NH:15][c:23]1[c:19]([C:6]#[N:2])[cH:10][cH:9][n:14][c:22]1[C:18]([NH2:3])=[O:5],1,2,0.05
golden_1068,CS(=O)(=O)[c:28]1[n:17][c:26]([O:19][CH3:1])[cH:14][c:27]([O:20][CH3:2])[n:18]1.[O:3]=[C:23]([OH:5])[c:31]1[c:29]([OH:21])[cH:15][cH:16][c:33]2[o:22][c:30]([C:35]([F:6])([F:7])[F:8])[c:32]([C:24](=[O:4])[c:25]3[cH:12][cH:10][cH:9][cH:11][cH:13]3)[c:34]12>>[CH3:1][O:19][c:26]1[cH:14][c:27]([O:20][CH3:2])[n:18][c:28]([O:21][c:29]2[cH:15][cH:16][c:33]3[o:22][c:30]([C:35]([F:6])([F:7])[F:8])[c:32]([C:24](=[O:4])[c:25]4[cH:12][cH:10][cH:9][cH:11][cH:13]4)[c:34]3[c:31]2[C:23](=[O:3])[O-:5])[n:17]1,1,2,0.14
golden_1069,O=S(=O)(O[Si:19]([CH3:5])([CH3:6])[C:18]([CH3:2])([CH3:3])[CH3:4])C(F)(F)F.[CH3:1][O:11][C:14](=[O:8])[c:17]1[c:15]([CH2:10][OH:12])[cH:9][s:13][c:16]1[NH2:7]>>[CH3:1][O:11][C:14](=[O:8])[c:17]1[c:15]([CH2:10][O:12][Si:19]([CH3:5])([CH3:6])[C:18]([CH3:2])([CH3:3])[CH3:4])[cH:9][s:13][c:16]1[NH2:7],1,2,0.05
golden_1070,O=P(Cl)(Cl)[Cl:5].O[c:20]1[n:14][n:13][c:19]([CH3:1])[c:22](-[c:16]2[cH:9][cH:7][c:15]([Cl:4])[cH:8][cH:10]2)[c:23]1-[c:18]1[cH:12][cH:6][cH:11][c:17]([F:2])[c:21]1[F:3]>>[CH3:1][c:19]1[n:13][n:14][c:20]([Cl:5])[c:23](-[c:18]2[cH:12][cH:6][cH:11][c:17]([F:2])[c:21]2[F:3])[c:22]1-[c:16]1[cH:9][cH:7][c:15]([Cl:4])[cH:8][cH:10]1,1,3,0.06
golden_1071,O=S(Cl)[Cl:4].O[C:8](=[O:3])[c:11]1[cH:6][c:9]([CH3:1])[cH:5][c:10]([CH3:2])[cH:7]1>>[CH3:1][c:9]1[cH:5][c:10]([CH3:2])[cH:7][c:11]([C:8](=[O:3])[Cl:4])[cH:6]1,1,3,0.02
golden_1072,O=S(Cl)[Cl:4].O[C:9](=[O:2])[c:12]1[cH:7][cH:5][c:10]([O:8][CH3:1])[cH:6][c:11]1[OH:3]>>[CH3:1][O:8][c:10]1[cH:5][cH:7][c:12]([C:9](=[O:2])[Cl:4])[c:11]([OH:3])[cH:6]1,1,3,0.03
golden_1073,Br[C:18]1=[CH:8][C:22]([CH2:13][F:2])([CH2:14][F:3])[O:16][c:20]2[cH:10][cH:9][c:19]([C:23]([F:4])([F:5])[F:6])[cH:11][c:21]21.[CH3:1][CH2:12][N:15]=[C:17]=[S:7]>>[CH3:1][CH2:12][NH:15][C:17](=[S:7])[C:18]1=[CH:8][C:22]([CH2:13][F:2])([CH2:14][F:3])[O:16][c:20]2[cH:10][cH:9][c:19]([C:23]([F:4])([F:5])[F:6])[cH:11][c:21]21,1,2,0.10
golden_1074,Cl[C:6](Cl)=[O:4].[CH3:1][CH2:9][C:11](=[O:5])[c:15]1[c:13]([CH3:2])[cH:7][c:12]([NH2:10])[cH:8][c:14]1[CH3:3]>>[CH3:1][CH2:9][C:11](=[O:5])[c:15]1[c:13]([CH3:2])[cH:7][c:12]([N:10]=[C:6]=[O:4])[cH:8][c:14]1[CH3:3],1,3,0.06
golden_1075,O=S(=O)(O[c:17]1[cH:10][cH:11][c:18]2[c:19]([cH:12]1)[C:20]([CH3:1])([CH3:2])[CH2:13][C:14]2=[O:4])C(F)(F)F.OB(O)[c:16]1[cH:8][cH:6][c:15]([C:5]#[N:3])[cH:7][cH:9]1>>[CH3:1][C:20]1([CH3:2])[CH2:13][C:14](=[O:4])[c:18]2[cH:11][cH:10][c:17](-[c:16]3[cH:8][cH:6][c:15]([C:5]#[N:3])[cH:7][cH:9]3)[cH:12][c:19]21,1,3,0.74
golden_1076,C=[CH:8][CH2:18][CH2:19][CH2:20][CH:30]([NH:22][C:23](=[O:3])[c:28]1[cH:17][n:21][n:31](-[c:26]2[cH:13][cH:10][c:24]([Cl:7])[cH:11][cH:14]2)[c:29]1[CH3:1])[c:25]1[cH:12][cH:9][cH:15][c:27]([C:32]([F:4])([F:5])[F:6])[cH:16]1.[O-][O+]=[O:2]>>[CH3:1][c:29]1[c:28]([C:23](=[O:3])[NH:22][CH:30]([CH2:20][CH2:19][CH2:18][CH:8]=[O:2])[c:25]2[cH:12][cH:9][cH:15][c:27]([C:32]([F:4])([F:5])[F:6])[cH:16]2)[cH:17][n:21][n:31]1-[c:26]1[cH:13][cH:10][c:24]([Cl:7])[cH:11][cH:14]1,1,3,0.13
golden_1077,Br[c:11]1[cH:6][cH:4][n:10][cH:5][cH:7]1.OB(O)[c:14]1[c:12]([F:1])[cH:8][cH:3][cH:9][c:13]1[F:2]>>[F:1][c:12]1[cH:8][cH:3][cH:9][c:13]([F:2])[c:14]1-[c:11]1[cH:6][cH:4][n:10][cH:5][cH:7]1,1,3,0.02
golden_1078,Br[CH2:13][c:19]1[cH:10][cH:8][cH:7][cH:9][cH:11]1.[CH3:1][CH2:12][O:16][C:18](=[O:5])[c:21]1[nH:15][c:20](=[O:17])[c:23]([CH2:14][CH:24]([CH3:2])[CH3:3])[n+:25]([O-:6])[c:22]1[NH2:4]>>[CH3:1][CH2:12][O:16][C:18](=[O:5])[c:21]1[n:15][c:20]([O:17][CH2:13][c:19]2[cH:10][cH:8][cH:7][cH:9][cH:11]2)[c:23]([CH2:14][CH:24]([CH3:2])[CH3:3])[n+:25]([O-:6])[c:22]1[NH2:4],1,2,0.08
golden_1079,CCOP(=O)(OCC)[CH2:4][C:21]([CH3:2])=[O:3].O=[CH:5][c:23]1[cH:6][cH:8][c:25]([N:19]=[C:22]2[S:20][CH2:18][C:28]3([CH2:16][CH2:11][CH2:12][CH2:17]3)[N:27]2[CH:26]2[CH2:14][CH2:9][CH2:10][CH2:15]2)[c:24]([CH2:13][CH3:1])[cH:7]1>>[CH3:1][CH2:13][c:24]1[cH:7][c:23]([CH:5]=[CH:4][C:21]([CH3:2])=[O:3])[cH:6][cH:8][c:25]1[N:19]=[C:22]1[S:20][CH2:18][C:28]2([CH2:16][CH2:11][CH2:12][CH2:17]2)[N:27]1[CH:26]1[CH2:14][CH2:9][CH2:10][CH2:15]1,1,4,0.13
golden_1080,Cl[C:3](Cl)=[S:2].[F:1][c:9]1[cH:5][cH:4][cH:6][c:10]([NH2:8])[cH:7]1>>[F:1][c:9]1[cH:5][cH:4][cH:6][c:10]([N:8]=[C:3]=[S:2])[cH:7]1,1,3,0.01
golden_1081,Br[c:22]1[cH:7][cH:4][cH:11][c:25]2[c:21]([NH2:2])[c:20]([C:18](=[O:3])[NH:16][CH2:13][CH2:12][CH3:1])[n:14][n:15][c:26]12.OB(O)[c:19]1[cH:6][cH:10][c:24]2[nH:17][cH:5][cH:8][c:23]2[cH:9]1>>[CH3:1][CH2:12][CH2:13][NH:16][C:18](=[O:3])[c:20]1[n:14][n:15][c:26]2[c:22](-[c:19]3[cH:6][cH:10][c:24]4[nH:17][cH:5][cH:8][c:23]4[cH:9]3)[cH:7][cH:4][cH:11][c:25]2[c:21]1[NH2:2],1,3,0.09
golden_1082,O=S(Cl)[Cl:7].O[C:13](=[O:3])[CH:17]([c:15]1[cH:10][cH:8][c:14]([O:12][C:18]([F:4])([F:5])[F:6])[cH:9][cH:11]1)[CH:16]([CH3:1])[CH3:2]>>[CH3:1][CH:16]([CH3:2])[CH:17]([C:13](=[O:3])[Cl:7])[c:15]1[cH:10][cH:8][c:14]([O:12][C:18]([F:4])([F:5])[F:6])[cH:9][cH:11]1,1,3,0.04
golden_1083,OB([OH:1])[c:10]1[cH:5][cH:8][c:13]2[c:16]([c:14]1[F:3])[CH2:9][c:15]1[c:11]([F:2])[cH:6][cH:4][cH:7][c:12]1-2.OO>>[OH:1][c:10]1[cH:5][cH:8][c:13]2[c:16]([c:14]1[F:3])[CH2:9][c:15]1[c:11]([F:2])[cH:6][cH:4][cH:7][c:12]1-2,1,3,0.04
golden_1084,O=S(Cl)[Cl:2].O[C:9](=[O:1])[c:11]1[cH:6][c:12]2[cH:5][c:10]([Cl:3])[cH:4][cH:7][c:13]2[o:8]1>>[O:1]=[C:9]([Cl:2])[c:11]1[cH:6][c:12]2[cH:5][c:10]([Cl:3])[cH:4][cH:7][c:13]2[o:8]1,1,3,0.03
golden_1085,Br[c:24]1[n:17][cH:11][c:19]([CH3:2])[cH:14][c:22]1[N:25]([CH2:16][O:18][CH3:1])[S:27](=[O:4])(=[O:5])[c:20]1[cH:12][cH:13][c:21]([Cl:9])[c:23]([C:26]([F:6])([F:7])[F:8])[cH:15]1.CN(C)[CH:10]=[O:3].C[CH](C)[Mg+].[Cl-]>>[CH3:1][O:18][CH2:16][N:25]([c:22]1[cH:14][c:19]([CH3:2])[cH:11][n:17][c:24]1[CH:10]=[O:3])[S:27](=[O:4])(=[O:5])[c:20]1[cH:12][cH:13][c:21]([Cl:9])[c:23]([C:26]([F:6])([F:7])[F:8])[cH:15]1,1,3,0.08
golden_1086,Br[c:20]1[cH:9][cH:11][c:21]([S:26](=[O:6])(=[O:7])[NH:17][CH3:1])[cH:12][cH:10]1.[CH3:2][C:25]([CH3:3])([CH3:4])[O:18][C:19](=[O:5])[N:24]1[CH2:15][CH2:13][CH:22]([CH:23]=[O:8])[CH2:14][CH2:16]1>>[CH3:1][NH:17][S:26](=[O:6])(=[O:7])[c:21]1[cH:11][cH:9][c:20]([CH:23]([OH:8])[CH:22]2[CH2:13][CH2:15][N:24]([C:19](=[O:5])[O:18][C:25]([CH3:2])([CH3:3])[CH3:4])[CH2:16][CH2:14]2)[cH:10][cH:12]1,1,2,0.07
golden_1087,O[C:8](=[O:1])[CH2:5][CH2:4][CH2:6][c:10]1[s:7][cH:2][cH:3][cH:9]1>>[O:1]=[C:8]1[CH2:5][CH2:4][CH2:6][c:10]2[s:7][cH:2][cH:3][c:9]21,1,3,0.03
golden_1088,Cl[CH2:15][CH2:13][N:28]([CH3:2])[CH2:14][CH2:16]Cl.[CH3:1][c:25]1[cH:11][c:22]([CH2:17][NH2:29])[cH:12][c:26]2[c:27]1[C:21](=[O:3])[N:30]([CH2:18][c:23]1[cH:7][cH:9][c:24]([O:20][C:31]([F:4])([F:5])[F:6])[cH:10][cH:8]1)[CH2:19]2>>[CH3:1][c:25]1[cH:11][c:22]([CH2:17][N:29]2[CH2:15][CH2:13][N:28]([CH3:2])[CH2:14][CH2:16]2)[cH:12][c:26]2[c:27]1[C:21](=[O:3])[N:30]([CH2:18][c:23]1[cH:7][cH:9][c:24]([O:20][C:31]([F:4])([F:5])[F:6])[cH:10][cH:8]1)[CH2:19]2,1,4,0.13
golden_1089,C=[CH:4][CH2:7][C:13]1([C:12](=[O:3])[O:11][CH3:1])[CH2:8][CH2:5][O:10][CH2:6][CH2:9]1.[OH2:2].[O]=[Os](=[O])(=[O])=[O]>>[CH3:1][O:11][C:12](=[O:3])[C:13]1([CH2:7][CH:4]=[O:2])[CH2:8][CH2:5][O:10][CH2:6][CH2:9]1,1,2,0.02
golden_1090,Cl[CH2:12][CH2:11][CH2:13][S:22](Cl)(=[O:5])=[O:6].[CH3:1][C:20]1([CH3:2])[O:14][B:16]([c:17]2[cH:7][cH:9][c:18]([NH2:19])[cH:10][cH:8]2)[O:15][C:21]1([CH3:3])[CH3:4]>>[CH3:1][C:20]1([CH3:2])[O:14][B:16]([c:17]2[cH:7][cH:9][c:18]([N:19]3[CH2:12][CH2:11][CH2:13][S:22]3(=[O:5])=[O:6])[cH:10][cH:8]2)[O:15][C:21]1([CH3:3])[CH3:4],1,4,0.05
golden_1091,I[CH3:3].[CH3:1][N:30]([CH3:2])[C:19](=[O:4])[c:22]1[cH:9][cH:14][c:28]([NH:31][C:20](=[O:5])[c:23]2[cH:11][c:25]3[c:29]([s:18]2)-[c:27]2[cH:13][cH:8][c:21]([Br:7])[cH:12][c:26]2[O:17][CH2:15][CH2:16]3)[c:24]([Cl:6])[cH:10]1>>[CH3:1][N:30]([CH3:2])[C:19](=[O:4])[c:22]1[cH:9][cH:14][c:28]([N:31]([CH3:3])[C:20](=[O:5])[c:23]2[cH:11][c:25]3[c:29]([s:18]2)-[c:27]2[cH:13][cH:8][c:21]([Br:7])[cH:12][c:26]2[O:17][CH2:15][CH2:16]3)[c:24]([Cl:6])[cH:10]1,1,2,0.08
golden_1092,Br[CH2:13][CH:10]=[CH2:1].[CH3:2][C:20]([CH3:3])([CH3:4])[c:17]1[cH:11][cH:16][cH:12][c:18]([C:21]([CH3:5])([CH3:6])[CH3:7])[c:19]1[OH:8].[S:9]=[C:15]=[S:14]>>[CH2:1]=[CH:10][CH2:13][S:14][C:15](=[S:9])[c:16]1[cH:11][c:17]([C:20]([CH3:2])([CH3:3])[CH3:4])[c:19]([OH:8])[c:18]([C:21]([CH3:5])([CH3:6])[CH3:7])[cH:12]1,1,4,0.16
golden_1093,Cl[S:22](Cl)=[O:4].[CH3:1][c:17]1[cH:10][cH:14][c:19]([S:24](=[O:5])(=[O:6])[NH:21][CH:20]([c:18]2[cH:12][cH:8][cH:7][cH:9][cH:13]2)[C:23]([CH3:2])([CH3:3])[OH:16])[cH:15][cH:11]1>>[CH3:1][c:17]1[cH:10][cH:14][c:19]([S:24](=[O:5])(=[O:6])[N:21]2[CH:20]([c:18]3[cH:12][cH:8][cH:7][cH:9][cH:13]3)[C:23]([CH3:2])([CH3:3])[O:16][S:22]2=[O:4])[cH:15][cH:11]1,1,4,0.07
golden_1094,O=[CH2:1].[Cl:2][c:22]1[cH:6][cH:9][c:25]2[c:24]([cH:8]1)[CH2:17][N:32]([CH:29]1[CH2:12][CH2:13][NH:30][CH2:14]1)[CH2:18][c:26]1[n:20][n:21][c:27]([CH:28]3[CH2:10][CH2:15][N:31]([c:23]4[cH:7][cH:4][cH:3][cH:5][n:19]4)[CH2:16][CH2:11]3)[n:33]1-2>>[CH3:1][N:30]1[CH2:13][CH2:12][CH:29]([N:32]2[CH2:17][c:24]3[cH:8][c:22]([Cl:2])[cH:6][cH:9][c:25]3-[n:33]3[c:26]([n:20][n:21][c:27]3[CH:28]3[CH2:10][CH2:15][N:31]([c:23]4[cH:7][cH:4][cH:3][cH:5][n:19]4)[CH2:16][CH2:11]3)[CH2:18]2)[CH2:14]1,1,3,1.23
golden_1095,Cl[CH2:14][c:27]1[n:19][c:32](=[O:6])[cH:10][c:26]([CH3:3])[nH:20]1.[CH3:1][O:21][c:30]1[cH:9][c:31]([O:22][CH3:2])[c:29]([CH2:13][CH2:17][C:35]2([CH:34]3[CH2:15][CH2:11][CH2:12][CH2:16]3)[CH2:18][C:24](=[O:4])[CH2:33][C:25](=[O:5])[O:23]2)[cH:8][c:28]1[Cl:7]>>[CH3:1][O:21][c:30]1[cH:9][c:31]([O:22][CH3:2])[c:29]([CH2:13][CH2:17][C:35]2([CH:34]3[CH2:15][CH2:11][CH2:12][CH2:16]3)[CH2:18][C:24](=[O:4])[CH:33]([CH2:14][c:27]3[n:19][c:32](=[O:6])[cH:10][c:26]([CH3:3])[nH:20]3)[C:25](=[O:5])[O:23]2)[cH:8][c:28]1[Cl:7],1,3,0.14
golden_1096,CO[CH:44]=[CH:26][c:34]1[cH:16][cH:18][c:35]([O:29][CH:41]2[CH2:25][CH:43]([C:32](=[O:5])[OH:11])[N:45]([C:33](=[O:6])[CH:42]([CH3:1])[CH2:24][S:30][C:31](=[O:4])[c:36]3[cH:20][cH:14][cH:13][cH:15][cH:21]3)[CH2:27]2)[cH:19][cH:17]1.[CH3:2][NH:46][S:48](=[O:9])(=[O:10])[c:40]1[cH:23][c:39]([S:47]([NH2:3])(=[O:7])=[O:8])[c:37]([Cl:12])[cH:22][c:38]1[NH2:28]>>[CH3:1][CH:42]([CH2:24][S:30][C:31](=[O:4])[c:36]1[cH:20][cH:14][cH:13][cH:15][cH:21]1)[C:33](=[O:6])[N:45]1[CH2:27][CH:41]([O:29][c:35]2[cH:18][cH:16][c:34]([CH2:26][CH:44]3[NH:28][c:38]4[cH:22][c:37]([Cl:12])[c:39]([S:47]([NH2:3])(=[O:7])=[O:8])[cH:23][c:40]4[S:48](=[O:9])(=[O:10])[N:46]3[CH3:2])[cH:17][cH:19]2)[CH2:25][CH:43]1[C:32](=[O:5])[OH:11],1,4,0.45
golden_1097,I[CH3:1].[CH3:2][C:16]([CH3:3])([CH3:4])[O:12][C:14](=[O:5])[NH:10][CH2:8][CH2:7][CH2:9][NH2:11].[S:6]=[C:15]=[S:13]>>[CH3:1][S:13][C:15](=[S:6])[NH:11][CH2:9][CH2:7][CH2:8][NH:10][C:14](=[O:5])[O:12][C:16]([CH3:2])([CH3:3])[CH3:4],1,3,0.02
golden_1098,I[CH3:3].[CH3:1][O:17][c:22]1[cH:12][cH:9][c:19](-[c:23]2[n:16][s:18][c:27]3[cH:14][cH:10][c:20](-[n:30]4[c:25](=[O:4])[cH:13][c:24]([C:31]([F:6])([F:7])[F:8])[nH:29][c:26]4=[O:5])[cH:15][c:28]23)[cH:11][c:21]1[CH3:2]>>[CH3:1][O:17][c:22]1[cH:12][cH:9][c:19](-[c:23]2[n:16][s:18][c:27]3[cH:14][cH:10][c:20](-[n:30]4[c:25](=[O:4])[cH:13][c:24]([C:31]([F:6])([F:7])[F:8])[n:29]([CH3:3])[c:26]4=[O:5])[cH:15][c:28]23)[cH:11][c:21]1[CH3:2],1,2,0.08
golden_1099,O=S(Cl)[Cl:3].O[C:12](=[O:1])[CH:15]1[CH2:8][CH2:10][N:16]([c:14]2[cH:6][cH:4][c:13]([F:2])[cH:5][cH:7]2)[CH2:11][CH2:9]1>>[O:1]=[C:12]([Cl:3])[CH:15]1[CH2:8][CH2:10][N:16]([c:14]2[cH:6][cH:4][c:13]([F:2])[cH:5][cH:7]2)[CH2:11][CH2:9]1,1,3,0.03
golden_1100,Br[CH2:11][C:3]#[CH:1].[Cl:2][c:14]1[cH:4][cH:6][c:15](-[c:16]2[cH:8][cH:10][c:17]([OH:13])[n:12][cH:9]2)[cH:7][cH:5]1>>[CH:1]#[C:3][CH2:11][O:13][c:17]1[cH:10][cH:8][c:16](-[c:15]2[cH:6][cH:4][c:14]([Cl:2])[cH:5][cH:7]2)[cH:9][n:12]1,1,2,0.03
golden_1101,I[CH3:2].[CH2:1]=[CH:7][CH2:15][n:26]1[c:22]([NH2:3])[n:16][c:20](-[c:18]2[cH:10][cH:8][cH:9][c:17]([F:6])[cH:11]2)[c:21](-[c:19]2[cH:12][cH:13][c:23]([OH:4])[n:25][cH:14]2)[c:24]1=[O:5]>>[CH2:1]=[CH:7][CH2:15][n:26]1[c:22]([NH2:3])[n:16][c:20](-[c:18]2[cH:10][cH:8][cH:9][c:17]([F:6])[cH:11]2)[c:21](-[c:19]2[cH:12][cH:13][c:23](=[O:4])[n:25]([CH3:2])[cH:14]2)[c:24]1=[O:5],1,2,0.08
golden_1102,O=[N:11][O-].[CH3:1][O:13][CH2:10][C:15](=[O:3])[CH2:17][C:16](=[O:4])[O:14][CH3:2].[F:5][c:18]1[cH:8][cH:6][cH:7][cH:9][c:19]1[NH2:12]>>[CH3:1][O:13][CH2:10][C:15](=[O:3])[C:17](=[N:11][NH:12][c:19]1[cH:9][cH:7][cH:6][cH:8][c:18]1[F:5])[C:16](=[O:4])[O:14][CH3:2],1,6,0.03
golden_1103,I[CH3:2].[CH3:1][O:12][c:15]1[cH:8][cH:4][cH:7][cH:11][c:18]1[N:20]1[S:13][c:16]2[cH:9][cH:5][cH:6][cH:10][c:17]2[CH2:19][C:14]1=[O:3]>>[CH3:1][O:12][c:15]1[cH:8][cH:4][cH:7][cH:11][c:18]1[N:20]1[S:13][c:16]2[cH:9][cH:5][cH:6][cH:10][c:17]2[CH:19]([CH3:2])[C:14]1=[O:3],1,3,0.05
golden_1104,F[c:12]1[cH:6][c:11]([Cl:4])[cH:7][c:13]([C:10](=[O:3])[O:9][CH3:1])[cH:8]1.[N:2]#[C-:5]>>[CH3:1][O:9][C:10](=[O:3])[c:13]1[cH:7][c:11]([Cl:4])[cH:6][c:12]([C:5]#[N:2])[cH:8]1,1,2,0.03
golden_1105,O=C(O)[c:16]1[n:10][cH:5][cH:9][c:15]([CH3:1])[c:17]1[O:11][c:14]1[cH:7][c:12]([Cl:3])[cH:6][c:13]([Br:4])[cH:8]1.[N-]=[N+]=[N-:2]>>[CH3:1][c:15]1[cH:9][cH:5][n:10][c:16]([NH2:2])[c:17]1[O:11][c:14]1[cH:7][c:12]([Cl:3])[cH:6][c:13]([Br:4])[cH:8]1,1,3,0.04
golden_1106,O=[C:18]([CH3:1])[CH2:10][CH2:7][C:12](O)=[O:2].[cH:3]1[cH:4][cH:6][c:16]2[c:14]([CH2:8][CH2:9][NH2:17])[cH:13][nH:11][c:15]2[cH:5]1>>[CH3:1][C:18]12[CH2:10][CH2:7][C:12](=[O:2])[N:17]1[CH2:9][CH2:8][c:14]1[c:13]2[nH:11][c:15]2[cH:5][cH:3][cH:4][cH:6][c:16]12,1,6,0.06
golden_1107,O=[C:14]([CH2:4]Cl)[C:15](=[N:8][O:9][CH3:2])[C:13](=[O:3])[O:10][CH2:5][CH3:1].[CH2:6]([CH2:7][SH:12])[OH:11]>>[CH3:1][CH2:5][O:10][C:13](=[O:3])[C:15](=[N:8][O:9][CH3:2])[C:14]1=[CH:4][S:12][CH2:7][CH2:6][O:11]1,1,5,0.03
golden_1108,[NH3:1].[O-][C:8](=[O:2])[c:10]1[cH:6][c:9]([Br:4])[cH:5][n:7][c:11]1[Cl:3]>>[NH2:1][C:8](=[O:2])[c:10]1[cH:6][c:9]([Br:4])[cH:5][n:7][c:11]1[Cl:3],1,2,0.01
golden_1109,Br[c:10]1[cH:5][c:11]([CH2:8][OH:3])[cH:7][c:12]([O:9][CH3:1])[cH:6]1.[N:2]#[C-:4]>>[CH3:1][O:9][c:12]1[cH:6][c:10]([C:4]#[N:2])[cH:5][c:11]([CH2:8][OH:3])[cH:7]1,1,2,0.02
golden_1110,O=[N+:14]([O-])[CH:17]1[CH2:10][N:19]([CH3:3])[CH2:11][CH:18]([CH3:2])[N:20]([CH2:12][c:16]2[cH:8][cH:6][cH:5][cH:7][cH:9]2)[CH2:13]1.O[C:15]([CH3:1])=[O:4]>>[CH3:1][C:15](=[O:4])[NH:14][CH:17]1[CH2:10][N:19]([CH3:3])[CH2:11][CH:18]([CH3:2])[N:20]([CH2:12][c:16]2[cH:8][cH:6][cH:5][cH:7][cH:9]2)[CH2:13]1,1,4,0.06
golden_1111,I[CH2:14]I.[CH3:1][CH2:12][O:16][C:18](=[O:3])[C:24]([OH:4])([CH2:15][C:22](=[CH2:13])[c:21]1[cH:11][c:19]([F:5])[cH:9][cH:10][c:20]1[O:17][CH3:2])[C:23]([F:6])([F:7])[F:8]>>[CH3:1][CH2:12][O:16][C:18](=[O:3])[C:24]([OH:4])([CH2:15][C:22]1([c:21]2[cH:11][c:19]([F:5])[cH:9][cH:10][c:20]2[O:17][CH3:2])[CH2:13][CH2:14]1)[C:23]([F:6])([F:7])[F:8],1,4,0.08
golden_1112,Br[c:12]1[cH:4][cH:6][c:13](-[c:15]2[cH:9][cH:8][c:14]([OH:2])[n:10][n:11]2)[cH:7][cH:5]1.[N:1]#[C-:3]>>[N:1]#[C:3][c:12]1[cH:4][cH:6][c:13](-[c:15]2[cH:9][cH:8][c:14]([OH:2])[n:10][n:11]2)[cH:7][cH:5]1,1,2,0.06
golden_1113,Br[c:19]1[cH:6][cH:8][c:21]2[c:23]([cH:10]1)[C:18](=[C:17]1[CH2:11][CH2:15][N:24]([CH3:1])[CH2:16][CH2:12]1)[c:22]1[cH:9][cH:5][cH:4][cH:7][c:20]1[CH2:13][CH2:14]2.[N:2]#[C-:3]>>[CH3:1][N:24]1[CH2:15][CH2:11][C:17](=[C:18]2[c:22]3[cH:9][cH:5][cH:4][cH:7][c:20]3[CH2:13][CH2:14][c:21]3[cH:8][cH:6][c:19]([C:3]#[N:2])[cH:10][c:23]32)[CH2:12][CH2:16]1,1,2,0.09
golden_1114,O=[C:22]([CH2:14][c:20]1[cH:9][cH:7][c:19]([CH2:13][C:18](=[O:3])[O:17][CH3:1])[cH:8][cH:10]1)[c:21]1[cH:11][cH:5][cH:6][n:15][cH:12]1.[NH4+:16].[O-][CH:4]=[O:2]>>[CH3:1][O:17][C:18](=[O:3])[CH2:13][c:19]1[cH:7][cH:9][c:20]([CH2:14][CH:22]([NH:16][CH:4]=[O:2])[c:21]2[cH:11][cH:5][cH:6][n:15][cH:12]2)[cH:10][cH:8]1,1,5,0.07
golden_1115,O=[C:20]([CH:17]1[CH2:9][CH2:6][CH2:10][N:18]1[CH2:11][c:16]1[cH:4][cH:2][cH:1][cH:3][cH:5]1)[N:19]1[CH2:12][CH2:7][CH2:8][CH2:13]1.[Mg+][CH2:15][CH3:14]>>[cH:1]1[cH:2][cH:4][c:16]([CH2:11][N:18]2[CH2:10][CH2:6][CH2:9][CH:17]2[C:20]2([N:19]3[CH2:12][CH2:7][CH2:8][CH2:13]3)[CH2:14][CH2:15]2)[cH:5][cH:3]1,1,5,0.12
golden_1116,CCO[C:18](OCC)=[CH:9][C:17](=[O:3])[O:15][CH2:8][CH3:1].[CH3:2][O:13][CH2:7][O:14][CH2:10][c:19]1[cH:6][s:16][c:20]([NH2:12])[c:21]1[S:22](=[O:4])(=[O:5])[NH2:11]>>[CH3:1][CH2:8][O:15][C:17](=[O:3])[CH2:9][C:18]1=[N:11][S:22](=[O:4])(=[O:5])[c:21]2[c:19]([CH2:10][O:14][CH2:7][O:13][CH3:2])[cH:6][s:16][c:20]2[NH:12]1,1,5,0.10
golden_1117,O[S:29](Cl)(=[O:4])=[O:5].[CH2:13]1[CH2:14][CH:26]1[NH2:19].[CH3:1][CH:27]([CH3:2])[c:25]1[n:17][cH:12][c:24](-[c:22]2[cH:11][cH:6][n:15][c:23]([NH:18][c:20]3[cH:7][cH:9][cH:21][cH:10][cH:8]3)[n:16]2)[n:28]1[CH3:3]>>[CH3:1][CH:27]([CH3:2])[c:25]1[n:17][cH:12][c:24](-[c:22]2[cH:11][cH:6][n:15][c:23]([NH:18][c:20]3[cH:7][cH:9][c:21]([S:29](=[O:4])(=[O:5])[NH:19][CH:26]4[CH2:13][CH2:14]4)[cH:10][cH:8]3)[n:16]2)[n:28]1[CH3:3],1,5,0.10
golden_1118,Cl[C:10](=[O:2])[c:11]1[cH:8][cH:6][cH:5][cH:7][cH:9]1.[K+]~[C-:4]#[N:1].[O:3]=[CH2:12]>>[N:1]#[C:4][CH:12]([OH:3])[C:10](=[O:2])[c:11]1[cH:8][cH:6][cH:5][cH:7][cH:9]1,1,4,0.04
golden_1119,O[C:19](=[O:6])[c:23]1[cH:10][cH:14][c:25]([C:21](=[C:20]2[CH2:16][C:26]([CH3:1])([CH3:2])[CH2:18][C:27]([CH3:3])([CH3:4])[CH2:17]2)[c:24]2[cH:12][cH:8][c:22]([OH:7])[cH:9][cH:13]2)[cH:15][cH:11]1.[NH4+:5]>>[CH3:1][C:26]1([CH3:2])[CH2:16][C:20](=[C:21]([c:24]2[cH:12][cH:8][c:22]([OH:7])[cH:9][cH:13]2)[c:25]2[cH:14][cH:10][c:23]([C:19]([NH2:5])=[O:6])[cH:11][cH:15]2)[CH2:17][C:27]([CH3:3])([CH3:4])[CH2:18]1,1,2,0.12
golden_1120,Br[c:14]1[cH:6][n:9][n:18]([CH3:4])[c:17]1-[c:15]1[cH:7][c:13]([C:12](=[O:5])[O:10][CH3:2])[s:11][c:16]1[CH2:8][CH3:1].CB1OB(C)OB([CH3:3])O1>>[CH3:1][CH2:8][c:16]1[s:11][c:13]([C:12](=[O:5])[O:10][CH3:2])[cH:7][c:15]1-[c:17]1[c:14]([CH3:3])[cH:6][n:9][n:18]1[CH3:4],1,3,0.05
golden_1121,N[c:14]1[cH:11][c:12]([N+:15](=[O:4])[O-:7])[cH:9][cH:10][c:13]1[C:16]([CH3:1])([CH3:2])[CH3:3].O=N[O-].[ClH:8].[O-][S:17](=[O:5])[O-:6]>>[CH3:1][C:16]([CH3:2])([CH3:3])[c:13]1[cH:10][cH:9][c:12]([N+:15](=[O:4])[O-:7])[cH:11][c:14]1[S:17](=[O:5])(=[O:6])[Cl:8],1,4,0.04
golden_1122,O[C:11](=[O:1])[CH2:8][CH:16]([CH2:9][C:12](O)=[O:2])[c:15]1[c:13]([Cl:3])[cH:6][cH:5][cH:7][c:14]1[Cl:4].[NH4+:10]>>[O:1]=[C:11]1[CH2:8][CH:16]([c:15]2[c:13]([Cl:3])[cH:6][cH:5][cH:7][c:14]2[Cl:4])[CH2:9][C:12](=[O:2])[NH:10]1,1,4,0.04
golden_1123,I[CH2:15][CH2:13][CH2:11][CH3:1].I[CH2:16][CH2:14][CH2:12][CH3:2].[NH2:3][c:17]1[cH:5][cH:7][c:19]2[c:21]([cH:9]1)[CH2:23][c:22]1[cH:10][c:18]([Br:4])[cH:6][cH:8][c:20]1-2>>[CH3:1][CH2:11][CH2:13][CH2:15][C:23]1([CH2:16][CH2:14][CH2:12][CH3:2])[c:21]2[cH:9][c:17]([NH2:3])[cH:5][cH:7][c:19]2-[c:20]2[cH:8][cH:6][c:18]([Br:4])[cH:10][c:22]21,1,6,0.08
golden_1124,Cl[CH3:4].Cl[S:27](Cl)(=[O:5])=[O:6].[CH3:1][CH:25]([CH3:2])[S:28](=[O:7])(=[O:8])[NH:20][CH2:18][C:26]([CH3:3])([F:9])[c:24]1[cH:16][cH:12][c:22](-[c:23]2[cH:14][cH:10][cH:11][c:21]([NH2:19])[cH:15]2)[cH:13][cH:17]1>>[CH3:1][CH:25]([CH3:2])[S:28](=[O:7])(=[O:8])[NH:20][CH2:18][C:26]([CH3:3])([F:9])[c:24]1[cH:16][cH:12][c:22](-[c:23]2[cH:14][cH:10][cH:11][c:21]([NH:19][S:27]([CH3:4])(=[O:5])=[O:6])[cH:15]2)[cH:13][cH:17]1,1,5,0.08
golden_1125,O[C:14]([CH3:2])([CH3:3])[CH3:4].[CH3:1][c:12]1[cH:8][cH:6][cH:7][n:9][c:13]1[C:11]#[N:10].[OH2:5]>>[CH3:1][c:12]1[cH:8][cH:6][cH:7][n:9][c:13]1[C:11](=[O:5])[NH:10][C:14]([CH3:2])([CH3:3])[CH3:4],1,3,0.04
golden_1126,O=[C:15]([CH3:3])[CH2:9][CH2:8][C:10](O)=[O:5].[CH3:1][c:11]1[cH:6][c:12]([CH3:2])[c:14]([NH2:16])[cH:7][c:13]1[NH2:4]>>[CH3:1][c:11]1[cH:6][c:12]([CH3:2])[c:14]([N:16]2[C:10](=[O:5])[CH2:8][CH2:9][CH:15]2[CH3:3])[cH:7][c:13]1[NH2:4],1,5,0.04
golden_1127,Cl[C:27](Cl)=[O:6].[CH3:1][O:26][c:31]1[c:29]([NH2:23])[cH:12][c:28]([C:39]([CH3:2])([CH3:3])[CH3:4])[cH:13][c:30]1[NH:25][S:40]([CH3:5])(=[O:7])=[O:8].[cH:9]1[cH:10][cH:19][c:36]2[c:33](-[n:38]3[cH:21][cH:16][c:34]4[cH:17][n:22][cH:11][cH:20][c:37]43)[cH:15][cH:14][c:32]([NH2:24])[c:35]2[cH:18]1>>[CH3:1][O:26][c:31]1[c:29]([NH:23][C:27](=[O:6])[NH:24][c:32]2[cH:14][cH:15][c:33](-[n:38]3[cH:21][cH:16][c:34]4[cH:17][n:22][cH:11][cH:20][c:37]43)[c:36]3[cH:19][cH:10][cH:9][cH:18][c:35]23)[cH:12][c:28]([C:39]([CH3:2])([CH3:3])[CH3:4])[cH:13][c:30]1[NH:25][S:40]([CH3:5])(=[O:7])=[O:8],1,4,0.23
golden_1128,O[C:9](=[O:2])[c:10]1[cH:6][cH:8][c:12]([N+:13](=[O:3])[O-:4])[c:11]([F:5])[cH:7]1.[NH4+:1]>>[NH2:1][C:9](=[O:2])[c:10]1[cH:6][cH:8][c:12]([N+:13](=[O:3])[O-:4])[c:11]([F:5])[cH:7]1,1,2,0.01
golden_1129,O=[CH:23][C:16](=[O:3])[OH:4].[CH3:1][O:14][c:19]1[cH:9][cH:7][c:17]([CH:24]=[CH2:12])[cH:10][c:20]1[O:15][CH3:2].[I:5][c:18]1[cH:8][cH:6][cH:11][cH:21][c:22]1[NH2:13]>>[CH3:1][O:14][c:19]1[cH:9][cH:7][c:17]([CH:24]2[CH2:12][CH:23]([C:16](=[O:3])[OH:4])[NH:13][c:22]3[c:18]([I:5])[cH:8][cH:6][cH:11][c:21]32)[cH:10][c:20]1[O:15][CH3:2],1,5,0.08
golden_1130,Br[c:12]1[cH:4][cH:5][c:13]2[c:15]([c:14]1[O:10][CH3:1])[O:11][CH2:8][CH:17]1[CH:16]2[CH2:7][CH2:6][CH2:9][N:18]1[CH3:3].I[CH3:2]>>[CH3:1][O:10][c:14]1[c:12]([CH3:2])[cH:4][cH:5][c:13]2[c:15]1[O:11][CH2:8][CH:17]1[CH:16]2[CH2:7][CH2:6][CH2:9][N:18]1[CH3:3],1,3,0.05
golden_1131,Br[c:15]1[cH:9][cH:5][cH:8][n:13][cH:10]1.N#[C:14][c:16]1[cH:11][cH:6][cH:7][cH:12][c:17]1[C:18]([F:2])([F:3])[F:4].[OH2:1]>>[O:1]=[C:14]([c:15]1[cH:9][cH:5][cH:8][n:13][cH:10]1)[c:16]1[cH:11][cH:6][cH:7][cH:12][c:17]1[C:18]([F:2])([F:3])[F:4],1,4,0.04
golden_1132,Cl[C:2](=[O:1])[CH2:16][CH2:14][CH2:12][CH2:10][CH2:8][CH2:9][CH2:11][CH2:13][CH2:15][CH2:17][O:19][c:20]1[cH:6][cH:4][cH:3][cH:5][cH:7]1.[N-]=[N+]=[N-:18]>>[O:1]=[C:2]=[N:18][CH2:16][CH2:14][CH2:12][CH2:10][CH2:8][CH2:9][CH2:11][CH2:13][CH2:15][CH2:17][O:19][c:20]1[cH:6][cH:4][cH:3][cH:5][cH:7]1,1,5,0.11
golden_1133,Cl[CH:15]1[CH2:8][CH2:10][N:16]([CH3:1])[CH2:11][CH2:9]1.N#[C:12][c:14]1[cH:7][cH:5][cH:4][cH:6][c:13]1[F:3].[OH2:2]>>[CH3:1][N:16]1[CH2:10][CH2:8][CH:15]([C:12](=[O:2])[c:14]2[cH:7][cH:5][cH:4][cH:6][c:13]2[F:3])[CH2:9][CH2:11]1,1,4,0.06
golden_1134,I[CH3:3].[CH3:1][C:15](=[O:4])[c:18]1[cH:9][cH:13][c:22]2[c:21]([cH:12]1)[C:17]([c:20]1[cH:11][cH:8][cH:7][cH:10][c:19]1[F:6])=[N:14][CH:23]([CH3:2])[C:16](=[O:5])[NH:24]2>>[CH3:1][C:15](=[O:4])[c:18]1[cH:9][cH:13][c:22]2[c:21]([cH:12]1)[C:17]([c:20]1[cH:11][cH:8][cH:7][cH:10][c:19]1[F:6])=[N:14][CH:23]([CH3:2])[C:16](=[O:5])[N:24]2[CH3:3],1,2,0.06
golden_1135,Cl[P:21](Cl)(=[O:3])[S:16][CH2:12][CH2:10][CH3:1].[CH3:2][CH2:11][NH2:14].[F:4][C:18]1([F:5])[CH2:13][CH:17]([OH:15])[C:19]([F:6])([F:7])[C:20]1([F:8])[F:9]>>[CH3:1][CH2:10][CH2:12][S:16][P:21](=[O:3])([NH:14][CH2:11][CH3:2])[O:15][CH:17]1[CH2:13][C:18]([F:4])([F:5])[C:20]([F:8])([F:9])[C:19]1([F:6])[F:7],1,4,0.04
golden_1136,F[c:12]1[cH:8][cH:7][c:11]([Br:6])[cH:9][c:13]1[C:14]([F:3])([F:4])[F:5].N#[C-:10]~[K+].[OH2:1].[OH2:2]>>[O:1]=[C:10]([OH:2])[c:12]1[cH:8][cH:7][c:11]([Br:6])[cH:9][c:13]1[C:14]([F:3])([F:4])[F:5],1,5,0.02
golden_1137,C[S+](C)(=O)[CH3:11].O=[CH:23][c:17]1[cH:6][cH:10][c:22]2[c:20]([I:4])[nH:13][n:12][c:21]2[cH:9]1.[CH3:1][O:14][c:16]1[cH:5][cH:7][c:18]2[c:19]([cH:8]1)[CH2:25][C:15](=[O:3])[N:24]2[CH3:2]>>[CH3:1][O:14][c:16]1[cH:5][cH:7][c:18]2[c:19]([cH:8]1)[C:25]1([CH2:11][CH:23]1[c:17]1[cH:6][cH:10][c:22]3[c:20]([I:4])[nH:13][n:12][c:21]3[cH:9]1)[C:15](=[O:3])[N:24]2[CH3:2],1,8,0.11
golden_1138,Cl[P:22](Cl)(Cl)=[O:5].[NH3:1].[NH3:2].[O:3]=[C:17]([NH:15][CH:20]1[CH2:13][CH2:11][CH2:14][NH:21][C:18]1=[O:4])[O:16][CH2:12][c:19]1[cH:9][cH:7][cH:6][cH:8][cH:10]1>>[NH2:1][P:22]([NH2:2])(=[O:5])[N:21]1[CH2:14][CH2:11][CH2:13][CH:20]([NH:15][C:17](=[O:3])[O:16][CH2:12][c:19]2[cH:9][cH:7][cH:6][cH:8][cH:10]2)[C:18]1=[O:4],1,6,0.06
golden_1139,CC(O[CH2:8][c:9]1[cH:4][cH:6][c:10]([N+:11](=[O:1])[O-:2])[cH:7][cH:5]1)=[S:3]>>[O:1]=[N+:11]([O-:2])[c:10]1[cH:6][cH:4][c:9]([CH2:8][SH:3])[cH:5][cH:7]1,1,3,0.02
golden_1140,CCO[C:29](=[O:9])[C:38]([CH2:18][CH2:15][CH2:14][CH2:17][O:22][c:30]1[cH:10][cH:12][c:31]([C:27](=[O:7])[O:20][CH3:2])[cH:13][cH:11]1)([CH2:19][c:32]1[c:33]([O:23][CH3:3])[c:34]([O:24][CH3:4])[c:35]([O:25][CH3:5])[c:36]([O:26][CH3:6])[c:37]1Br)[C:28](=[O:8])[O:21][CH2:16][CH3:1]>>[CH3:1][CH2:16][O:21][C:28](=[O:8])[C:38]1([CH2:18][CH2:15][CH2:14][CH2:17][O:22][c:30]2[cH:10][cH:12][c:31]([C:27](=[O:7])[O:20][CH3:2])[cH:13][cH:11]2)[CH2:19][c:32]2[c:33]([O:23][CH3:3])[c:34]([O:24][CH3:4])[c:35]([O:25][CH3:5])[c:36]([O:26][CH3:6])[c:37]2[C:29]1=[O:9],1,3,0.20
golden_1141,Br[c:12]1[cH:4][cH:5][c:13]([NH2:2])[c:14]([C:11](=[O:3])[O:10][CH2:6][CH3:1])[n:9]1.OB(O)[CH:15]1[CH2:7][CH2:8]1>>[CH3:1][CH2:6][O:10][C:11](=[O:3])[c:14]1[n:9][c:12]([CH:15]2[CH2:7][CH2:8]2)[cH:4][cH:5][c:13]1[NH2:2],1,3,0.04
golden_1142,O=[C:26]([CH3:1])[CH3:2].O=[CH2:3].[N:4]#[C:5][CH2:16][CH:24]1[CH2:19][CH:27]([NH2:29])[CH2:18][CH2:17][CH:25]1[N:28]([CH2:20][c:22]1[cH:12][cH:8][cH:6][cH:9][cH:13]1)[CH2:21][c:23]1[cH:14][cH:10][cH:7][cH:11][cH:15]1>>[CH3:1][CH:26]([CH3:2])[N:29]([CH3:3])[CH:27]1[CH2:18][CH2:17][CH:25]([N:28]([CH2:20][c:22]2[cH:12][cH:8][cH:6][cH:9][cH:13]2)[CH2:21][c:23]2[cH:14][cH:10][cH:7][cH:11][cH:15]2)[CH:24]([CH2:16][C:5]#[N:4])[CH2:19]1,1,6,0.34
golden_1143,Br[c:28]1[cH:16][c:23]([CH2:17][O:21][CH:32]([c:30]2[s:22][c:26](-[c:24]3[cH:11][cH:13][c:25]([C:33]([F:3])([F:4])[F:5])[cH:14][cH:12]3)[n:20][c:29]2[CH3:1])[C:34]([F:6])([F:7])[F:8])[cH:10][cH:15][c:27]1[C:9]#[N:2].OB(O)[CH:31]1[CH2:18][CH2:19]1>>[CH3:1][c:29]1[n:20][c:26](-[c:24]2[cH:11][cH:13][c:25]([C:33]([F:3])([F:4])[F:5])[cH:14][cH:12]2)[s:22][c:30]1[CH:32]([O:21][CH2:17][c:23]1[cH:10][cH:15][c:27]([C:9]#[N:2])[c:28]([CH:31]2[CH2:18][CH2:19]2)[cH:16]1)[C:34]([F:6])([F:7])[F:8],1,3,0.16
golden_1144,Br[c:16]1[cH:13][c:21]2[c:19]([cH:11][c:17]1[NH:14][C:15](=[O:5])[C:22]([CH3:2])([CH3:3])[CH3:4])-[c:18]1[cH:10][cH:8][cH:9][cH:12][c:20]1[S:23]2(=[O:6])=[O:7].I[CH3:1]>>[CH3:1][c:16]1[cH:13][c:21]2[c:19]([cH:11][c:17]1[NH:14][C:15](=[O:5])[C:22]([CH3:2])([CH3:3])[CH3:4])-[c:18]1[cH:10][cH:8][cH:9][cH:12][c:20]1[S:23]2(=[O:6])=[O:7],1,3,0.98
golden_1145,O=[C:16]([CH3:1])[CH3:2].O=[CH2:3].[CH3:4][C:19]([CH3:5])([CH3:6])[O:13][C:14](=[O:7])[NH:12][CH:15]1[CH2:8][CH2:10][CH:17]([NH2:18])[CH2:11][CH2:9]1>>[CH3:1][CH:16]([CH3:2])[N:18]([CH3:3])[CH:17]1[CH2:10][CH2:8][CH:15]([NH:12][C:14](=[O:7])[O:13][C:19]([CH3:4])([CH3:5])[CH3:6])[CH2:9][CH2:11]1,1,6,0.06
golden_1146,Br[CH2:13][CH2:12][CH2:11][CH2:10][Br:3].[O:1]=[C:14]1[c:16]2[cH:6][cH:4][cH:8][c:18]3[cH:9][cH:5][cH:7][c:17]([c:19]23)[C:15]([OH:2])=[N:20]1>>[O:1]=[C:14]1[c:16]2[cH:6][cH:4][cH:8][c:18]3[cH:9][cH:5][cH:7][c:17]([c:19]23)[C:15](=[O:2])[N:20]1[CH2:13][CH2:12][CH2:11][CH2:10][Br:3],1,2,0.09
golden_1147,O[C:13](=[O:3])[CH2:9][CH:18]1[CH2:8][CH2:6][CH2:7][CH2:10][N:19]1[c:16]1[cH:5][c:14]([O:11][CH3:1])[cH:4][c:15]([O:12][CH3:2])[cH:17]1>>[CH3:1][O:11][c:14]1[cH:4][c:15]([O:12][CH3:2])[c:17]2[c:16]([cH:5]1)[N:19]1[CH2:10][CH2:7][CH2:6][CH2:8][CH:18]1[CH2:9][C:13]2=[O:3],1,3,0.05
golden_1148,I[CH2:8][CH2:7][CH2:6][CH3:1].[CH3:2][CH2:9][O:12][C:14](=[O:5])[C:15](=[N:10][OH:11])[C:13]([CH3:3])=[O:4]>>[CH3:1][CH2:6][CH2:7][CH2:8][O:11][N:10]=[C:15]([C:13]([CH3:3])=[O:4])[C:14](=[O:5])[O:12][CH2:9][CH3:2],1,2,0.03
golden_1149,Cl[C:23](=[O:3])[c:26]1[cH:9][cH:6][c:24]([Cl:5])[cH:7][cH:10]1.[CH3:1][c:27]1[c:28]([CH3:2])[c:31]2[cH:12][cH:8][c:25]([O:21][CH2:14][CH2:13][CH2:17][N:33]3[CH2:18][CH2:15][CH:32]([NH2:20])[CH2:16][CH2:19]3)[cH:11][c:30]2[o:22][c:29]1=[O:4]>>[CH3:1][c:27]1[c:28]([CH3:2])[c:31]2[cH:12][cH:8][c:25]([O:21][CH2:14][CH2:13][CH2:17][N:33]3[CH2:18][CH2:15][CH:32]([NH:20][C:23](=[O:3])[c:26]4[cH:9][cH:6][c:24]([Cl:5])[cH:7][cH:10]4)[CH2:16][CH2:19]3)[cH:11][c:30]2[o:22][c:29]1=[O:4],1,2,0.12
golden_1150,CC[NH+](CC)CC.Cl[CH2:11][C:15](=[O:2])[CH2:10][O:13][C:16]([CH3:1])=[O:3].[F:4][c:18]1[cH:8][cH:9][c:19]([NH:12][C:17](=[S:7])[S-:14])[c:21]([F:6])[c:20]1[F:5]>>[CH3:1][C:16](=[O:3])[O:13][CH2:10][C:15](=[O:2])[CH2:11][S:14][C:17](=[S:7])[NH:12][c:19]1[cH:9][cH:8][c:18]([F:4])[c:20]([F:5])[c:21]1[F:6],1,2,0.06
golden_1151,Br[c:17]1[n:10][cH:4][cH:5][n:11][c:18]1[C:14](=[O:2])[O:13][CH3:1].[Cl:3][c:15]1[cH:6][cH:8][c:16]([NH2:12])[cH:9][cH:7]1>>[CH3:1][O:13][C:14](=[O:2])[c:18]1[n:11][cH:5][cH:4][n:10][c:17]1[NH:12][c:16]1[cH:8][cH:6][c:15]([Cl:3])[cH:7][cH:9]1,1,2,0.03
golden_1152,O=[C:16](Cl)[CH2:14][O:20][c:27]1[c:24]([O:18][CH3:1])[cH:10][cH:8][cH:11][c:25]1[O:19][CH3:2].[CH3:3][c:21]1[cH:9][c:23]([O:17][CH2:13][CH2:15][NH:29][CH3:6])[c:26]([CH:28]([CH3:4])[CH3:5])[cH:12][c:22]1[OH:7]>>[CH3:1][O:18][c:24]1[cH:10][cH:8][cH:11][c:25]([O:19][CH3:2])[c:27]1[O:20][CH2:14][CH2:16][N:29]([CH3:6])[CH2:15][CH2:13][O:17][c:23]1[cH:9][c:21]([CH3:3])[c:22]([OH:7])[cH:12][c:26]1[CH:28]([CH3:4])[CH3:5],1,5,1.20
golden_1153,Cl[c:8]1[cH:6][c:33]([Cl:5])[cH:7][cH:9][c:34]1[CH:35]1[C:31]([C:27](=[O:3])[O:25][CH2:14][CH2:20][N:36]2[CH2:16][CH2:10][O:23][CH2:11][CH2:17]2)=[C:29]([CH3:1])[NH:22][C:30]([CH3:2])=[C:32]1[C:28](=[O:4])[O:26][CH2:15][CH2:21][N:37]1[CH2:18][CH2:12][O:24][CH2:13][CH2:19]1>>[CH3:1][C:29]1=[C:31]([C:27](=[O:3])[O:25][CH2:14][CH2:20][N:36]2[CH2:16][CH2:10][O:23][CH2:11][CH2:17]2)[CH:35]([c:34]2[cH:8][cH:6][c:33]([Cl:5])[cH:7][cH:9]2)[C:32]([C:28](=[O:4])[O:26][CH2:15][CH2:21][N:37]2[CH2:18][CH2:12][O:24][CH2:13][CH2:19]2)=[C:30]([CH3:2])[NH:22]1,1,2,1.39
golden_1154,Cl[C:13](=[O:1])[c:15]1[cH:8][cH:5][cH:4][cH:7][c:14]1[F:3].O=[N+:11]([O-])[c:16]1[cH:9][nH:12][cH:6][cH:10][c:17]1=[O:2]>>[O:1]=[C:13]([NH:11][c:16]1[cH:9][nH:12][cH:6][cH:10][c:17]1=[O:2])[c:15]1[cH:8][cH:5][cH:4][cH:7][c:14]1[F:3],1,4,0.03
golden_1155,Cl[c:18]1[cH:11][cH:9][c:17]([C:19]([F:2])([F:3])[F:4])[cH:10][n:12]1.[CH3:1][O:13][c:15]1[cH:5][cH:7][c:16]([OH:14])[cH:8][cH:6]1>>[CH3:1][O:13][c:15]1[cH:5][cH:7][c:16]([O:14][c:18]2[cH:11][cH:9][c:17]([C:19]([F:2])([F:3])[F:4])[cH:10][n:12]2)[cH:8][cH:6]1,1,2,0.03
golden_1156,[CH3:1][c:20]1[cH:11][c:18]2[n:23]([n+:24]1-[c:19]1[cH:8][cH:6][cH:5][cH:7][cH:9]1)[CH2:17][CH2:10][CH2:14][O:3]2.[Cl-].[O:2]=[CH:4][N:21]1[CH2:12][CH2:15][NH:22][CH2:16][CH2:13]1>>[CH3:1][CH:20]1[CH2:11][C:18](=[O:3])[N:23]([CH2:17][CH2:10][CH2:14][N:22]2[CH2:15][CH2:12][N:21]([CH:4]=[O:2])[CH2:13][CH2:16]2)[N:24]1[c:19]1[cH:8][cH:6][cH:5][cH:7][cH:9]1,1,4,0.07
golden_1157,Cl[C:12](=[O:1])[CH:15]([Cl:5])[CH2:11][C:13]([Cl:2])([Cl:3])[Cl:4].[CH2:6]1[CH2:7][CH2:9][C:14](=[CH2:10])[CH2:8]1>>[O:1]=[C:12]1[CH2:10][C:14]2([CH2:8][CH2:6][CH2:7][CH2:9]2)[C:15]1([Cl:5])[CH2:11][C:13]([Cl:2])([Cl:3])[Cl:4],1,4,0.06
golden_1158,Cl[P:18](=[O:7])([O:12][CH2:8][CH3:1])[S:13][CH:15]([CH3:3])[CH2:9][CH3:2].[CH3:4][C:17]1([CH3:5])[CH2:10][O:11][C:14](=[O:6])[NH:16]1>>[CH3:1][CH2:8][O:12][P:18](=[O:7])([S:13][CH:15]([CH3:3])[CH2:9][CH3:2])[N:16]1[C:14](=[O:6])[O:11][CH2:10][C:17]1([CH3:4])[CH3:5],1,2,0.05
golden_1159,Br[CH2:12][CH2:10][CH2:9][Cl:4].[CH3:1][O:13][c:18]1[cH:7][c:16]2[c:17]([cH:8][c:19]1[O:14][CH3:2])[CH2:11][C:15](=[O:3])[NH:20][CH:6]=[CH:5]2>>[CH3:1][O:13][c:18]1[cH:7][c:16]2[c:17]([cH:8][c:19]1[O:14][CH3:2])[CH2:11][C:15](=[O:3])[N:20]([CH2:12][CH2:10][CH2:9][Cl:4])[CH:6]=[CH:5]2,1,2,0.06
golden_1160,Cl[C:15](=[O:5])[c:16]1[cH:10][cH:8][cH:7][cH:9][cH:11]1.[CH3:1][C:20]([CH3:2])([CH3:3])[c:17]1[cH:12][s:14][c:18]([NH2:13])[c:19]1[C:6]#[N:4]>>[CH3:1][C:20]([CH3:2])([CH3:3])[c:17]1[cH:12][s:14][c:18]([NH:13][C:15](=[O:5])[c:16]2[cH:10][cH:8][cH:7][cH:9][cH:11]2)[c:19]1[C:6]#[N:4],1,2,0.06
golden_1161,O=[N+:2]([O-])[c:18]1[cH:12][c:17]([C:15]([NH2:1])=[O:4])[cH:13][c:19]([S:21]([NH2:3])(=[O:5])=[O:6])[c:20]1[O:14][c:16]1[cH:10][cH:8][cH:7][cH:9][cH:11]1>>[NH2:1][C:15](=[O:4])[c:17]1[cH:12][c:18]([NH2:2])[c:20]([O:14][c:16]2[cH:10][cH:8][cH:7][cH:9][cH:11]2)[c:19]([S:21]([NH2:3])(=[O:5])=[O:6])[cH:13]1,1,2,0.06
golden_1162,Cl[c:16]1[cH:9][cH:8][c:15]([C:7]#[N:4])[cH:10][c:17]1[S:21](=[O:5])(=[O:6])[N:20]([CH3:2])[CH3:3].[CH3:1][N:18]1[CH2:11][CH2:13][NH:19][CH2:14][CH2:12]1>>[CH3:1][N:18]1[CH2:11][CH2:13][N:19]([c:16]2[cH:9][cH:8][c:15]([C:7]#[N:4])[cH:10][c:17]2[S:21](=[O:5])(=[O:6])[N:20]([CH3:2])[CH3:3])[CH2:14][CH2:12]1,1,2,0.05
golden_1163,O[C:14]1([c:18]2[cH:12][cH:9][n:13][n:19]2[CH3:1])[CH:10]=[C:15]([C:20]([CH3:2])([CH3:3])[CH3:4])[C:17](=[O:8])[C:16]([C:21]([CH3:5])([CH3:6])[CH3:7])=[CH:11]1>>[CH3:1][n:19]1[n:13][cH:9][cH:12][c:18]1-[c:14]1[cH:10][c:15]([C:20]([CH3:2])([CH3:3])[CH3:4])[c:17]([OH:8])[c:16]([C:21]([CH3:5])([CH3:6])[CH3:7])[cH:11]1,1,1,0.32
golden_1164,Br[c:6]1[cH:5][c:9]([CH:4]=[O:2])[cH:7][c:11]([O:8][CH3:1])[c:10]1[OH:3]>>[CH3:1][O:8][c:11]1[cH:7][c:9]([CH:4]=[O:2])[cH:5][cH:6][c:10]1[OH:3],1,2,0.02
golden_1165,O=C[NH:1][c:25]1[n:14][c:24]([C:23](=[N:13][O:16][CH2:12][C:29]([F:6])([F:7])[F:8])[C:20](=[O:3])[NH:15][CH:26]2[C:21](=[O:4])[N:28]3[C:22]([C:19](=[O:2])[OH:5])=[CH:9][CH2:11][S:17][CH:27]23)[cH:10][s:18]1>>[NH2:1][c:25]1[n:14][c:24]([C:23](=[N:13][O:16][CH2:12][C:29]([F:6])([F:7])[F:8])[C:20](=[O:3])[NH:15][CH:26]2[C:21](=[O:4])[N:28]3[C:22]([C:19](=[O:2])[OH:5])=[CH:9][CH2:11][S:17][CH:27]23)[cH:10][s:18]1,1,1,0.06
golden_1166,Cl[C:18](=[O:7])[CH2:15][c:21]1[cH:13][cH:11][cH:10][cH:12][cH:14]1.[CH3:1][C:19](=[O:8])[O:17][CH:23]1[CH:22]([NH2:16])[C:20](=[O:9])[N:24]1[Si:26]([CH3:5])([CH3:6])[C:25]([CH3:2])([CH3:3])[CH3:4]>>[CH3:1][C:19](=[O:8])[O:17][CH:23]1[CH:22]([NH:16][C:18](=[O:7])[CH2:15][c:21]2[cH:13][cH:11][cH:10][cH:12][cH:14]2)[C:20](=[O:9])[N:24]1[Si:26]([CH3:5])([CH3:6])[C:25]([CH3:2])([CH3:3])[CH3:4],1,2,0.06
golden_1167,Cl[CH2:18][c:30]1[n:20][cH:10][cH:16][n:31]1[CH3:1].[CH3:2][C:32]([CH2:19][c:27]1[cH:13][cH:14][c:28]([OH:5])[c:29]([OH:6])[cH:15]1)([NH:21][C:24](=[O:3])[O:22][CH2:17][c:26]1[cH:11][cH:8][cH:7][cH:9][cH:12]1)[C:25](=[O:4])[OH:23]>>[CH3:1][n:31]1[cH:16][cH:10][n:20][c:30]1[CH2:18][O:23][C:25](=[O:4])[C:32]([CH3:2])([CH2:19][c:27]1[cH:13][cH:14][c:28]([OH:5])[c:29]([OH:6])[cH:15]1)[NH:21][C:24](=[O:3])[O:22][CH2:17][c:26]1[cH:11][cH:8][cH:7][cH:9][cH:12]1,1,2,0.08
golden_1168,O=[C:12]([C:13](=O)[N:23]1[CH2:14][CH2:16][C:24]([OH:1])([c:19]2[cH:7][cH:3][cH:2][cH:4][cH:8]2)[CH2:17][CH2:15]1)[c:20]1[cH:9][nH:18][c:21]2[cH:10][cH:5][cH:6][cH:11][c:22]12>>[OH:1][C:24]1([c:19]2[cH:7][cH:3][cH:2][cH:4][cH:8]2)[CH2:16][CH2:14][N:23]([CH2:13][CH2:12][c:20]2[cH:9][nH:18][c:21]3[cH:10][cH:5][cH:6][cH:11][c:22]23)[CH2:15][CH2:17]1,1,6,0.87
golden_1169,Cl[Si:28]([CH3:4])([CH3:5])[CH3:6].[CH3:1][C:19](=[O:8])[C:21]1=[CH:12][CH2:15][CH:25]2[CH:23]3[CH2:14][CH2:13][C:20]4=[CH:11][C:18](=[O:7])[CH:9]=[CH:10][C:26]4([CH3:2])[CH:24]3[CH:22]([OH:17])[CH2:16][C:27]12[CH3:3]>>[CH3:1][C:19](=[O:8])[C:21]1=[CH:12][CH2:15][CH:25]2[CH:23]3[CH2:14][CH2:13][C:20]4=[CH:11][C:18](=[O:7])[CH:9]=[CH:10][C:26]4([CH3:2])[CH:24]3[CH:22]([O:17][Si:28]([CH3:4])([CH3:5])[CH3:6])[CH2:16][C:27]12[CH3:3],1,2,0.09
golden_1170,Cl[C:28](=[O:2])[CH2:17][c:35]1[cH:14][cH:11][s:26][c:36]1[C:30](=[O:4])[O:23][c:34]1[cH:12][cH:9][cH:8][cH:10][cH:13]1.[O:1]=[C:27]([OH:6])[CH2:18][n:41]1[n:21][n:19][n:20][c:37]1[S:24][CH2:15][C:32]1=[C:33]([C:29](=[O:3])[OH:7])[N:40]2[C:31](=[O:5])[CH:38]([NH2:22])[CH:39]2[S:25][CH2:16]1>>[O:1]=[C:27]([O-:6])[CH2:18][n:41]1[n:21][n:19][n:20][c:37]1[S:24][CH2:15][C:32]1=[C:33]([C:29](=[O:3])[O-:7])[N:40]2[C:31](=[O:5])[CH:38]([NH:22][C:28](=[O:2])[CH2:17][c:35]3[cH:14][cH:11][s:26][c:36]3[C:30](=[O:4])[O:23][c:34]3[cH:12][cH:9][cH:8][cH:10][cH:13]3)[CH:39]2[S:25][CH2:16]1,1,2,0.22
golden_1171,Cl[S:26](=[O:7])[CH:23]1[CH:21]([N:24]2[C:16](=[O:4])[c:19]3[cH:10][cH:8][cH:9][cH:11][c:20]3[C:17]2=[O:5])[C:18](=[O:6])[N:25]1[CH:22]([C:14](=[CH2:1])[CH3:12])[C:15](=[O:3])[O:13][CH3:2]>>[CH2:1]=[C:14]1[CH2:12][S:26](=[O:7])[CH:23]2[CH:21]([N:24]3[C:16](=[O:4])[c:19]4[cH:10][cH:8][cH:9][cH:11][c:20]4[C:17]3=[O:5])[C:18](=[O:6])[N:25]2[CH:22]1[C:15](=[O:3])[O:13][CH3:2],1,3,0.06
golden_1172,O=[N+:2]([O-])[c:17]1[cH:6][cH:8][c:18]([O:16][C:21]2([c:19]3[cH:10][cH:4][cH:3][cH:5][cH:11]3)[CH2:14][CH2:12][N:20]([CH3:1])[CH2:13][CH2:15]2)[cH:9][cH:7]1>>[CH3:1][N:20]1[CH2:12][CH2:14][C:21]([O:16][c:18]2[cH:8][cH:6][c:17]([NH2:2])[cH:7][cH:9]2)([c:19]2[cH:10][cH:4][cH:3][cH:5][cH:11]2)[CH2:15][CH2:13]1,1,2,0.07
golden_1173,CCS(=O)(=O)[c:17]1[n:14][c:21]2[c:20]([cH:6][c:16]1[F:5])[c:19](=[O:3])[c:18]([C:15](=[O:2])[OH:4])[cH:7][n:25]2[CH2:13][CH3:1].Cl.Cl.[CH2:8]1[CH2:9][N:23]2[CH2:10][CH2:12][NH:24][CH:22]1[CH2:11]2>>[CH3:1][CH2:13][n:25]1[cH:7][c:18]([C:15](=[O:2])[OH:4])[c:19](=[O:3])[c:20]2[cH:6][c:16]([F:5])[c:17]([N:24]3[CH2:12][CH2:10][N:23]4[CH2:9][CH2:8][CH:22]3[CH2:11]4)[n:14][c:21]21,1,2,0.06
golden_1174,O=[C:10]([NH:14][CH2:8][CH2:7][OH:1])[CH:16]1[CH2:9][C:11](=O)[N:17]([CH2:12][c:15]2[cH:5][cH:3][cH:2][cH:4][cH:6]2)[CH2:13]1>>[OH:1][CH2:7][CH2:8][NH:14][CH2:10][CH:16]1[CH2:9][CH2:11][N:17]([CH2:12][c:15]2[cH:5][cH:3][cH:2][cH:4][cH:6]2)[CH2:13]1,1,6,0.08
golden_1175,O=C(O[C:14](=[O:2])[C:19]([F:7])([F:8])[F:9])C(F)(F)F.[CH3:1][S:20](=[O:4])(=[O:5])[c:15]1[cH:10][n:12][c:17]([NH2:13])[c:16]([N+:18](=[O:3])[O-:6])[cH:11]1>>[CH3:1][S:20](=[O:4])(=[O:5])[c:15]1[cH:10][n:12][c:17]([NH:13][C:14](=[O:2])[C:19]([F:7])([F:8])[F:9])[c:16]([N+:18](=[O:3])[O-:6])[cH:11]1,1,2,0.14
golden_1176,CO[CH:20]([CH2:12][CH:22]1[CH2:11][CH2:8][CH2:9][C:18]1([O:5][Si:24]([CH2:13][CH3:1])([CH2:14][CH3:2])[CH2:15][CH3:3])[C:25]1=[CH:23][CH:21]2[CH2:10][CH:6]=[CH:7][CH:19]2[CH2:16]1)[O:17][CH3:4]>>[CH3:1][CH2:13][SiH:24]([CH2:14][CH3:2])[CH2:15][CH3:3].[CH3:4][O:17][CH:20]1[CH2:12][CH:22]2[CH2:11][CH2:8][CH2:9][C:18](=[O:5])[C:25]23[CH2:16][CH:19]2[CH:7]=[CH:6][CH2:10][CH:21]2[CH:23]13,1,5,0.14
golden_1177,CCO[CH:4]=[CH2:10].[CH3:1][C:16](=[O:2])[C:17]1([C:14]#[C:13][c:15]2[cH:8][cH:6][cH:5][cH:7][cH:9]2)[CH2:11][CH2:12]1.[OH2:3]>>[CH3:1][C:16]12[CH2:10][CH:4]=[C:14]([C:13](=[O:2])[c:15]3[cH:8][cH:6][cH:5][cH:7][cH:9]3)[C:17]1([OH:3])[CH2:12][CH2:11]2,1,8,0.25
golden_1178,CCO[CH:5]=[CH2:6].[CH3:1][C:9](=[O:3])[C:10]1([C:12]#[C:11][CH3:2])[CH2:7][CH2:8]1.[OH2:4]>>[CH3:1][C:9](=[O:3])[C:10]1=[CH:5][CH2:6][C:11]2([CH3:2])[CH2:7][CH2:8][C:12]12[OH:4],1,8,0.17
golden_1179,S=C(O[CH:7]1[CH:8]2[CH2:10][C:17]3([C:15](=[O:5])[O:13][CH3:1])[C:14](=[O:4])[CH2:9][CH2:11][C:19]23[CH2:12][CH:16]1[C:18]([CH3:2])([CH3:3])[OH:6])n1ccnc1>>[CH3:1][O:13][C:15](=[O:5])[CH:17]1[CH2:10][C:14](=[O:4])[CH2:9][CH2:11][C:19]12[CH:8]=[CH:7][CH:16]([C:18]([CH3:2])([CH3:3])[OH:6])[CH2:12]2,1,5,1.19
golden_1180,O=C1[C:28]([c:32]2[cH:17][cH:7][cH:2][cH:8][cH:18]2)=[C:29]([c:33]2[cH:19][cH:9][cH:3][cH:10][cH:20]2)[C:30]([c:34]2[cH:21][cH:11][cH:4][cH:12][cH:22]2)=[C:31]1[c:35]1[cH:23][cH:13][cH:5][cH:14][cH:24]1.[CH:1]1=[N:27][CH:37]1[c:36]1[cH:25][cH:15][cH:6][cH:16][cH:26]1>>[CH:1]1=[N:27][C:28]([c:32]2[cH:17][cH:7][cH:2][cH:8][cH:18]2)=[C:29]([c:33]2[cH:19][cH:9][cH:3][cH:10][cH:20]2)[C:30]([c:34]2[cH:21][cH:11][cH:4][cH:12][cH:22]2)=[C:31]([c:35]2[cH:23][cH:13][cH:5][cH:14][cH:24]2)[CH:37]1[c:36]1[cH:25][cH:15][cH:6][cH:16][cH:26]1,1,5,2.73
golden_1181,CO[C:19]([O:9]C)([CH3:13])[O:15][CH3:1].O[CH:11]([CH:10]=[CH2:12])[CH:20]1[O:16][C:22]([CH3:2])([CH3:3])[O:17][CH:21]1[CH2:14][O:18][Si:24]([CH3:7])([CH3:8])[C:23]([CH3:4])([CH3:5])[CH3:6]>>[CH3:1][O:15][C:19](=[O:9])[CH2:13][CH2:12][CH:10]=[CH:11][CH:20]1[O:16][C:22]([CH3:2])([CH3:3])[O:17][CH:21]1[CH2:14][O:18][Si:24]([CH3:7])([CH3:8])[C:23]([CH3:4])([CH3:5])[CH3:6],1,5,0.18
golden_1182,O=S(=O)(O[c:23]1[cH:7][cH:13][c:27](-[c:24]2[cH:10][cH:11][c:25]([N:29]([CH3:2])[CH:28]3[CH2:14][C:30]([CH3:3])([CH3:4])[NH:19][C:31]([CH3:5])([CH3:6])[CH2:15]3)[n:18][n:17]2)[c:26]([O:21][CH3:1])[cH:12]1)C(F)(F)F.OB(O)[c:22]1[cH:8][n:16][nH:20][cH:9]1>>[CH3:1][O:21][c:26]1[cH:12][c:23](-[c:22]2[cH:8][n:16][nH:20][cH:9]2)[cH:7][cH:13][c:27]1-[c:24]1[cH:10][cH:11][c:25]([N:29]([CH3:2])[CH:28]2[CH2:14][C:30]([CH3:3])([CH3:4])[NH:19][C:31]([CH3:5])([CH3:6])[CH2:15]2)[n:18][n:17]1,1,3,0.13
golden_1183,[Br][Mg][CH3:1].[CH3:2][C:20]([CH3:3])([CH3:4])[Si:21]([CH3:5])([CH3:6])[O:15][CH2:10][CH:17]1[O:13][C:19]2([CH2:11][CH2:8][CH2:9][CH2:12]2)[O:14][CH:18]1[CH:16]=[O:7]>>[CH3:1][CH:16]([OH:7])[CH:18]1[O:14][C:19]2([CH2:11][CH2:8][CH2:9][CH2:12]2)[O:13][CH:17]1[CH2:10][O:15][Si:21]([CH3:5])([CH3:6])[C:20]([CH3:2])([CH3:3])[CH3:4],1,2,0.04
golden_1184,CC(C)(C)[Si](C)(C)[O:3][CH2:13][CH:23]1[O:18][C:25]2([CH2:14][CH2:9][CH2:10][CH2:15]2)[O:19][CH:24]1[C:20]([CH3:2])=[CH:4][CH2:11][O:16][CH2:12][c:21]1[cH:5][cH:7][c:22]([O:17][CH3:1])[cH:8][cH:6]1.[F-]>>[CH3:1][O:17][c:22]1[cH:7][cH:5][c:21]([CH2:12][O:16][CH2:11][CH:4]=[C:20]([CH3:2])[CH:24]2[O:19][C:25]3([CH2:14][CH2:9][CH2:10][CH2:15]3)[O:18][CH:23]2[CH2:13][OH:3])[cH:6][cH:8]1,1,1,0.10
golden_1185,[CH2:1]=[CH:5][CH2:11][N:21]1[CH2:12][CH2:14][C:23]23[c:18]4[cH:10][cH:8][cH:7][cH:9][c:17]4[NH:15][C:16](=[O:3])[CH:19]2[CH2:13][C:22](=[O:4])[CH:20]13.[Cl][Mg][CH:6]=[CH2:2]>>[CH2:1]=[CH:5][CH2:11][N:21]1[CH2:12][CH2:14][C:23]23[c:18]4[cH:10][cH:8][cH:7][cH:9][c:17]4[NH:15][C:16](=[O:3])[CH:19]2[CH2:13][C:22]([OH:4])([CH:6]=[CH2:2])[CH:20]13,1,2,0.07
golden_1186,[Br][Mg][CH2:15][C:12]#[CH:1].[CH2:2]=[C:18]([CH3:3])[CH:21]1[CH2:14][C:19]([CH2:13][O:17][Si:26]([CH:22]([CH3:5])[CH3:6])([CH:23]([CH3:7])[CH3:8])[CH:24]([CH3:9])[CH3:10])=[C:20]([CH3:4])[C:25](=[O:11])[CH2:16]1>>[CH:1]#[C:12][CH2:15][C:25]1([OH:11])[CH2:16][CH:21]([C:18](=[CH2:2])[CH3:3])[CH2:14][C:19]([CH2:13][O:17][Si:26]([CH:22]([CH3:5])[CH3:6])([CH:23]([CH3:7])[CH3:8])[CH:24]([CH3:9])[CH3:10])=[C:20]1[CH3:4],1,2,0.12
golden_1187,[Br][Mg][CH:8]=[C:17]([CH3:1])[CH3:2].[CH3:3][C:24]([CH3:4])([CH3:5])[S:23](=[O:6])[N:15]=[CH:22][c:19]1[cH:11][cH:9][cH:12][c:20]2[nH:16][cH:10][c:18]([CH2:14][CH2:13][OH:7])[c:21]12>>[CH3:1][C:17]([CH3:2])=[CH:8][CH:22]([NH:15][S:23](=[O:6])[C:24]([CH3:3])([CH3:4])[CH3:5])[c:19]1[cH:11][cH:9][cH:12][c:20]2[nH:16][cH:10][c:18]([CH2:14][CH2:13][OH:7])[c:21]12,1,2,0.14
golden_1188,[Br][Mg][CH:13]=[C:30]([CH3:1])[CH3:2].[CH3:3][c:31]1[cH:15][cH:19][c:33]([S:43](=[O:9])(=[O:10])[O:29][CH2:26][CH2:27][c:35]2[cH:25][n:40]([S:44](=[O:11])(=[O:12])[c:34]3[cH:21][cH:17][c:32]([CH3:4])[cH:18][cH:22]3)[c:38]3[cH:24][cH:14][cH:23][c:36]([CH:39]=[N:28][S:41](=[O:8])[C:42]([CH3:5])([CH3:6])[CH3:7])[c:37]23)[cH:20][cH:16]1>>[CH3:1][C:30]([CH3:2])=[CH:13][CH:39]([NH:28][S:41](=[O:8])[C:42]([CH3:5])([CH3:6])[CH3:7])[c:36]1[cH:23][cH:14][cH:24][c:38]2[c:37]1[c:35]([CH2:27][CH2:26][O:29][S:43](=[O:9])(=[O:10])[c:33]1[cH:19][cH:15][c:31]([CH3:3])[cH:16][cH:20]1)[cH:25][n:40]2[S:44](=[O:11])(=[O:12])[c:34]1[cH:21][cH:17][c:32]([CH3:4])[cH:18][cH:22]1,1,2,0.36
golden_1189,S=[C:20]([NH:15][c:21]1[cH:8][cH:2][cH:3][cH:9][c:22]1[NH:24][CH2:14][c:19]1[cH:6][cH:4][c:18]([F:1])[cH:5][cH:7]1)[NH:17][CH:23]1[CH2:12][CH2:10][NH:16][CH2:11][CH2:13]1>>[F:1][c:18]1[cH:4][cH:6][c:19]([CH2:14][n:24]2[c:20]([NH:17][CH:23]3[CH2:12][CH2:10][NH:16][CH2:11][CH2:13]3)[n:15][c:21]3[cH:8][cH:2][cH:3][cH:9][c:22]32)[cH:7][cH:5]1,1,2,0.11
golden_1190,Cl[C:10](=[O:5])[O:9][CH3:1].[CH3:2][C:13]([CH3:3])([CH3:4])[CH:12]([NH2:8])[C:11](=[O:6])[OH:7]>>[CH3:1][O:9][C:10](=[O:5])[NH:8][CH:12]([C:11](=[O:6])[OH:7])[C:13]([CH3:2])([CH3:3])[CH3:4],1,2,0.01
golden_1191,O=[N+:2]([O-])[c:13]1[cH:5][cH:7][c:16]2[c:15]([cH:6]1)[n:11][c:14]([CH2:10][CH2:8][CH2:9][C:12](=[O:3])[OH:4])[n:17]2[CH3:1]>>[CH3:1][n:17]1[c:14]([CH2:10][CH2:8][CH2:9][C:12](=[O:3])[OH:4])[n:11][c:15]2[cH:6][c:13]([NH2:2])[cH:5][cH:7][c:16]21,1,2,0.04
golden_1192,Cl[C:16](=[O:4])[c:19]1[cH:9][cH:7][c:17]([N+:21](=[O:5])[O-:6])[cH:8][c:18]1[O:15][CH3:3].[CH3:1][CH2:11][N:20]([CH2:12][CH3:2])[CH2:13][CH2:10][NH2:14]>>[CH3:1][CH2:11][N:20]([CH2:12][CH3:2])[CH2:13][CH2:10][NH:14][C:16](=[O:4])[c:19]1[cH:9][cH:7][c:17]([N+:21](=[O:5])[O-:6])[cH:8][c:18]1[O:15][CH3:3],1,2,0.06
golden_1193,O=[N+:4]([O-])[c:16]1[cH:6][cH:8][c:18]([C:15](=[O:5])[NH:13][CH2:9][CH2:12][N:19]([CH2:10][CH3:1])[CH2:11][CH3:2])[c:17]([O:14][CH3:3])[cH:7]1>>[CH3:1][CH2:10][N:19]([CH2:11][CH3:2])[CH2:12][CH2:9][NH:13][C:15](=[O:5])[c:18]1[cH:8][cH:6][c:16]([NH2:4])[cH:7][c:17]1[O:14][CH3:3],1,2,0.05
golden_1194,Cl[CH2:13][O:15][C:17](=[O:3])[CH2:14][CH2:12][CH3:1].[CH3:2][C:18](=[O:4])[C:20](=[CH:8][c:22]1[cH:11][cH:9][cH:10][c:21]([Cl:6])[c:23]1[Cl:7])[C:19](=[O:5])[OH:16]>>[CH3:1][CH2:12][CH2:14][C:17](=[O:3])[O:15][CH2:13][O:16][C:19](=[O:5])[C:20](=[CH:8][c:22]1[cH:11][cH:9][cH:10][c:21]([Cl:6])[c:23]1[Cl:7])[C:18]([CH3:2])=[O:4],1,2,0.05
golden_1195,Br[CH2:10][C:14](=[O:1])[c:17]1[cH:6][cH:4][c:16]([Br:3])[cH:5][cH:7]1.[O:2]=[C:15]([OH:13])[CH:18]1[CH2:11][CH2:8][CH2:9][NH:12]1>>[O:1]=[C:14]([CH2:10][O:13][C:15](=[O:2])[CH:18]1[CH2:11][CH2:8][CH2:9][NH:12]1)[c:17]1[cH:6][cH:4][c:16]([Br:3])[cH:5][cH:7]1,1,2,0.06
golden_1196,Br[c:19]1[cH:5][cH:7][c:20](-[c:21]2[cH:9][nH:15][c:22]([CH:23]3[CH2:12][CH2:10][CH2:11][NH:14]3)[n:13]2)[cH:8][cH:6]1.CC1(C)OB([B:18]2[O:16][C:24]([CH3:1])([CH3:2])[C:25]([CH3:3])([CH3:4])[O:17]2)OC1(C)C>>[CH3:1][C:24]1([CH3:2])[O:16][B:18]([c:19]2[cH:5][cH:7][c:20](-[c:21]3[cH:9][nH:15][c:22]([CH:23]4[CH2:12][CH2:10][CH2:11][NH:14]4)[n:13]3)[cH:8][cH:6]2)[O:17][C:25]1([CH3:3])[CH3:4],1,3,0.18
golden_1197,Br[c:23]1[cH:1][cH:5][c:25](-[c:27]2[cH:9][nH:21][c:29]([CH:31]3[CH2:15][CH2:11][CH2:13][NH:19]3)[n:17]2)[cH:6][cH:2]1.CC1(C)OB([c:24]2[cH:3][cH:7][c:26](-[c:28]3[cH:10][nH:22][c:30]([CH:32]4[CH2:16][CH2:12][CH2:14][NH:20]4)[n:18]3)[cH:8][cH:4]2)OC1(C)C>>[cH:1]1[cH:5][c:25](-[c:27]2[cH:9][nH:21][c:29]([CH:31]3[CH2:15][CH2:11][CH2:13][NH:19]3)[n:17]2)[cH:6][cH:2][c:23]1-[c:24]1[cH:3][cH:7][c:26](-[c:28]2[cH:10][nH:22][c:30]([CH:32]3[CH2:16][CH2:12][CH2:14][NH:20]3)[n:18]2)[cH:8][cH:4]1,1,3,1.48
golden_1198,O=C(O)[CH:4]1[NH:5][CH2:2][CH2:3][CH:6]1[OH:1]>>[OH:1][CH:6]1[CH2:3][CH2:2][NH:5][CH2:4]1,1,2,0.01
golden_1199,Cl[S:16](=[O:2])(=[O:3])[c:14]1[cH:6][cH:4][c:13]([CH3:1])[cH:5][cH:7]1.[CH2:8]1[CH2:9][CH:15]([OH:12])[CH2:10][NH:11]1>>[CH3:1][c:13]1[cH:4][cH:6][c:14]([S:16](=[O:2])(=[O:3])[O:12][CH:15]2[CH2:9][CH2:8][NH:11][CH2:10]2)[cH:7][cH:5]1,1,2,0.03
golden_1200,Br[CH:24](Br)[c:18]1[cH:8][cH:4][cH:3][cH:5][cH:9]1.[Br:1][c:16]1[cH:6][cH:11][c:20](-[c:21]2[cH:13][c:22]3[cH:12][c:17]([Br:2])[cH:7][cH:14][c:23]3[nH:25]2)[c:19]([OH:15])[cH:10]1>>[Br:1][c:16]1[cH:6][cH:11][c:20]2[c:19]([cH:10]1)[O:15][CH:24]([c:18]1[cH:8][cH:4][cH:3][cH:5][cH:9]1)[n:25]1[c:21]-2[cH:13][c:22]2[cH:12][c:17]([Br:2])[cH:7][cH:14][c:23]21,1,4,0.10
golden_1201,O=[N+:2]([O-])[c:15]1[cH:5][cH:4][c:14]([NH:12][C:13]([CH3:1])=[O:3])[n:10][c:16]1[N:17]1[CH2:8][CH2:6][NH:11][CH2:7][CH2:9]1>>[CH3:1][C:13](=[O:3])[NH:12][c:14]1[cH:4][cH:5][c:15]([NH2:2])[c:16]([N:17]2[CH2:8][CH2:6][NH:11][CH2:7][CH2:9]2)[n:10]1,1,2,0.04
golden_1202,CC(=O)[NH:1][c:11]1[cH:3][cH:4][c:12]([F:2])[c:13]([N:14]2[CH2:7][CH2:5][NH:10][CH2:6][CH2:8]2)[n:9]1>>[NH2:1][c:11]1[cH:3][cH:4][c:12]([F:2])[c:13]([N:14]2[CH2:7][CH2:5][NH:10][CH2:6][CH2:8]2)[n:9]1,1,1,0.02
golden_1203,CO[CH:6]=[C:20]([C:18](=[O:3])[O:16][CH3:1])[C:19](=[O:4])[O:17][CH3:2].[F:5][c:22]1[cH:8][cH:7][c:21]([NH2:15])[n:13][c:23]1[N:24]1[CH2:11][CH2:9][NH:14][CH2:10][CH2:12]1>>[CH3:1][O:16][C:18](=[O:3])[C:20](=[CH:6][NH:15][c:21]1[cH:7][cH:8][c:22]([F:5])[c:23]([N:24]2[CH2:11][CH2:9][NH:14][CH2:10][CH2:12]2)[n:13]1)[C:19](=[O:4])[O:17][CH3:2],1,2,0.05
golden_1204,Cl[C:14](=[O:2])[CH2:13][CH2:12][CH2:11][CH2:10][CH2:9][CH2:8][CH3:1].[cH:3]1[cH:4][cH:6][cH:15][cH:7][cH:5]1>>[CH3:1][CH2:8][CH2:9][CH2:10][CH2:11][CH2:12][CH2:13][C:14](=[O:2])[c:15]1[cH:6][cH:4][cH:3][cH:5][cH:7]1,1,3,0.13
golden_1205,O=[C:13]([CH2:12][CH2:11][CH2:10][CH2:9][CH2:8][CH2:7][CH3:1])[c:14]1[cH:5][cH:3][cH:2][cH:4][cH:6]1>>[CH3:1][CH2:7][CH2:8][CH2:9][CH2:10][CH2:11][CH2:12][CH2:13][c:14]1[cH:5][cH:3][cH:2][cH:4][cH:6]1,1,3,0.06
golden_1206,Cl[C:15]([CH3:2])=[O:3].[CH3:1][CH2:8][CH2:9][CH2:10][CH2:11][CH2:12][CH2:13][CH2:14][c:16]1[cH:4][cH:6][cH:17][cH:7][cH:5]1>>[CH3:1][CH2:8][CH2:9][CH2:10][CH2:11][CH2:12][CH2:13][CH2:14][c:16]1[cH:4][cH:6][c:17]([C:15]([CH3:2])=[O:3])[cH:7][cH:5]1,1,3,0.08
golden_1207,Br[CH2:20][C:25](=[O:6])[c:29]1[cH:11][cH:9][c:28]([CH2:19][CH2:18][CH2:17][CH2:16][CH2:15][CH2:14][CH2:13][CH3:1])[cH:10][cH:12]1.[CH3:2][O:22][C:26](=[O:7])[CH:30]([NH:21][C:24]([CH3:4])=[O:5])[C:27](=[O:8])[O:23][CH3:3]>>[CH3:1][CH2:13][CH2:14][CH2:15][CH2:16][CH2:17][CH2:18][CH2:19][c:28]1[cH:9][cH:11][c:29]([C:25](=[O:6])[CH2:20][C:30]([NH:21][C:24]([CH3:4])=[O:5])([C:26](=[O:7])[O:22][CH3:2])[C:27](=[O:8])[O:23][CH3:3])[cH:12][cH:10]1,1,3,0.11
golden_1208,Br[CH2:6][CH2:5][CH:4]=[CH2:1].[O:2]1[CH2:8][CH:9]1[CH2:7][Cl:3]>>[CH2:1]=[CH:4][CH2:5][CH2:6][CH2:8][CH:9]([OH:2])[CH2:7][Cl:3],1,3,0.01
golden_1209,Cl[CH2:6][CH:8]([CH2:5][CH2:4][CH2:3][CH:2]=[CH2:1])[OH:7]>>[CH2:1]=[CH:2][CH2:3][CH2:4][CH2:5][CH:8]1[CH2:6][O:7]1,1,2,0.01
golden_1210,CC(=O)[O:1][CH:10]1[CH2:8][CH:11]1[CH2:7][CH2:4][CH2:6][CH:9]([Br:3])[CH2:5][Br:2]>>[OH:1][CH:10]1[CH2:8][CH:11]1[CH2:7][CH2:4][CH2:6][CH:9]([Br:3])[CH2:5][Br:2],1,1,0.02
golden_1211,Br[CH2:1][CH:3](Br)[CH2:4][CH2:5][CH2:6][CH:9]1[CH2:7][CH:8]1[OH:2]>>[CH:1]#[C:3][CH2:4][CH2:5][CH2:6][CH:9]1[CH2:7][CH:8]1[OH:2],1,4,0.03
golden_1212,O[C:11](=[O:2])[C:12](O)=[O:3].[CH3:1][O:9][c:10]1[cH:4][cH:5][c:13]([NH2:7])[c:14]([NH2:8])[cH:6]1>>[CH3:1][O:9][c:10]1[cH:4][cH:5][c:13]2[nH:7][c:11](=[O:2])[c:12](=[O:3])[nH:8][c:14]2[cH:6]1,1,4,0.04
golden_1213,Cl[c:18]1[n:11][c:20]2[cH:7][c:16]([O:13][CH3:1])[cH:5][cH:6][c:19]2[n:10][c:17]1[Cl:4].[O:2]=[C:15]([OH:3])[CH:22]1[CH2:9][CH:21]([OH:14])[CH2:8][NH:12]1>>[CH3:1][O:13][c:16]1[cH:5][cH:6][c:19]2[n:10][c:17]([Cl:4])[c:18]([O:14][CH:21]3[CH2:8][NH:12][CH:22]([C:15](=[O:2])[OH:3])[CH2:9]3)[n:11][c:20]2[cH:7]1,1,2,0.07
golden_1214,Cl[c:32]1[n:21][c:34]2[cH:13][cH:12][c:31]([O:25][CH3:1])[cH:14][c:35]2[n:22][c:33]1[O:26][CH:36]1[CH2:17][NH:23][CH:37]([C:29](=[O:6])[OH:8])[CH2:18]1.[CH3:2][C:41]([CH3:3])([CH3:4])[CH:40]([NH:24][C:28](=[O:5])[O:27][CH:39]1[CH2:20][CH:38]1[CH2:19][CH2:16][CH2:15][C:10]#[CH:11])[C:30](=[O:7])[OH:9]>>[CH3:1][O:25][c:31]1[cH:12][cH:13][c:34]2[n:21][c:32]([C:11]#[C:10][CH2:15][CH2:16][CH2:19][CH:38]3[CH2:20][CH:39]3[O:27][C:28](=[O:5])[NH:24][CH:40]([C:30](=[O:7])[OH:9])[C:41]([CH3:2])([CH3:3])[CH3:4])[c:33]([O:26][CH:36]3[CH2:17][NH:23][CH:37]([C:29](=[O:6])[OH:8])[CH2:18]3)[n:22][c:35]2[cH:14]1,1,3,0.22
golden_1215,Cl[c:13]1[c:12]([N+:17](=[O:3])[O-:4])[cH:7][n:11][c:14]2[cH:8][cH:5][cH:6][cH:9][c:15]12.N[CH2:10][CH:16]([CH3:1])[CH3:2]>>[CH3:1][CH:16]([CH3:2])[CH2:10][c:13]1[c:12]([N+:17](=[O:3])[O-:4])[cH:7][n:11][c:14]2[cH:8][cH:5][cH:6][cH:9][c:15]12,1,3,0.04
golden_1216,O=[N+:3]([O-])[c:11]1[cH:6][n:10][c:13]2[cH:7][cH:4][cH:5][cH:8][c:14]2[c:12]1[CH2:9][CH:15]([CH3:1])[CH3:2]>>[CH3:1][CH:15]([CH3:2])[CH2:9][c:12]1[c:11]([NH2:3])[cH:6][n:10][c:13]2[cH:7][cH:4][cH:5][cH:8][c:14]12,1,2,0.04
golden_1217,O=C([NH2:3])[c:12]1[n:10][c:13]2[cH:6][cH:4][cH:5][cH:7][c:15]2[c:16]2[c:14]1[n:11][cH:8][n:18]2[CH2:9][CH:17]([CH3:1])[CH3:2]>>[CH3:1][CH:17]([CH3:2])[CH2:9][n:18]1[cH:8][n:11][c:14]2[c:12]([NH2:3])[n:10][c:13]3[cH:6][cH:4][cH:5][cH:7][c:15]3[c:16]21,1,3,0.08
golden_1218,Br[CH:13]1[CH2:8][CH2:9]1.Br[c:10]1[cH:4][cH:2][cH:6][c:11]2[cH:5][cH:1][cH:3][cH:7][c:12]12>>[cH:1]1[cH:3][cH:7][c:12]2[c:10]([CH:13]3[CH2:8][CH2:9]3)[cH:4][cH:2][cH:6][c:11]2[cH:5]1,1,3,0.03
golden_1219,O=[N+:1]([O-])[c:10]1[cH:4][cH:5][c:11]([CH:14]2[CH2:8][CH2:9]2)[c:13]2[cH:7][cH:3][cH:2][cH:6][c:12]12>>[NH2:1][c:10]1[cH:4][cH:5][c:11]([CH:14]2[CH2:8][CH2:9]2)[c:13]2[cH:7][cH:3][cH:2][cH:6][c:12]12,1,2,0.04
golden_1220,O=[CH:8][NH:11][NH:12][C:15](=[S:1])[NH:19][c:14]1[cH:5][cH:4][c:13]([CH:18]2[CH2:9][CH2:10]2)[c:16]2[cH:6][cH:2][cH:3][cH:7][c:17]12>>[S:1]=[c:15]1[nH:12][n:11][cH:8][n:19]1-[c:14]1[cH:5][cH:4][c:13]([CH:18]2[CH2:9][CH2:10]2)[c:16]2[cH:6][cH:2][cH:3][cH:7][c:17]12,1,2,0.06
golden_1221,Br[CH2:10][C:16](=[O:1])[OH:2].[cH:3]1[cH:4][cH:8][c:21]2[c:18](-[n:23]3[cH:9][n:13][nH:14][c:19]3=[S:15])[cH:6][cH:5][c:17]([CH:22]3[CH2:11][CH2:12]3)[c:20]2[cH:7]1>>[O:1]=[C:16]([OH:2])[CH2:10][S:15][c:19]1[n:14][n:13][cH:9][n:23]1-[c:18]1[cH:6][cH:5][c:17]([CH:22]2[CH2:11][CH2:12]2)[c:20]2[cH:7][cH:3][cH:4][cH:8][c:21]12,1,2,0.07
golden_1222,O=[N+:2]([O-])[CH:7]=[CH:8][c:12]1[cH:4][nH:9][c:13]2[cH:5][cH:3][c:11]([O:10][CH3:1])[cH:6][c:14]12>>[CH3:1][O:10][c:11]1[cH:3][cH:5][c:13]2[nH:9][cH:4][c:12]([CH2:8][CH2:7][NH2:2])[c:14]2[cH:6]1,1,4,0.04
golden_1223,OB(O)[c:19]1[cH:11][cH:6][c:15]([CH3:1])[cH:7][cH:12]1.[CH3:2][c:16]1[cH:8][c:17]([CH3:3])[cH:10][c:18]([C:14]#[C:13][CH:20]([CH3:4])[OH:5])[cH:9]1>>[CH3:1][c:15]1[cH:6][cH:11][c:19]([CH:20]([CH3:4])[CH2:13][C:14](=[O:5])[c:18]2[cH:9][c:16]([CH3:2])[cH:8][c:17]([CH3:3])[cH:10]2)[cH:12][cH:7]1,1,6,0.10
golden_1224,Cl[CH:8]([CH2:4][NH:9][C:13]1=[CH:18][C:12](=[O:1])[CH2:6][CH2:7]1)[c:14]1[cH:2][c:15]2[c:16]([cH:3][cH:17]1)[O:11][CH2:5][O:10]2>>[O:1]=[C:12]1[CH2:6][CH2:7][C:13]2=[N:9][CH2:4][CH2:8][c:14]3[cH:2][c:15]4[c:16]([cH:3][c:17]3[CH:18]12)[O:11][CH2:5][O:10]4,1,4,1.10
golden_1225,CO[C:15](=[O:1])[c:17]1[cH:11][cH:6][cH:5][cH:9][c:16]1Br.[cH:2]1[cH:3][cH:7][c:13]([C:14]([CH3:10])=[O:12])[cH:8][cH:4]1>>[O:1]=[c:15]1[o:12][c:14](-[c:13]2[cH:7][cH:3][cH:2][cH:4][cH:8]2)[cH:10][c:16]2[cH:9][cH:5][cH:6][cH:11][c:17]12,1,6,0.14
golden_1226,Br[c:21]1[cH:9][cH:5][cH:3][cH:6][cH:10]1.[CH3:1][O:19][c:22]1[cH:11][cH:15][c:24]([NH:27][C:20](=[O:2])[CH2:17][CH:25]([c:23]2[cH:13][cH:7][cH:4][cH:8][cH:14]2)[CH:26]=[CH2:18])[cH:16][cH:12]1>>[CH3:1][O:19][c:22]1[cH:11][cH:15][c:24]([N:27]2[C:20](=[O:2])[CH2:17][CH:25]([c:23]3[cH:13][cH:7][cH:4][cH:8][cH:14]3)[CH:26]2[CH2:18][c:21]2[cH:9][cH:5][cH:3][cH:6][cH:10]2)[cH:16][cH:12]1,1,3,1.70
golden_1227,Br[c:15]1[cH:8][c:16]([O:13][CH3:1])[cH:10][c:17]([O:14][CH3:2])[cH:9]1.[CH3:3][C:18]([CH3:4])([CH3:5])[CH2:11][C:19]([CH3:6])([CH3:7])[NH2:12]>>[CH3:1][O:13][c:16]1[cH:8][c:15]([NH:12][C:19]([CH3:6])([CH3:7])[CH2:11][C:18]([CH3:3])([CH3:4])[CH3:5])[cH:9][c:17]([O:14][CH3:2])[cH:10]1,1,2,0.04
golden_1228,C[O:12][c:17]1[cH:10][cH:6][cH:7][cH:11][c:18]1[C:16](Cl)=[O:2].[CH3:1][C:15]#[C:14][c:13]1[cH:8][cH:4][cH:3][cH:5][cH:9]1>>[CH3:1][c:15]1[c:14](-[c:13]2[cH:8][cH:4][cH:3][cH:5][cH:9]2)[o:12][c:17]2[cH:10][cH:6][cH:7][cH:11][c:18]2[c:16]1=[O:2],1,4,0.09
golden_1229,I[c:15]1[cH:10][cH:8][cH:9][cH:11][c:16]1[O:12][CH3:1].[CH3:2][C:17]([CH3:3])([CH3:4])[O:13][C:14](=[O:5])[CH:6]=[CH2:7]>>[CH3:1][O:12][c:16]1[cH:11][cH:9][cH:8][cH:10][c:15]1[CH:7]=[CH:6][C:14](=[O:5])[O:13][C:17]([CH3:2])([CH3:3])[CH3:4],1,3,0.05
golden_1230,O=[N+]([O-])[CH:13]([CH2:10][CH2:9][C:5]#[N:3])[c:14]1[cH:6][cH:7][c:15]([O:11][CH3:1])[c:16]([O:12][CH3:2])[cH:8]1.[O]=[Mn](=[O])([O-])=[O:4]>>[CH3:1][O:11][c:15]1[cH:7][cH:6][c:14]([C:13](=[O:4])[CH2:10][CH2:9][C:5]#[N:3])[cH:8][c:16]1[O:12][CH3:2],1,4,0.29
golden_1231,[N-]=[N+]=[CH:22][C:14](=O)[c:19]1[cH:7][cH:5][cH:4][cH:6][cH:8]1.[N-]=[N+]=[N:15][C:21](=[CH:11][c:23]1[cH:10][cH:9][c:20]([O:17][CH3:2])[cH:12][cH:24]1)[C:18](=[O:3])[O:16][CH2:13][CH3:1]>>[CH3:1][CH2:13][O:16][C:18](=[O:3])[c:21]1[cH:11][c:23]2[cH:10][cH:9][c:20]([O:17][CH3:2])[cH:12][c:24]2[c:22]([CH2:14][c:19]2[cH:7][cH:5][cH:4][cH:6][cH:8]2)[n:15]1,1,9,0.88
golden_1232,Br[c:16]1[cH:9][cH:11][c:17]([O:14][C:18]([CH3:1])([CH3:2])[CH3:3])[cH:12][cH:10]1.[cH:4]1[cH:5][cH:7][c:15]([OH:13])[cH:8][cH:6]1>>[CH3:1][C:18]([CH3:2])([CH3:3])[O:14][c:17]1[cH:11][cH:9][c:16]([O:13][c:15]2[cH:7][cH:5][cH:4][cH:6][cH:8]2)[cH:10][cH:12]1,1,2,0.05
golden_1233,O=[CH:3][c:9]1[cH:6][cH:4][c:8]([CH3:1])[cH:5][cH:7]1.[N-]=[N+]=[N-:2].[Na+]>>[CH3:1][c:8]1[cH:4][cH:6][c:9]([C:3]#[N:2])[cH:7][cH:5]1,1,4,0.02
golden_1234,CCO[C:12](=[O:2])[CH:10]=[CH:14][c:13]1[cH:6][cH:4][cH:3][cH:5][cH:7]1.[O:1]=[C:11]([CH3:8])[CH3:9]>>[O:1]=[C:11]1[CH2:8][C:12](=[O:2])[CH2:10][CH:14]([c:13]2[cH:6][cH:4][cH:3][cH:5][cH:7]2)[CH2:9]1,1,6,0.08
golden_1235,CCO[C:17](=[O:5])[C:18]([O-:6])=[CH:19][C:16](=[O:4])[O:15][CH2:13][CH3:2].O=[CH:22][c:21]1[cH:9][cH:7][c:20]([CH3:3])[cH:8][cH:10]1.[CH3:1][CH2:11][CH2:12][CH2:14][NH2:23]>>[CH3:1][CH2:11][CH2:12][CH2:14][N:23]1[C:17](=[O:5])[C:18]([OH:6])=[C:19]([C:16](=[O:4])[O:15][CH2:13][CH3:2])[CH:22]1[c:21]1[cH:9][cH:7][c:20]([CH3:3])[cH:8][cH:10]1,1,6,1.25
golden_1236,O[c:19]1[cH:10][cH:5][cH:4][cH:9][c:18]1[NH2:11].[CH3:1][O:12][c:16]1[cH:7][c:14]([C:3]#[N:2])[cH:6][cH:8][c:17]1[CH:15]=[O:13]>>[CH3:1][O:12][c:16]1[cH:7][c:14]([C:3]#[N:2])[cH:6][cH:8][c:17]1-[c:15]1[n:11][c:18]2[cH:9][cH:4][cH:5][cH:10][c:19]2[o:13]1,1,4,0.05
golden_1237,Cl[CH:10]1[CH2:6][CH2:3][CH2:4][CH2:7][C:9]1=[O:2].[CH3:1][CH2:5][O-:8]>>[CH3:1][CH2:5][O:8][C:9](=[O:2])[CH:10]1[CH2:6][CH2:3][CH2:4][CH2:7]1,1,4,0.02
golden_1238,O=[C:4]([CH3:1])[CH:5]([CH3:2])[CH3:3]>>[CH3:1][CH:4]=[C:5]([CH3:2])[CH3:3],1,3,0.01
golden_1239,Cl[Si](Cl)(Cl)[CH:9]([CH3:1])[c:8]1[cH:6][cH:4][cH:3][cH:5][cH:7]1.O[OH:2]>>[CH3:1][CH:9]([OH:2])[c:8]1[cH:6][cH:4][cH:3][cH:5][cH:7]1,1,3,0.01
golden_1240,CO[C:19](=[O:1])[CH:18]1[CH2:14][CH2:12][CH2:13][NH:15]1.[Br][Mg][c:16]1[cH:8][cH:4][cH:2][cH:5][cH:9]1.[Br][Mg][c:17]1[cH:10][cH:6][cH:3][cH:7][cH:11]1>>[OH:1][C:19]([c:16]1[cH:8][cH:4][cH:2][cH:5][cH:9]1)([c:17]1[cH:10][cH:6][cH:3][cH:7][cH:11]1)[CH:18]1[CH2:14][CH2:12][CH2:13][NH:15]1,1,5,0.07
golden_1241,[Br][Mg][CH:21]1[CH2:13][CH:19]2[CH:2]=[CH:3][CH:20]1[CH2:12]2.[O:1]=[C:23]([CH2:17][CH2:16][N:22]1[CH2:14][CH2:10][CH2:9][CH2:11][CH2:15]1)[c:18]1[cH:7][cH:5][cH:4][cH:6][cH:8]1>>[OH:1][C:23]([CH2:17][CH2:16][N:22]1[CH2:14][CH2:10][CH2:9][CH2:11][CH2:15]1)([c:18]1[cH:7][cH:5][cH:4][cH:6][cH:8]1)[CH:21]1[CH2:13][CH:19]2[CH:2]=[CH:3][CH:20]1[CH2:12]2,1,2,0.12
golden_1242,CO[C:9]1([CH3:1])[O:6][CH2:4][CH:8]([CH2:3][CH2:2][OH:5])[O:7]1>>[CH3:1][C:9]12[O:5][CH2:2][CH2:3][CH:8]([CH2:4][O:6]1)[O:7]2,1,2,0.01
golden_1243,COC(=O)[CH:23]1[CH2:13][c:20]2[c:19]([nH:15][c:21]3[cH:10][cH:6][cH:7][cH:11][c:22]23)[CH:24]([CH2:14][CH2:12][C:16](OC)=[O:1])[N:25]1[C:17](=[O:2])[c:18]1[cH:8][cH:4][cH:3][cH:5][cH:9]1>>[O:1]=[C:16]1[CH2:12][CH2:14][CH:24]2[c:19]3[nH:15][c:21]4[cH:10][cH:6][cH:7][cH:11][c:22]4[c:20]3[CH2:13][CH:23]1[N:25]2[C:17](=[O:2])[c:18]1[cH:8][cH:4][cH:3][cH:5][cH:9]1,1,3,0.18
golden_1244,Cl[CH2:13][C:10](=[O:2])[c:11]1[cH:6][cH:4][cH:3][cH:5][cH:7]1.[CH3:1][CH2:8][CH:12]=[O:9]>>[CH3:1][CH2:8][CH:12]1[O:9][CH:13]1[C:10](=[O:2])[c:11]1[cH:6][cH:4][cH:3][cH:5][cH:7]1,1,4,0.05
golden_1245,N[N:12]([CH3:3])[c:11]1[cH:7][cH:5][cH:4][cH:6][cH:10]1.O[CH:8]([CH3:1])[CH2:9][CH3:2]>>[CH3:1][c:8]1[c:9]([CH3:2])[n:12]([CH3:3])[c:11]2[cH:7][cH:5][cH:4][cH:6][c:10]12,1,8,0.03
golden_1246,Br[c:13]1[cH:7][cH:5][cH:4][cH:6][cH:8]1.[CH3:1][CH2:9][CH2:11][CH2:12][CH2:10][CH:2]=[CH2:3]>>[CH3:1][CH2:9][CH2:11][CH2:12][CH2:10][CH:2]=[CH:3][c:13]1[cH:7][cH:5][cH:4][cH:6][cH:8]1,1,3,0.05
golden_1247,O=[C:21]([CH2:16][N:23]([CH2:17][C:22](=O)[c:19]1[cH:12][cH:6][cH:2][cH:7][cH:13]1)[c:20]1[cH:14][cH:8][cH:3][cH:9][cH:15]1)[c:18]1[cH:10][cH:4][cH:1][cH:5][cH:11]1>>[cH:1]1[cH:4][cH:10][c:18](-[c:21]2[cH:16][n:23](-[c:20]3[cH:14][cH:8][cH:3][cH:9][cH:15]3)[cH:17][c:22]2-[c:19]2[cH:12][cH:6][cH:2][cH:7][cH:13]2)[cH:11][cH:5]1,1,5,0.14
golden_1248,Cl[c:9]1[cH:5][cH:3][cH:2][cH:4][cH:6]1.OB(O)[CH2:8][CH2:7][CH3:1]>>[CH3:1][CH2:7][CH2:8][c:9]1[cH:5][cH:3][cH:2][cH:4][cH:6]1,1,3,0.03
golden_1249,[Br][Mg][O:4][C:12](=[O:3])[CH:17](Br)[CH3:2].[Br][Mg][c:14]1[cH:6][cH:7][c:15]2[cH:9][c:13]([O:11][CH3:1])[cH:5][cH:8][c:16]2[cH:10]1>>[CH3:1][O:11][c:13]1[cH:5][cH:8][c:16]2[cH:10][c:14]([CH:17]([CH3:2])[C:12](=[O:3])[OH:4])[cH:6][cH:7][c:15]2[cH:9]1,1,4,0.06
golden_1250,Br[c:11]1[cH:4][cH:7][c:14]2[cH:9][c:12]([O:10][CH3:2])[cH:5][cH:6][c:13]2[cH:8]1.[CH2:1]=[CH2:3]>>[CH2:1]=[CH:3][c:11]1[cH:4][cH:7][c:14]2[cH:9][c:12]([O:10][CH3:2])[cH:5][cH:6][c:13]2[cH:8]1,1,3,0.03
golden_1251,Cl[C:10]([CH3:1])=[O:3].[CH3:2][CH:12]([NH2:9])[c:11]1[cH:7][cH:5][cH:4][cH:6][cH:8]1>>[CH3:1][C:10](=[O:3])[NH:9][CH:12]([CH3:2])[c:11]1[cH:7][cH:5][cH:4][cH:6][cH:8]1,1,2,0.02
golden_1252,I[c:21]1[cH:17][cH:11][cH:12][cH:18][c:22]1I.[C:1](#[CH:3])[c:19]1[cH:13][cH:7][cH:5][cH:8][cH:14]1.[C:2](#[CH:4])[c:20]1[cH:15][cH:9][cH:6][cH:10][cH:16]1>>[C:1](#[C:3][c:21]1[cH:17][cH:11][cH:12][cH:18][c:22]1[C:4]#[C:2][c:20]1[cH:15][cH:9][cH:6][cH:10][cH:16]1)[c:19]1[cH:13][cH:7][cH:5][cH:8][cH:14]1,1,6,0.15
golden_1253,Cl[C:8]([CH3:1])=[O:2].[cH:3]1[cH:4][cH:6][cH:9][cH:7][cH:5]1>>[CH3:1][C:8](=[O:2])[c:9]1[cH:6][cH:4][cH:3][cH:5][cH:7]1,1,3,0.02
golden_1254,Br[CH2:3][CH3:1].Br[CH2:4][CH3:2]>>[CH3:1][CH2:3][CH2:4][CH3:2],1,3,0.01
golden_1255,O=[C:3]([CH3:1])[CH3:2]>>[CH3:1][CH2:3][CH3:2],1,3,0.00
golden_1256,Br[c:11]1[cH:7][cH:3][cH:1][cH:4][cH:8]1.Br[c:12]1[cH:9][cH:5][cH:2][cH:6][cH:10]1>>[cH:1]1[cH:3][cH:7][c:11](-[c:12]2[cH:9][cH:5][cH:2][cH:6][cH:10]2)[cH:8][cH:4]1,1,3,0.02
golden_1257,O[CH2:7][CH2:6][CH3:1].[Cl:2][C:8]([Cl:3])([Cl:4])[Cl:5]>>[CH3:1][CH2:6][CH2:7][Cl:2].[Cl:3][CH:8]([Cl:4])[Cl:5],1,4,0.01
golden_1258,Br[CH2:4][CH2:3][CH3:1].[N-:2]=[N+:6]=[N-:5]>>[CH3:1][CH2:3][CH2:4][N:5]=[N+:6]=[N-:2],1,2,0.01
golden_1259,I[CH:8]=[CH:7][Cl:4].[CH3:1][Si:9]([CH3:2])([CH3:3])[C:6]#[CH:5]>>[CH3:1][Si:9]([CH3:2])([CH3:3])[C:6]#[C:5][CH:8]=[CH:7][Cl:4],1,3,0.02
golden_1260,Br[CH2:8][c:23]1[c:22]([C:26]([F:5])([F:6])[F:7])[n:18][n:25](-[c:20]2[cH:14][cH:16][c:21]([S:27]([NH2:1])(=[O:3])=[O:4])[cH:17][cH:15]2)[c:24]1-[c:19]1[cH:12][cH:10][cH:9][cH:11][cH:13]1.CS(C)=[O:2]>>[NH2:1][S:27](=[O:3])(=[O:4])[c:21]1[cH:16][cH:14][c:20](-[n:25]2[n:18][c:22]([C:26]([F:5])([F:6])[F:7])[c:23]([CH:8]=[O:2])[c:24]2-[c:19]2[cH:12][cH:10][cH:9][cH:11][cH:13]2)[cH:15][cH:17]1,1,4,0.10
golden_1261,CCOC(=O)[CH:47]([CH3:2])[O:31][c:43]1[c:41]([N+:49](=[O:4])[O-:6])[cH:26][cH:22][c:37]([O:29][c:36]2[cH:21][cH:25][c:40]([N+:48](=[O:3])[O-:5])[c:42]([O:30][CH:46]([CH3:1])[C:27](=[O:7])[O:8][CH2:28]C)[c:44]2-[c:38]2[cH:23][cH:17][c:32]([C:50]([F:9])([F:10])[F:11])[cH:19][c:34]2[Cl:15])[c:45]1-[c:39]1[cH:24][cH:18][c:33]([C:51]([F:12])([F:13])[F:14])[cH:20][c:35]1[Cl:16]>>[CH3:1][CH:46]([CH2:27][OH:7])[O:30][c:42]1[c:40]([N+:48](=[O:3])[O-:5])[cH:25][cH:21][c:36]([O:29][c:37]2[cH:22][cH:26][c:41]([N+:49](=[O:4])[O-:6])[c:43]([O:31][CH:47]([CH3:2])[CH2:28][OH:8])[c:45]2-[c:39]2[cH:24][cH:18][c:33]([C:51]([F:12])([F:13])[F:14])[cH:20][c:35]2[Cl:16])[c:44]1-[c:38]1[cH:23][cH:17][c:32]([C:50]([F:9])([F:10])[F:11])[cH:19][c:34]1[Cl:15],1,6,0.97
golden_1262,Cl[I:20]1[O:15][C:21]([CH3:2])([CH3:3])[c:19]2[cH:14][cH:12][cH:11][cH:13][c:18]21.[CH3:1][C:17](=[O:7])[O-:16].[CH3:4][Si:23]([CH3:5])([CH3:6])[C:22]([F:8])([F:9])[F:10]>>[CH3:1][C:17](=[O:7])[O:16][Si:23]([CH3:4])([CH3:5])[CH3:6].[CH3:2][C:21]1([CH3:3])[O:15][I:20]([C:22]([F:8])([F:9])[F:10])[c:18]2[cH:13][cH:11][cH:12][cH:14][c:19]21,1,4,0.09
golden_1263,[CH3:1][O:6][CH3:2].[F:3][B:7]([F:4])[F:5]>>[CH3:1][O+:6]([CH3:2])[B-:7]([F:3])([F:4])[F:5],1,1,0.01
golden_1264,C[O:4][C:13](=[O:3])[CH:17]([CH2:11][CH:16]([CH3:1])[CH3:2])[NH:12][CH2:10][c:15]1[cH:8][cH:6][c:14]([Br:5])[cH:7][cH:9]1.O>>[CH3:1][CH:16]([CH3:2])[CH2:11][CH:17]([NH:12][CH2:10][c:15]1[cH:8][cH:6][c:14]([Br:5])[cH:7][cH:9]1)[C:13](=[O:3])[OH:4],1,1,0.06
golden_1265,CC#[N:1].O.[OH3+]>>[NH4+:1],1,1,0.01
golden_1266,CON(C)[C:18](=[O:11])[CH:19]([CH2:13][O:16][Si:22]([CH3:8])([CH3:9])[C:21]([CH3:5])([CH3:6])[CH3:7])[NH:14][C:17](=[O:10])[O:15][C:20]([CH3:2])([CH3:3])[CH3:4].[Br][Mg][CH:12]=[CH2:1]>>[CH2:1]=[CH:12][C:18](=[O:11])[CH:19]([CH2:13][O:16][Si:22]([CH3:8])([CH3:9])[C:21]([CH3:5])([CH3:6])[CH3:7])[NH:14][C:17](=[O:10])[O:15][C:20]([CH3:2])([CH3:3])[CH3:4],1,3,0.08
golden_1267,[Br][Mg][C:15](=[CH2:1])[CH3:2].[CH3:3][CH:18]1[CH2:9][CH2:11][C:19]([CH2:10][CH2:8][CH:17]2[O:13][CH2:6][CH2:5][CH2:7][O:14]2)=[CH:12][C:16]1=[O:4]>>[CH2:1]=[C:15]([CH3:2])[C:19]1([CH2:10][CH2:8][CH:17]2[O:13][CH2:6][CH2:5][CH2:7][O:14]2)[CH2:11][CH2:9][CH:18]([CH3:3])[C:16](=[O:4])[CH2:12]1,1,3,0.06
golden_1268,[CH3:1][OH:32].[CH3:2][O:33][c:44]1[cH:24][c:47]([O:36][CH2:30][c:42]2[cH:20][cH:12][cH:6][cH:13][cH:21]2)[c:50]([C:49]#[C:51][c:53]2[cH:27][c:46]([O:35][CH2:29][c:41]3[cH:18][cH:10][cH:5][cH:11][cH:19]3)[c:45]([O:34][CH2:28][c:40]3[cH:16][cH:8][cH:4][cH:9][cH:17]3)[cH:26][c:52]2[OH:38])[c:48]([O:37][CH2:31][c:43]2[cH:22][cH:14][cH:7][cH:15][cH:23]2)[cH:25]1.[O+:3]#[C-:39]>>[CH3:1][O:32][C:39](=[O:3])[c:51]1[c:49](-[c:50]2[c:47]([O:36][CH2:30][c:42]3[cH:20][cH:12][cH:6][cH:13][cH:21]3)[cH:24][c:44]([O:33][CH3:2])[cH:25][c:48]2[O:37][CH2:31][c:43]2[cH:22][cH:14][cH:7][cH:15][cH:23]2)[o:38][c:52]2[cH:26][c:45]([O:34][CH2:28][c:40]3[cH:16][cH:8][cH:4][cH:9][cH:17]3)[c:46]([O:35][CH2:29][c:41]3[cH:18][cH:10][cH:5][cH:11][cH:19]3)[cH:27][c:53]12,1,3,3.72
golden_1269,O=[CH:23][c:19]1[cH:13][cH:9][cH:8][cH:12][c:18]1[CH:16]=[O:4].[CH3:1][C:24]([CH3:2])([CH3:3])[N:14]=[CH2:20].[N-]=[N+]=[CH:22][C:21](=[O:15])[c:17]1[cH:10][cH:6][cH:5][cH:7][cH:11]1>>[CH3:1][C:24]([CH3:2])([CH3:3])[NH:14][c:20]1[o:15][c:21](-[c:17]2[cH:10][cH:6][cH:5][cH:7][cH:11]2)[c:22]2[c:23]1-[c:19]1[cH:13][cH:9][cH:8][cH:12][c:18]1[C:16]2=[O:4],1,11,0.21
golden_1270,[Br][Mg][CH2:6][CH2:9][CH:15]1[O:11][CH2:4][CH2:3][CH2:5][O:12]1.[CH3:1][CH:16]1[CH2:10][CH2:7][CH:14]=[CH:8][C:13]1=[O:2]>>[CH3:1][CH:16]1[CH2:10][CH2:7][CH:14]([CH2:6][CH2:9][CH:15]2[O:11][CH2:4][CH2:3][CH2:5][O:12]2)[CH2:8][C:13]1=[O:2],1,3,0.20
golden_1271,[Br][Mg][CH:6]=[CH2:1].[CH3:2][CH:9]([CH3:3])[C:10]1([CH2:7][OH:4])[O:5][CH2:8]1>>[CH2:1]=[CH:6][CH2:8][C:10]([OH:5])([CH2:7][OH:4])[CH:9]([CH3:2])[CH3:3],1,3,0.02
golden_1272,O[C:24](=[O:6])[C:7]#[C:25][c:27]1[cH:15][cH:9][cH:8][cH:10][cH:16]1.[CH3:1][c:26]1[cH:13][cH:17][c:28]([CH:31]=[O:5])[cH:18][cH:14]1.[CH3:2][C:33]([CH3:3])([CH3:4])[N+:21]#[C-:23].[cH:11]1[cH:12][cH:20][c:30]([NH2:32])[c:29]([OH:22])[cH:19]1>>[CH3:1][c:26]1[cH:13][cH:17][c:28]([CH:31]([C:23](=[O:5])[NH:21][C:33]([CH3:2])([CH3:3])[CH3:4])[N:32]2[C:24](=[O:6])[CH:7]=[C:25]([c:27]3[cH:15][cH:9][cH:8][cH:10][cH:16]3)[O:22][c:29]3[cH:19][cH:11][cH:12][cH:20][c:30]32)[cH:18][cH:14]1,1,8,1.92
golden_1273,[Br][Mg][CH:6]=[CH2:1].[CH3:2][C:13]1([CH3:3])[O:8][CH:11]2[CH2:7][O:4][CH:10]([OH:5])[CH:12]2[O:9]1>>[CH2:1]=[CH:6][CH:10]([OH:5])[CH:12]1[O:9][C:13]([CH3:2])([CH3:3])[O:8][CH:11]1[CH2:7][OH:4],1,3,0.03
golden_1274,[CH3:1][c:14]1[cH:9][n:19]([CH3:3])[c:16](=[O:7])[nH:10][c:15]1=[O:8].[CH3:2][n:18]1[c:12](=[O:5])[nH:11][c:13](=[O:6])[c:20]([CH3:4])[cH:17]1>>[CH3:1][c:14]1[cH:9][n:19]([CH3:3])[c:16](=[O:7])[n:10][c:15]1[CH:17]1[N:18]([CH3:2])[C:12](=[O:5])[NH:11][C:13](=[O:6])[C:20]1([CH3:4])[OH:8],1,3,0.19
golden_1275,[CH3:1][O:13][C:18]1=[C:17]([CH3:3])[C:15](=[O:7])[C:24]2=[C:23]([C:14]1=[O:6])[CH:20]([CH3:5])[CH2:9][CH2:11][CH:22]2[CH:19]([CH3:4])[CH2:10][CH:21]=[CH:8][C:16]([CH3:2])=[CH2:12]>>[CH3:1][O:13][C:18]1=[C:17]([CH3:3])[C:15](=[O:7])[C:24]23[CH:21]4[CH:8]=[C:16]([CH3:2])[CH2:12][C:23]2([C:14]1=[O:6])[CH:20]([CH3:5])[CH2:9][CH2:11][CH:22]3[CH:19]([CH3:4])[CH2:10]4,1,2,0.20
golden_1276,C[O:6][C:13]1=[C:22]([CH3:5])[C:14](=[O:7])[C:23]2=[C:16]([C:15]1=[O:8])[CH:17]([CH3:3])[CH2:9][CH2:10][CH:20]2[CH:18]([CH3:4])[CH2:11][CH:21]=[CH:19][C:12](=[CH2:1])[CH3:2]>>[CH2:1]=[C:12]([CH3:2])[CH:19]1[CH:21]2[CH2:11][CH:18]([CH3:4])[CH:20]3[CH2:10][CH2:9][CH:17]([CH3:3])[C:16]4=[C:15]([OH:8])[C:13](=[O:6])[C:22]1([CH3:5])[C:14](=[O:7])[C:23]432,1,3,0.72
golden_1277,CCC[CH2][Sn]([CH2]CCC)([CH2]CCC)[CH2:10][O:6][CH:8]1[CH:9]=[CH:15][CH:16]([N:17]([CH2:12][CH:7]=[CH2:1])[C:14](=[O:5])[O:13][C:18]([CH3:2])([CH3:3])[CH3:4])[CH2:11]1>>[CH2:1]=[CH:7][CH2:12][N:17]([C:14](=[O:5])[O:13][C:18]([CH3:2])([CH3:3])[CH3:4])[CH:16]1[CH2:11][CH:8]=[CH:9][CH:15]1[CH2:10][OH:6],1,3,0.17
golden_1278,[CH3:1][C:14]1([CH3:2])[CH2:8][C:15]23[CH2:7][CH2:4][CH2:9][C:16]12[CH:13]1[CH2:6][CH2:5][CH:12]3[C:11](=[O:3])[O:10]1>>[CH3:1][C:14]1([CH3:2])[CH2:8][C:15]23[CH2:7][CH2:4][CH2:9][C:16]24[O:10][C:11](=[O:3])[CH:12]3[CH2:5][CH2:6][CH:13]14,1,4,0.06
golden_1279,Cl[c:27]1[cH:13][cH:11][c:26]([S:31](=[O:5])(=[O:6])[c:29]2[cH:15][cH:10][cH:9][cH:14][c:28]2[F:7])[cH:12][n:25]1.[CH2:1]=[CH:8][Sn:30]([CH2:22][CH2:19][CH2:16][CH3:2])([CH2:23][CH2:20][CH2:17][CH3:3])[CH2:24][CH2:21][CH2:18][CH3:4]>>[CH2:1]=[CH:8][c:27]1[cH:13][cH:11][c:26]([S:31](=[O:5])(=[O:6])[c:29]2[cH:15][cH:10][cH:9][cH:14][c:28]2[F:7])[cH:12][n:25]1.[CH3:2][CH2:16][CH2:19][CH2:22][Sn+:30]([CH2:23][CH2:20][CH2:17][CH3:3])[CH2:24][CH2:21][CH2:18][CH3:4],1,3,0.11
golden_1280,[CH3:1][CH2:4][CH:5]([CH3:2])[OH:3]>>[CH3:1][CH2:4][C:5]([CH3:2])=[O:3],1,1,0.01
golden_1281,Cl[C:15](Cl)(Cl)[c:18]1[n:12][c:19]2[cH:9][cH:6][c:16]([Cl:2])[cH:10][c:20]2[nH:14]1.[OH2:1].[cH:3]1[cH:4][cH:7][c:17]([CH2:11][NH2:13])[cH:8][cH:5]1>>[O:1]=[C:15]([NH:13][CH2:11][c:17]1[cH:7][cH:4][cH:3][cH:5][cH:8]1)[c:18]1[n:12][c:19]2[cH:9][cH:6][c:16]([Cl:2])[cH:10][c:20]2[nH:14]1,1,5,0.05
golden_1282,Br[C:13](Br)(Br)[c:15]1[cH:6][n:10][c:17]([Br:5])[c:16]([C:14](=[O:4])[O:12][CH2:9][CH3:2])[cH:7]1.[CH3:1][CH2:8][OH:11].[OH2:3]>>[CH3:1][CH2:8][O:11][C:13](=[O:3])[c:15]1[cH:6][n:10][c:17]([Br:5])[c:16]([C:14](=[O:4])[O:12][CH2:9][CH3:2])[cH:7]1,1,5,0.21
golden_1283,O.[CH2:1]=[C:19]([CH3:2])[CH:20]1[CH2:14][CH2:16][C:24]2([CH3:9])[CH2:15][CH:12]=[CH:13][C:25]2([CH2:17][O:10][Si:26]([CH:21]([CH3:3])[CH3:4])([CH:22]([CH3:5])[CH3:6])[CH:23]([CH3:7])[CH3:8])[CH2:18]1.[F-:11]>>[CH2:1]=[C:19]([CH3:2])[CH:20]1[CH2:14][CH2:16][C:24]2([CH3:9])[CH2:15][CH:12]=[CH:13][C:25]2([CH2:17][OH:10])[CH2:18]1.[CH3:3][CH:21]([CH3:4])[Si:26]([F:11])([CH:22]([CH3:5])[CH3:6])[CH:23]([CH3:7])[CH3:8],1,2,0.08
golden_1284,O=[Se](c1ccccc1)[CH2:2][CH2:6][C:23]1([CH:7]=[CH2:3])[CH2:14][CH:20]2[C:17](=[O:4])[NH:16][c:18]3[cH:10][cH:8][cH:9][cH:11][c:19]3[C:24]23[CH2:15][CH2:13][N:22]([CH2:12][CH:5]=[CH2:1])[CH:21]13>>[CH2:1]=[CH:5][CH2:12][N:22]1[CH2:13][CH2:15][C:24]23[c:19]4[cH:11][cH:9][cH:8][cH:10][c:18]4[NH:16][C:17](=[O:4])[CH:20]2[CH2:14][C:23]([CH:6]=[CH2:2])([CH:7]=[CH2:3])[CH:21]13,1,2,1.45
golden_1285,[CH2:2]=[C:17]([CH3:5])[CH:18]1[CH2:10][CH2:11][C:21]2([CH3:6])[CH2:12][CH:19]3[O:14][CH:20]3[C:22]2([CH:9]=[O:8])[CH2:13]1.[N-]=[N+]=[CH:1][P:23](=[O:7])([O:15][CH3:3])[O:16][CH3:4]>>[CH3:3][O:15][P:23](=[O:7])([O-:8])[O:16][CH3:4].[CH:1]#[C:9][C:22]12[CH2:13][CH:18]([C:17](=[CH2:2])[CH3:5])[CH2:10][CH2:11][C:21]1([CH3:6])[CH2:12][CH:19]1[O:14][CH:20]12,1,6,0.05
golden_1286,Cl[S:27](Cl)=[O:1].[O-][I+3]([O-])([O-])[O-:2].[cH:3]1[cH:5][cH:9][c:23]([CH2:13][O:19][CH2:17][CH:25]([CH2:15][CH2:16][CH:26]([CH2:18][O:20][CH2:14][c:24]2[cH:11][cH:7][cH:4][cH:8][cH:12]2)[OH:22])[OH:21])[cH:10][cH:6]1>>[O:1]=[S:27]1(=[O:2])[O:21][CH:25]([CH2:17][O:19][CH2:13][c:23]2[cH:9][cH:5][cH:3][cH:6][cH:10]2)[CH2:15][CH2:16][CH:26]([CH2:18][O:20][CH2:14][c:24]2[cH:11][cH:7][cH:4][cH:8][cH:12]2)[O:22]1,1,6,0.17
golden_1287,C=[N+]=[N-].O=S(=O)(O[CH:7]1[C:11]2([S:9][CH3:2])[C:10](=[O:4])[CH:13]3[CH:5]=[CH:6][CH:14]([CH:12]2[CH3:3])[CH:15]13)[CH3:1].[OH-:8]>>[CH3:1][O:8][C:10](=[O:4])[CH:13]1[CH:5]=[CH:6][CH:14]2[CH:12]([CH3:3])[C:11]([S:9][CH3:2])=[CH:7][CH:15]12,1,5,0.08
golden_1288,[CH3:2][O:14][C:17](=[O:4])[CH:20]=[CH:21][C:18](=[O:5])[O:15][CH3:3].[N-]=[N+]=[CH:22][C:19](=[O:6])[O:16][CH2:13][CH3:1].[cH:7]1[cH:8][cH:12][c:25]2[c:23]([cH:9]1)[cH:10][cH:11][cH:24][n:26]2>>[CH3:1][CH2:13][O:16][C:19](=[O:6])[c:22]1[c:20]([C:17](=[O:4])[O:14][CH3:2])[c:21]([C:18](=[O:5])[O:15][CH3:3])[c:24]2[cH:11][cH:10][c:23]3[cH:9][cH:7][cH:8][cH:12][c:25]3[n:26]12,1,8,1.32
golden_1289,[N-]=[N+]=[CH:3][C:14](=[O:2])[CH:4]1[C:15]2([CH:5]=[CH2:10])[CH2:11][O:13][CH:18]3[CH2:12][CH:19]([c:17]4[cH:8][cH:6][c:16]([CH3:1])[cH:7][cH:9]4)[CH:20]1[CH:21]23>>[CH3:1][c:16]1[cH:6][cH:8][c:17]([CH:19]2[CH2:12][CH:18]3[O:13][CH2:11][C:15]4=[CH:5][CH2:10][C:14](=[O:2])[CH:3]=[CH:4][CH:20]2[CH:21]43)[cH:9][cH:7]1,1,5,0.15
golden_1290,CC(=O)O[C:14]([CH3:2])=[O:3].CCN(C(C)C)C(C)C.Cl.[CH3:1][O:13][c:17]1[cH:8][c:21]2[c:19]([CH2:10][CH2:9][NH2:11])[c:18]([C:15](=[O:4])[OH:5])[nH:12][c:20]2[cH:7][c:16]1[F:6].[Na+].[OH-]>>[CH3:1][O:13][c:17]1[cH:8][c:21]2[c:19]([CH2:10][CH2:9][NH:11][C:14]([CH3:2])=[O:3])[c:18]([C:15](=[O:4])[OH:5])[nH:12][c:20]2[cH:7][c:16]1[F:6],1,2,0.08
golden_1291,CCN(C(C)C)C(C)C.CCO[C:28](=[O:1])[CH:37]1[CH2:19][CH2:17][CH:36]([NH:26][c:31]2[n:23][cH:7][cH:10][c:30](-[c:33]3[cH:12][n:25][c:34]4[c:32]([O:27][CH2:14][c:29]5[cH:8][cH:4][cH:3][cH:5][cH:9]5)[cH:11][cH:6][cH:13][n:39]34)[n:24]2)[CH2:18][CH2:20]1.CN(C)P(On1nnc2ccccc21)(N(C)C)=[N+](C)C.F[P-](F)(F)(F)(F)F.[OH:2][CH:35]1[CH2:15][CH2:21][NH:38][CH2:22][CH2:16]1>>[O:1]=[C:28]([CH:37]1[CH2:19][CH2:17][CH:36]([NH:26][c:31]2[n:23][cH:7][cH:10][c:30](-[c:33]3[cH:12][n:25][c:34]4[c:32]([O:27][CH2:14][c:29]5[cH:8][cH:4][cH:3][cH:5][cH:9]5)[cH:11][cH:6][cH:13][n:39]34)[n:24]2)[CH2:18][CH2:20]1)[N:38]1[CH2:21][CH2:15][CH:35]([OH:2])[CH2:16][CH2:22]1,1,2,0.39
golden_1292,CCN(CC)CC.CN(C)C(On1nnc2cccnc21)=[N+](C)C.Cl.F[P-](F)(F)(F)(F)F.O[C:15]([CH3:1])=[O:2].[O:3]=[c:18]1[n:12][c:17]([CH:23]2[CH2:8][CH2:10][NH:24][CH2:11][CH2:9]2)[nH:13][c:22]2[c:20]1[o:14][c:19]1[cH:6][cH:5][c:16]([Br:4])[cH:7][c:21]12>>[CH3:1][C:15](=[O:2])[N:24]1[CH2:10][CH2:8][CH:23]([c:17]2[n:12][c:18](=[O:3])[c:20]3[o:14][c:19]4[cH:6][cH:5][c:16]([Br:4])[cH:7][c:21]4[c:22]3[nH:13]2)[CH2:9][CH2:11]1,1,2,0.13
golden_1293,Cl[CH2:18][CH:32]([OH:1])[CH2:21][N:34]1[CH2:19][CH2:22][N:35]([CH:33]([c:26]2[cH:10][cH:5][cH:3][cH:6][cH:11]2)[c:27]2[cH:12][cH:7][cH:4][cH:8][cH:13]2)[CH2:23][CH2:20]1.[Cl:2][c:28]1[cH:14][cH:17][c:31]2[c:29]([OH:25])[cH:15][cH:9][cH:16][c:30]2[n:24]1>>[OH:1][CH:32]([CH2:18][O:25][c:29]1[cH:15][cH:9][cH:16][c:30]2[n:24][c:28]([Cl:2])[cH:14][cH:17][c:31]12)[CH2:21][N:34]1[CH2:19][CH2:22][N:35]([CH:33]([c:26]2[cH:10][cH:5][cH:3][cH:6][cH:11]2)[c:27]2[cH:12][cH:7][cH:4][cH:8][cH:13]2)[CH2:23][CH2:20]1,1,2,0.18
golden_1294,F[B-](F)(F)F.I[CH:22]1[CH:11]=[CH:12][C:24]([O:19][CH2:16][c:21]2[cH:9][cH:7][cH:6][cH:8][cH:10]2)=[C:25]([CH:30]([CH3:1])[CH3:2])[CH2:13]1.[O:3]=[N+:31]([O-:4])[c:26]1[cH:14][c:23]([Br:5])[c:29]([OH:20])[c:28]2[c:27]1[CH2:17][CH2:15][CH2:18]2>>[CH3:1][CH:30]([CH3:2])[c:25]1[cH:13][c:22]([O:20][c:29]2[c:23]([Br:5])[cH:14][c:26]([N+:31](=[O:3])[O-:4])[c:27]3[c:28]2[CH2:18][CH2:15][CH2:17]3)[cH:11][cH:12][c:24]1[O:19][CH2:16][c:21]1[cH:9][cH:7][cH:6][cH:8][cH:10]1,1,4,1.77
golden_1295,I[CH2:11][CH3:2].O.[CH3:1][CH2:10][O:13][C:15](=[O:4])[c:18]1[cH:9][n:12][n:20](-[c:17]2[cH:7][cH:5][c:16]([OH:14])[cH:6][cH:8]2)[c:19]1[CH3:3].[H-].[Na+]>>[CH3:1][CH2:10][O:13][C:15](=[O:4])[c:18]1[cH:9][n:12][n:20](-[c:17]2[cH:7][cH:5][c:16]([O:14][CH2:11][CH3:2])[cH:6][cH:8]2)[c:19]1[CH3:3],1,2,0.07
golden_1296,Br[c:25]1[cH:14][c:22](-[c:20]2[cH:9][cH:12][c:23]([OH:3])[c:24]([F:4])[cH:13]2)[n:17][c:28]2[c:26]([Cl:5])[cH:15][c:18]([OH:2])[cH:16][c:27]12.OB(O)[c:21]1[cH:10][cH:7][c:19]([C:6]#[N:1])[cH:8][cH:11]1>>[N:1]#[C:6][c:19]1[cH:7][cH:10][c:21](-[c:25]2[cH:14][c:22](-[c:20]3[cH:9][cH:12][c:23]([OH:3])[c:24]([F:4])[cH:13]3)[n:17][c:28]3[c:26]([Cl:5])[cH:15][c:18]([OH:2])[cH:16][c:27]23)[cH:11][cH:8]1,1,3,0.17
golden_1297,Br[c:32]1[cH:15][c:31]2[c:29]([cH:14][c:30]1[O:23][CH3:2])[CH2:17][CH2:18][c:34]1[c:33]-2[n:20][n:36]([CH2:19][CH2:16][NH:21][C:25](=[O:6])[O:24][C:38]([CH3:3])([CH3:4])[CH3:5])[c:35]1[C:26](=[O:7])[O:22][CH3:1].O=C([O-])[O-].OB(O)[c:27]1[cH:11][cH:10][cH:12][c:28]([N+:37](=[O:8])[O-:9])[cH:13]1.[Na+].[Na+].c1ccc(P(c2ccccc2)c2ccccc2)cc1>>[CH3:1][O:22][C:26](=[O:7])[c:35]1[c:34]2[c:33]([n:20][n:36]1[CH2:19][CH2:16][NH:21][C:25](=[O:6])[O:24][C:38]([CH3:3])([CH3:4])[CH3:5])-[c:31]1[cH:15][c:32](-[c:27]3[cH:11][cH:10][cH:12][c:28]([N+:37](=[O:8])[O-:9])[cH:13]3)[c:30]([O:23][CH3:2])[cH:14][c:29]1[CH2:17][CH2:18]2,1,3,0.43
golden_1298,Br[c:27]1[cH:14][cH:8][n:19][c:28]2[cH:15][c:24]([S:21][CH2:17][c:22]3[cH:9][cH:6][cH:5][cH:7][cH:10]3)[n:18][cH:16][c:29]12.C1COCCO1.O=P([O-])([O-])[O-].OB(O)[c:26]1[cH:13][cH:11][c:23]([C:30]([F:2])([F:3])[F:4])[cH:12][c:25]1[O:20][CH3:1].[K+].[K+].[K+]>>[CH3:1][O:20][c:25]1[cH:12][c:23]([C:30]([F:2])([F:3])[F:4])[cH:11][cH:13][c:26]1-[c:27]1[cH:14][cH:8][n:19][c:28]2[cH:15][c:24]([S:21][CH2:17][c:22]3[cH:9][cH:6][cH:5][cH:7][cH:10]3)[n:18][cH:16][c:29]12,1,3,0.25
golden_1299,Br[c:10]1[cH:7][cH:5][cH:4][cH:6][cH:8]1.[CH3:1][C:11]([CH3:2])([CH3:3])[NH2:9].[Li][CH2]CCC>>[CH3:1][C:11]([CH3:2])([CH3:3])[NH:9][c:10]1[cH:7][cH:5][cH:4][cH:6][cH:8]1,1,2,0.03
golden_1300,CCN(C(C)C)C(C)C.Cl[c:27]1[n:17][c:23]([Cl:8])[n:18][c:30]2[c:29]1[cH:16][c:28]([CH3:2])[n:31]2[S:32](=[O:4])(=[O:5])[c:22]1[cH:12][cH:10][c:21]([CH3:1])[cH:11][cH:13]1.[O:3]=[C:20]([OH:6])[c:26]1[c:24]([F:7])[cH:14][cH:9][cH:15][c:25]1[NH2:19]>>[CH3:1][c:21]1[cH:10][cH:12][c:22]([S:32](=[O:4])(=[O:5])[n:31]2[c:28]([CH3:2])[cH:16][c:29]3[c:27]([NH:19][c:25]4[cH:15][cH:9][cH:14][c:24]([F:7])[c:26]4[C:20](=[O:3])[OH:6])[n:17][c:23]([Cl:8])[n:18][c:30]32)[cH:13][cH:11]1,1,2,0.26
golden_1301,Cl[c:21]1[cH:5][cH:4][c:20](-[c:19]2[cH:3][cH:7][c:23]([O:18][CH3:1])[c:22]([F:2])[cH:6]2)[n:16][n:17]1.[CH2:8]1[CH2:9][CH2:11][CH:24]([N:26]2[CH2:14][CH2:12][NH:25][CH2:13][CH2:15]2)[CH2:10]1>>[CH3:1][O:18][c:23]1[cH:7][cH:3][c:19](-[c:20]2[cH:4][cH:5][c:21]([N:25]3[CH2:12][CH2:14][N:26]([CH:24]4[CH2:10][CH2:8][CH2:9][CH2:11]4)[CH2:15][CH2:13]3)[n:17][n:16]2)[cH:6][c:22]1[F:2],1,2,0.12
golden_1302,Cl[c:24]1[cH:8][cH:4][n:17][c:26]2[cH:9][cH:5][c:21]([S:20][c:25]3[n:16][n:18][c:28]4[cH:11][cH:6][c:23](-[c:22]5[cH:7][n:19][n:30]([CH3:2])[cH:12]5)[cH:13][n:31]34)[cH:10][c:27]12.[CH3:1][NH:29][CH2:15][CH2:14][OH:3]>>[CH3:1][N:29]([CH2:15][CH2:14][OH:3])[c:24]1[cH:8][cH:4][n:17][c:26]2[cH:9][cH:5][c:21]([S:20][c:25]3[n:16][n:18][c:28]4[cH:11][cH:6][c:23](-[c:22]5[cH:7][n:19][n:30]([CH3:2])[cH:12]5)[cH:13][n:31]34)[cH:10][c:27]12,1,2,0.13
golden_1303,CCN(C(C)C)C(C)C.Cl[c:30]1[n:18][cH:6][c:23]([I:5])[cH:13][c:29]1[N+:31](=[O:3])[O-:4].[CH3:1][CH2:14][O:21][c:27]1[cH:11][c:24]([CH2:15][NH2:19])[cH:7][cH:12][c:28]1[O:22][CH2:16][c:25]1[cH:8][cH:10][c:26]([O:20][CH3:2])[n:17][cH:9]1>>[CH3:1][CH2:14][O:21][c:27]1[cH:11][c:24]([CH2:15][NH:19][c:30]2[n:18][cH:6][c:23]([I:5])[cH:13][c:29]2[N+:31](=[O:3])[O-:4])[cH:7][cH:12][c:28]1[O:22][CH2:16][c:25]1[cH:8][cH:10][c:26]([O:20][CH3:2])[n:17][cH:9]1,1,2,0.18
golden_1304,Cl[c:19]1[n:13][cH:6][n:15][c:21]2[c:20]1[n:14][cH:9][n:23]2[CH2:12][c:18]1[c:16]([Cl:3])[cH:7][cH:5][cH:8][c:17]1[Cl:4].[CH3:1][CH2:10][NH:22][CH2:11][CH3:2]>>[CH3:1][CH2:10][N:22]([CH2:11][CH3:2])[c:19]1[n:13][cH:6][n:15][c:21]2[c:20]1[n:14][cH:9][n:23]2[CH2:12][c:18]1[c:16]([Cl:3])[cH:7][cH:5][cH:8][c:17]1[Cl:4],1,2,0.08
golden_1305,O=[C:18]1[CH2:11][CH2:8][CH2:7][CH2:10][CH:17]1[c:15]1[cH:5][cH:3][cH:2][cH:4][cH:6]1.[BH4-].[CH3:1][CH:16]1[CH2:13][NH:19][CH2:12][CH2:9][NH:14]1.[Na+]>>[CH3:1][CH:16]1[CH2:13][N:19]([CH:18]2[CH2:11][CH2:8][CH2:7][CH2:10][CH:17]2[c:15]2[cH:5][cH:3][cH:2][cH:4][cH:6]2)[CH2:12][CH2:9][NH:14]1,1,3,0.47
golden_1306,B=C=[N-].O.O=[CH:12][C:20]([F:4])([F:5])[F:6].[CH3:1][CH2:10][CH:17]1[CH2:11][O:13][c:15]2[cH:8][c:14]([N+:19](=[O:2])[O-:3])[cH:7][cH:9][c:16]2[NH:18]1.[Na+]>>[CH3:1][CH2:10][CH:17]1[CH2:11][O:13][c:15]2[cH:8][c:14]([N+:19](=[O:2])[O-:3])[cH:7][cH:9][c:16]2[N:18]1[CH2:12][C:20]([F:4])([F:5])[F:6],1,3,0.07
golden_1307,O=[CH:22][C:31]1([c:27]2[cH:5][cH:3][c:26]([O:24][CH2:12][CH2:9][CH2:17][N:29]3[CH2:15][CH2:7][CH2:8][CH2:16]3)[cH:4][cH:6]2)[CH2:20][CH2:10][O:23][CH2:11][CH2:21]1.[NH2:1][C:25](=[O:2])[CH:28]1[CH2:13][CH2:18][NH:30][CH2:19][CH2:14]1>>[NH2:1][C:25](=[O:2])[CH:28]1[CH2:13][CH2:18][N:30]([CH2:22][C:31]2([c:27]3[cH:5][cH:3][c:26]([O:24][CH2:12][CH2:9][CH2:17][N:29]4[CH2:15][CH2:7][CH2:8][CH2:16]4)[cH:4][cH:6]3)[CH2:20][CH2:10][O:23][CH2:11][CH2:21]2)[CH2:19][CH2:14]1,1,3,0.12
golden_1308,CCN(CC)CC.Cl.[CH3:1][N:11]=[C:13]=[O:3].[CH3:2][O:12][N:17]1[C:14](=[O:4])[CH2:10][C:18]2([CH2:8][CH2:6][NH:16][CH2:7][CH2:9]2)[C:15]1=[O:5]>>[CH3:1][NH:11][C:13](=[O:3])[N:16]1[CH2:6][CH2:8][C:18]2([CH2:9][CH2:7]1)[CH2:10][C:14](=[O:4])[N:17]([O:12][CH3:2])[C:15]2=[O:5],1,1,0.06
golden_1309,CCN(C(C)C)C(C)C.[CH3:1][O:24][c:28]1[cH:11][cH:9][cH:12][c:29]([CH:34]([CH3:2])[N:22]=[C:26]=[O:7])[cH:13]1.[CH3:3][C:37]1([CH3:4])[CH:8]=[C:27]([c:30]2[cH:14][c:32]3[n:21][cH:10][n:20][c:31]([N:36]4[CH2:17][CH2:15][NH:35][CH2:16][CH2:18]4)[c:33]3[s:25]2)[CH2:19][C:38]([CH3:5])([CH3:6])[NH:23]1>>[CH3:1][O:24][c:28]1[cH:11][cH:9][cH:12][c:29]([CH:34]([CH3:2])[NH:22][C:26](=[O:7])[N:35]2[CH2:15][CH2:17][N:36]([c:31]3[n:20][cH:10][n:21][c:32]4[cH:14][c:30]([C:27]5=[CH:8][C:37]([CH3:3])([CH3:4])[NH:23][C:38]([CH3:5])([CH3:6])[CH2:19]5)[s:25][c:33]34)[CH2:18][CH2:16]2)[cH:13]1,1,1,0.23
golden_1310,CCN(C(C)C)C(C)C.Cl.[CH2:1]=[C:32]([CH3:3])[CH:38]1[CH2:19][CH2:24][C:44]2([N:30]=[C:33]=[O:11])[CH2:25][CH2:27][C:47]3([CH3:9])[CH:41]([CH2:21][CH2:22][CH:42]4[C:46]5([CH3:8])[CH2:26][CH:13]=[C:35]([c:37]6[cH:16][cH:14][c:36]([C:34](=[O:12])[O:31][CH3:2])[cH:15][cH:17]6)[C:45]([CH3:6])([CH3:7])[CH:40]5[CH2:20][CH2:28][C:48]43[CH3:10])[CH:39]12.[CH3:4][N:43]([CH3:5])[CH2:23][CH2:18][NH2:29]>>[CH2:1]=[C:32]([CH3:3])[CH:38]1[CH2:19][CH2:24][C:44]2([NH:30][C:33](=[O:11])[NH:29][CH2:18][CH2:23][N:43]([CH3:4])[CH3:5])[CH2:25][CH2:27][C:47]3([CH3:9])[CH:41]([CH2:21][CH2:22][CH:42]4[C:46]5([CH3:8])[CH2:26][CH:13]=[C:35]([c:37]6[cH:16][cH:14][c:36]([C:34](=[O:12])[O:31][CH3:2])[cH:15][cH:17]6)[C:45]([CH3:6])([CH3:7])[CH:40]5[CH2:20][CH2:28][C:48]43[CH3:10])[CH:39]12,1,1,0.46
golden_1311,CCN(CC)CC.I[c:22]1[cH:10][cH:13][c:27]2[cH:14][n:19][n:29](-[c:24]3[cH:11][c:23]([NH:20][c:25]4[cH:12][cH:7][cH:9][n:18][c:26]4[O:21][CH3:1])[n:16][cH:8][n:17]3)[c:28]2[cH:15]1.[CH3:2][C:30]([CH3:3])([OH:4])[C:6]#[CH:5]>>[CH3:1][O:21][c:26]1[n:18][cH:9][cH:7][cH:12][c:25]1[NH:20][c:23]1[cH:11][c:24](-[n:29]2[n:19][cH:14][c:27]3[cH:13][cH:10][c:22]([C:5]#[C:6][C:30]([CH3:2])([CH3:3])[OH:4])[cH:15][c:28]32)[n:17][cH:8][n:16]1,1,3,0.14
golden_1312,Br[c:30]1[cH:13][cH:14][c:31]2[cH:15][c:29](-[c:28]3[cH:10][cH:5][c:25]([Cl:1])[cH:6][cH:11]3)[cH:12][cH:16][c:32]2[n:23]1.[C:2](#[CH:3])[c:26]1[cH:7][cH:4][cH:8][c:27]([O:24][CH2:19][CH2:22][N:33]2[CH2:20][CH2:17][CH2:18][CH2:21]2)[cH:9]1>>[Cl:1][c:25]1[cH:5][cH:10][c:28](-[c:29]2[cH:12][cH:16][c:32]3[n:23][c:30]([C:3]#[C:2][c:26]4[cH:7][cH:4][cH:8][c:27]([O:24][CH2:19][CH2:22][N:33]5[CH2:20][CH2:17][CH2:18][CH2:21]5)[cH:9]4)[cH:13][cH:14][c:31]3[cH:15]2)[cH:11][cH:6]1,1,3,0.18
golden_1313,CCNCC.I[c:26]1[cH:12][cH:14][c:27]([NH:20][CH2:18][c:29]2[cH:17][cH:11][cH:10][cH:16][c:28]2[F:7])[cH:15][cH:13]1.[CH3:1][O:22][C:25](=[O:6])[CH:30]([CH2:19][C:8]#[CH:9])[NH:21][C:24](=[O:5])[O:23][C:31]([CH3:2])([CH3:3])[CH3:4]>>[CH3:1][O:22][C:25](=[O:6])[CH:30]([CH2:19][C:8]#[C:9][c:26]1[cH:12][cH:14][c:27]([NH:20][CH2:18][c:29]2[cH:17][cH:11][cH:10][cH:16][c:28]2[F:7])[cH:15][cH:13]1)[NH:21][C:24](=[O:5])[O:23][C:31]([CH3:2])([CH3:3])[CH3:4],1,3,0.22
golden_1314,CCCCP(CCCC)CCCC.O=C(N=NC(=O)N1CCCCC1)N1CCCCC1.O[c:20]1[cH:3][cH:6][c:23]2[cH:8][c:21]([C:19](=[O:2])[O:17][CH3:1])[cH:4][cH:5][c:22]2[cH:7]1.[CH2:9]1[CH2:10][CH2:14][N:24]([CH2:16][CH2:12][CH2:13][OH:18])[CH2:15][CH2:11]1>>[CH3:1][O:17][C:19](=[O:2])[c:21]1[cH:4][cH:5][c:22]2[cH:7][c:20]([O:18][CH2:13][CH2:12][CH2:16][N:24]3[CH2:14][CH2:10][CH2:9][CH2:11][CH2:15]3)[cH:3][cH:6][c:23]2[cH:8]1,1,2,0.25
golden_1315,CC(C)(C)OC(=O)N=NC(=O)OC(C)(C)C.CCCCP(CCCC)CCCC.O=C([O-])O.O[CH:26]1[CH2:13][CH2:10][c:23]2[c:20]([Br:4])[cH:7][cH:6][c:19]([F:3])[c:24]21.[CH3:1][O:14][C:17](=[O:2])[CH2:12][CH:25]1[CH2:11][O:15][c:21]2[cH:8][c:18]([OH:16])[cH:5][cH:9][c:22]21.[Na+]>>[CH3:1][O:14][C:17](=[O:2])[CH2:12][CH:25]1[CH2:11][O:15][c:21]2[cH:8][c:18]([O:16][CH:26]3[CH2:13][CH2:10][c:23]4[c:20]([Br:4])[cH:7][cH:6][c:19]([F:3])[c:24]43)[cH:5][cH:9][c:22]21,1,2,0.21
golden_1316,CS(=O)(=O)O[CH2:13][CH2:14][c:24]1[n:15][c:21](-[c:20]2[cH:9][cH:6][cH:5][cH:7][cH:10]2)[o:18][c:25]1[CH3:2].[CH3:1][O:16][c:22]1[cH:11][c:19]([CH:4]=[O:3])[cH:8][cH:12][c:23]1[OH:17]>>[CH3:1][O:16][c:22]1[cH:11][c:19]([CH:4]=[O:3])[cH:8][cH:12][c:23]1[O:17][CH2:13][CH2:14][c:24]1[n:15][c:21](-[c:20]2[cH:9][cH:6][cH:5][cH:7][cH:10]2)[o:18][c:25]1[CH3:2],1,2,0.14
golden_1317,CCN(C(C)C)C(C)C.Cl[S:35]([CH3:1])(=[O:3])=[O:4].[O:2]=[N+:33]([O-:5])[c:29]1[cH:13][n:20][c:26]([NH:22][CH2:14][c:27]2[cH:11][cH:9][cH:10][cH:12][c:28]2[O:25][C:34]([F:6])([F:7])[F:8])[n:21][c:30]1[NH:23][CH2:17][CH:31]1[CH2:15][CH2:18][CH:32]([NH2:24])[CH2:19][CH2:16]1>>[CH3:1][S:35](=[O:3])(=[O:4])[NH:24][CH:32]1[CH2:18][CH2:15][CH:31]([CH2:17][NH:23][c:30]2[n:21][c:26]([NH:22][CH2:14][c:27]3[cH:11][cH:9][cH:10][cH:12][c:28]3[O:25][C:34]([F:6])([F:7])[F:8])[n:20][cH:13][c:29]2[N+:33](=[O:2])[O-:5])[CH2:16][CH2:19]1,1,2,0.14
golden_1318,CCN(C(C)C)C(C)C.CN(C)C=O.Cl.Cl[S:35](=[O:4])(=[O:5])[CH:32]1[CH2:14][CH2:15]1.[CH3:1][CH2:10][NH:21][C:24](=[O:3])[NH:22][c:25]1[cH:6][cH:8][c:26](-[c:27]2[n:19][c:28]3[c:30]([c:29]([N:33]4[CH2:16][CH2:11][O:23][CH2:13][CH:31]4[CH3:2])[n:20]2)[CH2:18][NH:34][CH2:17][CH2:12]3)[cH:9][cH:7]1>>[CH3:1][CH2:10][NH:21][C:24](=[O:3])[NH:22][c:25]1[cH:6][cH:8][c:26](-[c:27]2[n:19][c:28]3[c:30]([c:29]([N:33]4[CH2:16][CH2:11][O:23][CH2:13][CH:31]4[CH3:2])[n:20]2)[CH2:18][N:34]([S:35](=[O:4])(=[O:5])[CH:32]2[CH2:14][CH2:15]2)[CH2:17][CH2:12]3)[cH:9][cH:7]1,1,2,0.16
golden_1319,CCN(C(C)C)C(C)C.Cl.Cl.Cl[S:45]([CH3:2])(=[O:3])=[O:4].[CH3:1][O:30][c:35]1[cH:20][cH:18][c:33](-[n:43]2[n:29][n:27][n:28][c:36]2[C:44]([F:5])([F:6])[F:7])[cH:19][c:34]1[CH2:21][N:40]1[CH2:22][CH:38]2[CH2:26][NH:42][CH2:25][CH2:24][N:41]2[CH:39]([CH:37]([c:31]2[cH:14][cH:10][cH:8][cH:11][cH:15]2)[c:32]2[cH:16][cH:12][cH:9][cH:13][cH:17]2)[CH2:23]1>>[CH3:1][O:30][c:35]1[cH:20][cH:18][c:33](-[n:43]2[n:29][n:27][n:28][c:36]2[C:44]([F:5])([F:6])[F:7])[cH:19][c:34]1[CH2:21][N:40]1[CH2:22][CH:38]2[CH2:26][N:42]([S:45]([CH3:2])(=[O:3])=[O:4])[CH2:25][CH2:24][N:41]2[CH:39]([CH:37]([c:31]2[cH:14][cH:10][cH:8][cH:11][cH:15]2)[c:32]2[cH:16][cH:12][cH:9][cH:13][cH:17]2)[CH2:23]1,1,2,0.24
golden_1320,CCN=C=NCCCN(C)C.Cl.O.O[C:9](=[O:4])[c:11]1[cH:7][cH:5][cH:6][c:10]([CH3:2])[c:12]1[O:8][CH3:1].On1nnc2ccccc21.[NH3:3]>>[CH3:1][O:8][c:12]1[c:10]([CH3:2])[cH:6][cH:5][cH:7][c:11]1[C:9]([NH2:3])=[O:4],1,2,0.05
golden_1321,CO[C:16](=[O:2])[c:19]1[cH:11][cH:6][cH:13][c:23]2[c:21]1[c:20]1[c:18]([OH:3])[cH:10][cH:5][cH:12][c:22]1[n:24]2[CH2:14][c:17]1[cH:8][cH:4][cH:7][n:15][cH:9]1.[NH3:1]>>[NH2:1][C:16](=[O:2])[c:19]1[cH:11][cH:6][cH:13][c:23]2[c:21]1[c:20]1[c:18]([OH:3])[cH:10][cH:5][cH:12][c:22]1[n:24]2[CH2:14][c:17]1[cH:8][cH:4][cH:7][n:15][cH:9]1,1,2,0.07
golden_1322,CO[C:12](=[O:3])[c:16]1[n:9][cH:7][c:15](-[c:13]2[cH:8][c:17]3[n:10][cH:5][cH:6][c:14]([Cl:4])[c:18]3[s:11]2)[n:19]1[CH3:1].[NH3:2]>>[CH3:1][n:19]1[c:15](-[c:13]2[cH:8][c:17]3[n:10][cH:5][cH:6][c:14]([Cl:4])[c:18]3[s:11]2)[cH:7][n:9][c:16]1[C:12]([NH2:2])=[O:3],1,2,0.04
golden_1323,Br[c:19]1[cH:10][cH:6][cH:7][c:17]([CH3:1])[cH:11]1.[O:2]=[C:21]1[CH2:15][CH2:12][N:20]([CH2:14][c:18]2[cH:8][cH:4][cH:3][cH:5][cH:9]2)[CH2:13][CH2:16]1.[O]=[Mg]>>[CH3:1][c:17]1[cH:7][cH:6][cH:10][c:19]([C:21]2([OH:2])[CH2:15][CH2:12][N:20]([CH2:14][c:18]3[cH:8][cH:4][cH:3][cH:5][cH:9]3)[CH2:13][CH2:16]2)[cH:11]1,1,2,0.06
golden_1324,Br[CH:35]([CH3:6])[C:31](=[O:17])[C:38]([CH3:7])([CH3:8])[CH:37]([CH2:24][C:29](=[O:15])[O:25][CH3:1])[O:27][Si:40]([CH3:12])([CH3:13])[C:39]([CH3:9])([CH3:10])[CH3:11].[CH3:2][C:28](=[O:14])[O:26][CH:33]([CH2:22][CH:19]=[C:32]([CH3:4])[CH2:21][CH2:20][CH2:23][CH:34]([CH3:5])[CH:36]=[O:18])[C:30]([CH3:3])=[O:16].[I-].[Li+]>>[CH3:1][O:25][C:29](=[O:15])[CH2:24][CH:37]([O:27][Si:40]([CH3:12])([CH3:13])[C:39]([CH3:9])([CH3:10])[CH3:11])[C:38]([CH3:7])([CH3:8])[C:31](=[O:17])[CH:35]([CH3:6])[CH:36]([OH:18])[CH:34]([CH3:5])[CH2:23][CH2:20][CH2:21][C:32]([CH3:4])=[CH:19][CH2:22][CH:33]([O:26][C:28]([CH3:2])=[O:14])[C:30]([CH3:3])=[O:16],1,2,0.24
golden_1325,Br[c:18]1[cH:10][cH:6][cH:3][cH:7][n:16]1.O.[Li][CH2]CCC.[O:1]=[C:20]1[CH2:14][CH2:11][N:19]([CH2:13][c:17]2[cH:8][cH:4][cH:2][cH:5][cH:9]2)[CH2:12][CH2:15]1>>[OH:1][C:20]1([c:18]2[cH:10][cH:6][cH:3][cH:7][n:16]2)[CH2:14][CH2:11][N:19]([CH2:13][c:17]2[cH:8][cH:4][cH:2][cH:5][cH:9]2)[CH2:12][CH2:15]1,1,2,0.07
golden_1326,[Br:8][c:22]1[cH:9][cH:13][c:27]([NH2:19])[c:28](-[c:26]2[n:16][n:15][nH:20][n:17]2)[cH:14]1.[F:1][C:29]([F:2])([F:3])[c:24]1[cH:10][c:23]([N:18]=[C:21]=[S:7])[cH:11][c:25]([C:30]([F:4])([F:5])[F:6])[cH:12]1>>[F:1][C:29]([F:2])([F:3])[c:24]1[cH:10][c:23]([NH:18][C:21](=[S:7])[NH:19][c:27]2[cH:13][cH:9][c:22]([Br:8])[cH:14][c:28]2-[c:26]2[n:16][n:15][nH:20][n:17]2)[cH:11][c:25]([C:30]([F:4])([F:5])[F:6])[cH:12]1,1,1,0.08
golden_1327,[CH3:1][C:16](=[O:5])[NH:14][CH:21]([C:17](=[O:6])[OH:7])[c:20]1[cH:11][cH:9][c:19]([NH2:13])[cH:10][cH:12]1.[CH3:2][C:22]([CH3:3])([CH3:4])[N:15]=[C:18]=[S:8].[Na+].[OH-]>>[CH3:1][C:16](=[O:5])[NH:14][CH:21]([C:17](=[O:6])[OH:7])[c:20]1[cH:11][cH:9][c:19]([NH:13][C:18](=[S:8])[NH:15][C:22]([CH3:2])([CH3:3])[CH3:4])[cH:10][cH:12]1,1,1,0.08
golden_1328,[CH3:1][C:21]([CH3:2])([CH3:3])[c:19]1[cH:9][cH:7][c:18]([CH2:12][N:14]=[C:17]=[S:4])[cH:8][cH:10]1.[cH:5]1[cH:6][o:16][c:20]([CH2:13][NH2:15])[cH:11]1>>[CH3:1][C:21]([CH3:2])([CH3:3])[c:19]1[cH:9][cH:7][c:18]([CH2:12][NH:14][C:17](=[S:4])[NH:15][CH2:13][c:20]2[cH:11][cH:5][cH:6][o:16]2)[cH:8][cH:10]1,1,1,0.06
golden_1329,F[c:26]1[cH:10][c:25](-[c:32]2[cH:13][n:21][c:33]3[c:31]([O:23][CH2:17][CH:34]([CH3:1])[CH3:2])[c:30]([C:6]#[N:3])[c:29](-[c:28]4[cH:12][cH:8][c:24]([Cl:4])[cH:11][c:27]4[Cl:5])[cH:14][n:36]23)[cH:9][cH:7][n:20]1.[CH2:15]1[CH2:18][NH:35][CH2:19][CH2:16][O:22]1>>[CH3:1][CH:34]([CH3:2])[CH2:17][O:23][c:31]1[c:30]([C:6]#[N:3])[c:29](-[c:28]2[cH:12][cH:8][c:24]([Cl:4])[cH:11][c:27]2[Cl:5])[cH:14][n:36]2[c:32](-[c:25]3[cH:9][cH:7][n:20][c:26]([N:35]4[CH2:18][CH2:15][O:22][CH2:16][CH2:19]4)[cH:10]3)[cH:13][n:21][c:33]12,1,2,0.13
golden_1330,C1CN([c:19]2[cH:9][cH:7][c:18]([C:16](=[O:2])[NH:15][c:17]3[cH:6][cH:10][c:20]([CH3:1])[c:21]([I:5])[cH:11]3)[cH:8][n:14]2)CCO1.Cc1ccc(NC(=O)c2ccc(Cl)nc2)cc1I.Cl.[F:3][C:23]1([F:4])[CH2:12][NH:22][CH2:13]1>>[CH3:1][c:20]1[cH:10][cH:6][c:17]([NH:15][C:16](=[O:2])[c:18]2[cH:7][cH:9][c:19]([N:22]3[CH2:12][C:23]([F:3])([F:4])[CH2:13]3)[n:14][cH:8]2)[cH:11][c:21]1[I:5],1,2,0.89
golden_1331,F[c:29]1[n:20][cH:8][c:24](-[c:30]2[cH:11][n:18][n:21][c:31]3[cH:12][c:27]([O:22][CH3:1])[c:28]([O:23][CH3:2])[cH:13][c:32]23)[cH:10][c:26]1[CH3:3].[OH:4][C:34]1([c:25]2[cH:9][cH:6][cH:5][cH:7][n:19]2)[CH2:16][CH2:14][NH:33][CH2:15][CH2:17]1>>[CH3:1][O:22][c:27]1[cH:12][c:31]2[n:21][n:18][cH:11][c:30](-[c:24]3[cH:8][n:20][c:29]([N:33]4[CH2:14][CH2:16][C:34]([OH:4])([c:25]5[cH:9][cH:6][cH:5][cH:7][n:19]5)[CH2:17][CH2:15]4)[c:26]([CH3:3])[cH:10]3)[c:32]2[cH:13][c:28]1[O:23][CH3:2],1,2,0.11
golden_1332,O=[C:11](O)[C:14]([F:1])([F:2])[Cl:3].[Br:4][c:10]1[cH:5][cH:6][c:12]([NH2:8])[c:13]([NH2:9])[cH:7]1>>[F:1][C:14]([F:2])([Cl:3])[c:11]1[n:8][c:12]2[cH:6][cH:5][c:10]([Br:4])[cH:7][c:13]2[nH:9]1,1,4,0.02
golden_1333,CC(=O)O[C:8](=O)[CH3:1].[cH:2]1[cH:3][c:9]([NH2:6])[c:10]([NH2:7])[cH:4][n:5]1>>[CH3:1][c:8]1[n:6][c:9]2[cH:3][cH:2][n:5][cH:4][c:10]2[nH:7]1,1,4,0.02
golden_1334,CCCP1(=O)OP(=O)(CCC)OP(=O)(CCC)O1.CCN(C(C)C)C(C)C.O=[C:25](O)[C:33]([F:6])([F:7])[F:8].[CH3:1][C:32]([CH3:2])([CH3:3])[c:24]1[n:15][o:21][c:26]([C:22](=[O:4])[NH:19][CH2:14][c:28]2[cH:12][cH:10][c:23](-[c:29]3[cH:13][cH:9][n:17][c:30]([NH2:18])[c:31]3[NH2:20])[cH:11][c:27]2[F:5])[n:16]1>>[CH3:1][C:32]([CH3:2])([CH3:3])[c:24]1[n:15][o:21][c:26]([C:22](=[O:4])[NH:19][CH2:14][c:28]2[cH:12][cH:10][c:23](-[c:29]3[cH:13][cH:9][n:17][c:30]4[n:18][c:25]([C:33]([F:6])([F:7])[F:8])[nH:20][c:31]34)[cH:11][c:27]2[F:5])[n:16]1,1,4,0.23
golden_1335,Br[c:22]1[cH:9][cH:7][c:21]([C:20](=[O:4])[CH:27]2[CH2:16][CH2:14][CH2:15][CH:26]2[C:19](=[O:3])[O:18][CH3:1])[cH:8][cH:10]1.CC(=O)[O-].I[c:23]1[cH:11][cH:13][c:25]([NH:17][CH:6]=[O:2])[c:24]([F:5])[cH:12]1.O=C([O-])[O-].[Cs+].[Cs+].[K+]>>[CH3:1][O:18][C:19](=[O:3])[CH:26]1[CH2:15][CH2:14][CH2:16][CH:27]1[C:20](=[O:4])[c:21]1[cH:7][cH:9][c:22](-[c:23]2[cH:11][cH:13][c:25]([NH:17][CH:6]=[O:2])[c:24]([F:5])[cH:12]2)[cH:10][cH:8]1,1,3,0.12
golden_1336,Br[c:14]1[cH:8][cH:6][c:13]([O:12][CH3:1])[cH:7][cH:9]1.Br[c:16]1[cH:11][cH:5][cH:4][cH:10][c:15]1[C:3]#[N:2].[Li][CH2]CCC>>[CH3:1][O:12][c:13]1[cH:6][cH:8][c:14](-[c:16]2[cH:11][cH:5][cH:4][cH:10][c:15]2[C:3]#[N:2])[cH:9][cH:7]1,1,3,0.07
golden_1337,Br[C:19]([CH3:4])=[CH:8][C:18](=[O:6])[c:21]1[cH:13][c:23]([O:15][CH3:1])[c:25]([O:17][CH3:3])[c:24]([O:16][CH3:2])[cH:14]1.Br[c:22]1[cH:11][cH:9][c:20]([CH:7]=[O:5])[cH:10][cH:12]1.OCc1ccc(B(O)O)s1>>[CH3:1][O:15][c:23]1[cH:13][c:21]([C:18](=[O:6])[CH:8]=[C:19]([CH3:4])[c:22]2[cH:11][cH:9][c:20]([CH:7]=[O:5])[cH:10][cH:12]2)[cH:14][c:24]([O:16][CH3:2])[c:25]1[O:17][CH3:3],1,3,0.13
golden_1338,Br[c:22]1[cH:10][cH:12][c:23]([CH:25]2[CH2:15][CH2:16][N:26]([C:21](=[O:6])[O:19][C:27]([CH3:2])([CH3:3])[CH3:4])[CH2:17][CH:24]2[OH:7])[cH:13][cH:11]1.CC(=O)[O-].[CH3:1][CH2:14][O:18][C:20](=[O:5])[CH:8]=[CH2:9].[Na+]>>[CH3:1][CH2:14][O:18][C:20](=[O:5])[CH:8]=[CH:9][c:22]1[cH:10][cH:12][c:23]([CH:25]2[CH2:15][CH2:16][N:26]([C:21](=[O:6])[O:19][C:27]([CH3:2])([CH3:3])[CH3:4])[CH2:17][CH:24]2[OH:7])[cH:13][cH:11]1,1,3,1.60
golden_1339,I[c:23]1[c:22]([CH3:1])[n:16][n:25](-[c:19]2[cH:13][cH:15][c:21]([C:6]#[N:3])[c:20]([F:5])[cH:14]2)[c:24]1[CH3:2].[F:4][c:17]1[cH:9][cH:11][c:18]([CH:7]=[CH2:8])[cH:12][cH:10]1>>[CH3:1][c:22]1[n:16][n:25](-[c:19]2[cH:13][cH:15][c:21]([C:6]#[N:3])[c:20]([F:5])[cH:14]2)[c:24]([CH3:2])[c:23]1[CH:8]=[CH:7][c:18]1[cH:11][cH:9][c:17]([F:4])[cH:10][cH:12]1,1,3,0.10
golden_1340,F[c:15]1[cH:7][cH:6][c:14]([F:5])[cH:8][c:16]1[N+:19](=[O:3])[O-:4].O.O=C([O-])[O-].[CH3:1][C:13](=[O:2])[N:17]1[CH2:9][CH2:11][NH:18][CH2:12][CH2:10]1.[K+].[K+]>>[CH3:1][C:13](=[O:2])[N:17]1[CH2:9][CH2:11][N:18]([c:15]2[cH:7][cH:6][c:14]([F:5])[cH:8][c:16]2[N+:19](=[O:3])[O-:4])[CH2:12][CH2:10]1,1,2,0.06
golden_1341,CN(C)C=O.F[c:16]1[cH:7][cH:6][c:15]([C:20]([F:3])([F:4])[F:5])[cH:8][c:17]1[N+:19](=[O:1])[O-:2].[CH2:9]1[CH2:10][CH2:12][CH2:14][NH:18][CH2:13][CH2:11]1>>[O:1]=[N+:19]([O-:2])[c:17]1[cH:8][c:15]([C:20]([F:3])([F:4])[F:5])[cH:6][cH:7][c:16]1[N:18]1[CH2:13][CH2:11][CH2:9][CH2:10][CH2:12][CH2:14]1,1,2,0.10
golden_1342,F[c:21]1[c:19]([N+:26](=[O:4])[O-:5])[cH:7][c:18]([F:6])[c:22]([N:25]2[CH2:13][CH2:11][N:24]([C:17](=[O:3])[O:16][CH2:8][CH3:1])[CH2:12][CH2:14]2)[c:20]1[CH3:2].[CH2:9]1[CH2:10][CH:23]1[NH2:15].[F-].[K+]>>[CH3:1][CH2:8][O:16][C:17](=[O:3])[N:24]1[CH2:11][CH2:13][N:25]([c:22]2[c:18]([F:6])[cH:7][c:19]([N+:26](=[O:4])[O-:5])[c:21]([NH:15][CH:23]3[CH2:9][CH2:10]3)[c:20]2[CH3:2])[CH2:14][CH2:12]1,1,2,0.10
golden_1343,CCN(CC)CC.Cl.F[c:16]1[c:14]([F:4])[cH:6][c:13]([N+:18](=[O:2])[O-:3])[cH:7][c:15]1[F:5].O.[O:1]=[C:12]1[CH2:8][CH2:10][NH:17][CH2:11][CH2:9]1>>[O:1]=[C:12]1[CH2:8][CH2:10][N:17]([c:16]2[c:14]([F:4])[cH:6][c:13]([N+:18](=[O:2])[O-:3])[cH:7][c:15]2[F:5])[CH2:11][CH2:9]1,1,2,0.09
golden_1344,F[c:16]1[cH:3][cH:5][c:17]([N+:21](=[O:1])[O-:2])[cH:6][cH:4]1.[CH2:7]1[CH2:13][N:20]([CH:18]2[CH2:9][CH2:11][NH:19][CH2:12][CH2:10]2)[CH2:14][CH2:8][O:15]1>>[O:1]=[N+:21]([O-:2])[c:17]1[cH:5][cH:3][c:16]([N:19]2[CH2:11][CH2:9][CH:18]([N:20]3[CH2:13][CH2:7][O:15][CH2:8][CH2:14]3)[CH2:10][CH2:12]2)[cH:4][cH:6]1,1,2,0.05
golden_1345,CCN(C(C)C)C(C)C.F[c:14]1[cH:7][cH:5][c:12]([N+:16](=[O:2])[O-:3])[cH:6][c:13]1[F:4].[O:1]=[C:11]1[CH2:9][NH:15][CH2:8][NH:10]1>>[O:1]=[C:11]1[CH2:9][N:15]([c:14]2[cH:7][cH:5][c:12]([N+:16](=[O:2])[O-:3])[cH:6][c:13]2[F:4])[CH2:8][NH:10]1,1,2,0.08
golden_1346,CC(=O)[O-].O=[CH:18][c:21]1[cH:11][cH:8][cH:7][cH:9][c:19]1[Cl:3].[NH2:1][C:17](=[O:2])[CH:28]1[CH:26]2[CH:6]=[CH:5][CH:25]([CH2:12]2)[CH:27]1[NH:15][c:22]1[c:20]([Br:4])[cH:10][n:13][c:23]([NH2:14])[c:24]1[NH2:16].[NH4+]>>[NH2:1][C:17](=[O:2])[CH:28]1[CH:26]2[CH:6]=[CH:5][CH:25]([CH2:12]2)[CH:27]1[NH:15][c:22]1[c:20]([Br:4])[cH:10][n:13][c:23]2[n:14][c:18](-[c:21]3[cH:11][cH:8][cH:7][cH:9][c:19]3[Cl:3])[nH:16][c:24]12,1,4,0.19
golden_1347,O=[CH:17][c:20]1[cH:9][cH:7][cH:10][n:27]1[CH3:1].[NH2:2][C:16](=[O:3])[CH:26]1[CH:24]2[CH:6]=[CH:5][CH:23]([CH2:11]2)[CH:25]1[NH:14][c:19]1[c:18]([Br:4])[cH:8][n:12][c:21]([NH2:13])[c:22]1[NH2:15]>>[CH3:1][n:27]1[cH:10][cH:7][cH:9][c:20]1-[c:17]1[n:13][c:21]2[n:12][cH:8][c:18]([Br:4])[c:19]([NH:14][CH:25]3[CH:23]4[CH:5]=[CH:6][CH:24]([CH2:11]4)[CH:26]3[C:16]([NH2:2])=[O:3])[c:22]2[nH:15]1,1,4,0.08
golden_1348,Nc1ccccc1.O=[CH:27][c:25]1[cH:12][cH:6][cH:5][cH:9][n:18]1.[CH3:1][S:34](=[O:2])(=[O:3])[c:26]1[cH:13][cH:10][c:24]([O:22][c:30]2[cH:17][c:33]([NH2:21])[c:32]([NH2:20])[cH:16][c:31]2[O:23][c:29]2[cH:15][cH:8][cH:7][cH:14][c:28]2[Cl:4])[cH:11][n:19]1>>[CH3:1][S:34](=[O:2])(=[O:3])[c:26]1[cH:13][cH:10][c:24]([O:22][c:30]2[cH:17][c:33]3[nH:21][c:27](-[c:25]4[cH:12][cH:6][cH:5][cH:9][n:18]4)[n:20][c:32]3[cH:16][c:31]2[O:23][c:29]2[cH:15][cH:8][cH:7][cH:14][c:28]2[Cl:4])[cH:11][n:19]1,1,4,1.61
golden_1349,OB(O)[c:28]1[cH:10][cH:7][c:26]([CH2:17][c:30]2[c:29]([CH2:16][CH3:1])[n:20][c:34]3[c:31]([F:4])[cH:12][cH:13][c:32]([O:23][CH2:15][C:25](=[O:3])[O:22][CH3:2])[c:35]3[c:33]2[O:24][CH:36]([F:5])[F:6])[cH:8][cH:11]1.[cH:9]1[nH:21][n:38][cH:14][c:27]1[CH:37]1[CH2:18][CH2:19]1.c1ccncc1>>[CH3:1][CH2:16][c:29]1[n:20][c:34]2[c:31]([F:4])[cH:12][cH:13][c:32]([O:23][CH2:15][C:25](=[O:3])[O:22][CH3:2])[c:35]2[c:33]([O:24][CH:36]([F:5])[F:6])[c:30]1[CH2:17][c:26]1[cH:7][cH:10][c:28](-[n:38]2[cH:14][c:27]([CH:37]3[CH2:18][CH2:19]3)[cH:9][n:21]2)[cH:11][cH:8]1,1,2,1.75
golden_1350,CC1(C)OB([c:27]2[cH:12][cH:10][c:26]([CH2:19][c:30]3[c:29]([O:23][CH:36]([F:6])[F:7])[n:20][c:34]4[c:31]([Cl:9])[cH:15][cH:16][c:32]([O:22][CH2:18][C:25](=[O:5])[O:24][C:38]([CH3:2])([CH3:3])[CH3:4])[c:35]4[c:33]3[CH3:1])[cH:11][cH:13]2)OC1(C)C.[Cl:8][c:28]1[cH:14][cH:17][n:37][nH:21]1>>[CH3:1][c:33]1[c:30]([CH2:19][c:26]2[cH:10][cH:12][c:27](-[n:37]3[cH:17][cH:14][c:28]([Cl:8])[n:21]3)[cH:13][cH:11]2)[c:29]([O:23][CH:36]([F:6])[F:7])[n:20][c:34]2[c:31]([Cl:9])[cH:15][cH:16][c:32]([O:22][CH2:18][C:25](=[O:5])[O:24][C:38]([CH3:2])([CH3:3])[CH3:4])[c:35]12,1,2,0.20
golden_1351,OB(O)[c:21]1[cH:10][cH:8][c:20]([O:17][CH:26]([CH3:3])[CH3:4])[cH:9][cH:11]1.[CH3:1][CH2:14][O:16][C:18](=[O:5])[c:23]1[c:22]([CH2:15][CH3:2])[c:24]2[cH:12][c:19]([Br:6])[cH:7][cH:13][c:25]2[nH:27]1>>[CH3:1][CH2:14][O:16][C:18](=[O:5])[c:23]1[c:22]([CH2:15][CH3:2])[c:24]2[cH:12][c:19]([Br:6])[cH:7][cH:13][c:25]2[n:27]1-[c:21]1[cH:10][cH:8][c:20]([O:17][CH:26]([CH3:3])[CH3:4])[cH:9][cH:11]1,1,2,0.11
golden_1352,Br[CH:25]1[CH2:17][CH2:15][CH2:16][CH2:18]1.Br[c:23]1[cH:12][cH:7][cH:13][c:24]([N:26]([CH2:19][c:21]2[cH:8][cH:3][cH:1][cH:4][cH:9]2)[CH2:20][c:22]2[cH:10][cH:5][cH:2][cH:6][cH:11]2)[cH:14]1.[O]=[Mg]>>[cH:1]1[cH:3][cH:8][c:21]([CH2:19][N:26]([CH2:20][c:22]2[cH:10][cH:5][cH:2][cH:6][cH:11]2)[c:24]2[cH:13][cH:7][cH:12][c:23]([CH:25]3[CH2:17][CH2:15][CH2:16][CH2:18]3)[cH:14]2)[cH:9][cH:4]1,1,3,0.22
golden_1353,Br[CH2:14][c:19]1[cH:6][cH:12][c:24]2[n:16][c:21]([C:4]#[N:2])[cH:8][cH:10][c:23]2[cH:11]1.Br[c:22]1[cH:9][c:20]([C:18](=[O:3])[O:17][CH2:13][CH3:1])[cH:7][cH:5][n:15]1.CC(=O)[O-].O=C([O-])[O-].[K+].[Na+].[Na+]>>[CH3:1][CH2:13][O:17][C:18](=[O:3])[c:20]1[cH:7][cH:5][n:15][c:22]([CH2:14][c:19]2[cH:6][cH:12][c:24]3[n:16][c:21]([C:4]#[N:2])[cH:8][cH:10][c:23]3[cH:11]2)[cH:9]1,1,3,0.13
golden_1354,Br[C:15]([F:4])([F:5])[C:12](=[O:3])[O:11][CH2:10][CH3:1].I[c:14]1[cH:8][cH:6][c:13]([CH3:2])[cH:7][cH:9]1.O=P([O-])([O-])O.[K+].[K+]>>[CH3:1][CH2:10][O:11][C:12](=[O:3])[C:15]([F:4])([F:5])[c:14]1[cH:8][cH:6][c:13]([CH3:2])[cH:7][cH:9]1,1,3,0.05
golden_1355,O=[C:18]([CH2:10][c:16]1[cH:7][cH:5][c:15]([Cl:4])[cH:6][cH:8]1)[CH:19](Br)[C:14](=[O:3])[O:12][CH2:9][CH3:1].[NH2:2][C:17]([NH2:11])=[S:13]>>[CH3:1][CH2:9][O:12][C:14](=[O:3])[c:19]1[s:13][c:17]([NH2:2])[n:11][c:18]1[CH2:10][c:16]1[cH:7][cH:5][c:15]([Cl:4])[cH:6][cH:8]1,1,5,0.08
golden_1356,O=[C:27]([CH3:1])[CH:30](Br)[CH3:2].[CH3:3][C:36]1([C:26]([NH2:17])=[S:22])[C:23](=[O:5])[NH:21][c:29]2[n:19][c:25](-[c:32]3[n:20][n:35]([CH2:15][CH2:16][C:38]([F:9])([F:10])[C:37]([F:6])([F:7])[F:8])[c:34]4[cH:14][c:24]([Cl:11])[cH:12][cH:13][c:33]34)[n:18][c:28]([NH2:4])[c:31]21>>[CH3:1][c:27]1[n:17][c:26]([C:36]2([CH3:3])[C:23](=[O:5])[NH:21][c:29]3[n:19][c:25](-[c:32]4[n:20][n:35]([CH2:15][CH2:16][C:38]([F:9])([F:10])[C:37]([F:6])([F:7])[F:8])[c:34]5[cH:14][c:24]([Cl:11])[cH:12][cH:13][c:33]45)[n:18][c:28]([NH2:4])[c:31]32)[s:22][c:30]1[CH3:2],1,5,0.15
golden_1357,O=[C:20]([c:18]1[cH:7][cH:5][cH:4][cH:6][cH:8]1)[CH:21](Br)[CH2:12][CH2:11][C:17](=[O:3])[O:15][CH3:2].[CH3:1][CH2:9][CH2:10][NH:14][C:19]([NH2:13])=[S:16]>>[CH3:1][CH2:9][CH2:10][NH:14][c:19]1[n:13][c:20](-[c:18]2[cH:7][cH:5][cH:4][cH:6][cH:8]2)[c:21]([CH2:12][CH2:11][C:17](=[O:3])[O:15][CH3:2])[s:16]1,1,5,0.06
golden_1358,Br[c:23]1[cH:8][cH:12][c:25]([C:22](=[C:21]2[CH2:18][CH2:16][CH2:14][CH2:15][CH2:17][CH2:19]2)[c:24]2[cH:10][cH:6][cH:5][cH:7][cH:11]2)[cH:13][cH:9]1.CC#N.Cc1ccccc1P(c1ccccc1C)c1ccccc1C.[NH2:1][C:20](=[O:2])[CH:3]=[CH2:4]>>[NH2:1][C:20](=[O:2])[CH:3]=[CH:4][c:23]1[cH:8][cH:12][c:25]([C:22](=[C:21]2[CH2:18][CH2:16][CH2:14][CH2:15][CH2:17][CH2:19]2)[c:24]2[cH:10][cH:6][cH:5][cH:7][cH:11]2)[cH:13][cH:9]1,1,3,0.38
golden_1359,Br[c:25]1[cH:12][c:23]([O:19][CH3:2])[cH:10][cH:11][c:24]1[OH:5].Cc1ccccc1P(c1ccccc1C)c1ccccc1C.Cl.[CH3:1][CH2:16][O:18][C:22](=[O:4])[CH:28]([CH2:17][CH2:15][CH:6]=[CH2:7])[O:21][c:27]1[cH:14][cH:9][cH:8][cH:13][c:26]1[O:20][CH3:3]>>[CH3:1][CH2:16][O:18][C:22](=[O:4])[CH:28]([CH2:17][CH2:15][CH:6]=[CH:7][c:25]1[cH:12][c:23]([O:19][CH3:2])[cH:10][cH:11][c:24]1[OH:5])[O:21][c:27]1[cH:14][cH:9][cH:8][cH:13][c:26]1[O:20][CH3:3],1,3,0.28
golden_1360,I[c:28]1[cH:15][cH:10][cH:16][c:31]2[c:29](=[O:2])[n:21][c:25](-[c:27]3[cH:14][cH:9][cH:8][cH:13][c:26]3[O:23][CH2:19][CH2:17][CH3:1])[nH:22][c:30]12.[CH:3](=[CH2:4])[CH2:18][CH2:20][c:24]1[cH:11][cH:6][cH:5][cH:7][cH:12]1>>[CH3:1][CH2:17][CH2:19][O:23][c:26]1[cH:13][cH:8][cH:9][cH:14][c:27]1-[c:25]1[n:21][c:29](=[O:2])[c:31]2[cH:16][cH:10][cH:15][c:28]([CH:4]=[CH:3][CH2:18][CH2:20][c:24]3[cH:11][cH:6][cH:5][cH:7][cH:12]3)[c:30]2[nH:22]1,1,3,0.13
golden_1361,Cc1ccccc1.Cl[c:17]1[c:15]([N+:19](=[O:6])[O-:8])[cH:10][c:14]([C:21]([CH3:3])([CH3:4])[CH3:5])[cH:11][c:16]1[N+:20](=[O:7])[O-:9].[CH3:1][CH2:12][CH:18]([CH3:2])[NH2:13]>>[CH3:1][CH2:12][CH:18]([CH3:2])[NH:13][c:17]1[c:15]([N+:19](=[O:6])[O-:8])[cH:10][c:14]([C:21]([CH3:3])([CH3:4])[CH3:5])[cH:11][c:16]1[N+:20](=[O:7])[O-:9],1,2,0.06
golden_1362,Cl[c:12]1[c:11]([N+:16](=[O:3])[O-:4])[cH:6][cH:7][c:14]2[nH:10][cH:5][n:8][c:13](=[O:2])[c:15]12.[CH3:1][NH2:9]>>[CH3:1][NH:9][c:12]1[c:11]([N+:16](=[O:3])[O-:4])[cH:6][cH:7][c:14]2[nH:10][cH:5][n:8][c:13](=[O:2])[c:15]12,1,2,0.02
golden_1363,Cl[c:14]1[c:12]([N+:15](=[O:3])[O-:4])[cH:8][cH:7][c:11]([Cl:5])[c:13]1[C:6]#[N:2].[CH3:1][CH2:9][NH2:10]>>[CH3:1][CH2:9][NH:10][c:14]1[c:12]([N+:15](=[O:3])[O-:4])[cH:8][cH:7][c:11]([Cl:5])[c:13]1[C:6]#[N:2],1,2,0.03
golden_1364,Cl[c:18]1[cH:7][c:17]([O:14][CH3:2])[c:19]([N+:22](=[O:5])[O-:6])[cH:8][c:16]1[O:13][CH3:1].O=C([O-])[O-].[CH3:3][C:15](=[O:4])[N:20]1[CH2:9][CH2:11][NH:21][CH2:12][CH2:10]1.[K+].[K+]>>[CH3:1][O:13][c:16]1[cH:8][c:19]([N+:22](=[O:5])[O-:6])[c:17]([O:14][CH3:2])[cH:7][c:18]1[N:21]1[CH2:11][CH2:9][N:20]([C:15]([CH3:3])=[O:4])[CH2:10][CH2:12]1,1,2,0.04
golden_1365,Cl[c:31]1[cH:8][cH:9][c:32]([N+:36](=[O:5])[O-:6])[c:34]2[n:24][o:29][n:23][c:33]12.[CH3:1][C:37]([CH3:2])([CH3:3])[O:28][C:30](=[O:4])[NH:26][CH:35]([CH2:21][OH:7])[CH2:22][O:27][CH2:20][CH2:18][CH2:16][CH2:14][CH2:12][CH2:10][CH2:11][CH2:13][CH2:15][CH2:17][CH2:19][NH2:25]>>[CH3:1][C:37]([CH3:2])([CH3:3])[O:28][C:30](=[O:4])[NH:26][CH:35]([CH2:21][OH:7])[CH2:22][O:27][CH2:20][CH2:18][CH2:16][CH2:14][CH2:12][CH2:10][CH2:11][CH2:13][CH2:15][CH2:17][CH2:19][NH:25][c:31]1[cH:8][cH:9][c:32]([N+:36](=[O:5])[O-:6])[c:34]2[n:24][o:29][n:23][c:33]12,1,2,0.12
golden_1366,CCN(CC)CC.Cl[c:12]1[cH:5][cH:7][c:14]([N+:17](=[O:3])[O-:4])[c:13]([NH2:2])[cH:6]1.[CH3:1][CH:15]1[CH2:8][CH2:10][NH:16][CH2:11][CH2:9]1>>[CH3:1][CH:15]1[CH2:8][CH2:10][N:16]([c:12]2[cH:5][cH:7][c:14]([N+:17](=[O:3])[O-:4])[c:13]([NH2:2])[cH:6]2)[CH2:11][CH2:9]1,1,2,0.09
golden_1367,O=[C:21]([c:18]1[cH:10][cH:7][cH:6][cH:8][cH:11]1)[c:23]1[cH:13][c:17]([Br:5])[cH:9][cH:12][c:22]1[NH2:15].O[C:19]([CH2:14][CH:24]([CH3:2])[CH3:3])=[CH:20][C:16]([CH3:1])=[O:4]>>[CH3:1][C:16](=[O:4])[c:20]1[c:19]([CH2:14][CH:24]([CH3:2])[CH3:3])[n:15][c:22]2[cH:12][cH:9][c:17]([Br:5])[cH:13][c:23]2[c:21]1-[c:18]1[cH:10][cH:7][cH:6][cH:8][cH:11]1,1,5,0.12
golden_1368,O=[C:21]([CH2:20][C:19](=[O:7])[O:16][CH2:13][CH3:1])[CH:25]([CH3:2])[NH:15][C:18](=[O:6])[O:17][C:26]([CH3:3])([CH3:4])[CH3:5].O=[CH:12][c:23]1[cH:11][cH:9][cH:10][c:22]([F:8])[c:24]1[NH2:14]>>[CH3:1][CH2:13][O:16][C:19](=[O:7])[c:20]1[cH:12][c:23]2[cH:11][cH:9][cH:10][c:22]([F:8])[c:24]2[n:14][c:21]1[CH:25]([CH3:2])[NH:15][C:18](=[O:6])[O:17][C:26]([CH3:3])([CH3:4])[CH3:5],1,6,0.09
golden_1369,O=[C:18]([CH3:11])[c:20]1[cH:10][cH:9][c:19]([CH3:2])[s:15]1.O=[C:21]([c:17]1[cH:7][cH:4][cH:3][cH:5][cH:8]1)[c:23]1[cH:13][cH:6][c:16]([CH3:1])[cH:12][c:22]1[NH2:14]>>[CH3:1][c:16]1[cH:6][cH:13][c:23]2[c:21](-[c:17]3[cH:7][cH:4][cH:3][cH:5][cH:8]3)[cH:11][c:18](-[c:20]3[cH:10][cH:9][c:19]([CH3:2])[s:15]3)[n:14][c:22]2[cH:12]1,1,6,0.14
golden_1370,CCN(CC)CC.CS(=O)(=O)Cl.O[CH2:15][CH2:14][c:24]1[cH:11][c:21](-[c:22]2[cH:9][cH:3][cH:7][s:17]2)[nH:16][c:27]1-[c:23]1[cH:10][cH:4][cH:8][s:18]1.[K].[O:1]=[C:19]1[c:25]2[cH:12][cH:5][cH:6][cH:13][c:26]2[C:20](=[O:2])[NH:28]1>>[O:1]=[C:19]1[c:25]2[cH:12][cH:5][cH:6][cH:13][c:26]2[C:20](=[O:2])[N:28]1[CH2:15][CH2:14][c:24]1[cH:11][c:21](-[c:22]2[cH:9][cH:3][cH:7][s:17]2)[nH:16][c:27]1-[c:23]1[cH:10][cH:4][cH:8][s:18]1,1,2,0.14
golden_1371,CS(=O)(=O)O[CH:27]([CH2:15][NH:17][C:21](=[O:7])[O:19][C:29]([CH3:1])([CH3:2])[CH3:3])[CH2:16][NH:18][C:22](=[O:8])[O:20][C:30]([CH3:4])([CH3:5])[CH3:6].[K].[O:9]=[C:23]1[c:25]2[cH:13][cH:11][cH:12][cH:14][c:26]2[C:24](=[O:10])[NH:28]1>>[CH3:1][C:29]([CH3:2])([CH3:3])[O:19][C:21](=[O:7])[NH:17][CH2:15][CH:27]([CH2:16][NH:18][C:22](=[O:8])[O:20][C:30]([CH3:4])([CH3:5])[CH3:6])[N:28]1[C:23](=[O:9])[c:25]2[cH:13][cH:11][cH:12][cH:14][c:26]2[C:24]1=[O:10],1,2,0.11
golden_1372,CCN(C(C)C)C(C)C.Cl[C:33]([CH3:2])=[O:4].O.[CH3:1][O:32][C:35](=[O:6])[N:43]1[CH2:24][CH2:26][N:44]([C:36](=[NH:28])[c:40]2[cH:17][cH:11][cH:16][c:39]([NH:30][C:34](=[O:5])[NH:29][c:38]3[cH:14][cH:21][c:42]([S:46](=[O:9])(=[O:10])[NH:31][CH2:23][c:37]4[cH:12][cH:19][c:41]([S:45]([NH2:3])(=[O:7])=[O:8])[cH:20][cH:13]4)[cH:22][cH:15]3)[cH:18]2)[CH2:27][CH2:25]1>>[CH3:1][O:32][C:35](=[O:6])[N:43]1[CH2:24][CH2:26][N:44]([C:36](=[N:28][C:33]([CH3:2])=[O:4])[c:40]2[cH:17][cH:11][cH:16][c:39]([NH:30][C:34](=[O:5])[NH:29][c:38]3[cH:14][cH:21][c:42]([S:46](=[O:9])(=[O:10])[NH:31][CH2:23][c:37]4[cH:12][cH:19][c:41]([S:45]([NH2:3])(=[O:7])=[O:8])[cH:20][cH:13]4)[cH:22][cH:15]3)[cH:18]2)[CH2:27][CH2:25]1,1,2,0.28
golden_1373,Cl[C:25](=[O:4])[CH2:17][c:28]1[cH:9][cH:12][c:30]([O:23][CH3:2])[c:31]([O:24][CH3:3])[cH:13]1.[CH3:1][O:22][c:29]1[cH:10][cH:7][c:27]([CH2:16][NH:18][C:26](=[NH:21])[n:34]2[n:20][n:19][c:32]3[cH:14][cH:5][cH:6][cH:15][c:33]32)[cH:8][cH:11]1>>[CH3:1][O:22][c:29]1[cH:10][cH:7][c:27]([CH2:16][N:18]=[C:26]([NH:21][C:25](=[O:4])[CH2:17][c:28]2[cH:9][cH:12][c:30]([O:23][CH3:2])[c:31]([O:24][CH3:3])[cH:13]2)[n:34]2[n:20][n:19][c:32]3[cH:14][cH:5][cH:6][cH:15][c:33]32)[cH:8][cH:11]1,1,2,0.13
golden_1374,CCN(CC)CC.Cl.Cl[C:17]([OH:4])=[CH:13][S:21]([CH3:3])(=[O:5])=[O:6].O.[CH3:1][S:16][C:18](=[NH:15])[N:20]([CH3:2])[N:14]=[CH:7][c:19]1[cH:11][cH:9][cH:8][cH:10][cH:12]1>>[CH3:1][S:16][C:18](=[N:15][C:17](=[O:4])[CH2:13][S:21]([CH3:3])(=[O:5])=[O:6])[N:20]([CH3:2])[N:14]=[CH:7][c:19]1[cH:11][cH:9][cH:8][cH:10][cH:12]1,1,3,0.06
golden_1375,ClCCCl.[CH3:1][C:10](=[CH2:6])[C:11]([CH3:2])=[CH2:7].[O:3]=[C:9]1[NH:8][S:14](=[O:4])(=[O:5])[CH:13]=[CH:12]1>>[CH3:1][C:10]1=[C:11]([CH3:2])[CH2:7][CH:13]2[CH:12]([CH2:6]1)[C:9](=[O:3])[NH:8][S:14]2(=[O:4])=[O:5],1,2,0.07
golden_1376,[CH3:1][C:8](=[CH2:5])[C:9]([CH3:2])=[CH2:7].[N:3]#[C:4][CH:10]=[CH2:6]>>[CH3:1][C:8]1=[C:9]([CH3:2])[CH2:7][CH:10]([C:4]#[N:3])[CH2:6][CH2:5]1,1,2,0.03
golden_1377,Oc1ccc(O)cc1.[CH3:1][CH2:7][CH:9]=[CH:5][CH:4]=[CH2:6].[O:2]=[CH:3][CH:10]=[CH2:8]>>[CH3:1][CH2:7][CH:9]1[CH:5]=[CH:4][CH2:6][CH2:8][CH:10]1[CH:3]=[O:2],1,2,0.05
golden_1378,C[OH:4].I[c:21]1[cH:7][cH:5][c:19]([CH3:2])[cH:6][c:20]1[CH3:3].N#[C:18][CH2:11][CH2:10][CH2:15][N:23]1[CH2:16][CH2:13][CH:22]([CH2:12][CH2:9][CH2:8][CH3:1])[CH2:14][CH2:17]1>>[CH3:1][CH2:8][CH2:9][CH2:12][CH:22]1[CH2:13][CH2:16][N:23]([CH2:15][CH2:10][CH2:11][C:18](=[O:4])[c:21]2[cH:7][cH:5][c:19]([CH3:2])[cH:6][c:20]2[CH3:3])[CH2:17][CH2:14]1,1,5,0.20
golden_1379,Br[c:11]1[cH:6][cH:4][cH:5][c:10]([CH3:2])[cH:7]1.II.N#[C:9][CH2:8][CH3:1].O=S(=O)(O)[OH:3].[O]=[Mg]>>[CH3:1][CH2:8][C:9](=[O:3])[c:11]1[cH:6][cH:4][cH:5][c:10]([CH3:2])[cH:7]1,1,5,0.03
golden_1380,O[C:13](=[O:11])[c:15]1[cH:7][cH:5][c:12]([Cl:1])[cH:6][c:14]1[Cl:2].O[c:17]1[cH:9][cH:4][cH:3][cH:8][c:16]1[NH2:10].[Na+].[OH-]>>[Cl:1][c:12]1[cH:5][cH:7][c:15](-[c:13]2[n:10][c:16]3[cH:8][cH:3][cH:4][cH:9][c:17]3[o:11]2)[c:14]([Cl:2])[cH:6]1,1,4,0.05
golden_1381,ClCCl.O[C:19]([CH2:11][O:14][c:21]1[cH:8][cH:5][c:17]([Cl:3])[cH:7][c:20]1[Cl:4])=[O:15].O[c:23]1[cH:10][c:18]([C:16](=[O:2])[O:13][CH3:1])[cH:6][cH:9][c:22]1[NH2:12].[Na+].[OH-]>>[CH3:1][O:13][C:16](=[O:2])[c:18]1[cH:6][cH:9][c:22]2[n:12][c:19]([CH2:11][O:14][c:21]3[cH:8][cH:5][c:17]([Cl:3])[cH:7][c:20]3[Cl:4])[o:15][c:23]2[cH:10]1,1,4,0.07
golden_1382,CCN(CC)CC.CS(=O)(=O)O.O=C([O-])O.O=S(Cl)Cl.O=[C:22](O)[c:21]1[cH:6][cH:10][c:27]2[c:25]([cH:8]1)[n:16][c:23]([CH3:1])[n:29]2[CH:28]1[CH2:13][CH2:11][O:17][CH2:12][CH2:14]1.[F:2][C:30]([F:3])([F:4])[O:18][c:20]1[cH:5][cH:9][c:26]([OH:19])[c:24]([NH2:15])[cH:7]1.[Na+]>>[CH3:1][c:23]1[n:16][c:25]2[cH:8][c:21](-[c:22]3[n:15][c:24]4[cH:7][c:20]([O:18][C:30]([F:2])([F:3])[F:4])[cH:5][cH:9][c:26]4[o:19]3)[cH:6][cH:10][c:27]2[n:29]1[CH:28]1[CH2:13][CH2:11][O:17][CH2:12][CH2:14]1,1,4,1.51
golden_1383,I[c:15]1[cH:8][c:12]([Cl:1])[cH:5][cH:10][c:16]1[OH:11].[cH:2]1[cH:3][cH:6][c:13]([C:14]#[CH:9])[cH:7][cH:4]1>>[Cl:1][c:12]1[cH:5][cH:10][c:16]2[o:11][c:14](-[c:13]3[cH:6][cH:3][cH:2][cH:4][cH:7]3)[cH:9][c:15]2[cH:8]1,1,3,0.06
golden_1384,CCN(CC)CC.I[c:17]1[n:12][cH:6][cH:5][cH:8][c:18]1[OH:14].[CH3:1][C:21]([CH3:2])([CH3:3])[O:13][C:15](=[O:4])[N:20]1[CH2:11][CH2:9][CH2:10][CH:19]1[C:16]#[CH:7]>>[CH3:1][C:21]([CH3:2])([CH3:3])[O:13][C:15](=[O:4])[N:20]1[CH2:11][CH2:9][CH2:10][CH:19]1[c:16]1[cH:7][c:17]2[n:12][cH:6][cH:5][cH:8][c:18]2[o:14]1,1,3,0.09
golden_1385,I[c:15]1[n:9][c:13]([C:12](=[O:3])[O:10][CH3:2])[cH:4][cH:6][c:16]1[OH:11].[CH3:1][CH2:7][CH2:8][C:14]#[CH:5]>>[CH3:1][CH2:7][CH2:8][c:14]1[cH:5][c:15]2[n:9][c:13]([C:12](=[O:3])[O:10][CH3:2])[cH:4][cH:6][c:16]2[o:11]1,1,3,0.07
golden_1386,Br[c:18]1[n:12][cH:6][cH:7][s:15]1.Br[c:19]1[cH:8][s:16][c:21](-[c:24]2[c:20]([CH3:4])[n:13][c:25]3[c:23]([CH:26]([CH2:10][CH3:1])[CH2:11][CH3:2])[cH:9][c:17]([CH3:3])[n:14][n:27]23)[c:22]1[Cl:5]>>[CH3:1][CH2:10][CH:26]([CH2:11][CH3:2])[c:23]1[cH:9][c:17]([CH3:3])[n:14][n:27]2[c:24](-[c:21]3[s:16][cH:8][c:19](-[c:18]4[n:12][cH:6][cH:7][s:15]4)[c:22]3[Cl:5])[c:20]([CH3:4])[n:13][c:25]12,1,3,0.09
golden_1387,Br[c:25]1[cH:15][c:29]2[c:31]([c:30]([C:24](=[O:2])[O:20][CH3:1])[cH:16]1)[O:22][C:34]([c:26]1[cH:11][cH:5][cH:3][cH:6][cH:12]1)([c:27]1[cH:13][cH:7][cH:4][cH:8][cH:14]1)[O:21]2.Br[c:28]1[n:19][c:32]2[cH:17][cH:9][cH:10][cH:18][c:33]2[s:23]1.CC(=O)[O-].CC1(C)OB(B2OC(C)(C)C(C)(C)O2)OC1(C)C.O=C([O-])[O-].[K+].[K+].[K+]>>[CH3:1][O:20][C:24](=[O:2])[c:30]1[cH:16][c:25](-[c:28]2[n:19][c:32]3[cH:17][cH:9][cH:10][cH:18][c:33]3[s:23]2)[cH:15][c:29]2[c:31]1[O:22][C:34]([c:26]1[cH:11][cH:5][cH:3][cH:6][cH:12]1)([c:27]1[cH:13][cH:7][cH:4][cH:8][cH:14]1)[O:21]2,1,3,0.37
golden_1388,Br[c:28]1[cH:15][cH:9][cH:17][c:32]2[c:30]1[o:21][c:29]1[c:27]([Br:1])[cH:14][cH:8][cH:16][c:31]12.CCCCOCCCC.Cl[c:26]1[n:19][c:24](-[c:22]2[cH:10][cH:4][cH:2][cH:5][cH:11]2)[n:18][c:25](-[c:23]2[cH:12][cH:6][cH:3][cH:7][cH:13]2)[n:20]1>>[Br:1][c:27]1[cH:14][cH:8][cH:16][c:31]2[c:29]1[o:21][c:30]1[c:28](-[c:26]3[n:19][c:24](-[c:22]4[cH:10][cH:4][cH:2][cH:5][cH:11]4)[n:18][c:25](-[c:23]4[cH:12][cH:6][cH:3][cH:7][cH:13]4)[n:20]3)[cH:15][cH:9][cH:17][c:32]12,1,3,0.27
golden_1389,C1CCNC1.O=[C:13]1[CH2:4][CH2:10][N:18]([CH3:1])[CH2:11][CH2:9]1.[O:2]=[N+:19]([O-:3])[c:14]1[cH:5][cH:7][c:16]2[nH:12][cH:6][cH:15][c:17]2[cH:8]1>>[CH3:1][N:18]1[CH2:10][CH:4]=[C:13]([c:15]2[cH:6][nH:12][c:16]3[cH:7][cH:5][c:14]([N+:19](=[O:2])[O-:3])[cH:8][c:17]23)[CH2:9][CH2:11]1,1,4,0.11
golden_1390,Cl.O.O=[C:13]1[CH2:3][CH2:8][NH:11][CH2:9][CH2:10]1.[O:1]=[N+:18]([O-:2])[c:14]1[cH:4][cH:7][c:17]2[cH:15][cH:5][nH:12][c:16]2[cH:6]1>>[O:1]=[N+:18]([O-:2])[c:14]1[cH:4][cH:7][c:17]2[c:15]([C:13]3=[CH:3][CH2:8][NH:11][CH2:9][CH2:10]3)[cH:5][nH:12][c:16]2[cH:6]1,1,4,0.04
golden_1391,O=[C:15]1[CH2:5][CH2:11][N:20]([CH3:1])[CH2:12][CH2:10]1.[CH3:2][S:21](=[O:3])(=[O:4])[NH:13][c:16]1[cH:6][cH:8][c:18]2[nH:14][cH:7][cH:17][c:19]2[cH:9]1.[K+].[OH-]>>[CH3:1][N:20]1[CH2:11][CH:5]=[C:15]([c:17]2[cH:7][nH:14][c:18]3[cH:8][cH:6][c:16]([NH:13][S:21]([CH3:2])(=[O:3])=[O:4])[cH:9][c:19]23)[CH2:10][CH2:12]1,1,4,0.06
golden_1392,CCCCP(CCCC)CCCC.O[CH2:20][c:25]1[cH:12][cH:8][cH:9][n:21][cH:13]1.[CH3:1][O:22][C:23](=[O:4])[CH:29]([CH:28]([CH3:2])[CH3:3])[NH:31][S:32](=[O:5])(=[O:6])[N:30]1[CH2:18][CH2:16][CH:27]([c:26]2[cH:14][cH:10][c:24]([Br:7])[cH:11][cH:15]2)[CH2:17][CH2:19]1>>[CH3:1][O:22][C:23](=[O:4])[CH:29]([CH:28]([CH3:2])[CH3:3])[N:31]([CH2:20][c:25]1[cH:12][cH:8][cH:9][n:21][cH:13]1)[S:32](=[O:5])(=[O:6])[N:30]1[CH2:18][CH2:16][CH:27]([c:26]2[cH:14][cH:10][c:24]([Br:7])[cH:11][cH:15]2)[CH2:17][CH2:19]1,1,2,0.18
golden_1393,CCOS(=O)(=O)O[CH2:15][CH3:1].[CH3:2][c:16]1[cH:8][cH:11][c:18]([S:23](=[O:4])(=[O:5])[NH:21][c:19]2[cH:13][cH:10][c:17]([Cl:7])[cH:14][c:20]2[N+:22](=[O:3])[O-:6])[cH:12][cH:9]1.[Na+].[Na].[OH-]>>[CH3:1][CH2:15][N:21]([c:19]1[cH:13][cH:10][c:17]([Cl:7])[cH:14][c:20]1[N+:22](=[O:3])[O-:6])[S:23](=[O:4])(=[O:5])[c:18]1[cH:11][cH:8][c:16]([CH3:2])[cH:9][cH:12]1,1,2,0.09
golden_1394,Cc1ccc(S(=O)(=O)O[CH2:17][CH2:16][CH2:15][F:6])cc1.O=C([O-])[O-].[CH3:1][NH:18][C:20](=[O:3])[c:26]1[c:25](-[c:22]2[cH:11][cH:9][c:21]([F:7])[cH:10][cH:12]2)[o:19][c:27]2[cH:13][c:24]([NH:29][S:30]([CH3:2])(=[O:4])=[O:5])[c:23]([Br:8])[cH:14][c:28]12.[K+].[K+]>>[CH3:1][NH:18][C:20](=[O:3])[c:26]1[c:25](-[c:22]2[cH:11][cH:9][c:21]([F:7])[cH:10][cH:12]2)[o:19][c:27]2[cH:13][c:24]([N:29]([CH2:17][CH2:16][CH2:15][F:6])[S:30]([CH3:2])(=[O:4])=[O:5])[c:23]([Br:8])[cH:14][c:28]12,1,2,0.12
golden_1395,CC(C)(C)[O-].CCN(CC)CC.I[c:23]1[cH:14][c:21]([S:25](=[O:1])(=[O:2])[c:20]2[cH:11][cH:5][cH:4][cH:6][cH:12]2)[cH:13][cH:16][c:24]1[NH2:17].[F:3][c:18]1[cH:7][cH:9][c:19]([C:22]#[CH:15])[cH:10][cH:8]1.[K+]>>[O:1]=[S:25](=[O:2])([c:20]1[cH:11][cH:5][cH:4][cH:6][cH:12]1)[c:21]1[cH:13][cH:16][c:24]2[nH:17][c:22](-[c:19]3[cH:9][cH:7][c:18]([F:3])[cH:8][cH:10]3)[cH:15][c:23]2[cH:14]1,1,3,0.82
golden_1396,I[c:21]1[n:13][c:19]([Cl:6])[cH:7][cH:9][c:22]1[NH2:14].[CH3:1][C:27]([CH3:2])([CH3:3])[Si:28]([CH3:4])([CH3:5])[O:18][CH:24]1[CH2:12][O:16][CH:25]2[CH:23]([O:15][CH2:10][C:20]#[CH:8])[CH2:11][O:17][CH:26]12>>[CH3:1][C:27]([CH3:2])([CH3:3])[Si:28]([CH3:4])([CH3:5])[O:18][CH:24]1[CH2:12][O:16][CH:25]2[CH:23]([O:15][CH2:10][c:20]3[cH:8][c:21]4[n:13][c:19]([Cl:6])[cH:7][cH:9][c:22]4[nH:14]3)[CH2:11][O:17][CH:26]12,1,3,0.10
golden_1397,I[c:30]1[cH:13][cH:9][cH:8][cH:12][c:29]1[NH2:24].O=C([O-])[O-].[CH3:1][CH2:21][Si:34]([CH2:22][CH3:2])([CH2:23][CH3:3])[C:27]#[C:28][CH2:15][CH2:14][CH2:16][C:32]1([OH:6])[CH2:17][CH2:19][C:33]([c:26]2[cH:11][cH:7][cH:10][s:25]2)([N:31]([CH3:4])[CH3:5])[CH2:20][CH2:18]1.[Na+].[Na+]>>[CH3:1][CH2:21][Si:34]([CH2:22][CH3:2])([CH2:23][CH3:3])[c:27]1[nH:24][c:29]2[cH:12][cH:8][cH:9][cH:13][c:30]2[c:28]1[CH2:15][CH2:14][CH2:16][C:32]1([OH:6])[CH2:17][CH2:19][C:33]([c:26]2[cH:11][cH:7][cH:10][s:25]2)([N:31]([CH3:4])[CH3:5])[CH2:20][CH2:18]1,1,3,0.32
golden_1398,CC(=O)O.O=[CH:14][c:13]1[cH:5][cH:2][n:9][cH:3][cH:6]1.[CH3:1][c:12]1[cH:4][cH:7][c:15]([NH2:10])[c:16]([SH:11])[cH:8]1>>[CH3:1][c:12]1[cH:4][cH:7][c:15]2[n:10][c:14](-[c:13]3[cH:5][cH:2][n:9][cH:3][cH:6]3)[s:11][c:16]2[cH:8]1,1,4,0.05
golden_1399,CCOC(C)=O.O=[CH:23][c:22]1[cH:8][cH:9][c:24]([NH:16][C:20](=[O:5])[C:28]([CH3:2])([CH3:3])[CH3:4])[c:25]([Cl:6])[n:14]1.[CH3:1][CH2:12][O:17][CH2:13][O:18][c:21]1[cH:7][cH:10][c:26]([NH2:15])[c:27]([SH:19])[cH:11]1>>[CH3:1][CH2:12][O:17][CH2:13][O:18][c:21]1[cH:7][cH:10][c:26]2[n:15][c:23](-[c:22]3[cH:8][cH:9][c:24]([NH:16][C:20](=[O:5])[C:28]([CH3:2])([CH3:3])[CH3:4])[c:25]([Cl:6])[n:14]3)[s:19][c:27]2[cH:11]1,1,4,0.15
golden_1400,O=[CH:13][c:12]1[cH:5][cH:6][c:14]([OH:1])[c:15]([Br:2])[cH:7]1.[cH:3]1[cH:4][cH:9][c:17]([SH:11])[c:16]([NH2:10])[cH:8]1>>[OH:1][c:14]1[cH:6][cH:5][c:12](-[c:13]2[n:10][c:16]3[cH:8][cH:3][cH:4][cH:9][c:17]3[s:11]2)[cH:7][c:15]1[Br:2],1,4,0.04
golden_1401,Cl.Cl.O.O=C([O-])O.O=[C:12]([CH:4]=[C:13](O)[C:11](=[O:3])[O:10][CH2:5][CH3:1])[CH2:6][O:9][CH3:2].[NH2:7][NH2:8].[Na+]>>[CH3:1][CH2:5][O:10][C:11](=[O:3])[c:13]1[cH:4][c:12]([CH2:6][O:9][CH3:2])[n:7][nH:8]1,1,4,0.03
golden_1402,Cl.O.O=[C:9]([CH3:1])[CH:5]=[C:8](O)[C:10]([F:2])([F:3])[F:4].[NH2:6][NH2:7]>>[CH3:1][c:9]1[cH:5][c:8]([C:10]([F:2])([F:3])[F:4])[n:6][nH:7]1,1,4,0.01
golden_1403,O=[C:8]([CH:1]=[C:9](O)[CH:11]1[CH2:4][CH2:5]1)[CH:10]1[CH2:2][CH2:3]1.[NH2:6][NH2:7]>>[cH:1]1[c:8]([CH:10]2[CH2:2][CH2:3]2)[n:6][nH:7][c:9]1[CH:11]1[CH2:4][CH2:5]1,1,4,0.02
golden_1404,O=C([O-])[O-].O=[CH:17][c:14]1[cH:6][cH:3][cH:2][cH:4][cH:7]1.[CH3:1][c:13]1[cH:5][cH:8][c:15]([CH2:11][CH2:10][NH2:12])[cH:16][cH:9]1.[K+].[K+]>>[CH3:1][c:13]1[cH:5][cH:8][c:15]2[c:16]([cH:9]1)[CH:17]([c:14]1[cH:6][cH:3][cH:2][cH:4][cH:7]1)[NH:12][CH2:10][CH2:11]2,1,4,0.05
golden_1405,O=C(O)C(F)(F)F.O=[CH:21][c:14]1[cH:5][cH:6][c:15]([F:1])[c:16]([F:2])[cH:7]1.[cH:3]1[cH:4][cH:9][c:20]2[c:18]([CH2:11][CH2:10][NH2:12])[cH:17][nH:13][c:19]2[cH:8]1>>[F:1][c:15]1[cH:6][cH:5][c:14]([CH:21]2[NH:12][CH2:10][CH2:11][c:18]3[c:17]2[nH:13][c:19]2[cH:8][cH:3][cH:4][cH:9][c:20]32)[cH:7][c:16]1[F:2],1,4,0.05
golden_1406,O=C(O)C(F)(F)F.O=[CH:22][c:15]1[cH:5][cH:7][c:17]([O:14][CH3:1])[c:16]([F:2])[cH:6]1.[cH:3]1[cH:4][cH:9][c:21]2[c:19]([CH2:11][CH2:10][NH2:12])[cH:18][nH:13][c:20]2[cH:8]1>>[CH3:1][O:14][c:17]1[cH:7][cH:5][c:15]([CH:22]2[NH:12][CH2:10][CH2:11][c:19]3[c:18]2[nH:13][c:20]2[cH:8][cH:3][cH:4][cH:9][c:21]32)[cH:6][c:16]1[F:2],1,4,0.08
golden_1407,Br[CH2:4][CH2:7][CH2:10][CH2:11][CH2:9][CH2:6][CH3:1].CCCCCCC[P+](c1ccccc1)(c1ccccc1)c1ccccc1.O=[CH:5][CH2:8][CH2:12][CH2:14][C:16](=[O:3])[O:15][CH2:13][CH3:2].[Br-].[Li][CH2]CCC.c1ccc(P(c2ccccc2)c2ccccc2)cc1>>[CH3:1][CH2:6][CH2:9][CH2:11][CH2:10][CH2:7][CH:4]=[CH:5][CH2:8][CH2:12][CH2:14][C:16](=[O:3])[O:15][CH2:13][CH3:2],1,4,1.06
golden_1408,Br[CH2:12][c:32]1[cH:15][cH:14][cH:16][c:33]([O:28][CH2:23][CH2:20][CH2:25][C:31](=[O:9])[O:27][CH2:22][CH3:2])[c:34]1[CH:13]=[CH:11][C:30](=[O:8])[O:26][CH2:21][CH3:1].O=[CH:10][CH2:17][CH2:18][CH2:19][CH2:24][O:29][Si:36]([CH3:6])([CH3:7])[C:35]([CH3:3])([CH3:4])[CH3:5].c1ccc(P(c2ccccc2)c2ccccc2)cc1>>[CH3:1][CH2:21][O:26][C:30](=[O:8])[CH:11]=[CH:13][c:34]1[c:32]([CH:12]=[CH:10][CH2:17][CH2:18][CH2:19][CH2:24][O:29][Si:36]([CH3:6])([CH3:7])[C:35]([CH3:3])([CH3:4])[CH3:5])[cH:15][cH:14][cH:16][c:33]1[O:28][CH2:23][CH2:20][CH2:25][C:31](=[O:9])[O:27][CH2:22][CH3:2],1,4,1.86
golden_1409,Cl[CH2:3][c:15]1[cH:9][cH:5][cH:4][cH:6][cH:10]1.O=[C:13]([CH3:1])[c:16]1[cH:11][cH:7][c:14]([Cl:2])[cH:8][cH:12]1>>[CH3:1][C:13](=[CH:3][c:15]1[cH:9][cH:5][cH:4][cH:6][cH:10]1)[c:16]1[cH:11][cH:7][c:14]([Cl:2])[cH:8][cH:12]1,1,4,0.06
golden_1410,Cl[c:19]1[c:17]([C:15](=[O:1])[NH:14][CH2:11][CH:20]([OH:7])[CH2:10][OH:6])[cH:8][c:16]([N+:22](=[O:2])[O-:4])[cH:9][c:18]1[N+:23](=[O:3])[O-:5].[CH2:12]1[CH2:13][NH:21]1>>[O:1]=[C:15]([NH:14][CH2:11][CH:20]([OH:7])[CH2:10][OH:6])[c:17]1[cH:8][c:16]([N+:22](=[O:2])[O-:4])[cH:9][c:18]([N+:23](=[O:3])[O-:5])[c:19]1[N:21]1[CH2:12][CH2:13]1,1,2,0.04
golden_1411,Cl[c:11]1[cH:7][cH:6][c:10]([N+:13](=[O:2])[O-:4])[cH:8][c:12]1[N+:14](=[O:3])[O-:5].[CH3:1][NH2:9].[Na+].[OH-]>>[CH3:1][NH:9][c:11]1[cH:7][cH:6][c:10]([N+:13](=[O:2])[O-:4])[cH:8][c:12]1[N+:14](=[O:3])[O-:5],1,2,0.03
golden_1412,Cl[c:17]1[cH:8][c:16]([C:15](=[O:1])[NH:14][CH2:11][CH:20]([OH:7])[CH2:10][OH:6])[c:18]([N+:22](=[O:2])[O-:4])[cH:9][c:19]1[N+:23](=[O:3])[O-:5].[CH2:12]1[CH2:13][NH:21]1>>[O:1]=[C:15]([NH:14][CH2:11][CH:20]([OH:7])[CH2:10][OH:6])[c:16]1[cH:8][c:17]([N:21]2[CH2:12][CH2:13]2)[c:19]([N+:23](=[O:3])[O-:5])[cH:9][c:18]1[N+:22](=[O:2])[O-:4],1,2,0.05
golden_1413,Br[CH2:24][CH2:21][O:31][CH2:19][CH2:17][O:30][CH2:18][CH2:20][O:32][CH2:22][CH2:26][O:36][c:47]1[c:43]([C:39]([CH3:5])=[O:8])[cH:13][cH:11][c:41]([O:35][CH2:25][CH2:16][CH2:27][C:37](=[O:6])[O:33][CH2:23][CH3:3])[c:46]1[CH2:29][CH2:15][CH3:2].O=C([O-])[O-].[CH3:1][CH2:14][CH2:28][c:45]1[c:40]([OH:34])[cH:10][cH:12][c:42]([C:38]([CH3:4])=[O:7])[c:44]1[OH:9].[K+].[K+]>>[CH3:1][CH2:14][CH2:28][c:45]1[c:40]([O:34][CH2:24][CH2:21][O:31][CH2:19][CH2:17][O:30][CH2:18][CH2:20][O:32][CH2:22][CH2:26][O:36][c:47]2[c:43]([C:39]([CH3:5])=[O:8])[cH:13][cH:11][c:41]([O:35][CH2:25][CH2:16][CH2:27][C:37](=[O:6])[O:33][CH2:23][CH3:3])[c:46]2[CH2:29][CH2:15][CH3:2])[cH:10][cH:12][c:42]([C:38]([CH3:4])=[O:7])[c:44]1[OH:9],1,2,2.05
golden_1414,Br[CH2:12][CH2:11][O:15][CH2:10][CH2:9][O:14][CH2:8][CH2:7][O:13][CH3:1].O=C([O-])[O-].[CH3:2][O:16][c:19]1[cH:4][c:18]([NH2:3])[cH:5][c:20]([OH:17])[cH:6]1.[I-].[K+].[K+].[Na+]>>[CH3:1][O:13][CH2:7][CH2:8][O:14][CH2:9][CH2:10][O:15][CH2:11][CH2:12][O:17][c:20]1[cH:5][c:18]([NH2:3])[cH:4][c:19]([O:16][CH3:2])[cH:6]1,1,2,0.06
golden_1415,Br[CH2:14][CH2:13][O:17][CH2:12][CH2:11][O:16][CH2:10][CH2:9][O:15][CH3:1].O=C([O-])[O-].[CH3:2][N:22]([CH3:3])[c:20]1[cH:6][c:19]([OH:18])[cH:7][c:21]([N+:23](=[O:4])[O-:5])[cH:8]1.[K+].[K+]>>[CH3:1][O:15][CH2:9][CH2:10][O:16][CH2:11][CH2:12][O:17][CH2:13][CH2:14][O:18][c:19]1[cH:6][c:20]([N:22]([CH3:2])[CH3:3])[cH:8][c:21]([N+:23](=[O:4])[O-:5])[cH:7]1,1,2,0.06
golden_1416,C1CCNC1.O=[C:25]1[CH2:12][CH2:10][N:23]([C:19](=[O:6])[O:16][C:24]([CH3:2])([CH3:3])[CH3:4])[CH2:11][CH2:13]1.[CH3:1][O:15][c:20]1[cH:7][cH:8][c:21]([OH:17])[c:22]([C:18](=[O:5])[CH3:14])[cH:9]1>>[CH3:1][O:15][c:20]1[cH:7][cH:8][c:21]2[c:22]([cH:9]1)[C:18](=[O:5])[CH2:14][C:25]1([CH2:12][CH2:10][N:23]([C:19](=[O:6])[O:16][C:24]([CH3:2])([CH3:3])[CH3:4])[CH2:11][CH2:13]1)[O:17]2,1,4,1.25
golden_1417,C1CCNC1.O=[C:24]1[CH2:14][CH2:12][N:23]([C:19](=[O:2])[c:20]2[cH:8][cH:4][cH:3][cH:5][cH:9]2)[CH2:13][CH2:15]1.[O:1]=[C:18]([CH3:16])[c:22]1[cH:11][cH:7][cH:6][cH:10][c:21]1[OH:17]>>[O:1]=[C:18]1[CH2:16][C:24]2([CH2:14][CH2:12][N:23]([C:19](=[O:2])[c:20]3[cH:8][cH:4][cH:3][cH:5][cH:9]3)[CH2:13][CH2:15]2)[O:17][c:21]2[cH:10][cH:6][cH:7][cH:11][c:22]21,1,4,0.12
golden_1418,C1CCNC1.O=[C:26]1[CH2:14][CH2:12][N:25]([C:20](=[O:3])[c:22]2[cH:8][cH:5][cH:4][cH:6][cH:9]2)[CH2:13][CH2:15]1.[CH3:1][O:17][c:21]1[cH:7][cH:10][c:23]([OH:18])[c:24]([C:19](=[O:2])[CH3:16])[cH:11]1>>[CH3:1][O:17][c:21]1[cH:7][cH:10][c:23]2[c:24]([cH:11]1)[C:19](=[O:2])[CH2:16][C:26]1([CH2:14][CH2:12][N:25]([C:20](=[O:3])[c:22]3[cH:8][cH:5][cH:4][cH:6][cH:9]3)[CH2:13][CH2:15]1)[O:18]2,1,4,0.13
golden_1419,C.O[c:16]1[c:14]([C:12](=[O:5])[O:10][CH3:1])[cH:7][cH:6][cH:8][c:15]1[NH2:9].[CH3:2][C:17]([CH3:3])([CH3:4])[CH:13]=[O:11]>>[CH3:1][O:10][C:12](=[O:5])[c:14]1[cH:7][cH:6][cH:8][c:15]2[n:9][c:13]([C:17]([CH3:2])([CH3:3])[CH3:4])[o:11][c:16]12,1,4,0.09
golden_1420,CCl.N#CC1=C(C#N)C(=O)C(Cl)=C(Cl)C1=O.O=C([O-])[O-].O=[CH:25][c:29]1[cH:7][c:27]([O:22][CH2:18][CH2:16][CH2:14][CH2:12][CH2:10][CH3:1])[c:26]([CH2:20][OH:4])[cH:6][c:28]1[O:23][CH2:19][CH2:17][CH2:15][CH2:13][CH2:11][CH3:2].[CH3:3][c:30]1[cH:8][cH:5][cH:9][c:31]([OH:24])[c:32]1[NH2:21].[Na+].[Na+]>>[CH3:1][CH2:10][CH2:12][CH2:14][CH2:16][CH2:18][O:22][c:27]1[cH:7][c:29](-[c:25]2[n:21][c:32]3[c:30]([CH3:3])[cH:8][cH:5][cH:9][c:31]3[o:24]2)[c:28]([O:23][CH2:19][CH2:17][CH2:15][CH2:13][CH2:11][CH3:2])[cH:6][c:26]1[CH2:20][OH:4],1,4,2.43
golden_1421,CCN(CC)CC.Cl.O=C(CCl)O[C:24]([CH2:12][Cl:4])=[O:18].O[NH2:13].[CH3:1][S:27](=[O:2])(=[O:3])[NH:17][c:19]1[cH:7][c:20](-[c:22]2[cH:11][n:26]3[n:16][cH:6][cH:5][cH:10][c:25]3[n:15]2)[cH:9][c:21]([C:23]#[N:14])[cH:8]1>>[CH3:1][S:27](=[O:2])(=[O:3])[NH:17][c:19]1[cH:7][c:20](-[c:22]2[cH:11][n:26]3[n:16][cH:6][cH:5][cH:10][c:25]3[n:15]2)[cH:9][c:21](-[c:23]2[n:13][o:18][c:24]([CH2:12][Cl:4])[n:14]2)[cH:8]1,1,5,0.14
golden_1422,CCN(C(C)C)C(C)C.N#Cc1ccc(S(N)(=O)=O)cc1.O=C(Cl)C(=O)Cl.O=[C:24]([OH:18])[c:21]1[cH:8][cH:14][c:28](-[c:27]2[cH:13][s:19][cH:11][c:25]2[CH3:2])[c:26]([O:17][CH3:1])[cH:12]1.O[NH:16][C:23](=[NH:15])[c:20]1[cH:6][cH:9][c:22]([S:29]([NH2:3])(=[O:4])=[O:5])[cH:10][cH:7]1>>[CH3:1][O:17][c:26]1[cH:12][c:21](-[c:24]2[n:16][c:23](-[c:20]3[cH:6][cH:9][c:22]([S:29]([NH2:3])(=[O:4])=[O:5])[cH:10][cH:7]3)[n:15][o:18]2)[cH:8][cH:14][c:28]1-[c:27]1[cH:13][s:19][cH:11][c:25]1[CH3:2],1,4,2.48
golden_1423,Cl.O[NH2:19].[Na+].[O-][C:26]([CH3:1])=[O:21].[O:2]=[c:30]1[c:29](-[c:28]2[cH:15][cH:9][cH:8][cH:14][c:27]2[C:25]#[N:20])[cH:16][c:22](-[c:24]2[cH:13][cH:7][cH:4][cH:10][n:18]2)[cH:17][n:31]1-[c:23]1[cH:11][cH:5][cH:3][cH:6][cH:12]1>>[CH3:1][c:26]1[n:20][c:25](-[c:27]2[cH:14][cH:8][cH:9][cH:15][c:28]2-[c:29]2[cH:16][c:22](-[c:24]3[cH:13][cH:7][cH:4][cH:10][n:18]3)[cH:17][n:31](-[c:23]3[cH:11][cH:5][cH:3][cH:6][cH:12]3)[c:30]2=[O:2])[n:19][o:21]1,1,5,0.16
golden_1424,CCN(C(C)C)C(C)C.F[c:27]1[cH:17][cH:16][c:26]([N+:30](=[O:3])[O-:5])[cH:18][c:28]1[N+:31](=[O:4])[O-:6].[CH3:1][O:21][C:22](=[O:2])[CH2:19][CH:29]([NH2:20])[c:25]1[cH:14][cH:12][c:24](-[c:23]2[cH:10][cH:8][cH:7][cH:9][cH:11]2)[cH:13][cH:15]1>>[CH3:1][O:21][C:22](=[O:2])[CH2:19][CH:29]([NH:20][c:27]1[cH:17][cH:16][c:26]([N+:30](=[O:3])[O-:5])[cH:18][c:28]1[N+:31](=[O:4])[O-:6])[c:25]1[cH:14][cH:12][c:24](-[c:23]2[cH:10][cH:8][cH:7][cH:9][cH:11]2)[cH:13][cH:15]1,1,2,0.24
golden_1425,F[c:13]1[cH:8][c:12]([F:6])[c:14]([N+:16](=[O:2])[O-:4])[cH:9][c:15]1[N+:17](=[O:3])[O-:5].O=C([O-])[O-].[Br-].[CH:1]#[C:7][CH2:10][NH2:11].[K+].[K+].[K+]>>[CH:1]#[C:7][CH2:10][NH:11][c:13]1[cH:8][c:12]([F:6])[c:14]([N+:16](=[O:2])[O-:4])[cH:9][c:15]1[N+:17](=[O:3])[O-:5],1,2,0.03
golden_1426,Cl.F[c:26]1[cH:12][cH:11][c:25]([N+:36](=[O:1])[O-:4])[cH:13][c:27]1[N+:37](=[O:2])[O-:5].O=C([O-])O.[Na+].[Na+].[O:3]=[P:38]([OH:8])([OH:9])[O:24][CH2:17][CH:31]1[O:23][CH:34]([n:35]2[cH:14][n:19][c:29]3[c:28]([NH:22][CH2:16][CH2:15][NH2:21])[n:18][cH:10][n:20][c:30]32)[CH:33]([OH:7])[CH:32]1[OH:6].[OH-]>>[O:1]=[N+:36]([O-:4])[c:25]1[cH:11][cH:12][c:26]([NH:21][CH2:15][CH2:16][NH:22][c:28]2[n:18][cH:10][n:20][c:30]3[c:29]2[n:19][cH:14][n:35]3[CH:34]2[O:23][CH:31]([CH2:17][O:24][P:38](=[O:3])([OH:8])[OH:9])[CH:32]([OH:6])[CH:33]2[OH:7])[c:27]([N+:37](=[O:2])[O-:5])[cH:13]1,1,2,0.12
golden_1427,CN(C)C=O.CS(=O)(=O)O[CH2:15][CH2:16][n:30]1[c:24]([N:28]2[CH2:13][CH2:10][CH2:11][N:27]([C:22](=[O:5])[O:21][C:31]([CH3:2])([CH3:3])[CH3:4])[CH2:12][CH2:14]2)[n:19][c:25]2[cH:8][cH:6][cH:7][cH:9][c:26]21.[CH3:1][c:23]1[n:18][n:17][nH:20][n:29]1.[H-].[Na+]>>[CH3:1][c:23]1[n:18][n:17][n:20][n:29]1[CH2:15][CH2:16][n:30]1[c:24]([N:28]2[CH2:13][CH2:10][CH2:11][N:27]([C:22](=[O:5])[O:21][C:31]([CH3:2])([CH3:3])[CH3:4])[CH2:12][CH2:14]2)[n:19][c:25]2[cH:8][cH:6][cH:7][cH:9][c:26]21,1,2,0.21
golden_1428,CS(=O)(=O)O[CH2:11][CH2:10][CH2:9][F:4].O=C([O-])[O-].[K+].[K+].[O:1]=[c:17]1[nH:18][n:12][n:13][n:19]1-[c:16]1[cH:8][cH:6][c:14]([N+:20](=[O:2])[O-:3])[cH:7][c:15]1[F:5]>>[O:1]=[c:17]1[n:18]([CH2:11][CH2:10][CH2:9][F:4])[n:12][n:13][n:19]1-[c:16]1[cH:8][cH:6][c:14]([N+:20](=[O:2])[O-:3])[cH:7][c:15]1[F:5],1,2,0.03
golden_1429,CCN(CC)CC.CS(=O)(=O)Cl.O=C([O-])[O-].O[CH2:19][c:24]1[cH:6][cH:8][c:25]([S:31](=[O:1])(=[O:2])[CH:28]2[CH2:14][CH2:17][N:29]([CH2:16][CH2:13][c:27]3[cH:11][cH:5][c:23]([F:3])[cH:10][c:26]3[F:4])[CH2:18][CH2:15]2)[cH:9][cH:7]1.[Cs+].[Cs+].[I-].[Na+].[cH:12]1[n:20][nH:21][n:22][n:30]1>>[O:1]=[S:31](=[O:2])([c:25]1[cH:8][cH:6][c:24]([CH2:19][n:30]2[cH:12][n:20][n:21][n:22]2)[cH:7][cH:9]1)[CH:28]1[CH2:14][CH2:17][N:29]([CH2:16][CH2:13][c:27]2[cH:11][cH:5][c:23]([F:3])[cH:10][c:26]2[F:4])[CH2:18][CH2:15]1,1,2,0.16
golden_1430,C.CN(C)C=O.O=[C:23]([NH:14][NH2:15])[c:21]1[cH:10][cH:5][cH:3][cH:6][cH:11]1.[NH2:1][c:25]1[n:16][cH:12][c:22](-[c:20]2[cH:8][cH:4][cH:7][c:19]([CH2:13][OH:2])[cH:9]2)[n:17][c:26]1[C:24]#[N:18]>>[NH2:1][c:25]1[n:16][cH:12][c:22](-[c:20]2[cH:8][cH:4][cH:7][c:19]([CH2:13][OH:2])[cH:9]2)[n:17][c:26]1-[c:24]1[n:15][n:14][c:23](-[c:21]2[cH:10][cH:5][cH:3][cH:6][cH:11]2)[nH:18]1,1,3,0.14
golden_1431,C1COCCO1.O=[C:19]([CH2:11][c:18]1[cH:8][cH:6][c:17]([F:2])[cH:7][cH:9]1)[NH:12][NH2:13].[OH:1][c:23]1[c:21]([C:20]#[N:16])[n:14][c:22]([Br:3])[c:24]2[cH:10][cH:4][cH:5][n:15][c:25]12>>[OH:1][c:23]1[c:21](-[c:20]2[n:13][n:12][c:19]([CH2:11][c:18]3[cH:8][cH:6][c:17]([F:2])[cH:7][cH:9]3)[nH:16]2)[n:14][c:22]([Br:3])[c:24]2[cH:10][cH:4][cH:5][n:15][c:25]12,1,3,1.25
golden_1432,O=C([O-])[O-].O=[C:24]([NH:15][NH2:14])[CH:27]1[CH2:12][CH2:10][CH2:13][N:28]1[C:21](=[O:6])[O:20][C:29]([CH3:3])([CH3:4])[CH3:5].[CH3:1][O:18][c:25]1[cH:8][cH:7][c:22]([O:17][CH2:11][C:23]#[N:16])[cH:9][c:26]1[O:19][CH3:2].[K+].[K+]>>[CH3:1][O:18][c:25]1[cH:8][cH:7][c:22]([O:17][CH2:11][c:23]2[n:14][n:15][c:24]([CH:27]3[CH2:12][CH2:10][CH2:13][N:28]3[C:21](=[O:6])[O:20][C:29]([CH3:3])([CH3:4])[CH3:5])[nH:16]2)[cH:9][c:26]1[O:19][CH3:2],1,3,1.30
golden_1433,CC(=O)O.C[O-].O=[C:21]([NH:15][NH2:14])[CH:22]1[CH2:8][CH2:10][N:23]([C:18](=[O:4])[O:17][C:24]([CH3:1])([CH3:2])[CH3:3])[CH2:11][CH2:9]1.[Na+].[cH:5]1[cH:6][n:13][c:19]([C:20]#[N:16])[cH:7][n:12]1>>[CH3:1][C:24]([CH3:2])([CH3:3])[O:17][C:18](=[O:4])[N:23]1[CH2:10][CH2:8][CH:22]([c:21]2[n:15][n:14][c:20](-[c:19]3[cH:7][n:12][cH:5][cH:6][n:13]3)[nH:16]2)[CH2:9][CH2:11]1,1,3,0.09
golden_1434,C[O-].Cl.O=[C:25]([CH3:1])[NH:16][NH2:17].[Na+].[O:2]=[C:23]1[NH:20][c:30]2[cH:9][c:24]([C:26]#[N:21])[n:18][c:33]([CH:36]3[CH2:12][CH2:13]3)[c:35]2[CH2:15][N:38]1[c:32]1[cH:10][c:31]2[c:29]([cH:8][c:28]1[Cl:4])[CH2:11][CH2:14][CH:37]([c:34]1[n:19][cH:6][cH:5][cH:7][c:27]1[F:3])[O:22]2>>[CH3:1][c:25]1[n:16][n:17][c:26](-[c:24]2[cH:9][c:30]3[c:35]([c:33]([CH:36]4[CH2:12][CH2:13]4)[n:18]2)[CH2:15][N:38]([c:32]2[cH:10][c:31]4[c:29]([cH:8][c:28]2[Cl:4])[CH2:11][CH2:14][CH:37]([c:34]2[n:19][cH:6][cH:5][cH:7][c:27]2[F:3])[O:22]4)[C:23](=[O:2])[NH:20]3)[nH:21]1,1,3,1.20
golden_1435,CC[O-].Cl.O=[C:24]([NH:14][NH2:13])[c:21]1[cH:8][cH:3][cH:9][c:22]([CH:26]2[O:17][CH2:11][CH2:12][O:18]2)[cH:10]1.[F:1][CH:25]([F:2])[O:16][c:19]1[cH:4][cH:6][c:20]([C:23]#[N:15])[cH:7][cH:5]1.[Na+].[Na]>>[F:1][CH:25]([F:2])[O:16][c:19]1[cH:4][cH:6][c:20](-[c:23]2[n:13][n:14][c:24](-[c:21]3[cH:8][cH:3][cH:9][c:22]([CH:26]4[O:17][CH2:11][CH2:12][O:18]4)[cH:10]3)[nH:15]2)[cH:7][cH:5]1,1,3,1.17
golden_1436,CO.ClC(Cl)Cl.O=C([O-])[O-].O=[C:19]([NH:12][NH2:11])[c:17]1[cH:7][cH:9][c:21]2[c:20]([cH:8]1)[CH2:10][C:15](=[O:1])[NH:13]2.[K+].[K+].[cH:2]1[cH:3][cH:5][c:16]([C:18]#[N:14])[cH:6][cH:4]1>>[O:1]=[C:15]1[CH2:10][c:20]2[cH:8][c:17](-[c:19]3[n:12][n:11][c:18](-[c:16]4[cH:5][cH:3][cH:2][cH:4][cH:6]4)[nH:14]3)[cH:7][cH:9][c:21]2[NH:13]1,1,3,1.10
golden_1437,C1CCC2=NCCCN2CC1.O=[C:20]([CH2:11][NH:15][C:17](=[O:1])[c:23]1[cH:10][cH:6][c:18]([OH:2])[cH:9][c:22]1[OH:3])[NH:13][NH2:14].[cH:4]1[cH:7][c:19]([C:21]#[N:16])[cH:8][cH:5][n:12]1>>[O:1]=[C:17]([NH:15][CH2:11][c:20]1[n:13][n:14][c:21](-[c:19]2[cH:7][cH:4][n:12][cH:5][cH:8]2)[nH:16]1)[c:23]1[cH:10][cH:6][c:18]([OH:2])[cH:9][c:22]1[OH:3],1,3,1.31
golden_1438,CCCCO.O=C([O-])[O-].O=[C:24]([CH2:12][CH2:13][C:26]1([c:23]2[cH:8][cH:4][c:21]([O:18][CH3:1])[cH:5][cH:9]2)[O:19][CH2:10][CH2:11][O:20]1)[NH:15][NH2:16].[K+].[K+].[cH:2]1[cH:6][c:22]([C:25]#[N:17])[cH:7][cH:3][n:14]1>>[CH3:1][O:18][c:21]1[cH:4][cH:8][c:23]([C:26]2([CH2:13][CH2:12][c:24]3[n:15][n:16][c:25](-[c:22]4[cH:6][cH:2][n:14][cH:3][cH:7]4)[nH:17]3)[O:19][CH2:10][CH2:11][O:20]2)[cH:9][cH:5]1,1,3,1.43
golden_1439,CS(=O)(=O)O[CH2:19][CH2:18][CH:37]1[O:26][CH:38]([c:33]2[cH:13][cH:8][cH:11][c:31]([O:24][CH3:2])[c:35]2[O:25][CH3:3])[c:32]2[cH:12][c:29]([Cl:7])[cH:10][cH:14][c:34]2-[n:40]2[cH:16][cH:9][cH:15][c:36]21.O=C([O-])[O-].[CH3:1][O:23][C:28](=[O:6])[C:41]([CH3:4])([CH3:5])[O:27][CH2:17][c:30]1[n:20][n:21][nH:39][n:22]1.[K+].[K+]>>[CH3:1][O:23][C:28](=[O:6])[C:41]([CH3:4])([CH3:5])[O:27][CH2:17][c:30]1[n:20][n:21][n:39]([CH2:19][CH2:18][CH:37]2[O:26][CH:38]([c:33]3[cH:13][cH:8][cH:11][c:31]([O:24][CH3:2])[c:35]3[O:25][CH3:3])[c:32]3[cH:12][c:29]([Cl:7])[cH:10][cH:14][c:34]3-[n:40]3[cH:16][cH:9][cH:15][c:36]32)[n:22]1,1,2,0.17
golden_1440,CS(=O)(=O)O[CH2:15][CH:28]1[CH2:10][CH2:12][N:29]([C:22](=[O:3])[CH:5]=[CH:6][c:26]2[cH:8][cH:7][c:23]([Cl:4])[cH:9][c:27]2[CH2:14][n:30]2[n:18][n:16][c:24]([CH3:1])[n:20]2)[CH2:13][CH2:11]1.O.O=C([O-])[O-].[CH3:2][c:25]1[n:17][n:19][nH:31][n:21]1.[Cs+].[Cs+]>>[CH3:1][c:24]1[n:16][n:18][n:30]([CH2:14][c:27]2[cH:9][c:23]([Cl:4])[cH:7][cH:8][c:26]2[CH:6]=[CH:5][C:22](=[O:3])[N:29]2[CH2:12][CH2:10][CH:28]([CH2:15][n:31]3[n:19][n:17][c:25]([CH3:2])[n:21]3)[CH2:11][CH2:13]2)[n:20]1,1,2,0.10
golden_1441,CS(=O)(=O)O[CH2:11][CH:21]([CH3:1])[NH:15][C:17](=[O:5])[O:16][C:23]([CH3:2])([CH3:3])[CH3:4].[F:6][c:18]1[cH:7][cH:9][c:19](-[c:20]2[n:12][n:13][nH:22][n:14]2)[cH:10][cH:8]1>>[CH3:1][CH:21]([CH2:11][n:22]1[n:13][n:12][c:20](-[c:19]2[cH:9][cH:7][c:18]([F:6])[cH:8][cH:10]2)[n:14]1)[NH:15][C:17](=[O:5])[O:16][C:23]([CH3:2])([CH3:3])[CH3:4],1,2,0.05
golden_1442,Br[c:20]1[cH:9][cH:7][c:19]([CH2:12][NH:15][C:18](=[O:5])[O:16][CH2:11][CH2:13][Si:23]([CH3:2])([CH3:3])[CH3:4])[cH:8][cH:10]1.O=C(O)[c:22]1[s:17][cH:6][n:14][c:21]1[CH3:1].O=C([O-])[O-].[Cs+].[Cs+]>>[CH3:1][c:21]1[n:14][cH:6][s:17][c:22]1-[c:20]1[cH:9][cH:7][c:19]([CH2:12][NH:15][C:18](=[O:5])[O:16][CH2:11][CH2:13][Si:23]([CH3:2])([CH3:3])[CH3:4])[cH:8][cH:10]1,1,3,0.08
golden_1443,CCNCC.O=[C:12]([C:14]1=[C:15](O)[CH2:9][CH2:7][CH2:6][CH2:8]1)[CH:16]([CH3:1])[CH3:2].[N:3]#[C:5][CH2:13][C:11](=[O:4])[NH2:10]>>[CH3:1][CH:16]([CH3:2])[c:12]1[n:10][c:11]([OH:4])[c:13]([C:5]#[N:3])[c:15]2[c:14]1[CH2:8][CH2:6][CH2:7][CH2:9]2,1,6,1.23
golden_1444,CO.O=[C:10]([CH3:1])[CH:8]=[C:11]([OH:3])[C:14]([F:4])([F:5])[F:6].[N:2]#[C:7][CH2:13][C:12]#[N:9]>>[CH3:1][c:10]1[cH:8][c:11]([C:14]([F:4])([F:5])[F:6])[c:13]([C:7]#[N:2])[c:12]([OH:3])[n:9]1,1,7,0.12
golden_1445,O=[C:17]([NH:13][NH:19][CH3:1])[c:15]1[cH:7][cH:5][c:14]([Cl:2])[cH:6][cH:8]1.[Na].[cH:3]1[cH:9][c:16]([C:18]#[N:12])[cH:10][cH:4][n:11]1>>[CH3:1][n:19]1[n:13][c:17](-[c:15]2[cH:7][cH:5][c:14]([Cl:2])[cH:6][cH:8]2)[n:12][c:18]1-[c:16]1[cH:9][cH:3][n:11][cH:4][cH:10]1,1,3,0.06
golden_1446,O=[C:16]([NH:13][NH:18][CH3:1])[c:14]1[cH:7][cH:4][n:10][cH:5][cH:8]1.[Na].[cH:2]1[cH:3][cH:9][c:15]([C:17]#[N:12])[n:11][cH:6]1>>[CH3:1][n:18]1[n:13][c:16](-[c:14]2[cH:7][cH:4][n:10][cH:5][cH:8]2)[n:12][c:17]1-[c:15]1[cH:9][cH:3][cH:2][cH:6][n:11]1,1,3,0.06
golden_1447,O=[C:17]([NH:13][NH:19][CH3:1])[c:15]1[cH:7][cH:5][c:14]([Cl:2])[cH:6][cH:8]1.[Na].[cH:3]1[cH:4][n:11][cH:10][c:16]([C:18]#[N:12])[cH:9]1>>[CH3:1][n:19]1[n:13][c:17](-[c:15]2[cH:7][cH:5][c:14]([Cl:2])[cH:6][cH:8]2)[n:12][c:18]1-[c:16]1[cH:9][cH:3][cH:4][n:11][cH:10]1,1,3,0.05
golden_1448,Br[C:19]([F:4])=[C:20]1[CH2:14][CH2:16][N:25]([c:24]2[n:18][c:22]([CH3:1])[cH:12][cH:13][c:23]2[N+:26](=[O:2])[O-:3])[CH2:17][CH2:15]1.ClCCl.[CH2:5]=[CH:6][c:21]1[cH:10][cH:8][cH:7][cH:9][cH:11]1>>[CH3:1][c:22]1[cH:12][cH:13][c:23]([N+:26](=[O:2])[O-:3])[c:24]([N:25]2[CH2:16][CH2:14][C:20](=[C:19]([F:4])[CH:5]=[CH:6][c:21]3[cH:10][cH:8][cH:7][cH:9][cH:11]3)[CH2:15][CH2:17]2)[n:18]1,1,3,0.08
golden_1449,Br[c:34]1[cH:16][cH:18][c:36]([CH2:19][c:39]2[c:37]([CH:40]([CH3:6])[CH3:7])[n:21][nH:22][c:38]2[O:24][CH:42]2[O:25][CH:41]([CH2:20][O:23][C:30]([CH3:1])=[O:9])[CH:43]([O:26][C:31]([CH3:2])=[O:10])[CH:45]([O:28][C:33]([CH3:4])=[O:12])[CH:44]2[O:27][C:32]([CH3:3])=[O:11])[c:35]([CH3:5])[cH:17]1.C=CCC(=O)O.[O:8]=[C:29]([OH:13])[CH:14]=[CH2:15]>>[CH3:1][C:30](=[O:9])[O:23][CH2:20][CH:41]1[O:25][CH:42]([O:24][c:38]2[nH:22][n:21][c:37]([CH:40]([CH3:6])[CH3:7])[c:39]2[CH2:19][c:36]2[cH:18][cH:16][c:34]([CH:15]=[CH:14][C:29](=[O:8])[OH:13])[cH:17][c:35]2[CH3:5])[CH:44]([O:27][C:32]([CH3:3])=[O:11])[CH:45]([O:28][C:33]([CH3:4])=[O:12])[CH:43]1[O:26][C:31]([CH3:2])=[O:10],1,3,0.30
golden_1450,CCN(CC)CC.CCOCC.I[C:23]1=[C:24]([c:25]2[cH:13][cH:11][cH:10][cH:12][cH:14]2)[N:26]([C:22](=[O:7])[O:19][C:27]([CH3:2])([CH3:3])[CH3:4])[CH2:17][CH2:16][C:21]1=[O:6].[CH3:1][CH2:15][O:18][C:20](=[O:5])[CH:8]=[CH2:9]>>[CH3:1][CH2:15][O:18][C:20](=[O:5])[CH:8]=[CH:9][C:23]1=[C:24]([c:25]2[cH:13][cH:11][cH:10][cH:12][cH:14]2)[N:26]([C:22](=[O:7])[O:19][C:27]([CH3:2])([CH3:3])[CH3:4])[CH2:17][CH2:16][C:21]1=[O:6],1,3,0.12
golden_1451,Br[c:30]1[cH:13][cH:15][c:32]([N:35]([CH2:19][CH:33]([CH3:3])[CH3:4])[CH2:20][CH:34]([CH3:5])[CH3:6])[c:31]([NH:22][C:24](=[O:7])[NH:21][c:29]2[cH:11][cH:9][c:28]([CH3:2])[cH:10][cH:12]2)[cH:14]1.Cc1ccccc1P(c1ccccc1C)c1ccccc1C.[CH3:1][O:23][C:25](=[O:8])[C:26]1=[CH:27][CH2:18][CH2:16][CH2:17]1>>[CH3:1][O:23][C:25](=[O:8])[C:26]1=[C:27]([c:30]2[cH:13][cH:15][c:32]([N:35]([CH2:19][CH:33]([CH3:3])[CH3:4])[CH2:20][CH:34]([CH3:5])[CH3:6])[c:31]([NH:22][C:24](=[O:7])[NH:21][c:29]3[cH:11][cH:9][c:28]([CH3:2])[cH:10][cH:12]3)[cH:14]2)[CH2:18][CH2:16][CH2:17]1,1,3,0.42
golden_1452,CCCCCC.I[c:27]1[cH:15][cH:7][cH:8][c:23]([I:3])[cH:16]1.[CH3:1][CH2:19][C:21](=[CH:22][c:26]1[cH:13][cH:9][c:24]([O:20][CH2:18][CH2:17][Cl:2])[cH:10][cH:14]1)[c:25]1[cH:11][cH:5][cH:4][cH:6][cH:12]1.[Li][CH2]CCC>>[CH3:1][CH2:19][C:21](=[C:22]([c:26]1[cH:13][cH:9][c:24]([O:20][CH2:18][CH2:17][Cl:2])[cH:10][cH:14]1)[c:27]1[cH:15][cH:7][cH:8][c:23]([I:3])[cH:16]1)[c:25]1[cH:11][cH:5][cH:4][cH:6][cH:12]1,1,3,0.23
golden_1453,O=[C:17]([NH:12][NH2:11])[c:15]1[cH:6][n:8][cH:2][cH:4][n:10]1.[Na].[cH:1]1[cH:3][n:9][c:14]([C:16]#[N:13])[cH:5][n:7]1>>[cH:1]1[cH:3][n:9][c:14](-[c:16]2[n:11][n:12][c:17](-[c:15]3[cH:6][n:8][cH:2][cH:4][n:10]3)[nH:13]2)[cH:5][n:7]1,1,3,0.18
golden_1454,CO.C[O-].O=[CH:6][NH:17][NH2:19].[Na+].[O:1]=[C:24]([c:31]1[cH:11][cH:4][cH:10][c:30]([Cl:3])[c:32]1[F:2])[N:34]1[CH2:15][CH2:12][N:33]([CH2:14][c:26]2[cH:8][c:25]([C:28]#[N:22])[cH:9][c:27]([NH:21][c:29]3[n:20][cH:5][cH:7][s:23]3)[n:18]2)[CH2:13][CH2:16]1>>[O:1]=[C:24]([c:31]1[cH:11][cH:4][cH:10][c:30]([Cl:3])[c:32]1[F:2])[N:34]1[CH2:15][CH2:12][N:33]([CH2:14][c:26]2[cH:8][c:25](-[c:28]3[n:19][n:17][cH:6][nH:22]3)[cH:9][c:27]([NH:21][c:29]3[n:20][cH:5][cH:7][s:23]3)[n:18]2)[CH2:13][CH2:16]1,1,3,1.38
golden_1455,O=[CH:8][NH:19][NH2:20].[F:1][CH:31]([F:2])[O:22][c:29]1[cH:15][cH:13][c:27]([N:33]([CH2:17][c:24]2[cH:9][cH:5][cH:7][n:18][cH:10]2)[c:26]2[cH:12][cH:6][cH:11][c:25]([C:28]#[N:21])[cH:14]2)[cH:16][c:30]1[O:23][CH:32]([F:3])[F:4].[H-].[Na+]>>[F:1][CH:31]([F:2])[O:22][c:29]1[cH:15][cH:13][c:27]([N:33]([CH2:17][c:24]2[cH:9][cH:5][cH:7][n:18][cH:10]2)[c:26]2[cH:12][cH:6][cH:11][c:25](-[c:28]3[n:20][n:19][cH:8][nH:21]3)[cH:14]2)[cH:16][c:30]1[O:23][CH:32]([F:3])[F:4],1,3,1.17
golden_1456,CCN(CC)CC.Cl.O=[CH:6][NH:11][NH2:12].[F:1][C:18]([F:2])([F:3])[O:14][c:16]1[cH:9][cH:7][c:15]([CH:4]=[CH:5][C:17]#[N:13])[cH:8][cH:10]1>>[F:1][C:18]([F:2])([F:3])[O:14][c:16]1[cH:9][cH:7][c:15]([CH:4]=[CH:5][c:17]2[n:12][n:11][cH:6][nH:13]2)[cH:8][cH:10]1,1,3,0.23
golden_1457,CCCCCC.O=C([O-])[O-].O=[CH:5][NH:13][NH2:14].[K+].[K+].[cH:1]1[cH:2][cH:6][c:17]([CH2:11][O:16][c:19]2[cH:9][cH:4][cH:8][c:18]([CH2:12][C:20]#[N:15])[cH:10]2)[cH:7][cH:3]1>>[cH:1]1[cH:2][cH:6][c:17]([CH2:11][O:16][c:19]2[cH:9][cH:4][cH:8][c:18]([CH2:12][c:20]3[n:14][n:13][cH:5][nH:15]3)[cH:10]2)[cH:7][cH:3]1,1,3,0.66
golden_1458,Brc1cccc2c(Nc3ccc4ncccc4c3)nccc12.OB(O)c1ccc(O[CH2:21][c:26]2[cH:9][cH:3][cH:2][cH:4][cH:10]2)c(F)c1.[F:1][c:29]1[cH:13][c:28](-[c:31]2[cH:15][cH:6][cH:20][c:36]3[c:32]([NH:24][c:27]4[cH:11][cH:18][c:34]5[n:23][cH:8][cH:5][cH:16][c:33]5[cH:17]4)[n:22][cH:7][cH:19][c:35]23)[cH:12][cH:14][c:30]1[OH:25]>>[F:1][c:29]1[cH:13][c:28](-[c:31]2[cH:15][cH:6][cH:20][c:36]3[c:32]([NH:24][c:27]4[cH:11][cH:18][c:34]5[n:23][cH:8][cH:5][cH:16][c:33]5[cH:17]4)[n:22][cH:7][cH:19][c:35]23)[cH:12][cH:14][c:30]1[O:25][CH2:21][c:26]1[cH:9][cH:3][cH:2][cH:4][cH:10]1,1,2,1.91
golden_1459,O=[C:17]([c:14]1[cH:7][cH:3][cH:2][cH:4][cH:8]1)[c:16]1[n:10][cH:6][cH:5][cH:9][c:15]1[C:13](O)=[O:1].[NH2:11][NH2:12]>>[O:1]=[C:13]1[NH:11][NH:12][CH:17]([c:14]2[cH:7][cH:3][cH:2][cH:4][cH:8]2)[c:16]2[n:10][cH:6][cH:5][cH:9][c:15]21,1,5,0.05
golden_1460,Br[c:16]1[cH:10][cH:12][c:17]([C:18]([F:2])([F:3])[F:4])[cH:13][cH:11]1.COCCOC.O=C(O)[c:15]1[cH:8][cH:6][c:14]([CH:5]=[O:1])[cH:7][cH:9]1.O=C([O-])[O-].[Na+].[Na+]>>[O:1]=[CH:5][c:14]1[cH:6][cH:8][c:15](-[c:16]2[cH:10][cH:12][c:17]([C:18]([F:2])([F:3])[F:4])[cH:13][cH:11]2)[cH:9][cH:7]1,1,3,0.08
golden_1461,Br[c:15]1[cH:7][cH:10][c:18]([C:13](=[O:2])[OH:3])[c:16]([Cl:5])[cH:8]1.C1COCCO1.O=C(O)[c:19]1[cH:11][c:14]([Cl:4])[cH:6][cH:9][c:17]1[O:12][CH3:1].O=C([O-])[O-].[Na+].[Na+]>>[CH3:1][O:12][c:17]1[cH:9][cH:6][c:14]([Cl:4])[cH:11][c:19]1-[c:15]1[cH:7][cH:10][c:18]([C:13](=[O:2])[OH:3])[c:16]([Cl:5])[cH:8]1,1,3,0.08
golden_1462,CCC(C)=O.Cc1ccc(S(=O)(=O)O[CH2:12][CH:21]2[CH2:9][CH:22]3[c:18]4[cH:7][cH:5][cH:8][c:19]5[nH:14][cH:6][c:17]([c:20]45)[CH2:10][CH:23]3[N:26]([CH3:2])[CH2:13]2)cc1.O=C([O-])[O-].[CH3:1][N:24]1[CH2:11][C:15](=[O:3])[NH:25][C:16]1=[O:4].[K+].[K+]>>[CH3:1][N:24]1[CH2:11][C:15](=[O:3])[N:25]([CH2:12][CH:21]2[CH2:9][CH:22]3[c:18]4[cH:7][cH:5][cH:8][c:19]5[nH:14][cH:6][c:17]([c:20]45)[CH2:10][CH:23]3[N:26]([CH3:2])[CH2:13]2)[C:16]1=[O:4],1,2,1.94
golden_1463,Cc1ccc(S(=O)(=O)O[CH2:26][CH2:23][O:29][CH2:22][CH2:24][O:30][c:39]2[cH:19][cH:20][c:40]([O:31][CH2:25][c:37]3[cH:15][cH:11][cH:10][cH:12][cH:16]3)[c:41]([C:34](=[O:7])[NH:28][c:38]3[cH:17][cH:13][cH:14][n:27][cH:18]3)[cH:21]2)cc1.O=C([O-])[O-].[CH3:1][C:43]([CH3:2])([CH3:3])[O:32][C:35](=[O:8])[NH:42][C:36](=[O:9])[O:33][C:44]([CH3:4])([CH3:5])[CH3:6].[Cs+].[Cs+]>>[CH3:1][C:43]([CH3:2])([CH3:3])[O:32][C:35](=[O:8])[N:42]([CH2:26][CH2:23][O:29][CH2:22][CH2:24][O:30][c:39]1[cH:19][cH:20][c:40]([O:31][CH2:25][c:37]2[cH:15][cH:11][cH:10][cH:12][cH:16]2)[c:41]([C:34](=[O:7])[NH:28][c:38]2[cH:17][cH:13][cH:14][n:27][cH:18]2)[cH:21]1)[C:36](=[O:9])[O:33][C:44]([CH3:4])([CH3:5])[CH3:6],1,2,2.07
golden_1464,CN(C)C=O.CS(=O)(=O)O[CH2:17][C:25]([F:3])([F:4])[CH2:16][CH2:14][O:18][CH2:15][c:21]1[cH:10][cH:6][cH:5][cH:7][cH:11]1.[K].[O:1]=[C:19]1[c:22]2[cH:12][cH:8][cH:9][cH:13][c:23]2[C:20](=[O:2])[NH:24]1>>[O:1]=[C:19]1[c:22]2[cH:12][cH:8][cH:9][cH:13][c:23]2[C:20](=[O:2])[N:24]1[CH2:17][C:25]([F:3])([F:4])[CH2:16][CH2:14][O:18][CH2:15][c:21]1[cH:10][cH:6][cH:5][cH:7][cH:11]1,1,2,0.09
golden_1465,Br[c:29]1[cH:15][c:37](-[c:32]2[cH:17][c:38]3[cH:16][cH:9][cH:10][cH:18][c:39]3[nH:25]2)[c:42]2[n:23][c:31]([CH3:2])[cH:22][n:44]2[cH:21]1.CC(C)c1cc(C(C)C)c(-c2ccccc2P(C2CCCCC2)C2CCCCC2)c(C(C)C)c1.CC1(C)OB([c:33]2[cH:20][c:41]3[c:36]([C:27](=[O:5])[NH:24][CH3:1])[c:35](-[c:30]4[cH:13][cH:11][c:28]([F:8])[cH:12][cH:14]4)[o:26][c:40]3[cH:19][c:34]2[N:43]([CH3:3])[S:45]([CH3:4])(=[O:6])=[O:7])OC1(C)C.O=P([O-])([O-])[O-].[K+].[K+].[K+]>>[CH3:1][NH:24][C:27](=[O:5])[c:36]1[c:35](-[c:30]2[cH:13][cH:11][c:28]([F:8])[cH:12][cH:14]2)[o:26][c:40]2[cH:19][c:34]([N:43]([CH3:3])[S:45]([CH3:4])(=[O:6])=[O:7])[c:33](-[c:29]3[cH:15][c:37](-[c:32]4[cH:17][c:38]5[cH:16][cH:9][cH:10][cH:18][c:39]5[nH:25]4)[c:42]4[n:23][c:31]([CH3:2])[cH:22][n:44]4[cH:21]3)[cH:20][c:41]12,1,3,2.23
golden_1466,CC1(C)OB([c:27]2[cH:16][cH:17][c:28]([NH:21][C:25](=[O:7])[O:23][C:32]([CH3:1])([CH3:2])[CH3:3])[c:29]([NH:22][C:26](=[O:8])[O:24][C:33]([CH3:4])([CH3:5])[CH3:6])[cH:18]2)OC1(C)C.Cl[c:30]1[cH:19][cH:14][cH:15][cH:20][c:31]1[S:35](=[O:9])(=[O:10])[C:34]([F:11])([F:12])[F:13].O=C([O-])[O-].[Na+].[Na+]>>[CH3:1][C:32]([CH3:2])([CH3:3])[O:23][C:25](=[O:7])[NH:21][c:28]1[cH:17][cH:16][c:27](-[c:30]2[cH:19][cH:14][cH:15][cH:20][c:31]2[S:35](=[O:9])(=[O:10])[C:34]([F:11])([F:12])[F:13])[cH:18][c:29]1[NH:22][C:26](=[O:8])[O:24][C:33]([CH3:4])([CH3:5])[CH3:6],1,3,0.23
golden_1467,CCOC(C)=O.I[c:28]1[c:29]([NH:23][CH2:19][c:25]2[cH:12][cH:5][cH:2][cH:6][cH:13]2)[c:31]2[cH:18][n:21][cH:11][n:22][c:32]2[n:33]([O:24][CH2:20][c:26]2[cH:14][cH:7][cH:3][cH:8][cH:15]2)[c:30]1=[O:1].O=C([O-])[O-].OB(O)[c:27]1[cH:16][cH:9][cH:4][cH:10][cH:17]1.[Na+].[Na+]>>[O:1]=[c:30]1[c:28](-[c:27]2[cH:16][cH:9][cH:4][cH:10][cH:17]2)[c:29]([NH:23][CH2:19][c:25]2[cH:12][cH:5][cH:2][cH:6][cH:13]2)[c:31]2[cH:18][n:21][cH:11][n:22][c:32]2[n:33]1[O:24][CH2:20][c:26]1[cH:14][cH:7][cH:3][cH:8][cH:15]1,1,3,0.17
golden_1468,CCN(CC)CC.O=[C:15]([CH:6]=[C:16](O)[C:14](=[O:3])[O:13][CH2:9][CH3:1])[CH:19]1[CH2:10][CH2:7][CH2:8][CH2:11]1.[N:2]#[C:5][CH2:18][C:17](=[O:4])[NH2:12]>>[CH3:1][CH2:9][O:13][C:14](=[O:3])[c:16]1[cH:6][c:15]([CH:19]2[CH2:10][CH2:7][CH2:8][CH2:11]2)[n:12][c:17]([OH:4])[c:18]1[C:5]#[N:2],1,6,1.17
golden_1469,I[c:28]1[cH:12][cH:14][c:29]([N:37]([CH3:4])[c:32]2[n:20][c:30]([O:24][CH3:2])[cH:16][c:31]([O:25][CH3:3])[n:21]2)[cH:15][cH:13]1.[CH3:1][O:23][C:27](=[O:6])[CH:36]([CH2:19][CH:9]=[CH2:10])[NH:22][C:26](=[O:5])[c:35]1[c:33]([Cl:7])[cH:17][cH:11][cH:18][c:34]1[Cl:8]>>[CH3:1][O:23][C:27](=[O:6])[CH:36]([CH2:19][CH:9]=[CH:10][c:28]1[cH:12][cH:14][c:29]([N:37]([CH3:4])[c:32]2[n:20][c:30]([O:24][CH3:2])[cH:16][c:31]([O:25][CH3:3])[n:21]2)[cH:15][cH:13]1)[NH:22][C:26](=[O:5])[c:35]1[c:33]([Cl:7])[cH:17][cH:11][cH:18][c:34]1[Cl:8],1,3,0.15
golden_1470,Br[c:17]1[cH:6][cH:8][c:18]([C:15](=[O:1])[OH:3])[cH:9][cH:7]1.CCN(CC)CC.[O:2]=[C:16]([CH:4]=[CH2:5])[N:19]1[CH2:13][CH2:11][CH2:10][CH2:12][CH2:14]1>>[O:1]=[C:15]([OH:3])[c:18]1[cH:8][cH:6][c:17]([CH:5]=[CH:4][C:16](=[O:2])[N:19]2[CH2:13][CH2:11][CH2:10][CH2:12][CH2:14]2)[cH:7][cH:9]1,1,3,0.07
golden_1471,Br[c:23]1[cH:11][n:17][c:25]2[c:24]([cH:12]1)[CH2:15][NH:19][C:31]([CH3:3])([CH3:4])[C:22](=[O:6])[NH:18]2.CCN(C(C)C)C(C)C.Cc1ccccc1P(c1ccccc1C)c1ccccc1C.[CH3:1][c:27]1[c:26]([CH2:16][N:30]([CH3:2])[C:21](=[O:5])[CH:7]=[CH2:8])[s:20][c:28]2[cH:13][cH:9][cH:10][cH:14][c:29]12>>[CH3:1][c:27]1[c:26]([CH2:16][N:30]([CH3:2])[C:21](=[O:5])[CH:7]=[CH:8][c:23]2[cH:11][n:17][c:25]3[c:24]([cH:12]2)[CH2:15][NH:19][C:31]([CH3:3])([CH3:4])[C:22](=[O:6])[NH:18]3)[s:20][c:28]2[cH:13][cH:9][cH:10][cH:14][c:29]12,1,3,0.36
golden_1472,CC(=O)[O:11][C:14]([CH3:1])=[O:5].CCO[CH:18]1[O:12][c:16]2[cH:9][cH:8][c:15]([O:13][S:20]([CH3:4])(=[O:6])=[O:7])[cH:10][c:17]2[C:19]1([CH3:2])[CH3:3].O.O=C([O-])O.O=S(=O)(O)O.[Na+]>>[CH3:1][C:14](=[O:5])[O:11][CH:18]1[O:12][c:16]2[cH:9][cH:8][c:15]([O:13][S:20]([CH3:4])(=[O:6])=[O:7])[cH:10][c:17]2[C:19]1([CH3:2])[CH3:3],1,3,0.10
golden_1473,CC(=O)O[C:14]([CH3:1])=[O:5].[CH3:2][C:19]1([CH3:3])[c:17]2[cH:10][c:15]([O:13][S:20]([CH3:4])(=[O:6])=[O:7])[cH:8][cH:9][c:16]2[O:12][CH:18]1[OH:11].[Na+].[OH-]>>[CH3:1][C:14](=[O:5])[O:11][CH:18]1[O:12][c:16]2[cH:9][cH:8][c:15]([O:13][S:20]([CH3:4])(=[O:6])=[O:7])[cH:10][c:17]2[C:19]1([CH3:2])[CH3:3],1,2,0.05
golden_1474,CC(=O)O[C:14]([CH3:1])=[O:5].CCN(CC)CC.[CH3:2][C:19]1([CH3:3])[c:17]2[cH:10][c:15]([O:13][S:20]([CH3:4])(=[O:6])=[O:7])[cH:8][cH:9][c:16]2[O:12][CH:18]1[OH:11]>>[CH3:1][C:14](=[O:5])[O:11][CH:18]1[O:12][c:16]2[cH:9][cH:8][c:15]([O:13][S:20]([CH3:4])(=[O:6])=[O:7])[cH:10][c:17]2[C:19]1([CH3:2])[CH3:3],1,2,0.07
golden_1475,O=C(OO)c1cccc(Cl)c1.[CH3:1][n:15]1[n:10][c:11]([S:16]([CH3:2])=[O:4])[c:12](=[O:3])[c:13]2[cH:8][cH:6][cH:7][cH:9][c:14]21.[Na+].[O-]C(O)=[O:5]>>[CH3:1][n:15]1[n:10][c:11]([S:16]([CH3:2])(=[O:4])=[O:5])[c:12](=[O:3])[c:13]2[cH:8][cH:6][cH:7][cH:9][c:14]21,1,2,0.04
golden_1476,Cc1ccc(N)c(C(O)=CS(=O)[CH3:1])c1.Cl[c:10]1[cH:5][cH:6][c:13]2[nH:9][n:8][c:11]([S:15]([CH3:2])=[O:4])[c:12](=[O:3])[c:14]2[cH:7]1.O=N[O-].[Na+]>>[CH3:1][c:10]1[cH:5][cH:6][c:13]2[nH:9][n:8][c:11]([S:15]([CH3:2])=[O:4])[c:12](=[O:3])[c:14]2[cH:7]1,1,3,0.43
golden_1477,CI.CN(C=O)[CH3:1].O=C([O-])[O-].[K+].[K+].[OH:2][c:15]1[c:16]2[n:11][cH:9][n:19]([CH2:10][c:13]3[cH:7][cH:5][cH:4][cH:6][cH:8]3)[c:17]2[c:14]([Cl:3])[n:12][n:18]1>>[CH3:1][n:18]1[n:12][c:14]([Cl:3])[c:17]2[c:16]([n:11][cH:9][n:19]2[CH2:10][c:13]2[cH:7][cH:5][cH:4][cH:6][cH:8]2)[c:15]1=[O:2],1,2,0.07
golden_1478,N.OO.[CH3:1][C:11]#[C:12][CH2:17][n:30]1[c:25]([N:29]2[CH2:15][CH2:13][N:28]([C:23](=[O:9])[O:20][C:31]([CH3:3])([CH3:4])[CH3:5])[CH2:14][CH2:16]2)[n:18][c:24]([CH:27]([OH:10])[C:22]#[N:6])[c:26]1[C:21](=[O:7])[O:19][CH3:2].[Na+].[O-]S(O)=[O:8]>>[CH3:1][C:11]#[C:12][CH2:17][n:30]1[c:25]([N:29]2[CH2:15][CH2:13][N:28]([C:23](=[O:9])[O:20][C:31]([CH3:3])([CH3:4])[CH3:5])[CH2:14][CH2:16]2)[n:18][c:24]([CH:27]([OH:10])[C:22]([NH2:6])=[O:8])[c:26]1[C:21](=[O:7])[O:19][CH3:2],1,2,0.11
golden_1479,CC([O-])=[O:7].Cl[c:23]1[n:16][c:21]([Cl:8])[n:18][c:24]2[n:17][c:22]([N:27]3[CH2:13][CH2:11][CH2:12][CH:26]([N:28]([CH3:2])[C:20](=[O:6])[O:19][C:30]([CH3:3])([CH3:4])[CH3:5])[CH2:14]3)[n:29]([CH2:15][C:10]#[C:9][CH3:1])[c:25]12.[Na+]>>[CH3:1][C:9]#[C:10][CH2:15][n:29]1[c:22]([N:27]2[CH2:13][CH2:11][CH2:12][CH:26]([N:28]([CH3:2])[C:20](=[O:6])[O:19][C:30]([CH3:3])([CH3:4])[CH3:5])[CH2:14]2)[n:17][c:24]2[nH:18][c:21]([Cl:8])[n:16][c:23](=[O:7])[c:25]21,1,3,0.14
golden_1480,CC([O-])=[O:6].Cl[c:23]1[n:15][c:21]([Cl:7])[n:18][c:24]2[n:16][c:22]([N:27]3[CH2:12][CH2:10][CH2:11][CH:26]([NH:17][C:20](=[O:5])[O:19][C:29]([CH3:2])([CH3:3])[CH3:4])[CH2:13]3)[n:28]([CH2:14][C:9]#[C:8][CH3:1])[c:25]12.[Na+]>>[CH3:1][C:8]#[C:9][CH2:14][n:28]1[c:22]([N:27]2[CH2:12][CH2:10][CH2:11][CH:26]([NH:17][C:20](=[O:5])[O:19][C:29]([CH3:2])([CH3:3])[CH3:4])[CH2:13]2)[n:16][c:24]2[nH:18][c:21]([Cl:7])[n:15][c:23](=[O:6])[c:25]21,1,3,0.11
golden_1481,CC(C)NC(C)C.CI.[CH3:1][CH:18]([C:15](=[O:8])[OH:9])[c:17]1[cH:12][cH:10][c:16]([O:14][Si:20]([CH3:6])([CH3:7])[C:19]([CH3:3])([CH3:4])[CH3:5])[cH:11][cH:13]1.[Li][CH2]CC[CH3:2]>>[CH3:1][C:18]([CH3:2])([C:15](=[O:8])[OH:9])[c:17]1[cH:12][cH:10][c:16]([O:14][Si:20]([CH3:6])([CH3:7])[C:19]([CH3:3])([CH3:4])[CH3:5])[cH:11][cH:13]1,1,3,0.08
golden_1482,CC(C)[N-]C(C)[CH3:1].CI.[CH3:2][C:18]([CH3:3])([CH3:4])[Si:19]([CH3:5])([CH3:6])[O:13][c:15]1[cH:9][cH:11][c:16]([CH2:17][C:14](=[O:7])[OH:8])[cH:12][cH:10]1.[Li+]>>[CH3:1][CH:17]([C:14](=[O:7])[OH:8])[c:16]1[cH:11][cH:9][c:15]([O:13][Si:19]([CH3:5])([CH3:6])[C:18]([CH3:2])([CH3:3])[CH3:4])[cH:10][cH:12]1,1,3,0.08
golden_1483,O=C(OO)c1cccc(Cl)c1.O=S([O-])([O-])=S.[Na+].[Na+].[Na+].[O-]C(O)=[O:7].[cH:1]1[cH:2][cH:4][c:9]2[c:8]([cH:3]1)[CH2:5][CH:10]=[CH:11][CH2:6]2>>[cH:1]1[cH:2][cH:4][c:9]2[c:8]([cH:3]1)[CH2:5][CH:10]1[O:7][CH:11]1[CH2:6]2,1,3,0.07
golden_1484,BrBr.CC(=O)O.[BrH:2].[O:1]=[C:10]([CH3:8])[c:11]1[cH:5][n:9][c:12]2[cH:6][cH:3][cH:4][cH:7][n:13]12>>[O:1]=[C:10]([CH2:8][Br:2])[c:11]1[cH:5][n:9][c:12]2[cH:6][cH:3][cH:4][cH:7][n:13]12,1,2,0.03
golden_1485,C(=NC1CCCCC1)=NC1CCCCC1.O[c:26]1[cH:12][c:25]2[c:27]([c:29]3[cH:14][cH:9][cH:8][cH:13][c:28]13)[NH:17][c:23]1[cH:10][cH:6][cH:7][cH:11][c:24]1[S:20]2.[CH3:1][C:30]([CH3:2])([CH3:3])[O:19][C:22](=[O:5])[NH:16][CH2:15][C:21](=[O:4])[OH:18]>>[CH3:1][C:30]([CH3:2])([CH3:3])[O:19][C:22](=[O:5])[NH:16][CH2:15][C:21](=[O:4])[O:18][c:26]1[cH:12][c:25]2[c:27]([c:29]3[cH:14][cH:9][cH:8][cH:13][c:28]13)[NH:17][c:23]1[cH:10][cH:6][cH:7][cH:11][c:24]1[S:20]2,1,2,0.17
golden_1486,CC(C)(C)[O-].I[CH3:1].O.[CH3:2][C:15](=[O:3])[N:23]1[c:18]2[cH:9][cH:5][cH:4][cH:8][c:16]2[S:14][c:17]2[cH:10][c:19]([OH:13])[c:21]3[cH:11][cH:6][cH:7][cH:12][c:22]3[c:20]21.[K+]>>[CH3:1][O:13][c:19]1[cH:10][c:17]2[c:20]([c:22]3[cH:12][cH:7][cH:6][cH:11][c:21]13)[N:23]([C:15]([CH3:2])=[O:3])[c:18]1[cH:9][cH:5][cH:4][cH:8][c:16]1[S:14]2,1,2,0.07
golden_1487,CC(=O)O[C:15]([CH3:1])=[O:2].[cH:3]1[cH:4][cH:8][c:17]2[c:16]([cH:7]1)[NH:12][c:20]1[c:18]([cH:9][c:19]([OH:13])[c:21]3[cH:10][cH:5][cH:6][cH:11][c:22]13)[S:14]2>>[CH3:1][C:15](=[O:2])[O:13][c:19]1[cH:9][c:18]2[c:20]([c:22]3[cH:11][cH:6][cH:5][cH:10][c:21]13)[NH:12][c:16]1[cH:7][cH:3][cH:4][cH:8][c:17]1[S:14]2,1,2,0.06
golden_1488,CCCCBr.O.[CH3:1][CH2:5][CH2:7][CH2:8][CH2:9][CH2:10][CH2:11][CH2:12][CH2:13][CH2:14][CH2:16][C:20]1=[N:21][CH2:18][C:22]([CH3:3])([CH3:4])[NH:19]1.[Li][CH2:17][CH2:15][CH2:6][CH3:2]>>[CH3:1][CH2:5][CH2:7][CH2:8][CH2:9][CH2:10][CH2:11][CH2:12][CH2:13][CH2:14][CH2:16][C:20]1=[N:19][C:22]([CH3:3])([CH3:4])[CH2:18][N:21]1[CH2:17][CH2:15][CH2:6][CH3:2],1,2,0.10
golden_1489,C[O-].O=C(n1ccnc1)n1ccnc1.O[C:24](=[O:4])[C:28]1=[C:26]([CH3:1])[NH:21][C:27]([CH3:2])=[C:29]([N+:35](=[O:5])[O-:6])[CH:34]1[c:33]1[cH:14][cH:8][cH:9][c:30]([Cl:7])[cH:15]1.[Na+].[O:3]=[C:23]1[CH2:16][CH2:17][C:25]([c:32]2[cH:12][cH:10][c:31]([CH2:18][OH:22])[cH:11][cH:13]2)=[N:19][NH:20]1>>[CH3:1][C:26]1=[C:28]([C:24](=[O:4])[O:22][CH2:18][c:31]2[cH:10][cH:12][c:32]([C:25]3=[N:19][NH:20][C:23](=[O:3])[CH2:16][CH2:17]3)[cH:13][cH:11]2)[CH:34]([c:33]2[cH:14][cH:8][cH:9][c:30]([Cl:7])[cH:15]2)[C:29]([N+:35](=[O:5])[O-:6])=[C:27]([CH3:2])[NH:21]1,1,2,0.20
golden_1490,C(=NC1CCCCC1)=NC1CCCCC1.CCB(CC)CC.O[C:25](=[O:6])[CH2:20][C:31]([CH3:4])([CH3:5])[C:11]#[CH:12].[CH3:1][CH2:14][CH2:17][CH2:21][SnH:32]([CH2:22][CH2:18][CH2:15][CH3:2])[CH2:23][CH2:19][CH2:16][CH3:3].[F:7][c:26]1[cH:13][c:27]([F:8])[c:29]([F:10])[c:30]([OH:24])[c:28]1[F:9]>>[CH3:1][CH2:14][CH2:17][CH2:21][Sn:32]([CH:12]=[CH:11][C:31]([CH3:4])([CH3:5])[CH2:20][C:25](=[O:6])[O:24][c:30]1[c:28]([F:9])[c:26]([F:7])[cH:13][c:27]([F:8])[c:29]1[F:10])([CH2:22][CH2:18][CH2:15][CH3:2])[CH2:23][CH2:19][CH2:16][CH3:3],1,4,1.71
golden_1491,CCC[CH2][Sn]([CH2]CCC)([CH2]CCC)[O][C:24](=[O:4])[CH2:19][CH2:15][CH:9]=[CH:10][Sn:30]([CH2:20][CH2:16][CH2:12][CH3:1])([CH2:21][CH2:17][CH2:13][CH3:2])[CH2:22][CH2:18][CH2:14][CH3:3].[F:5][c:25]1[cH:11][c:26]([F:6])[c:28]([F:8])[c:29]([OH:23])[c:27]1[F:7]>>[CH3:1][CH2:12][CH2:16][CH2:20][Sn:30]([CH:10]=[CH:9][CH2:15][CH2:19][C:24](=[O:4])[O:23][c:29]1[c:27]([F:7])[c:25]([F:5])[cH:11][c:26]([F:6])[c:28]1[F:8])([CH2:21][CH2:17][CH2:13][CH3:2])[CH2:22][CH2:18][CH2:14][CH3:3],1,2,0.18
golden_1492,CS(=O)(=O)O.OO.[CH3:1][CH2:6][CH2:7][CH2:8][CH2:9][CH2:10][CH2:11][CH:18]([CH2:12][C:16](=[O:2])[OH:5])[CH2:13][C:17](=[O:3])[OH:15].[OH:4][OH:14]>>[CH3:1][CH2:6][CH2:7][CH2:8][CH2:9][CH2:10][CH2:11][CH:18]([CH2:12][C:16](=[O:2])[O:14][OH:4])[CH2:13][C:17](=[O:3])[O:15][OH:5],1,3,0.19
golden_1493,CS(=O)(=O)O.OO.[CH3:1][CH2:6][CH2:7][CH2:8][CH2:9][CH2:11][CH:18]([CH2:12][CH2:10][C:16](=[O:2])[OH:14])[CH2:13][C:17](=[O:3])[OH:4].[OH:5][OH:15]>>[CH3:1][CH2:6][CH2:7][CH2:8][CH2:9][CH2:11][CH:18]([CH2:12][CH2:10][C:16](=[O:2])[O:14][OH:4])[CH2:13][C:17](=[O:3])[O:15][OH:5],1,3,0.14
golden_1494,CS(=O)(=O)O.OO.[CH3:1][C:19]([CH3:2])([CH3:3])[CH2:13][C:20]([CH3:4])([CH3:5])[CH:18]([CH2:11][CH2:10][C:16](=[O:6])[OH:14])[CH2:12][C:17](=[O:7])[OH:8].[OH:9][OH:15]>>[CH3:1][C:19]([CH3:2])([CH3:3])[CH2:13][C:20]([CH3:4])([CH3:5])[CH:18]([CH2:11][CH2:10][C:16](=[O:6])[O:14][OH:8])[CH2:12][C:17](=[O:7])[O:15][OH:9],1,3,0.18
golden_1495,CS(=O)(=O)O[CH2:18][CH:28]1[O:22][CH:27]1[CH2:17][CH2:10][CH3:2].ClCCl.[CH3:1][CH2:9][CH2:11][CH2:12][CH2:13][CH2:14][CH2:15][CH2:16][c:23]1[cH:3][n:19][c:26](-[c:25]2[cH:7][cH:5][c:24]([OH:21])[cH:6][cH:8]2)[n:20][cH:4]1.[H-].[Na+]>>[CH3:1][CH2:9][CH2:11][CH2:12][CH2:13][CH2:14][CH2:15][CH2:16][c:23]1[cH:3][n:19][c:26](-[c:25]2[cH:7][cH:5][c:24]([O:21][CH2:18][CH:28]3[O:22][CH:27]3[CH2:17][CH2:10][CH3:2])[cH:6][cH:8]2)[n:20][cH:4]1,1,2,0.12
golden_1496,CC(C)NC(C)C.CC(C)[N-]C(C)C.I[CH2:17][CH2:11][CH3:2].[CH:1]#[C:7][c:22]1[c:21]2[c:23]3[c:20]([cH:9][cH:8][cH:10][c:24]3[nH:30]1)[CH:26]1[CH2:12][CH:25]([NH:18][C:19](=[O:6])[N:28]([CH2:14][CH3:3])[CH2:15][CH3:4])[CH2:16][N:29]([CH3:5])[CH:27]1[CH2:13]2.[Li+].[Li][CH2]CCC>>[CH:1]#[C:7][c:22]1[c:21]2[c:23]3[c:20]([cH:9][cH:8][cH:10][c:24]3[n:30]1[CH2:17][CH2:11][CH3:2])[CH:26]1[CH2:12][CH:25]([NH:18][C:19](=[O:6])[N:28]([CH2:14][CH3:3])[CH2:15][CH3:4])[CH2:16][N:29]([CH3:5])[CH:27]1[CH2:13]2,1,2,0.25
golden_1497,C1CS[CH:6]([c:18]2[nH:16][c:21]3[cH:9][cH:7][cH:8][c:19]4[c:22]3[c:20]2[CH2:11][CH:25]2[CH:24]4[CH2:10][CH:23]([NH:15][C:17](=[O:5])[N:26]([CH2:12][CH3:1])[CH2:13][CH3:2])[CH2:14][N:27]2[CH3:3])S1.O=C([O-])[O-].O=S(=O)(Cl)Cl.[K+].[K+].[OH2:4]>>[CH3:1][CH2:12][N:26]([CH2:13][CH3:2])[C:17](=[O:5])[NH:15][CH:23]1[CH2:10][CH:24]2[c:19]3[cH:8][cH:7][cH:9][c:21]4[nH:16][c:18]([CH:6]=[O:4])[c:20]([c:22]34)[CH2:11][CH:25]2[N:27]([CH3:3])[CH2:14]1,1,3,0.84
golden_1498,O=S(=O)(O[S:15](=[O:1])(=[O:2])[C:14]([F:3])([F:4])[F:5])C(F)(F)F.[cH:6]1[cH:7][cH:9][c:13]([CH2:11][OH:12])[cH:10][cH:8]1>>[O:1]=[S:15](=[O:2])([O:12][CH2:11][c:13]1[cH:9][cH:7][cH:6][cH:8][cH:10]1)[C:14]([F:3])([F:4])[F:5],1,2,0.11
golden_1499,CSCCC(O)C(=O)[O-].O=S(=O)(O)O.[CH3:1][OH:7].[Ca+2].[O-][C:9](=[O:3])[CH:10]([OH:4])[CH2:6][CH2:5][S:8][CH3:2]>>[CH3:1][O:7][C:9](=[O:3])[CH:10]([OH:4])[CH2:6][CH2:5][S:8][CH3:2],1,2,0.03
golden_1500,O[C:9](=[O:2])[CH:11]1[CH2:6][CH2:7][n:12]2[cH:5][cH:3][cH:4][c:10]21.[CH3:1][OH:8]>>[CH3:1][O:8][C:9](=[O:2])[CH:11]1[CH2:6][CH2:7][n:12]2[cH:5][cH:3][cH:4][c:10]21,1,2,0.02
golden_1501,O=S(=O)(O)O.O[C:13](=[O:3])[CH2:10][c:15]1[c:16]([CH3:2])[c:19]2[cH:8][cH:6][c:14]([OH:5])[cH:7][c:18]2[o:12][c:17]1=[O:4].[CH3:1][CH2:9][OH:11]>>[CH3:1][CH2:9][O:11][C:13](=[O:3])[CH2:10][c:15]1[c:16]([CH3:2])[c:19]2[cH:8][cH:6][c:14]([OH:5])[cH:7][c:18]2[o:12][c:17]1=[O:4],1,2,0.06
golden_1502,FC(F)(F)C(F)(F)C(F)(F)C(F)(F)F.F[C:14]([F:7])([F:8])[C:12]([F:3])([F:4])[C:11]([F:1])([F:2])[C:13]([F:5])([F:6])[C:15](F)([F:9])[F:10]>>[F:1][C:11]1([F:2])[C:12]([F:3])([F:4])[C:14]([F:7])([F:8])[C:15]([F:9])([F:10])[C:13]1([F:5])[F:6],1,3,0.18
golden_1503,CCCCCC.CCOCC.FB(F)F.Fc1ccc(O[c:22]2[cH:12][cH:8][c:20]([F:2])[cH:9][cH:13]2)cc1.[C:3](#[CH:4])[CH2:14][O:18][CH2:15][c:21]1[cH:10][cH:6][cH:5][cH:7][cH:11]1.[Li][CH2]CCC.[O:1]1[CH2:16][CH:23]1[CH2:17][OH:19]>>[OH:1][CH:23]([CH2:16][C:4]#[C:3][CH2:14][O:18][CH2:15][c:21]1[cH:10][cH:6][cH:5][cH:7][cH:11]1)[CH2:17][O:19][c:22]1[cH:12][cH:8][c:20]([F:2])[cH:9][cH:13]1,1,5,1.45
golden_1504,CO[C:13](=[O:1])[CH2:8][CH2:7][CH2:9][CH:16]([CH2:10][O:11][c:15]1[cH:5][cH:3][c:14]([F:2])[cH:4][cH:6]1)[OH:12].Cc1ccc(S(=O)(=O)O)cc1.O=C([O-])O.[Na+]>>[O:1]=[C:13]1[CH2:8][CH2:7][CH2:9][CH:16]([CH2:10][O:11][c:15]2[cH:5][cH:3][c:14]([F:2])[cH:4][cH:6]2)[O:12]1,1,2,0.09
golden_1505,O.O=C([O-])O.O[C:17](=[O:2])[CH:23]([CH3:1])[n:24]1[c:20](-[c:19]2[cH:9][cH:7][c:18]([Cl:4])[cH:8][cH:10]2)[n:14][c:21]2[cH:11][cH:5][cH:6][n:15][c:22]21.[Na+].[OH:3][CH2:12][CH2:13][OH:16]>>[CH3:1][CH:23]([C:17](=[O:2])[O:16][CH2:13][CH2:12][OH:3])[n:24]1[c:20](-[c:19]2[cH:9][cH:7][c:18]([Cl:4])[cH:8][cH:10]2)[n:14][c:21]2[cH:11][cH:5][cH:6][n:15][c:22]21,1,2,0.08
golden_1506,O[C:16](=[O:3])[CH:22]([CH3:2])[n:23]1[c:19](-[c:18]2[cH:9][cH:7][c:17]([Cl:4])[cH:8][cH:10]2)[n:13][c:20]2[cH:11][cH:5][cH:6][n:14][c:21]21.[CH3:1][CH2:12][OH:15]>>[CH3:1][CH2:12][O:15][C:16](=[O:3])[CH:22]([CH3:2])[n:23]1[c:19](-[c:18]2[cH:9][cH:7][c:17]([Cl:4])[cH:8][cH:10]2)[n:13][c:20]2[cH:11][cH:5][cH:6][n:14][c:21]21,1,2,0.10
golden_1507,CC(O)=[O:3].O=C(OO)c1cccc(Cl)c1.[NH2:1][C:14](=[O:2])[CH2:12][n:20]1[c:17](-[c:16]2[cH:8][cH:6][c:15]([Cl:4])[cH:7][cH:9]2)[n:13][c:18]2[cH:10][cH:5][cH:11][n:21][c:19]21>>[NH2:1][C:14](=[O:2])[CH2:12][n:20]1[c:17](-[c:16]2[cH:8][cH:6][c:15]([Cl:4])[cH:7][cH:9]2)[n:13][c:18]2[cH:10][cH:5][cH:11][n+:21]([O-:3])[c:19]21,1,2,0.11
golden_1508,CC(O)=[O:4].O=C(OO)c1cccc(Cl)c1.[CH3:1][N:21]([CH3:2])[C:15](=[O:3])[CH2:13][n:22]1[c:18](-[c:17]2[cH:9][cH:7][c:16]([Cl:5])[cH:8][cH:10]2)[n:14][c:19]2[cH:11][cH:6][cH:12][n:23][c:20]21>>[CH3:1][N:21]([CH3:2])[C:15](=[O:3])[CH2:13][n:22]1[c:18](-[c:17]2[cH:9][cH:7][c:16]([Cl:5])[cH:8][cH:10]2)[n:14][c:19]2[cH:11][cH:6][cH:12][n+:23]([O-:4])[c:20]21,1,2,0.11
golden_1509,CN(C)C(OC(C)(C)C)O[C:23]([CH3:1])([CH3:2])[CH3:3].[O:4]=[C:17]([CH2:12][n:22]1[c:19](-[c:18]2[cH:10][cH:6][cH:5][cH:8][n:13]2)[n:14][c:20]2[cH:11][cH:7][cH:9][n:15][c:21]21)[OH:16]>>[CH3:1][C:23]([CH3:2])([CH3:3])[O:16][C:17](=[O:4])[CH2:12][n:22]1[c:19](-[c:18]2[cH:10][cH:6][cH:5][cH:8][n:13]2)[n:14][c:20]2[cH:11][cH:7][cH:9][n:15][c:21]21,1,2,0.73
golden_1510,CC1C(B(Cl)C2CC3CC(C2C)C3(C)C)CC2CC1C2(C)C.CO[C:30](=[O:4])[C:38]([CH3:2])([CH3:3])[c:32]1[cH:15][cH:13][c:31]([C:35](=[O:5])[CH2:23][CH2:21][CH2:26][N:37]2[CH2:27][CH2:24][CH:36]([C:39]([OH:6])([c:33]3[cH:17][cH:9][cH:7][cH:10][cH:18]3)[c:34]3[cH:19][cH:11][cH:8][cH:12][cH:20]3)[CH2:25][CH2:28]2)[cH:14][cH:16]1.O.OO.[CH3:1][CH2:22][OH:29]>>[CH3:1][CH2:22][O:29][C:30](=[O:4])[C:38]([CH3:2])([CH3:3])[c:32]1[cH:15][cH:13][c:31]([CH:35]([OH:5])[CH2:23][CH2:21][CH2:26][N:37]2[CH2:27][CH2:24][CH:36]([C:39]([OH:6])([c:33]3[cH:17][cH:9][cH:7][cH:10][cH:18]3)[c:34]3[cH:19][cH:11][cH:8][cH:12][cH:20]3)[CH2:25][CH2:28]2)[cH:14][cH:16]1,1,3,0.56
golden_1511,CC(C)C(N)C(=O)N1CCCC1B(O)O.CS(=O)(=O)O.CS(=O)(=O)O[CH2:8][CH2:9][c:14]1[n:10][c:13](-[c:12]2[cH:6][cH:4][cH:3][cH:5][cH:7]2)[o:11][c:15]1[CH3:1].[NH3:2]>>[CH3:1][c:15]1[o:11][c:13](-[c:12]2[cH:6][cH:4][cH:3][cH:5][cH:7]2)[n:10][c:14]1[CH2:9][CH2:8][NH3+:2],1,2,0.07
golden_1512,C=[CH:6][CH2:7][C:13]1([C:11](=[O:5])[O:10][C:12]([CH3:1])([CH3:2])[CH3:3])[CH2:8][CH2:9]1.[O-][O+]=[O:4]>>[CH3:1][C:12]([CH3:2])([CH3:3])[O:10][C:11](=[O:5])[C:13]1([CH2:7][CH:6]=[O:4])[CH2:8][CH2:9]1,1,3,0.03
golden_1513,CC(C)(C)[O-].I[CH3:1].[CH3:2][C:25]([CH3:3])([CH3:4])[O:15][C:17](=[O:5])[N:24]1[CH2:11][CH2:9][CH:23]([c:19]2[n:13][o:16][c:22]3[c:20]([OH:14])[c:18]([F:6])[cH:7][cH:8][c:21]23)[CH2:10][CH2:12]1.[K+]>>[CH3:1][O:14][c:20]1[c:18]([F:6])[cH:7][cH:8][c:21]2[c:19]([CH:23]3[CH2:9][CH2:11][N:24]([C:17](=[O:5])[O:15][C:25]([CH3:2])([CH3:3])[CH3:4])[CH2:12][CH2:10]3)[n:13][o:16][c:22]12,1,2,0.08
golden_1514,CCN(CC)CC.O=C(Cl)O[CH2:17][c:23]1[cH:12][cH:8][cH:5][cH:9][cH:13]1.[O:1]=[C:21]([CH2:19][P:24](=[O:2])([OH:3])[CH2:18][CH2:15][CH2:14][CH2:16][c:22]1[cH:10][cH:6][cH:4][cH:7][cH:11]1)[OH:20]>>[O:1]=[C:21]([CH2:19][P:24](=[O:2])([OH:3])[CH2:18][CH2:15][CH2:14][CH2:16][c:22]1[cH:10][cH:6][cH:4][cH:7][cH:11]1)[O:20][CH2:17][c:23]1[cH:12][cH:8][cH:5][cH:9][cH:13]1,1,2,0.12
golden_1515,COS(=O)(=O)O[CH3:1].O=C([O-])[O-].[CH3:2][C:19]([CH3:3])([C:16](=[O:5])[OH:14])[c:18]1[cH:9][cH:7][c:17]([C:15](=[O:4])[CH2:13][CH2:12][CH2:11][Cl:6])[cH:8][cH:10]1.[K+].[K+]>>[CH3:1][O:14][C:16](=[O:5])[C:19]([CH3:2])([CH3:3])[c:18]1[cH:9][cH:7][c:17]([C:15](=[O:4])[CH2:13][CH2:12][CH2:11][Cl:6])[cH:8][cH:10]1,1,2,0.06
golden_1516,C1CCOC1.CCOCC.FB(F)F.N[c:14]1[cH:8][cH:4][cH:3][cH:5][cH:9]1.[CH3:1][c:15]1[cH:10][cH:6][cH:7][n:11][c:16]1[C:13](=[O:2])[NH2:12]>>[CH3:1][c:15]1[cH:10][cH:6][cH:7][n:11][c:16]1[C:13](=[O:2])[NH:12][c:14]1[cH:8][cH:4][cH:3][cH:5][cH:9]1,1,2,0.06
golden_1517,O[C:16](=[O:5])[C:19]([CH3:2])([CH3:3])[c:18]1[cH:9][cH:7][c:17]([C:15](=[O:4])[CH2:13][CH2:12][CH2:11][Cl:6])[cH:8][cH:10]1.[CH3:1][OH:14]>>[CH3:1][O:14][C:16](=[O:5])[C:19]([CH3:2])([CH3:3])[c:18]1[cH:9][cH:7][c:17]([C:15](=[O:4])[CH2:13][CH2:12][CH2:11][Cl:6])[cH:8][cH:10]1,1,2,0.04
golden_1518,Cl.O[C:17](=[O:5])[C:20]([CH3:2])([CH3:3])[c:19]1[cH:9][cH:7][c:18]([C:16](=[O:4])[CH2:14][CH2:12][CH2:11][Cl:6])[cH:8][cH:10]1.[CH3:1][CH2:13][OH:15]>>[CH3:1][CH2:13][O:15][C:17](=[O:5])[C:20]([CH3:2])([CH3:3])[c:19]1[cH:9][cH:7][c:18]([C:16](=[O:4])[CH2:14][CH2:12][CH2:11][Cl:6])[cH:8][cH:10]1,1,2,0.05
golden_1519,Cl.O[C:11](=[O:3])[CH:13]([CH3:2])[c:12]1[cH:7][cH:5][cH:4][cH:6][cH:8]1.[CH3:1][CH2:9][OH:10]>>[CH3:1][CH2:9][O:10][C:11](=[O:3])[CH:13]([CH3:2])[c:12]1[cH:7][cH:5][cH:4][cH:6][cH:8]1,1,2,0.03
golden_1520,O.O=S(=O)(O)O.O[C:15](=[O:2])[CH2:12][c:17]1[cH:10][cH:6][cH:7][cH:11][c:18]1[O:14][c:16]1[cH:8][cH:4][cH:3][cH:5][cH:9]1.[CH3:1][OH:13]>>[CH3:1][O:13][C:15](=[O:2])[CH2:12][c:17]1[cH:10][cH:6][cH:7][cH:11][c:18]1[O:14][c:16]1[cH:8][cH:4][cH:3][cH:5][cH:9]1,1,2,0.06
golden_1521,CCN(CC)CC.O[S:19]([CH3:2])(=[O:4])=[O:5].[CH3:1][CH:15]1[CH2:6][CH2:8][CH:16]([NH:12][C:14](=[O:3])[CH:18]2[CH2:11][CH:17]2[CH2:10][OH:13])[CH2:9][CH2:7]1>>[CH3:1][CH:15]1[CH2:6][CH2:8][CH:16]([NH:12][C:14](=[O:3])[CH:18]2[CH2:11][CH:17]2[CH2:10][O:13][S:19]([CH3:2])(=[O:4])=[O:5])[CH2:9][CH2:7]1,1,2,0.05
golden_1522,Cl.O[C:11](=[O:4])[c:13]1[cH:7][cH:5][c:12]([C:10]([CH3:2])=[O:3])[cH:6][cH:8]1.[CH3:1][OH:9]>>[CH3:1][O:9][C:11](=[O:4])[c:13]1[cH:7][cH:5][c:12]([C:10]([CH3:2])=[O:3])[cH:6][cH:8]1,1,2,0.04
golden_1523,O=S(Cl)Cl.O[C:11](=[O:2])[c:12]1[cH:7][cH:8][c:13]([F:3])[c:14]([C:15]([F:4])([F:5])[F:6])[cH:9]1.[CH3:1][OH:10]>>[CH3:1][O:10][C:11](=[O:2])[c:12]1[cH:7][cH:8][c:13]([F:3])[c:14]([C:15]([F:4])([F:5])[F:6])[cH:9]1,1,2,0.03
golden_1524,CC(=O)OC(C)=O.CCO[C:10]([CH3:1])=[O:2].Cl.[cH:3]1[cH:4][cH:6][c:12]2[c:11]([cH:5]1)[CH2:7][CH:13]([NH2:9])[CH2:8]2>>[CH3:1][C:10](=[O:2])[NH:9][CH:13]1[CH2:7][c:11]2[cH:5][cH:3][cH:4][cH:6][c:12]2[CH2:8]1,1,2,0.04
golden_1525,CCN(C(C)C)C(C)C.C[O:2][C:15](=[O:1])[c:16]1[cH:7][cH:4][cH:8][c:17]([C:18]([NH:12][OH:14])=[NH:13])[cH:9]1.O.O=[C:19](Cl)[c:21]1[cH:11][cH:6][cH:5][cH:10][c:20]1[F:3]>>[O:1]=[C:15]([OH:2])[c:16]1[cH:7][cH:4][cH:8][c:17](-[c:18]2[n:12][o:14][c:19](-[c:21]3[cH:11][cH:6][cH:5][cH:10][c:20]3[F:3])[n:13]2)[cH:9]1,1,5,1.19
golden_1526,CC(C)(C)[O-].I[CH3:2].[CH3:1][O:15][C:16](=[O:3])[c:17]1[cH:6][n:13][c:18]([N:23]2[CH2:11][CH2:10][c:19]3[c:20]([nH:24][c:22]4[cH:9][cH:5][cH:4][cH:8][c:21]34)[CH2:12]2)[n:14][cH:7]1.[K+]>>[CH3:1][O:15][C:16](=[O:3])[c:17]1[cH:6][n:13][c:18]([N:23]2[CH2:11][CH2:10][c:19]3[c:20]([n:24]([CH3:2])[c:22]4[cH:9][cH:5][cH:4][cH:8][c:21]34)[CH2:12]2)[n:14][cH:7]1,1,2,0.09
golden_1527,Cl[C:19](=[O:6])[C:25]([CH3:1])([CH3:2])[CH3:3].Fc1ccc(Br)cc1.[Br][Mg][c:22]1[cH:12][cH:9][c:20]([F:7])[cH:10][cH:13]1.[Cl-].[Mg].[N:4]#[C:8][c:21]1[cH:11][cH:15][c:24]2[c:23]([cH:14]1)[CH2:16][O:17][C:18]2=[O:5].[NH4+]>>[CH3:1][C:25]([CH3:2])([CH3:3])[C:19](=[O:6])[O:17][CH2:16][c:23]1[cH:14][c:21]([C:8]#[N:4])[cH:11][cH:15][c:24]1[C:18](=[O:5])[c:22]1[cH:12][cH:9][c:20]([F:7])[cH:10][cH:13]1,1,5,0.70
golden_1528,O=C([O-])O.[NH:1]=[C:33]([NH2:3])[NH:28][CH2:22][CH2:20][CH2:24][CH:41]1[NH:4][C:37](=[O:8])[CH:42]([CH2:25][CH2:21][CH2:19][CH2:18][NH2:2])[NH:30][C:39](=[O:10])[CH:44]([CH2:27][c:40]2[cH:16][cH:14][cH:13][cH:15][cH:17]2)[NH:32][C:38](=[O:9])[CH:43]([CH2:26][C:34](=[O:5])[OH:11])[NH:31][C:35](=[O:6])[CH2:23][NH:29][C:36]1=[O:7].[Na+].[OH2:12]>>[NH:1]=[C:33]([NH2:3])[NH:28][CH2:22][CH2:20][CH2:24][CH:41]([NH2:4])[C:36](=[O:7])[NH:29][CH2:23][C:35](=[O:6])[NH:31][CH:43]([CH2:26][C:34](=[O:5])[OH:11])[C:38](=[O:9])[NH:32][CH:44]([CH2:27][c:40]1[cH:16][cH:14][cH:13][cH:15][cH:17]1)[C:39](=[O:10])[NH:30][CH:42]([CH2:25][CH2:21][CH2:19][CH2:18][NH2:2])[C:37](=[O:8])[OH:12],1,2,0.21
golden_1529,CCOC(=O)N=NC(=O)OCC.O[N:25]1[C:20](=[O:2])[c:23]2[cH:11][cH:7][cH:8][cH:12][c:24]2[C:21]1=[O:3].[O:1]=[C:19]([NH:16][CH2:13][CH2:14][OH:18])[O:17][CH2:15][c:22]1[cH:9][cH:5][cH:4][cH:6][cH:10]1.c1ccc(P(c2ccccc2)c2ccccc2)cc1>>[O:1]=[C:19]([NH:16][CH2:13][CH2:14][O:18][N:25]1[C:20](=[O:2])[c:23]2[cH:11][cH:7][cH:8][cH:12][c:24]2[C:21]1=[O:3])[O:17][CH2:15][c:22]1[cH:9][cH:5][cH:4][cH:6][cH:10]1,1,2,0.15
golden_1530,CCOC(=O)N=NC(=O)OCC.O[N:26]1[C:21](=[O:2])[c:24]2[cH:11][cH:7][cH:8][cH:12][c:25]2[C:22]1=[O:3].[O:1]=[C:20]([NH:17][CH2:14][CH2:13][CH2:15][OH:19])[O:18][CH2:16][c:23]1[cH:9][cH:5][cH:4][cH:6][cH:10]1.c1ccc(P(c2ccccc2)c2ccccc2)cc1>>[O:1]=[C:20]([NH:17][CH2:14][CH2:13][CH2:15][O:19][N:26]1[C:21](=[O:2])[c:24]2[cH:11][cH:7][cH:8][cH:12][c:25]2[C:22]1=[O:3])[O:18][CH2:16][c:23]1[cH:9][cH:5][cH:4][cH:6][cH:10]1,1,2,0.18
golden_1531,[CH3:1][O:26][c:32]1[cH:14][cH:16][c:33](-[c:34]2[cH:18][cH:20][c:35]([S:40](=[O:3])(=[O:4])[NH:25][CH:38]3[C:30](=[O:2])[O:6][CH:37]([CH2:23][S:28][c:36]4[n:24][cH:10][cH:11][s:29]4)[CH:39]3[O:27][CH2:22][c:31]3[cH:12][cH:8][cH:7][cH:9][cH:13]3)[cH:21][cH:19]2)[cH:17][cH:15]1.[Li+].[OH-:5]>>[CH3:1][O:26][c:32]1[cH:14][cH:16][c:33](-[c:34]2[cH:18][cH:20][c:35]([S:40](=[O:3])(=[O:4])[NH:25][CH:38]([C:30](=[O:2])[OH:5])[CH:39]([O:27][CH2:22][c:31]3[cH:12][cH:8][cH:7][cH:9][cH:13]3)[CH:37]([OH:6])[CH2:23][S:28][c:36]3[n:24][cH:10][cH:11][s:29]3)[cH:21][cH:19]2)[cH:17][cH:15]1,1,2,0.18
golden_1532,O[C:21](=[O:4])[CH2:15][NH:17][C:22](=[O:5])[O:20][C:24]([CH3:1])([CH3:2])[CH3:3].[CH:6](=[CH:7][CH2:14][OH:19])[CH2:13][O:18][CH2:16][c:23]1[cH:11][cH:9][cH:8][cH:10][cH:12]1>>[CH3:1][C:24]([CH3:2])([CH3:3])[O:20][C:22](=[O:5])[NH:17][CH2:15][C:21](=[O:4])[O:19][CH2:14][CH:7]=[CH:6][CH2:13][O:18][CH2:16][c:23]1[cH:11][cH:9][cH:8][cH:10][cH:12]1,1,2,0.07
golden_1533,C[NH:22][c:26]1[cH:10][cH:8][cH:7][cH:9][cH:11]1.C[O:5][C:25](=[O:2])[CH:32]([CH2:21][CH:31]1[O:6][CH2:20]1)[NH:23][S:33](=[O:3])(=[O:4])[c:30]1[cH:18][cH:16][c:29](-[c:28]2[cH:14][cH:12][c:27]([O:24][CH3:1])[cH:13][cH:15]2)[cH:17][cH:19]1>>[CH3:1][O:24][c:27]1[cH:12][cH:14][c:28](-[c:29]2[cH:16][cH:18][c:30]([S:33](=[O:3])(=[O:4])[NH:23][CH:32]([CH2:21][CH:31]([OH:6])[CH2:20][NH:22][c:26]3[cH:10][cH:8][cH:7][cH:9][cH:11]3)[C:25](=[O:2])[OH:5])[cH:19][cH:17]2)[cH:15][cH:13]1,1,4,0.13
golden_1534,[CH3:1][O:22][c:25]1[cH:8][cH:10][c:26](-[c:27]2[cH:12][cH:14][c:28]([S:32](=[O:3])(=[O:4])[NH:20][CH:31]3[CH2:17][CH:30]([CH2:16][S:23][c:29]4[n:19][n:18][cH:7][nH:21]4)[O:5][C:24]3=[O:2])[cH:15][cH:13]2)[cH:11][cH:9]1.[Li+].[OH-].[OH2:6]>>[CH3:1][O:22][c:25]1[cH:8][cH:10][c:26](-[c:27]2[cH:12][cH:14][c:28]([S:32](=[O:3])(=[O:4])[NH:20][CH:31]([CH2:17][CH:30]([OH:6])[CH2:16][S:23][c:29]3[n:19][n:18][cH:7][nH:21]3)[C:24](=[O:2])[OH:5])[cH:15][cH:13]2)[cH:11][cH:9]1,1,2,0.09
golden_1535,[CH3:1][O:24][c:27]1[cH:12][cH:14][c:28](-[c:29]2[cH:16][cH:18][c:30]([S:33](=[O:3])(=[O:4])[NH:23][CH:32]3[CH2:21][CH:31]([CH2:20][NH:22][c:26]4[cH:10][cH:8][cH:7][cH:9][cH:11]4)[O:5][C:25]3=[O:2])[cH:19][cH:17]2)[cH:15][cH:13]1.[Li+].[OH-].[OH2:6]>>[CH3:1][O:24][c:27]1[cH:12][cH:14][c:28](-[c:29]2[cH:16][cH:18][c:30]([S:33](=[O:3])(=[O:4])[NH:23][CH:32]([CH2:21][CH:31]([OH:6])[CH2:20][NH:22][c:26]3[cH:10][cH:8][cH:7][cH:9][cH:11]3)[C:25](=[O:2])[OH:5])[cH:19][cH:17]2)[cH:15][cH:13]1,1,2,0.10
golden_1536,[CH3:1][O:24][c:28]1[cH:12][cH:14][c:29](-[c:30]2[cH:16][cH:18][c:31]([S:34](=[O:3])(=[O:4])[NH:23][CH:33]3[CH2:22][CH:32]([CH2:21][S:25][CH2:20][c:27]4[cH:10][cH:8][cH:7][cH:9][cH:11]4)[O:5][C:26]3=[O:2])[cH:19][cH:17]2)[cH:15][cH:13]1.[Li+].[OH-].[OH2:6]>>[CH3:1][O:24][c:28]1[cH:12][cH:14][c:29](-[c:30]2[cH:16][cH:18][c:31]([S:34](=[O:3])(=[O:4])[NH:23][CH:33]([CH2:22][CH:32]([OH:6])[CH2:21][S:25][CH2:20][c:27]3[cH:10][cH:8][cH:7][cH:9][cH:11]3)[C:26](=[O:2])[OH:5])[cH:19][cH:17]2)[cH:15][cH:13]1,1,2,0.12
golden_1537,O[CH:14]([CH3:2])[CH3:3].[CH3:1][c:12]1[cH:6][c:11]([C:10](=[O:4])[OH:9])[cH:7][c:13]([Cl:5])[n:8]1>>[CH3:1][c:12]1[cH:6][c:11]([C:10](=[O:4])[O:9][CH:14]([CH3:2])[CH3:3])[cH:7][c:13]([Cl:5])[n:8]1,1,2,0.03
golden_1538,Cl[CH2:20][CH2:15][CH2:21]Br.[H-].[I-].[K].[Na+].[Na+].[O:1]=[C:24]([O:22][CH2:18][c:28]1[cH:11][cH:7][cH:5][cH:8][cH:12]1)[CH2:30][C:25](=[O:2])[O:23][CH2:19][c:29]1[cH:13][cH:9][cH:6][cH:10][cH:14]1.[O:3]=[C:26]1[CH2:16][CH2:17][C:27](=[O:4])[NH:31]1>>[O:1]=[C:24]([O:22][CH2:18][c:28]1[cH:11][cH:7][cH:5][cH:8][cH:12]1)[CH:30]([CH2:20][CH2:15][CH2:21][N:31]1[C:26](=[O:3])[CH2:16][CH2:17][C:27]1=[O:4])[C:25](=[O:2])[O:23][CH2:19][c:29]1[cH:13][cH:9][cH:6][cH:10][cH:14]1,1,5,0.25
golden_1539,O=C(N=NC(=O)N1CCCCC1)N1CCCCC1.O[c:23]1[cH:9][cH:11][c:24](-[n:25]2[cH:13][cH:5][cH:6][n:17]2)[cH:12][cH:10]1.[O:1]=[C:21]([NH:18][CH2:14][CH2:15][OH:20])[O:19][CH2:16][c:22]1[cH:7][cH:3][cH:2][cH:4][cH:8]1.c1ccc(P(c2ccccc2)c2ccccc2)cc1>>[O:1]=[C:21]([NH:18][CH2:14][CH2:15][O:20][c:23]1[cH:9][cH:11][c:24](-[n:25]2[cH:13][cH:5][cH:6][n:17]2)[cH:12][cH:10]1)[O:19][CH2:16][c:22]1[cH:7][cH:3][cH:2][cH:4][cH:8]1,1,2,0.20
golden_1540,CCCC[N+](CCCC)(CCCC)CCCC.CCCC[N+](CCCC)(CCCC)CCCC.CCCC[N+](CCCC)(CCCC)CCCC.[Br-:3].[Br-].[Br-].[O:1]=[C:20]([NH:17][CH2:13][CH2:14][O:19][c:23]1[cH:9][cH:11][c:24]([C:21](=[O:2])[CH3:15])[cH:12][cH:10]1)[O:18][CH2:16][c:22]1[cH:7][cH:5][cH:4][cH:6][cH:8]1>>[O:1]=[C:20]([NH:17][CH2:13][CH2:14][O:19][c:23]1[cH:9][cH:11][c:24]([C:21](=[O:2])[CH2:15][Br:3])[cH:12][cH:10]1)[O:18][CH2:16][c:22]1[cH:7][cH:5][cH:4][cH:6][cH:8]1,1,2,0.27
golden_1541,O=C(N=NC(=O)N1CCCCC1)N1CCCCC1.O[c:22]1[cH:9][cH:11][c:23]([C:20]([CH3:1])=[O:3])[cH:12][cH:10]1.[O:2]=[C:19]([NH:16][CH2:13][CH2:14][OH:18])[O:17][CH2:15][c:21]1[cH:7][cH:5][cH:4][cH:6][cH:8]1.c1ccc(P(c2ccccc2)c2ccccc2)cc1>>[CH3:1][C:20](=[O:3])[c:23]1[cH:11][cH:9][c:22]([O:18][CH2:14][CH2:13][NH:16][C:19](=[O:2])[O:17][CH2:15][c:21]2[cH:7][cH:5][cH:4][cH:6][cH:8]2)[cH:10][cH:12]1,1,2,0.19
golden_1542,CCCC[N+](CCCC)(CCCC)CCCC.CCCC[N+](CCCC)(CCCC)CCCC.CCCC[N+](CCCC)(CCCC)CCCC.CO.[Br-:4].[Br-].[Br-].[CH3:1][C:13](=[O:2])[NH:12][CH2:9][CH2:11][c:15]1[cH:5][cH:7][c:16]([C:14](=[O:3])[CH3:10])[cH:8][cH:6]1>>[CH3:1][C:13](=[O:2])[NH:12][CH2:9][CH2:11][c:15]1[cH:5][cH:7][c:16]([C:14](=[O:3])[CH2:10][Br:4])[cH:8][cH:6]1,1,2,0.28
golden_1543,CCOC(=O)N=NC(=O)OCC.O[CH2:12][CH:20]1[CH2:10][CH2:13][N:21]([C:17](=[O:4])[O:16][C:22]([CH3:1])([CH3:2])[CH3:3])[CH2:14][CH2:11]1.[F:5][c:18]1[cH:6][cH:8][c:19]([OH:15])[cH:9][cH:7]1.c1ccc(P(c2ccccc2)c2ccccc2)cc1>>[CH3:1][C:22]([CH3:2])([CH3:3])[O:16][C:17](=[O:4])[N:21]1[CH2:13][CH2:10][CH:20]([CH2:12][O:15][c:19]2[cH:8][cH:6][c:18]([F:5])[cH:7][cH:9]2)[CH2:11][CH2:14]1,1,2,0.41
golden_1544,O=S(Cl)Cl.O[CH:40]([CH3:1])[CH3:2].[O:3]=[C:30]([CH2:12][CH2:13][c:35]1[cH:7][cH:8][c:36]([C:32](=[O:5])[NH:23][CH2:17][CH:41]([NH:26][C:31](=[O:4])[O:27][CH2:18][C:42]23[CH2:19][CH:37]4[CH2:14][CH:38]([CH2:16][CH:39]([CH2:15]4)[CH2:21]2)[CH2:20]3)[C:33](=[O:6])[OH:28])[s:29]1)[NH:25][C:34]1=[N:22][CH2:10][CH2:9][CH2:11][NH:24]1>>[CH3:1][CH:40]([CH3:2])[O:28][C:33](=[O:6])[CH:41]([CH2:17][NH:23][C:32](=[O:5])[c:36]1[cH:8][cH:7][c:35]([CH2:13][CH2:12][C:30](=[O:3])[NH:25][C:34]2=[N:22][CH2:10][CH2:9][CH2:11][NH:24]2)[s:29]1)[NH:26][C:31](=[O:4])[O:27][CH2:18][C:42]12[CH2:19][CH:37]3[CH2:14][CH:38]([CH2:16][CH:39]([CH2:15]3)[CH2:21]1)[CH2:20]2,1,2,0.22
golden_1545,COC(OC)O[CH3:1].Cc1ccc(S(=O)(=O)O)cc1.[O:2]=[C:9]([OH:8])[c:11]1[cH:7][cH:5][cH:6][c:10]([Br:4])[c:12]1[F:3]>>[CH3:1][O:8][C:9](=[O:2])[c:11]1[cH:7][cH:5][cH:6][c:10]([Br:4])[c:12]1[F:3],1,2,0.05
golden_1546,CCCc1ncc2c(=O)nc(-c3cc(S(=O)(=O)N4CCC(O)CC4)ccc3OCC)[nH]n12.Cl[S:34](=[O:5])(=[O:6])[c:23]1[cH:8][cH:9][c:25]([O:22][CH2:12][CH3:2])[c:26](-[c:24]2[n:20][c:29](=[O:4])[c:30]3[c:27]([CH2:13][CH3:3])[n:19][c:28]([CH2:14][CH2:11][CH3:1])[n:33]3[nH:21]2)[cH:10]1.[OH:7][CH:31]1[CH2:15][CH2:17][NH:32][CH2:18][CH2:16]1>>[CH3:1][CH2:11][CH2:14][c:28]1[n:19][c:27]([CH2:13][CH3:3])[c:30]2[c:29](=[O:4])[n:20][c:24](-[c:26]3[cH:10][c:23]([S:34](=[O:5])(=[O:6])[N:32]4[CH2:17][CH2:15][CH:31]([OH:7])[CH2:16][CH2:18]4)[cH:8][cH:9][c:25]3[O:22][CH2:12][CH3:2])[nH:21][n:33]12,1,2,1.47
golden_1547,CC1CC(O)CCN1[S:32](=[O:5])(=[O:6])[c:21]1[cH:8][cH:9][c:23]([O:20][CH2:11][CH3:1])[c:24](-[c:22]2[n:18][c:27](=[O:4])[c:28]3[c:25]([CH3:2])[n:17][c:26]([CH3:3])[n:31]3[nH:19]2)[cH:10]1.CCOc1ccc(S(=O)(=O)Cl)cc1-c1nc(=O)c2c(C)nc(C)n2[nH]1.[OH:7][CH2:12][CH:29]1[CH2:13][CH2:15][NH:30][CH2:16][CH2:14]1>>[CH3:1][CH2:11][O:20][c:23]1[cH:9][cH:8][c:21]([S:32](=[O:5])(=[O:6])[N:30]2[CH2:15][CH2:13][CH:29]([CH2:12][OH:7])[CH2:14][CH2:16]2)[cH:10][c:24]1-[c:22]1[n:18][c:27](=[O:4])[c:28]2[c:25]([CH3:2])[n:17][c:26]([CH3:3])[n:31]2[nH:19]1,1,2,1.58
golden_1548,O=S(=O)(O[S:33](=[O:8])(=[O:9])[C:31]([F:10])([F:11])[F:12])C(F)(F)F.[CH3:1][C:30]([CH3:2])([CH3:3])[Si:32]([CH3:4])([CH3:5])[N:29]1[C:23](=[O:7])[CH:26]2[CH:27]1[CH:25]([OH:21])[CH2:19][N:28]2[C:22](=[O:6])[O:20][CH2:18][c:24]1[cH:16][cH:14][cH:13][cH:15][cH:17]1.c1ccncc1>>[CH3:1][C:30]([CH3:2])([CH3:3])[Si:32]([CH3:4])([CH3:5])[N:29]1[C:23](=[O:7])[CH:26]2[CH:27]1[CH:25]([O:21][S:33](=[O:8])(=[O:9])[C:31]([F:10])([F:11])[F:12])[CH2:19][N:28]2[C:22](=[O:6])[O:20][CH2:18][c:24]1[cH:16][cH:14][cH:13][cH:15][cH:17]1,1,2,0.25
golden_1549,CC(=O)OC[CH3:1].CI.[H-].[Na+].[O:2]=[S:31](=[O:3])([c:26]1[cH:17][cH:7][c:21]([F:4])[cH:8][cH:18]1)[NH:30][CH:28]1[CH2:19][N:29]([CH:27]([c:24]2[cH:13][cH:9][c:22]([Cl:5])[cH:10][cH:14]2)[c:25]2[cH:15][cH:11][c:23]([Cl:6])[cH:12][cH:16]2)[CH2:20]1>>[CH3:1][N:30]([CH:28]1[CH2:19][N:29]([CH:27]([c:24]2[cH:13][cH:9][c:22]([Cl:5])[cH:10][cH:14]2)[c:25]2[cH:15][cH:11][c:23]([Cl:6])[cH:12][cH:16]2)[CH2:20]1)[S:31](=[O:2])(=[O:3])[c:26]1[cH:17][cH:7][c:21]([F:4])[cH:8][cH:18]1,1,2,0.14
golden_1550,Cc1ccc(S(=O)(=O)Cl)cc1.O[c:24]1[cH:11][cH:13][c:25]([O:21][CH2:18][c:23]2[cH:9][cH:5][cH:2][cH:6][cH:10]2)[cH:14][cH:12]1.[Na+].[OH-].[cH:1]1[cH:3][cH:7][c:22]([CH2:17][O:19][CH2:15][CH2:16][OH:20])[cH:8][cH:4]1>>[cH:1]1[cH:3][cH:7][c:22]([CH2:17][O:19][CH2:15][CH2:16][O:20][c:24]2[cH:11][cH:13][c:25]([O:21][CH2:18][c:23]3[cH:9][cH:5][cH:2][cH:6][cH:10]3)[cH:14][cH:12]2)[cH:8][cH:4]1,1,2,1.38
golden_1551,CC(C)(C)OC(=O)O[C:21](=[O:4])[O:20][C:27]([CH3:1])([CH3:2])[CH3:3].CCCCCC.CCN(CC)CC.CCOC(C)=O.[O:5]=[S:28](=[O:6])([c:22]1[cH:10][cH:8][cH:7][cH:9][cH:11]1)[c:23]1[cH:12][cH:14][c:25]2[nH:19][cH:13][c:24]([CH2:17][CH2:16][NH2:18])[c:26]2[cH:15]1>>[CH3:1][C:27]([CH3:2])([CH3:3])[O:20][C:21](=[O:4])[NH:18][CH2:16][CH2:17][c:24]1[cH:13][nH:19][c:25]2[cH:14][cH:12][c:23]([S:28](=[O:5])(=[O:6])[c:22]3[cH:10][cH:8][cH:7][cH:9][cH:11]3)[cH:15][c:26]12,1,2,0.24
golden_1552,COC(=O)c1cc(Nc2ccc(-c3ccccc3)cc2)c(SC)s1.OB(O)[c:18]1[cH:7][cH:11][c:20](-[c:19]2[cH:9][cH:5][cH:4][cH:6][cH:10]2)[cH:12][cH:8]1.[CH3:1][O:15][C:17](=[S:3])[c:21]1[cH:13][c:22]([NH2:14])[c:23]([CH3:2])[s:16]1>>[CH3:1][O:15][C:17](=[S:3])[c:21]1[cH:13][c:22]([NH:14][c:18]2[cH:7][cH:11][c:20](-[c:19]3[cH:9][cH:5][cH:4][cH:6][cH:10]3)[cH:12][cH:8]2)[c:23]([CH3:2])[s:16]1,1,2,1.38
golden_1553,CN1CCOCC1.CO.Cl[S:32](=[O:4])(=[O:5])[c:30]1[cH:16][cH:8][c:7]([CH3:2])[cH:14][cH:28]1.[CH3:1][O:19][C:22](=[S:6])[c:26]1[cH:15][c:29](-[c:27]2[n:17][c:25](-[c:24]3[cH:11][cH:9][c:23]([NH2:18])[cH:10][cH:12]3)[cH:13][s:20]2)[c:31]([CH3:3])[s:21]1>>[CH3:1][O:19][C:22](=[S:6])[c:26]1[cH:15][c:29](-[c:27]2[n:17][c:25](-[c:24]3[cH:11][cH:9][c:23]([NH:18][S:32](=[O:4])(=[O:5])[c:30]4[cH:16][cH:8][cH:7][cH:14][c:28]4[CH3:2])[cH:10][cH:12]3)[cH:13][s:20]2)[c:31]([CH3:3])[s:21]1,1,6,1.63
golden_1554,N[C:16](=[NH:3])[c:19]1[cH:10][c:21](-[c:20]2[n:11][c:18](-[c:17]3[cH:7][cH:5][cH:4][cH:6][cH:8]3)[cH:9][s:14]2)[c:22]([S:13][CH3:2])[s:15]1.O.[CH3:1][NH2:12]>>[CH3:1][NH:12][C:16](=[NH:3])[c:19]1[cH:10][c:21](-[c:20]2[n:11][c:18](-[c:17]3[cH:7][cH:5][cH:4][cH:6][cH:8]3)[cH:9][s:14]2)[c:22]([S:13][CH3:2])[s:15]1,1,2,0.10
golden_1555,CCOC(=O)N=NC(=O)OCC.Cc1ccccc1.O[CH:20]1[CH2:10][CH2:12][N:21]([C:17](=[O:5])[O:15][C:22]([CH3:2])([CH3:3])[CH3:4])[CH2:13][CH2:11]1.[CH3:1][S:16][c:19]1[cH:8][cH:6][c:18]([OH:14])[cH:7][cH:9]1.c1ccc(P(c2ccccc2)c2ccccc2)cc1>>[CH3:1][S:16][c:19]1[cH:8][cH:6][c:18]([O:14][CH:20]2[CH2:10][CH2:12][N:21]([C:17](=[O:5])[O:15][C:22]([CH3:2])([CH3:3])[CH3:4])[CH2:13][CH2:11]2)[cH:7][cH:9]1,1,2,0.26
golden_1556,NN.O.O=[N+:4]([O-])[c:17]1[cH:6][cH:8][c:18]([CH2:12][CH:19]2[CH2:10][CH2:13][N:20]([C:16](=[O:5])[O:15][C:21]([CH3:1])([CH3:2])[CH3:3])[CH2:14][CH2:11]2)[cH:9][cH:7]1>>[CH3:1][C:21]([CH3:2])([CH3:3])[O:15][C:16](=[O:5])[N:20]1[CH2:13][CH2:10][CH:19]([CH2:12][c:18]2[cH:8][cH:6][c:17]([NH2:4])[cH:7][cH:9]2)[CH2:11][CH2:14]1,1,2,0.07
golden_1557,O=[c:17]1[cH:7][cH:5][nH:13][cH:6][cH:8]1.[CH3:1][C:20]([CH3:2])([CH3:3])[O:15][C:16](=[O:4])[N:19]1[CH2:11][CH2:9][CH:18]([OH:14])[CH2:10][CH2:12]1>>[CH3:1][C:20]([CH3:2])([CH3:3])[O:15][C:16](=[O:4])[N:19]1[CH2:11][CH2:9][CH:18]([O:14][c:17]2[cH:7][cH:5][n:13][cH:6][cH:8]2)[CH2:10][CH2:12]1,1,2,0.09
golden_1558,CC(=O)O[C:44]([CH3:1])=[O:9].Cc1ccccc1.[CH3:2][CH:48]([CH2:26][CH2:21][CH2:28][CH:49]([CH3:3])[CH:58]1[CH2:34][CH2:35][CH:59]2[CH:52]3[CH2:30][CH2:32][CH:56]4[CH2:31][CH2:22][CH2:23][CH2:36][C:61]4([CH3:7])[CH:57]3[CH2:33][CH2:37][C:62]12[CH3:8])[CH2:27][O:39][CH:51]1[O:40][CH:50]([CH2:29][O:38][C:45](=[O:10])[C:60]([CH3:4])([CH3:5])[CH3:6])[CH:53]([O:41][CH2:24][c:46]2[cH:17][cH:13][cH:11][cH:14][cH:18]2)[CH:55]([OH:43])[CH:54]1[O:42][CH2:25][c:47]1[cH:19][cH:15][cH:12][cH:16][cH:20]1>>[CH3:1][C:44](=[O:9])[O:43][CH:55]1[CH:53]([O:41][CH2:24][c:46]2[cH:17][cH:13][cH:11][cH:14][cH:18]2)[CH:50]([CH2:29][O:38][C:45](=[O:10])[C:60]([CH3:4])([CH3:5])[CH3:6])[O:40][CH:51]([O:39][CH2:27][CH:48]([CH3:2])[CH2:26][CH2:21][CH2:28][CH:49]([CH3:3])[CH:58]2[CH2:34][CH2:35][CH:59]3[CH:52]4[CH2:30][CH2:32][CH:56]5[CH2:31][CH2:22][CH2:23][CH2:36][C:61]5([CH3:7])[CH:57]4[CH2:33][CH2:37][C:62]23[CH3:8])[CH:54]1[O:42][CH2:25][c:47]1[cH:19][cH:15][cH:12][cH:16][cH:20]1,1,2,2.98
golden_1559,CC(=O)O[C:34]([CH3:2])=[O:6].[CH3:1][CH2:18][CH2:19][CH2:20][CH2:21][CH2:22][CH2:23][CH2:24][O:29][CH:39]1[O:30][CH:38]([CH2:27][O:28][C:35](=[O:7])[C:43]([CH3:3])([CH3:4])[CH3:5])[CH:40]([O:31][CH2:25][c:36]2[cH:14][cH:10][cH:8][cH:11][cH:15]2)[CH:42]([OH:33])[CH:41]1[O:32][CH2:26][c:37]1[cH:16][cH:12][cH:9][cH:13][cH:17]1.c1ccncc1>>[CH3:1][CH2:18][CH2:19][CH2:20][CH2:21][CH2:22][CH2:23][CH2:24][O:29][CH:39]1[O:30][CH:38]([CH2:27][O:28][C:35](=[O:7])[C:43]([CH3:3])([CH3:4])[CH3:5])[CH:40]([O:31][CH2:25][c:36]2[cH:14][cH:10][cH:8][cH:11][cH:15]2)[CH:42]([O:33][C:34]([CH3:2])=[O:6])[CH:41]1[O:32][CH2:26][c:37]1[cH:16][cH:12][cH:9][cH:13][cH:17]1,1,2,2.48
golden_1560,CC(=O)O[C:33]([CH3:2])=[O:3].CCO.[CH3:1][O:28][c:38]1[cH:18][cH:20][c:39]([O:29][CH:43]2[O:30][CH:42]([CH2:26][OH:27])[CH:44]([O:31][CH2:24][c:36]3[cH:14][cH:8][cH:6][cH:9][cH:15]3)[CH:45]([O:32][CH2:25][c:37]3[cH:16][cH:10][cH:7][cH:11][cH:17]3)[CH:46]2[N:47]2[C:34](=[O:4])[c:40]3[cH:22][cH:12][cH:13][cH:23][c:41]3[C:35]2=[O:5])[cH:21][cH:19]1>>[CH3:1][O:28][c:38]1[cH:18][cH:20][c:39]([O:29][CH:43]2[O:30][CH:42]([CH2:26][O:27][C:33]([CH3:2])=[O:3])[CH:44]([O:31][CH2:24][c:36]3[cH:14][cH:8][cH:6][cH:9][cH:15]3)[CH:45]([O:32][CH2:25][c:37]3[cH:16][cH:10][cH:7][cH:11][cH:17]3)[CH:46]2[N:47]2[C:34](=[O:4])[c:40]3[cH:22][cH:12][cH:13][cH:23][c:41]3[C:35]2=[O:5])[cH:21][cH:19]1,1,2,1.03
golden_1561,O[c:36]1[c:34]([F:3])[cH:10][c:32](-[c:31]2[cH:6][cH:8][c:33]([CH:38]3[CH2:25][CH2:28][Si:39](c4ccccc4)([CH2:27][CH2:22][CH2:20][CH2:18][CH2:17][CH2:16][CH2:14][CH2:12][CH3:1])[CH2:29][CH2:26]3)[cH:9][cH:7]2)[cH:11][c:35]1[F:4].[CH3:2][CH2:13][CH2:15][CH2:19][CH2:21][CH2:23][CH:37]([F:5])[CH2:24][OH:30]>>[CH3:1][CH2:12][CH2:14][CH2:16][CH2:17][CH2:18][CH2:20][CH2:22][CH2:27][SiH:39]1[CH2:28][CH2:25][CH:38]([c:33]2[cH:8][cH:6][c:31](-[c:32]3[cH:10][c:34]([F:3])[c:36]([O:30][CH2:24][CH:37]([F:5])[CH2:23][CH2:21][CH2:19][CH2:15][CH2:13][CH3:2])[c:35]([F:4])[cH:11]3)[cH:7][cH:9]2)[CH2:26][CH2:29]1,1,3,0.42
golden_1562,O[c:34]1[c:32]([F:3])[cH:10][c:30](-[c:29]2[cH:6][cH:8][c:31]([CH:36]3[CH2:23][CH2:26][Si:37](c4ccccc4)([CH2:25][CH2:20][CH2:15][CH2:13][CH3:2])[CH2:27][CH2:24]3)[cH:9][cH:7]2)[cH:11][c:33]1[F:4].[CH3:1][CH2:12][CH2:14][CH2:16][CH2:17][CH2:18][CH2:19][CH2:21][CH:35]([F:5])[CH2:22][OH:28]>>[CH3:1][CH2:12][CH2:14][CH2:16][CH2:17][CH2:18][CH2:19][CH2:21][CH:35]([F:5])[CH2:22][O:28][c:34]1[c:32]([F:3])[cH:10][c:30](-[c:29]2[cH:6][cH:8][c:31]([CH:36]3[CH2:23][CH2:26][SiH:37]([CH2:25][CH2:20][CH2:15][CH2:13][CH3:2])[CH2:27][CH2:24]3)[cH:9][cH:7]2)[cH:11][c:33]1[F:4],1,3,0.26
golden_1563,O[c:30]1[c:28]([F:3])[cH:10][c:26](-[c:25]2[cH:6][cH:8][c:27]([CH:32]3[CH2:19][CH2:22][Si:33](c4ccccc4)([CH2:21][CH2:13][CH3:2])[CH2:23][CH2:20]3)[cH:9][cH:7]2)[cH:11][c:29]1[F:4].[CH3:1][CH2:12][CH2:14][CH2:15][CH2:16][CH2:17][CH:31]([F:5])[CH2:18][OH:24]>>[CH3:1][CH2:12][CH2:14][CH2:15][CH2:16][CH2:17][CH:31]([F:5])[CH2:18][O:24][c:30]1[c:28]([F:3])[cH:10][c:26](-[c:25]2[cH:6][cH:8][c:27]([CH:32]3[CH2:19][CH2:22][SiH:33]([CH2:21][CH2:13][CH3:2])[CH2:23][CH2:20]3)[cH:9][cH:7]2)[cH:11][c:29]1[F:4],1,3,0.19
golden_1564,O[c:31]1[c:29]([F:4])[cH:7][c:28]([CH:35]2[CH2:21][CH2:25][Si:37](c3ccccc3)([CH:36]3[CH2:23][CH2:19][CH:34]([CH2:18][CH2:15][CH:32]([CH3:2])[CH3:3])[CH2:20][CH2:24]3)[CH2:26][CH2:22]2)[cH:8][c:30]1[F:5].[CH3:1][CH2:9][CH2:10][CH2:11][CH2:12][CH2:13][CH2:14][CH2:16][CH:33]([F:6])[CH2:17][OH:27]>>[CH3:1][CH2:9][CH2:10][CH2:11][CH2:12][CH2:13][CH2:14][CH2:16][CH:33]([F:6])[CH2:17][O:27][c:31]1[c:29]([F:4])[cH:7][c:28]([CH:35]2[CH2:21][CH2:25][SiH:37]([CH:36]3[CH2:23][CH2:19][CH:34]([CH2:18][CH2:15][CH:32]([CH3:2])[CH3:3])[CH2:20][CH2:24]3)[CH2:26][CH2:22]2)[cH:8][c:30]1[F:5],1,3,0.24
golden_1565,O[CH:35]([CH3:3])[CH2:22][CH2:20][CH2:18][CH2:16][CH2:14][CH2:12][CH3:1].c1ccc([Si:37]2([CH2:25][CH2:21][CH2:19][CH2:17][CH2:15][CH2:13][CH3:2])[CH2:26][CH2:23][CH:36]([c:31]3[cH:8][cH:6][c:29](-[c:30]4[cH:10][c:32]([F:4])[c:34]([OH:28])[c:33]([F:5])[cH:11]4)[cH:7][cH:9]3)[CH2:24][CH2:27]2)cc1>>[CH3:1][CH2:12][CH2:14][CH2:16][CH2:18][CH2:20][CH2:22][CH:35]([CH3:3])[O:28][c:34]1[c:32]([F:4])[cH:10][c:30](-[c:29]2[cH:6][cH:8][c:31]([CH:36]3[CH2:23][CH2:26][SiH:37]([CH2:25][CH2:21][CH2:19][CH2:17][CH2:15][CH2:13][CH3:2])[CH2:27][CH2:24]3)[cH:9][cH:7]2)[cH:11][c:33]1[F:5],1,3,0.23
golden_1566,O[CH:34]([CH3:3])[CH2:21][CH2:17][CH2:15][CH2:13][CH2:11][CH2:9][CH3:2].[CH3:1][CH2:8][CH2:10][CH2:12][CH2:14][CH2:16][CH2:18][CH:33]1[CH2:19][CH2:24][CH:36]([SiH:37]2[CH2:26][CH2:22][CH:35]([c:29]3[cH:6][c:30]([F:4])[c:32]([OH:28])[c:31]([F:5])[cH:7]3)[CH2:23][CH2:27]2)[CH2:25][CH2:20]1>>[CH3:1][CH2:8][CH2:10][CH2:12][CH2:14][CH2:16][CH2:18][CH:33]1[CH2:19][CH2:24][CH:36]([SiH:37]2[CH2:26][CH2:22][CH:35]([c:29]3[cH:6][c:30]([F:4])[c:32]([O:28][CH:34]([CH3:3])[CH2:21][CH2:17][CH2:15][CH2:13][CH2:11][CH2:9][CH3:2])[c:31]([F:5])[cH:7]3)[CH2:23][CH2:27]2)[CH2:25][CH2:20]1,1,2,0.17
golden_1567,O.O=S(=O)(O[S:18](=[O:2])(=[O:3])[C:17]([F:4])([F:5])[F:6])C(F)(F)F.[O:1]=[CH:9][c:13]1[cH:10][c:14]([Br:7])[c:16]([OH:12])[c:15]([Br:8])[cH:11]1>>[O:1]=[CH:9][c:13]1[cH:10][c:14]([Br:7])[c:16]([O:12][S:18](=[O:2])(=[O:3])[C:17]([F:4])([F:5])[F:6])[c:15]([Br:8])[cH:11]1,1,2,0.12
golden_1568,CC(=O)OC(C)=O.Cl.Cl.O.O[CH:12]([CH2:6][Cl:5])[CH2:7][NH2:8].[CH3:1][C:10](=[O:3])[O:9][C:11]([CH3:2])=[O:4].c1ccncc1>>[CH3:1][C:10](=[O:3])[NH:8][CH2:7][CH:12]([CH2:6][Cl:5])[O:9][C:11]([CH3:2])=[O:4],1,4,0.14
golden_1569,Br[c:25]1[cH:7][cH:15][c:31]2[cH:17][cH:19][c:33]3[cH:20][cH:18][c:32]4[cH:16][cH:8][c:26](Br)[cH:24][c:37]4[c:38]3[c:36]2[cH:23]1.Cc1ccccc1.Cc1ccccc1P(c1ccccc1C)c1ccccc1C.O=P([O-])([O-])[O-].OB(O)[c:27]1[cH:9][cH:3][cH:13][c:29]2[cH:11][cH:1][cH:5][cH:21][c:34]12.OB(O)[c:28]1[cH:10][cH:4][cH:14][c:30]2[cH:12][cH:2][cH:6][cH:22][c:35]12.[K+].[K+].[K+]>>[cH:1]1[cH:5][cH:21][c:34]2[c:27](-[c:25]3[cH:7][cH:15][c:31]4[cH:17][cH:19][c:33]5[cH:20][cH:18][c:32]6[cH:16][cH:8][c:26](-[c:28]7[cH:10][cH:4][cH:14][c:30]8[cH:12][cH:2][cH:6][cH:22][c:35]78)[cH:24][c:37]6[c:38]5[c:36]4[cH:23]3)[cH:9][cH:3][cH:13][c:29]2[cH:11]1,1,6,3.59
golden_1570,C1CCC2=NCCCN2CC1.O=C(n1ccnc1)n1ccnc1.O[C:15]([CH3:1])([CH3:2])[CH3:3].[O:4]=[C:11]([OH:10])[c:14]1[cH:9][c:12]([Br:6])[cH:7][cH:8][c:13]1[Cl:5]>>[CH3:1][C:15]([CH3:2])([CH3:3])[O:10][C:11](=[O:4])[c:14]1[cH:9][c:12]([Br:6])[cH:7][cH:8][c:13]1[Cl:5],1,2,0.06
golden_1571,CC(=O)[O:3][CH2:18][CH:29]1[O:19][CH:30]([c:24]2[cH:12][cH:15][c:27]([Cl:7])[c:28]([CH2:17][c:25]3[cH:13][cH:14][c:26](-[c:23]4[cH:10][cH:8][c:22]([C:21]#[N:1])[cH:9][cH:11]4)[s:20]3)[cH:16]2)[CH:32]([O:5]C(C)=O)[CH:33]([O:6]C(C)=O)[CH:31]1[O:4]C(C)=O.OO.[Na+].[OH-].[OH2:2]>>[NH2:1][C:21](=[O:2])[c:22]1[cH:8][cH:10][c:23](-[c:26]2[cH:14][cH:13][c:25]([CH2:17][c:28]3[cH:16][c:24]([CH:30]4[O:19][CH:29]([CH2:18][OH:3])[CH:31]([OH:4])[CH:33]([OH:6])[CH:32]4[OH:5])[cH:12][cH:15][c:27]3[Cl:7])[s:20]2)[cH:11][cH:9]1,1,5,1.60
golden_1572,CC(=O)[O:1][CH2:13][CH:23]1[O:17][CH:24]([c:18]2[cH:8][cH:9][c:19]([Cl:5])[c:20]([CH2:14][N:28]3[CH2:15][c:21]4[cH:11][cH:6][cH:7][cH:12][c:22]4[CH2:16]3)[cH:10]2)[CH:26]([O:3]C(C)=O)[CH:27]([O:4]C(C)=O)[CH:25]1[O:2]C(C)=O.OCC1OC=CC(O)C1O>>[OH:1][CH2:13][CH:23]1[O:17][CH:24]([c:18]2[cH:8][cH:9][c:19]([Cl:5])[c:20]([CH2:14][N:28]3[CH2:15][c:21]4[cH:11][cH:6][cH:7][cH:12][c:22]4[CH2:16]3)[cH:10]2)[CH:26]([OH:3])[CH:27]([OH:4])[CH:25]1[OH:2],1,4,1.79
golden_1573,CCO[C:13](=[NH:10])[CH:19]([CH3:2])[C:12](=[O:3])[O:11][CH2:8][CH3:1].N[c:18]1[c:16]([F:6])[c:14]([F:4])[cH:7][c:15]([F:5])[c:17]1[NH2:9]>>[CH3:1][CH2:8][O:11][C:12](=[O:3])[CH:19]([CH3:2])[c:13]1[n:9][c:17]2[c:15]([F:5])[cH:7][c:14]([F:4])[c:16]([F:6])[c:18]2[nH:10]1,1,4,0.06
golden_1574,CCOC(C)=O.I[CH3:2].[CH3:1][c:25]1[cH:12][c:24]([C:23](=[O:8])[N:31]2[CH2:19][c:27]3[cH:14][n:20][n:33]([CH3:3])[c:30]3[NH:32][c:29]3[cH:16][cH:10][cH:9][cH:15][c:28]32)[cH:11][cH:13][c:26]1[CH2:18][CH2:17][C:22](=[O:7])[O:21][C:34]([CH3:4])([CH3:5])[CH3:6].[H-].[Na+]>>[CH3:1][c:25]1[cH:12][c:24]([C:23](=[O:8])[N:31]2[CH2:19][c:27]3[cH:14][n:20][n:33]([CH3:3])[c:30]3[N:32]([CH3:2])[c:29]3[cH:16][cH:10][cH:9][cH:15][c:28]32)[cH:11][cH:13][c:26]1[CH2:18][CH2:17][C:22](=[O:7])[O:21][C:34]([CH3:4])([CH3:5])[CH3:6],1,2,0.16
golden_1575,CCN(C(C)C)C(C)C.O[C:32](=[O:3])[CH2:19][CH2:21][c:38]1[cH:15][cH:13][c:36]([C:34](=[O:5])[N:45]2[CH2:27][c:39]3[cH:16][n:28][n:46]([CH3:2])[c:42]3[NH:29][c:40]3[cH:17][cH:9][cH:10][cH:18][c:41]32)[cH:14][c:37]1[CH3:1].[O:4]=[C:33]([O:31][CH2:20][c:35]1[cH:11][cH:7][cH:6][cH:8][cH:12]1)[N:44]1[CH2:25][CH2:22][CH:43]([CH2:24][OH:30])[CH2:23][CH2:26]1>>[CH3:1][c:37]1[cH:14][c:36]([C:34](=[O:5])[N:45]2[CH2:27][c:39]3[cH:16][n:28][n:46]([CH3:2])[c:42]3[NH:29][c:40]3[cH:17][cH:9][cH:10][cH:18][c:41]32)[cH:13][cH:15][c:38]1[CH2:21][CH2:19][C:32](=[O:3])[O:30][CH2:24][CH:43]1[CH2:22][CH2:25][N:44]([C:33](=[O:4])[O:31][CH2:20][c:35]2[cH:11][cH:7][cH:6][cH:8][cH:12]2)[CH2:26][CH2:23]1,1,2,0.39
golden_1576,O=S(Cl)Cl.O[C:9](=[O:2])[c:12]1[cH:7][cH:5][c:10]([OH:3])[cH:6][c:11]1[Cl:4].[CH3:1][OH:8]>>[CH3:1][O:8][C:9](=[O:2])[c:12]1[cH:7][cH:5][c:10]([OH:3])[cH:6][c:11]1[Cl:4],1,2,0.03
golden_1577,O=S(=O)(O)O.O[C:10](=[O:2])[c:11]1[cH:5][cH:6][c:12]([OH:3])[c:13]([F:4])[cH:7]1.[CH3:1][CH2:8][OH:9]>>[CH3:1][CH2:8][O:9][C:10](=[O:2])[c:11]1[cH:5][cH:6][c:12]([OH:3])[c:13]([F:4])[cH:7]1,1,2,0.03
golden_1578,CC(=O)O.CCOC(=O)C1CCN(S(=O)(=O)c2ccc(C)cc2)c2ccccc2C1=O.COC(=O)[CH:14]1[CH2:13][CH2:15][N:21]([S:22](=[O:3])(=[O:4])[c:18]2[cH:9][cH:7][c:17]([CH3:1])[cH:8][cH:10]2)[c:20]2[cH:12][cH:6][cH:5][cH:11][c:19]2[C:16]1=[O:2].Cl>>[CH3:1][c:17]1[cH:7][cH:9][c:18]([S:22](=[O:3])(=[O:4])[N:21]2[CH2:15][CH2:13][CH2:14][C:16](=[O:2])[c:19]3[cH:11][cH:5][cH:6][cH:12][c:20]32)[cH:10][cH:8]1,1,2,0.30
golden_1579,C[Si](C)(C)[N-][Si](C)(C)C.I[CH3:1].[Na+].[O:2]=[C:14]1[NH:19][c:16]2[cH:6][n:12][c:15]([Cl:5])[n:13][c:17]2[N:20]([CH:18]2[CH2:9][CH2:7][CH2:8][CH2:10]2)[CH2:11][C:21]1([F:3])[F:4]>>[CH3:1][N:19]1[C:14](=[O:2])[C:21]([F:3])([F:4])[CH2:11][N:20]([CH:18]2[CH2:9][CH2:7][CH2:8][CH2:10]2)[c:17]2[n:13][c:15]([Cl:5])[n:12][cH:6][c:16]21,1,2,0.06
golden_1580,O=S(Cl)Cl.O[CH3:1].[NH2:2][CH2:6][C:9]([F:4])([F:5])[C:8](=[O:3])[OH:7]>>[CH3:1][O:7][C:8](=[O:3])[C:9]([F:4])([F:5])[CH2:6][NH2:2],1,2,0.01
golden_1581,CCN=C=NCCCN(C)C.Cl.O[CH:34]([CH2:19][c:32]1[c:28]([Cl:7])[cH:14][n:20][cH:15][c:29]1[Cl:8])[c:26]1[cH:11][cH:16][c:30]([O:21][CH3:1])[c:31]([O:22][CH3:2])[cH:17]1.[CH3:3][CH:33]([CH3:4])[CH2:18][c:25]1[cH:9][cH:12][c:27]([CH:35]([CH3:5])[C:24](=[O:6])[OH:23])[cH:13][cH:10]1.[Cl-].[NH4+]>>[CH3:1][O:21][c:30]1[cH:16][cH:11][c:26]([CH:34]([CH2:19][c:32]2[c:28]([Cl:7])[cH:14][n:20][cH:15][c:29]2[Cl:8])[O:23][C:24](=[O:6])[CH:35]([CH3:5])[c:27]2[cH:12][cH:9][c:25]([CH2:18][CH:33]([CH3:3])[CH3:4])[cH:10][cH:13]2)[cH:17][c:31]1[O:22][CH3:2],1,2,0.24
golden_1582,Cl.NC(=O)OCCC(N[C:25](=[O:1])[CH2:21][n:34]1[n:23][c:29](-[c:27]2[cH:17][cH:15][c:26]([Cl:11])[cH:16][cH:18]2)[n:35]([CH2:22][CH:32]([OH:3])[C:36]([F:5])([F:6])[F:7])[c:30]1=[O:2])c1ccccc1F.[OH:4][CH:33]([CH:31]([NH2:24])[c:28]1[cH:19][cH:13][cH:12][cH:14][cH:20]1)[C:37]([F:8])([F:9])[F:10]>>[O:1]=[C:25]([CH2:21][n:34]1[n:23][c:29](-[c:27]2[cH:17][cH:15][c:26]([Cl:11])[cH:16][cH:18]2)[n:35]([CH2:22][CH:32]([OH:3])[C:36]([F:5])([F:6])[F:7])[c:30]1=[O:2])[NH:24][CH:31]([c:28]1[cH:19][cH:13][cH:12][cH:14][cH:20]1)[CH:33]([OH:4])[C:37]([F:8])([F:9])[F:10],1,2,0.34
golden_1583,Cc1ccccc1C(CCO)N[C:25](=[O:1])[CH2:20][n:33]1[n:23][c:29](-[c:27]2[cH:16][cH:14][c:26]([Cl:10])[cH:15][cH:17]2)[n:34]([CH2:21][CH:32]([OH:3])[C:36]([F:7])([F:8])[F:9])[c:30]1=[O:2].[F:4][C:35]([F:5])([F:6])[CH2:22][CH:31]([NH2:24])[c:28]1[cH:18][cH:12][cH:11][cH:13][cH:19]1>>[O:1]=[C:25]([CH2:20][n:33]1[n:23][c:29](-[c:27]2[cH:16][cH:14][c:26]([Cl:10])[cH:15][cH:17]2)[n:34]([CH2:21][CH:32]([OH:3])[C:36]([F:7])([F:8])[F:9])[c:30]1=[O:2])[NH:24][CH:31]([CH2:22][C:35]([F:4])([F:5])[F:6])[c:28]1[cH:18][cH:12][cH:11][cH:13][cH:19]1,1,2,0.23
golden_1584,O=C(O)C[n:30]1[n:19][c:26](-[c:23]2[cH:10][cH:8][c:22]([Cl:4])[cH:9][cH:11]2)[n:31]([CH:29]2[CH2:16][CH2:17]2)[c:27]1=[O:2].O=c1n([CH2:18][C:21](=[O:1])[NH:20][CH:28]([CH2:15][CH2:14][OH:3])[c:25]2[cH:13][cH:7][cH:6][cH:12][c:24]2[Cl:5])nc(-c2ccc(Cl)cc2)n1CC(O)C(F)(F)F>>[O:1]=[C:21]([CH2:18][n:30]1[n:19][c:26](-[c:23]2[cH:10][cH:8][c:22]([Cl:4])[cH:9][cH:11]2)[n:31]([CH:29]2[CH2:16][CH2:17]2)[c:27]1=[O:2])[NH:20][CH:28]([CH2:15][CH2:14][OH:3])[c:25]1[cH:13][cH:7][cH:6][cH:12][c:24]1[Cl:5],1,3,0.25
golden_1585,C1COCCO1.CC(C)(C)OC(=O)O[C:16](=[O:5])[O:15][C:20]([CH3:1])([CH3:2])[CH3:3].Cl.[CH3:4][C:21]([NH2:14])([C:17](=[O:6])[OH:7])[c:19]1[cH:12][cH:10][cH:9][cH:11][c:18]1[CH2:13][Cl:8]>>[CH3:1][C:20]([CH3:2])([CH3:3])[O:15][C:16](=[O:5])[NH:14][C:21]([CH3:4])([C:17](=[O:6])[OH:7])[c:19]1[cH:12][cH:10][cH:9][cH:11][c:18]1[CH2:13][Cl:8],1,2,0.20
golden_1586,Br[c:18]1[n:13][cH:3][cH:2][cH:8][c:17]1-[c:16]1[cH:6][cH:4][c:15]([F:1])[cH:5][cH:7]1.CC(C)(C)[O-].[CH2:9]1[CH2:11][NH:19][CH2:12][CH2:10][NH:14]1.[Na+].c1ccc(P(c2ccccc2)c2ccc3ccccc3c2-c2c(P(c3ccccc3)c3ccccc3)ccc3ccccc23)cc1>>[F:1][c:15]1[cH:4][cH:6][c:16](-[c:17]2[cH:8][cH:2][cH:3][n:13][c:18]2[N:19]2[CH2:11][CH2:9][NH:14][CH2:10][CH2:12]2)[cH:7][cH:5]1,1,2,0.19
golden_1587,CCN(C(C)C)C(C)C.CCOC(=O)N=NC(=O)OCC.Cl.[CH3:1][CH2:11][n:31]1[c:22]([C:18](=[O:4])[N:29]([CH:27]2[CH2:7][CH2:8]2)[CH:28]2[CH2:9][CH2:10]2)[cH:5][c:24]2[c:25]3[c:23]([n:14][cH:6][n:30]3[CH3:3])[c:21]([N:16]=[C:20]=[S:17])[n:15][c:26]21.[CH3:2][C:19](=[NH:12])[NH2:13]>>[CH3:1][CH2:11][n:31]1[c:22]([C:18](=[O:4])[N:29]([CH:27]2[CH2:7][CH2:8]2)[CH:28]2[CH2:9][CH2:10]2)[cH:5][c:24]2[c:25]3[c:23]([n:14][cH:6][n:30]3[CH3:3])[c:21]([NH:16][c:20]3[n:13][c:19]([CH3:2])[n:12][s:17]3)[n:15][c:26]21,1,2,0.30
golden_1588,O=S([O-])OO.[CH3:1][CH2:14][n:33]1[n:18][c:22]([NH:19][c:23]2[n:17][c:29]3[c:27]([cH:8][c:25]([C:21](=[O:5])[N:32]([CH:30]4[CH2:10][CH2:11]4)[CH:31]4[CH2:12][CH2:13]4)[n:35]3[CH2:15][CH3:2])[c:28]3[c:26]2[n:16][cH:9][n:34]3[CH3:3])[cH:7][c:24]1[CH:20]=[O:4].[K+].[OH2:6]>>[CH3:1][CH2:14][n:33]1[n:18][c:22]([NH:19][c:23]2[n:17][c:29]3[c:27]([cH:8][c:25]([C:21](=[O:5])[N:32]([CH:30]4[CH2:10][CH2:11]4)[CH:31]4[CH2:12][CH2:13]4)[n:35]3[CH2:15][CH3:2])[c:28]3[c:26]2[n:16][cH:9][n:34]3[CH3:3])[cH:7][c:24]1[C:20](=[O:4])[OH:6],1,2,0.13
golden_1589,CNN.O=C1c2ccccc2C(=O)[N:6]1[N:14]([CH2:9][CH2:8][O:10][CH:13]([CH3:1])[CH3:2])[C:12](=[O:7])[O:11][C:15]([CH3:3])([CH3:4])[CH3:5]>>[CH3:1][CH:13]([CH3:2])[O:10][CH2:8][CH2:9][N:14]([NH2:6])[C:12](=[O:7])[O:11][C:15]([CH3:3])([CH3:4])[CH3:5],1,2,0.05
golden_1590,CNN.O=C1c2ccccc2C(=O)[N:5]1[N:10]([CH2:7][CH3:1])[C:9](=[O:6])[O:8][C:11]([CH3:2])([CH3:3])[CH3:4]>>[CH3:1][CH2:7][N:10]([NH2:5])[C:9](=[O:6])[O:8][C:11]([CH3:2])([CH3:3])[CH3:4],1,2,0.03
golden_1591,C1CCOC1.CN(C)C(On1nnc2cccnc21)=[N+](C)C.F[P-](F)(F)(F)(F)F.O[C:20](=[O:6])[c:24]1[cH:8][c:22]([NH:19][c:23]2[n:17][c:29]3[c:27]([cH:9][c:25]([C:21](=[O:7])[N:33]([CH:30]4[CH2:11][CH2:12]4)[CH:31]4[CH2:13][CH2:14]4)[n:36]3[CH2:15][CH3:1])[c:28]3[c:26]2[n:16][cH:10][n:35]3[CH3:5])[n:18][n:34]1[CH3:4].[CH3:2][NH:32][CH3:3]>>[CH3:1][CH2:15][n:36]1[c:25]([C:21](=[O:7])[N:33]([CH:30]2[CH2:11][CH2:12]2)[CH:31]2[CH2:13][CH2:14]2)[cH:9][c:27]2[c:28]3[c:26]([n:16][cH:10][n:35]3[CH3:5])[c:23]([NH:19][c:22]3[cH:8][c:24]([C:20](=[O:6])[N:32]([CH3:2])[CH3:3])[n:34]([CH3:4])[n:18]3)[n:17][c:29]21,1,2,1.60
golden_1592,CN(C)C(On1nnc2cccnc21)=[N+](C)C.Cc1cccc(C)n1.F[P-](F)(F)(F)(F)F.O[C:20](=[O:6])[c:24]1[s:19][c:22]([NH:18][c:25]2[n:17][c:30]3[c:28]([cH:8][c:26]([C:21](=[O:7])[N:34]([CH:31]4[CH2:10][CH2:11]4)[CH:32]4[CH2:12][CH2:13]4)[n:36]3[CH2:14][CH3:1])[c:29]3[c:27]2[n:16][cH:9][n:35]3[CH3:5])[n:15][c:23]1[CH3:2].[CH3:3][NH:33][CH3:4]>>[CH3:1][CH2:14][n:36]1[c:26]([C:21](=[O:7])[N:34]([CH:31]2[CH2:10][CH2:11]2)[CH:32]2[CH2:12][CH2:13]2)[cH:8][c:28]2[c:29]3[c:27]([n:16][cH:9][n:35]3[CH3:5])[c:25]([NH:18][c:22]3[n:15][c:23]([CH3:2])[c:24]([C:20](=[O:6])[N:33]([CH3:3])[CH3:4])[s:19]3)[n:17][c:30]21,1,2,1.59
golden_1593,CN(C)C(On1nnc2cccnc21)=[N+](C)C.F[P-](F)(F)(F)(F)F.O[C:20](=[O:6])[c:23]1[n:15][c:22]([NH:18][c:25]2[n:17][c:30]3[c:28]([cH:8][c:26]([C:21](=[O:7])[N:34]([CH:31]4[CH2:10][CH2:11]4)[CH:32]4[CH2:12][CH2:13]4)[n:36]3[CH2:14][CH3:1])[c:29]3[c:27]2[n:16][cH:9][n:35]3[CH3:5])[s:19][c:24]1[CH3:2].[CH3:3][NH:33][CH3:4]>>[CH3:1][CH2:14][n:36]1[c:26]([C:21](=[O:7])[N:34]([CH:31]2[CH2:10][CH2:11]2)[CH:32]2[CH2:12][CH2:13]2)[cH:8][c:28]2[c:29]3[c:27]([n:16][cH:9][n:35]3[CH3:5])[c:25]([NH:18][c:22]3[n:15][c:23]([C:20](=[O:6])[N:33]([CH3:3])[CH3:4])[c:24]([CH3:2])[s:19]3)[n:17][c:30]21,1,2,1.92
golden_1594,CCN(C(C)C)C(C)C.CN(C)C(On1nnc2cccnc21)=[N+](C)C.F[P-](F)(F)(F)(F)F.O[C:20](=[O:5])[c:22]1[cH:7][s:19][c:23]([NH:18][c:24]2[n:17][c:29]3[c:27]([cH:8][c:25]([C:21](=[O:6])[N:33]([CH:30]4[CH2:10][CH2:11]4)[CH:31]4[CH2:12][CH2:13]4)[n:35]3[CH2:14][CH3:1])[c:28]3[c:26]2[n:16][cH:9][n:34]3[CH3:4])[n:15]1.[CH3:2][NH:32][CH3:3]>>[CH3:1][CH2:14][n:35]1[c:25]([C:21](=[O:6])[N:33]([CH:30]2[CH2:10][CH2:11]2)[CH:31]2[CH2:12][CH2:13]2)[cH:8][c:27]2[c:28]3[c:26]([n:16][cH:9][n:34]3[CH3:4])[c:24]([NH:18][c:23]3[n:15][c:22]([C:20](=[O:5])[N:32]([CH3:2])[CH3:3])[cH:7][s:19]3)[n:17][c:29]21,1,2,1.51
golden_1595,CN1CCOCC1.Cl.N#N.O.O[C:29](=[O:1])[c:34]1[cH:12][cH:16][c:40]2[n:25][c:36]([CH2:22][c:35]3[n:24][c:39]4[cH:15][cH:11][c:33]([CH2:23][N:43]5[C:30](=[O:2])[c:37]6[cH:13][cH:7][cH:8][cH:14][c:38]6[C:31]5=[O:3])[cH:17][c:41]4[nH:27]3)[nH:28][c:42]2[cH:18]1.On1nnc2ccccc21.[Cl-].[Na+].[cH:4]1[cH:5][cH:9][c:32]([CH2:21][CH2:19][CH2:20][NH2:26])[cH:10][cH:6]1>>[O:1]=[C:29]([NH:26][CH2:20][CH2:19][CH2:21][c:32]1[cH:9][cH:5][cH:4][cH:6][cH:10]1)[c:34]1[cH:12][cH:16][c:40]2[n:25][c:36]([CH2:22][c:35]3[n:24][c:39]4[cH:15][cH:11][c:33]([CH2:23][N:43]5[C:30](=[O:2])[c:37]6[cH:13][cH:7][cH:8][cH:14][c:38]6[C:31]5=[O:3])[cH:17][c:41]4[nH:27]3)[nH:28][c:42]2[cH:18]1,1,2,0.42
golden_1596,O[CH:29]1[CH2:13][CH2:11][CH2:15][N:31]([CH2:16][c:24]2[cH:6][cH:5][n:19][c:25]([F:2])[cH:7]2)[CH2:17]1.[O:1]=[C:23]([OH:21])[CH:30]1[CH2:14][CH2:10][CH2:12][CH2:18][N:32]1[c:26]1[n:20][c:27]2[cH:8][cH:3][cH:4][cH:9][c:28]2[o:22]1>>[O:1]=[C:23]([O:21][CH:29]1[CH2:13][CH2:11][CH2:15][N:31]([CH2:16][c:24]2[cH:6][cH:5][n:19][c:25]([F:2])[cH:7]2)[CH2:17]1)[CH:30]1[CH2:14][CH2:10][CH2:12][CH2:18][N:32]1[c:26]1[n:20][c:27]2[cH:8][cH:3][cH:4][cH:9][c:28]2[o:22]1,1,2,0.12
golden_1597,CCOC(=O)N=NC(=O)OCC.O[CH:28]1[CH2:13][CH2:11][CH2:15][N:30]([CH2:16][c:24]2[cH:7][cH:3][cH:2][cH:6][n:19]2)[CH2:17]1.[O:1]=[C:23]([OH:21])[CH:29]1[CH2:14][CH2:10][CH2:12][CH2:18][N:31]1[c:25]1[n:20][c:26]2[cH:8][cH:4][cH:5][cH:9][c:27]2[o:22]1.c1ccc(P(c2ccccc2)c2ccccc2)cc1>>[O:1]=[C:23]([O:21][CH:28]1[CH2:13][CH2:11][CH2:15][N:30]([CH2:16][c:24]2[cH:7][cH:3][cH:2][cH:6][n:19]2)[CH2:17]1)[CH:29]1[CH2:14][CH2:10][CH2:12][CH2:18][N:31]1[c:25]1[n:20][c:26]2[cH:8][cH:4][cH:5][cH:9][c:27]2[o:22]1,1,2,0.37
golden_1598,CCN=C=NCCCN(C)C.Cl.O.O[C:22](=[O:1])[CH:28]1[CH2:14][CH2:11][CH2:12][CH2:18][N:30]1[c:24]1[n:19][c:25]2[cH:9][cH:5][cH:6][cH:10][c:26]2[o:21]1.On1nnc2ccccc21.[cH:2]1[cH:3][cH:7][c:23]([CH2:16][N:29]2[CH2:15][CH2:13][CH:27]([NH2:20])[CH2:17]2)[cH:8][cH:4]1>>[O:1]=[C:22]([NH:20][CH:27]1[CH2:13][CH2:15][N:29]([CH2:16][c:23]2[cH:7][cH:3][cH:2][cH:4][cH:8]2)[CH2:17]1)[CH:28]1[CH2:14][CH2:11][CH2:12][CH2:18][N:30]1[c:24]1[n:19][c:25]2[cH:9][cH:5][cH:6][cH:10][c:26]2[o:21]1,1,2,0.21
golden_1599,CCOC(=O)N=NC(=O)OCC.O[c:32]1[cH:13][cH:14][c:33]2[c:34]([cH:15]1)[CH2:20][N:35]([C:29](=[O:5])[O:26][CH2:17][c:31]1[cH:11][cH:9][cH:8][cH:10][cH:12]1)[CH2:19][CH2:18]2.[CH3:1][C:38]([CH3:2])([CH3:3])[O:28][C:30](=[O:6])[N:36]1[CH2:21][CH2:24][C:37]([C:7]#[N:4])([CH2:23][CH2:16][OH:27])[CH2:25][CH2:22]1.c1ccc(P(c2ccccc2)c2ccccc2)cc1>>[CH3:1][C:38]([CH3:2])([CH3:3])[O:28][C:30](=[O:6])[N:36]1[CH2:21][CH2:24][C:37]([C:7]#[N:4])([CH2:23][CH2:16][O:27][c:32]2[cH:13][cH:14][c:33]3[c:34]([cH:15]2)[CH2:20][N:35]([C:29](=[O:5])[O:26][CH2:17][c:31]2[cH:11][cH:9][cH:8][cH:10][cH:12]2)[CH2:19][CH2:18]3)[CH2:25][CH2:22]1,1,2,0.45
golden_1600,CC(C)OC(=O)N=NC(=O)OC(C)C.O[c:24]1[cH:7][cH:11][c:27]2[c:26]([cH:10]1)[CH2:12][CH2:16][N:29]([C:23](=[O:4])[O:22][C:31]([CH3:1])([CH3:2])[CH3:3])[CH2:17]2.[cH:5]1[cH:8][c:25]([N:30]2[CH2:18][CH2:13][CH:28]([CH2:15][OH:21])[CH2:14][CH2:19]2)[cH:9][cH:6][n:20]1.c1ccc(P(c2ccccc2)c2ccccc2)cc1>>[CH3:1][C:31]([CH3:2])([CH3:3])[O:22][C:23](=[O:4])[N:29]1[CH2:16][CH2:12][c:26]2[cH:10][c:24]([O:21][CH2:15][CH:28]3[CH2:13][CH2:18][N:30]([c:25]4[cH:8][cH:5][n:20][cH:6][cH:9]4)[CH2:19][CH2:14]3)[cH:7][cH:11][c:27]2[CH2:17]1,1,2,0.41
golden_1601,CCO.Cl.I[CH3:1].[NH2:2][C:21](=[S:20])[N:27]1[CH2:14][CH2:10][c:24]2[cH:8][cH:5][c:22]([O:19][CH2:13][CH:26]3[CH2:11][CH2:16][N:28]([c:23]4[cH:6][cH:3][n:18][cH:4][cH:7]4)[CH2:17][CH2:12]3)[cH:9][c:25]2[CH2:15]1>>[CH3:1][S:20][C:21](=[NH:2])[N:27]1[CH2:14][CH2:10][c:24]2[cH:8][cH:5][c:22]([O:19][CH2:13][CH:26]3[CH2:11][CH2:16][N:28]([c:23]4[cH:6][cH:3][n:18][cH:4][cH:7]4)[CH2:17][CH2:12]3)[cH:9][c:25]2[CH2:15]1,1,2,0.11
golden_1602,CC(C)OC(=O)N=NC(=O)OC(C)C.O[c:24]1[cH:7][cH:10][c:26]2[c:27]([cH:11]1)[CH2:17][N:29]([C:23](=[O:4])[O:22][C:31]([CH3:1])([CH3:2])[CH3:3])[CH2:16][CH2:12]2.[cH:5]1[cH:8][c:25]([N:30]2[CH2:18][CH2:13][CH:28]([CH2:15][OH:21])[CH2:14][CH2:19]2)[cH:9][cH:6][n:20]1.c1ccc(P(c2ccccc2)c2ccccc2)cc1>>[CH3:1][C:31]([CH3:2])([CH3:3])[O:22][C:23](=[O:4])[N:29]1[CH2:16][CH2:12][c:26]2[cH:10][cH:7][c:24]([O:21][CH2:15][CH:28]3[CH2:13][CH2:18][N:30]([c:25]4[cH:8][cH:5][n:20][cH:6][cH:9]4)[CH2:19][CH2:14]3)[cH:11][c:27]2[CH2:17]1,1,2,0.40
golden_1603,O[C:12](=[O:2])[CH2:10][c:13]1[cH:6][cH:8][c:15]([N+:16](=[O:3])[O-:4])[c:14]([OH:5])[cH:7]1.[CH3:1][CH2:9][OH:11]>>[CH3:1][CH2:9][O:11][C:12](=[O:2])[CH2:10][c:13]1[cH:6][cH:8][c:15]([N+:16](=[O:3])[O-:4])[c:14]([OH:5])[cH:7]1,1,2,0.04
golden_1604,O=S(Cl)Cl.O[C:7](=[O:3])[CH:8]([F:4])[CH2:5][NH2:2].[CH3:1][OH:6]>>[CH3:1][O:6][C:7](=[O:3])[CH:8]([F:4])[CH2:5][NH2:2],1,2,0.01
golden_1605,CCOC(C)=O.I[CH2:12][CH3:1].O=C([O-])[O-].[CH3:2][C:22]1([CH3:3])[O:14][C:15](=[O:5])[NH:13][c:17]2[cH:8][cH:7][c:16](-[c:20]3[cH:11][cH:10][c:19]([C:6]#[N:4])[nH:21]3)[cH:9][c:18]21.[K+].[K+]>>[CH3:1][CH2:12][n:21]1[c:19]([C:6]#[N:4])[cH:10][cH:11][c:20]1-[c:16]1[cH:7][cH:8][c:17]2[c:18]([cH:9]1)[C:22]([CH3:2])([CH3:3])[O:14][C:15](=[O:5])[NH:13]2,1,2,0.09
golden_1606,CCN(CC)CC.CCN=C=NCCCN(C)C.Cl.Cl.O[C:36](=[O:9])[c:43]1[cH:21][c:44]([C:52]([CH3:2])([CH3:3])[CH3:4])[c:46]([OH:11])[c:45]([C:53]([CH3:5])([CH3:6])[CH3:7])[cH:22]1.[CH3:1][n:51]1[c:47]([CH2:27][O:32][c:40]2[cH:16][cH:14][c:39]([CH2:28][CH:50]3[S:34][C:35](=[O:8])[NH:31][C:37]3=[O:10])[cH:15][cH:17]2)[n:29][c:48]2[cH:23][cH:20][c:42]([O:33][c:41]3[cH:18][cH:12][c:38]([CH2:26][CH2:25][NH2:30])[cH:13][cH:19]3)[cH:24][c:49]21>>[CH3:1][n:51]1[c:47]([CH2:27][O:32][c:40]2[cH:16][cH:14][c:39]([CH2:28][CH:50]3[S:34][C:35](=[O:8])[NH:31][C:37]3=[O:10])[cH:15][cH:17]2)[n:29][c:48]2[cH:23][cH:20][c:42]([O:33][c:41]3[cH:18][cH:12][c:38]([CH2:26][CH2:25][NH:30][C:36](=[O:9])[c:43]4[cH:21][c:44]([C:52]([CH3:2])([CH3:3])[CH3:4])[c:46]([OH:11])[c:45]([C:53]([CH3:5])([CH3:6])[CH3:7])[cH:22]4)[cH:13][cH:19]3)[cH:24][c:49]21,1,2,0.81
golden_1607,CCN(CC)CC.Cl.N[C:32](=[O:3])[c:39]1[cH:16][cH:5][cH:6][n:24][cH:17]1.[CH3:1][n:44]1[c:40]([CH2:22][O:28][c:36]2[cH:11][cH:9][c:35]([CH2:23][CH:43]3[S:30][C:31](=[O:2])[NH:27][C:33]3=[O:4])[cH:10][cH:12]2)[n:25][c:41]2[cH:18][cH:15][c:38]([O:29][c:37]3[cH:13][cH:7][c:34]([CH2:21][CH2:20][NH2:26])[cH:8][cH:14]3)[cH:19][c:42]21>>[CH3:1][n:44]1[c:40]([CH2:22][O:28][c:36]2[cH:11][cH:9][c:35]([CH2:23][CH:43]3[S:30][C:31](=[O:2])[NH:27][C:33]3=[O:4])[cH:10][cH:12]2)[n:25][c:41]2[cH:18][cH:15][c:38]([O:29][c:37]3[cH:13][cH:7][c:34]([CH2:21][CH2:20][NH:26][C:32](=[O:3])[c:39]4[cH:16][cH:5][cH:6][n:24][cH:17]4)[cH:8][cH:14]3)[cH:19][c:42]21,1,2,0.26
golden_1608,CCN(CC)CC.ClC(Cl)(Cl)O[C:31](OC(Cl)(Cl)Cl)=[O:5].[CH3:1][O:27][c:34]1[cH:10][cH:8][c:33]([CH2:17][O:28][c:37]2[cH:13][cH:7][cH:14][c:38]([O:29][CH2:21][CH:42]3[CH2:19][CH2:20]3)[c:41]2-[c:35]2[cH:12][c:36]([NH:24][CH2:16][CH2:15][NH:23][C:32](=[O:6])[O:30][C:43]([CH3:2])([CH3:3])[CH3:4])[c:40]([CH2:18][OH:26])[c:39]([NH2:25])[n:22]2)[cH:9][cH:11]1>>[CH3:1][O:27][c:34]1[cH:10][cH:8][c:33]([CH2:17][O:28][c:37]2[cH:13][cH:7][cH:14][c:38]([O:29][CH2:21][CH:42]3[CH2:19][CH2:20]3)[c:41]2-[c:35]2[cH:12][c:36]([NH:24][CH2:16][CH2:15][NH:23][C:32](=[O:6])[O:30][C:43]([CH3:2])([CH3:3])[CH3:4])[c:40]3[c:39]([n:22]2)[NH:25][C:31](=[O:5])[O:26][CH2:18]3)[cH:9][cH:11]1,1,4,1.63
golden_1609,CCN(CC)CC.ClC(Cl)(Cl)O[C:30](OC(Cl)(Cl)Cl)=[O:4].[CH3:1][C:41]([CH3:2])([CH3:3])[O:29][C:31](=[O:5])[NH:26][CH:40]([CH2:23][c:33]1[cH:16][cH:10][cH:7][cH:11][cH:17]1)[c:37]1[cH:20][c:34](-[c:36]2[cH:19][cH:13][cH:12][cH:18][c:35]2[O:28][CH2:21][c:32]2[cH:14][cH:8][cH:6][cH:9][cH:15]2)[n:24][c:38]([NH2:25])[c:39]1[CH2:22][OH:27]>>[CH3:1][C:41]([CH3:2])([CH3:3])[O:29][C:31](=[O:5])[NH:26][CH:40]([CH2:23][c:33]1[cH:16][cH:10][cH:7][cH:11][cH:17]1)[c:37]1[cH:20][c:34](-[c:36]2[cH:19][cH:13][cH:12][cH:18][c:35]2[O:28][CH2:21][c:32]2[cH:14][cH:8][cH:6][cH:9][cH:15]2)[n:24][c:38]2[c:39]1[CH2:22][O:27][C:30](=[O:4])[NH:25]2,1,4,2.12
golden_1610,CC(C)[N-]C(C)[CH3:5].CI.[CH3:1][CH2:9][O:13][C:16](=[O:7])[CH:19]1[CH2:11][CH2:8][CH2:10][N:17]([C:15](=[O:6])[O:14][C:18]([CH3:2])([CH3:3])[CH3:4])[CH2:12]1.[Li+]>>[CH3:1][CH2:9][O:13][C:16](=[O:7])[C:19]1([CH3:5])[CH2:11][CH2:8][CH2:10][N:17]([C:15](=[O:6])[O:14][C:18]([CH3:2])([CH3:3])[CH3:4])[CH2:12]1,1,3,0.33
golden_1611,CCN(CC)CC.Cc1nc(-c2ccccc2)c(-c2ccccc2)n1CCCCCC[NH:29][C:31](OCCCCCl)=[O:2].O=C(O)[CH:40]([CH2:26][CH2:24][CH2:23][CH2:25][CH2:27][n:41]1[c:38]([CH3:1])[n:28][c:37](-[c:32]2[cH:15][cH:7][cH:4][cH:8][cH:16]2)[c:39]1-[c:33]1[cH:17][cH:9][cH:5][cH:10][cH:18]1)[c:34]1[cH:19][cH:11][cH:6][cH:12][cH:20]1.[F:3][c:35]1[cH:21][cH:13][cH:14][cH:22][c:36]1[OH:30]>>[CH3:1][c:38]1[n:28][c:37](-[c:32]2[cH:15][cH:7][cH:4][cH:8][cH:16]2)[c:39](-[c:33]2[cH:17][cH:9][cH:5][cH:10][cH:18]2)[n:41]1[CH2:27][CH2:25][CH2:23][CH2:24][CH2:26][CH:40]([NH:29][C:31](=[O:2])[O:30][c:36]1[cH:22][cH:14][cH:13][cH:21][c:35]1[F:3])[c:34]1[cH:19][cH:11][cH:6][cH:12][cH:20]1,1,5,4.52
golden_1612,O[CH:13]1[CH2:6][CH2:5][NH:9][CH2:7]1.[Cl:1][c:12]1[cH:4][cH:2][c:11]([OH:10])[cH:3][n:8]1>>[Cl:1][c:12]1[cH:4][cH:2][c:11]([O:10][CH:13]2[CH2:6][CH2:5][NH:9][CH2:7]2)[cH:3][n:8]1,1,2,0.02
golden_1613,CC(C)=O.Cl[C:8]1(Cl)[C:9]([Cl:3])=[C:10]([Cl:4])[C:12]2([CH3:1])[CH:6]=[CH:5][CH:11]1[O:7]2.O=C([O-])O.[Na+].[OH2:2]>>[CH3:1][C:12]12[CH:6]=[CH:5][CH:11]([O:7]1)[C:8](=[O:2])[C:9]([Cl:3])=[C:10]2[Cl:4],1,3,0.15
golden_1614,O[C:8](=[O:2])[c:10]1[s:7][cH:4][cH:5][c:9]1[Br:3].[CH3:1][OH:6]>>[CH3:1][O:6][C:8](=[O:2])[c:10]1[s:7][cH:4][cH:5][c:9]1[Br:3],1,2,0.03
golden_1615,Nc1ccc([N+](=O)[O-])cc1.Nc1ccccc1.O=C(OC(Cl)(Cl)Cl)OC(Cl)(Cl)Cl.O=[N+:1]([O-])[c:17]1[cH:6][cH:10][c:19](-[n:22]2[cH:14][n:15][n:23](-[c:20]3[cH:12][cH:8][c:18]([O:16][C:24]([F:3])([F:4])[F:5])[cH:9][cH:13]3)[c:21]2=[O:2])[cH:11][cH:7]1>>[NH2:1][c:17]1[cH:6][cH:10][c:19](-[n:22]2[cH:14][n:15][n:23](-[c:20]3[cH:12][cH:8][c:18]([O:16][C:24]([F:3])([F:4])[F:5])[cH:9][cH:13]3)[c:21]2=[O:2])[cH:11][cH:7]1,1,2,0.69
golden_1616,BrB(Br)Br.C[O:4][c:30]1[cH:9][cH:17][c:34](I)[cH:18][cH:10]1.[CH3:1][O:27][c:31]1[cH:11][cH:19][c:35](-[n:39]2[cH:22][n:24][c:37](-[c:33]3[cH:15][cH:7][c:29]([CH3:3])[cH:8][cH:16]3)[n:26]2)[cH:20][cH:12]1.[CH3:2][c:28]1[cH:5][cH:13][c:32](-[c:36]2[nH:23][cH:21][n:38][n:25]2)[cH:14][cH:6]1>>[CH3:1][O:27][c:31]1[cH:11][cH:19][c:35](-[n:39]2[cH:22][n:24][c:37](-[c:33]3[cH:15][cH:7][c:29]([CH3:3])[cH:8][cH:16]3)[n:26]2)[cH:20][cH:12]1.[CH3:2][c:28]1[cH:5][cH:13][c:32](-[c:36]2[n:23][cH:21][n:38](-[c:34]3[cH:17][cH:9][c:30]([OH:4])[cH:10][cH:18]3)[n:25]2)[cH:14][cH:6]1,1,3,1.59
golden_1617,CCN(CC)CC.O=P(c1ccccc1)(c1ccccc1)[N:17]=[N+:20]=[N-:1].O[C:22](=[O:2])[c:24]1[cH:10][cH:12][c:25](-[c:27]2[n:18][cH:16][n:28](-[c:26]3[cH:14][cH:8][c:23]([O:21][C:30]([F:6])([F:7])[C:29]([F:3])([F:4])[F:5])[cH:9][cH:15]3)[n:19]2)[cH:13][cH:11]1>>[N-:1]=[N+:20]=[N:17][C:22](=[O:2])[c:24]1[cH:10][cH:12][c:25](-[c:27]2[n:18][cH:16][n:28](-[c:26]3[cH:14][cH:8][c:23]([O:21][C:30]([F:6])([F:7])[C:29]([F:3])([F:4])[F:5])[cH:9][cH:15]3)[n:19]2)[cH:13][cH:11]1,1,3,0.18
golden_1618,O=S(=O)([O-])O.[Na+].[Na+].[O-][Br+2]([O-])[O-].[O:1]=[CH:20][c:22]1[cH:10][cH:12][c:23](-[c:25]2[n:17][cH:16][n:26](-[c:24]3[cH:14][cH:8][c:21]([O:19][C:28]([F:6])([F:7])[C:27]([F:3])([F:4])[F:5])[cH:9][cH:15]3)[n:18]2)[cH:13][cH:11]1.[OH2:2]>>[O:1]=[C:20]([OH:2])[c:22]1[cH:10][cH:12][c:23](-[c:25]2[n:17][cH:16][n:26](-[c:24]3[cH:14][cH:8][c:21]([O:19][C:28]([F:6])([F:7])[C:27]([F:3])([F:4])[F:5])[cH:9][cH:15]3)[n:18]2)[cH:13][cH:11]1,1,2,1.19
golden_1619,Cc1ccc(S(=O)(=O)O)cc1.O[CH:16]1[O:9][CH:15]([CH3:3])[CH:17]([O:6]Cc2ccccc2)[CH:19]([O:11][CH3:2])[CH:18]1[O:10][CH3:1].[H][H].[O:4]=[C:13]1[CH2:7][CH2:8][C:14](=[O:5])[N:20]1[OH:12]>>[CH3:1][O:10][CH:18]1[CH:16]([O:12][N:20]2[C:13](=[O:4])[CH2:7][CH2:8][C:14]2=[O:5])[O:9][CH:15]([CH3:3])[CH:17]([OH:6])[CH:19]1[O:11][CH3:2],1,3,0.09
golden_1620,CCN(CC)CC.Cl.Cl.Cl[C:33]([c:27]1[cH:14][cH:8][cH:5][cH:9][cH:15]1)([c:28]1[cH:16][cH:10][cH:6][cH:11][cH:17]1)[c:29]1[cH:18][cH:12][cH:7][cH:13][cH:19]1.O=C(O[C:26](=[O:1])[C:32]([F:2])([F:3])[F:4])C(F)(F)F.[cH:20]1[nH:24][c:30]([CH2:23][CH2:22][NH2:25])[cH:21][n:31]1>>[O:1]=[C:26]([NH:25][CH2:22][CH2:23][c:30]1[cH:21][n:31]([C:33]([c:27]2[cH:14][cH:8][cH:5][cH:9][cH:15]2)([c:28]2[cH:16][cH:10][cH:6][cH:11][cH:17]2)[c:29]2[cH:18][cH:12][cH:7][cH:13][cH:19]2)[cH:20][n:24]1)[C:32]([F:2])([F:3])[F:4],1,4,0.33
golden_1621,CC(C)(C)OC(=O)OC(=O)O[C:14]([CH3:1])([CH3:2])[CH3:3].c1ccc(C[O:10][C:12](=[O:5])[N:13]2[CH2:7][CH2:6][NH:9][C:11](=[O:4])[CH2:8]2)cc1>>[CH3:1][C:14]([CH3:2])([CH3:3])[O:10][C:12](=[O:5])[N:13]1[CH2:7][CH2:6][NH:9][C:11](=[O:4])[CH2:8]1,1,3,0.05
golden_1622,CCOC(C)=O.I[CH3:4].[CH3:1][O:14][C:16](=[O:5])[CH:20]([CH2:12][CH:19]([CH3:2])[CH3:3])[NH:21][C:17](=[O:6])[O:15][CH2:11][c:18]1[cH:10][cH:8][cH:7][cH:9][n:13]1.[H-].[Na+]>>[CH3:1][O:14][C:16](=[O:5])[CH:20]([CH2:12][CH:19]([CH3:2])[CH3:3])[N:21]([CH3:4])[C:17](=[O:6])[O:15][CH2:11][c:18]1[cH:10][cH:8][cH:7][cH:9][n:13]1,1,2,0.05
golden_1623,C1COCCO1.O[C:9](=[O:5])[CH:11]([CH2:6][CH:10]([CH3:3])[CH3:4])[NH:7][CH3:1].[CH3:2][OH:8]>>[CH3:1][NH:7][CH:11]([CH2:6][CH:10]([CH3:3])[CH3:4])[C:9](=[O:5])[O:8][CH3:2],1,2,0.02
golden_1624,CC(C)OC(=O)N=NC(=O)OC(C)C.O[c:17]1[cH:8][cH:3][cH:9][c:18]([C:15](=[O:2])[O:13][CH3:1])[cH:10]1.[cH:4]1[cH:6][c:16]([CH2:11][OH:14])[cH:7][cH:5][n:12]1.c1ccc(P(c2ccccc2)c2ccccc2)cc1>>[CH3:1][O:13][C:15](=[O:2])[c:18]1[cH:9][cH:3][cH:8][c:17]([O:14][CH2:11][c:16]2[cH:6][cH:4][n:12][cH:5][cH:7]2)[cH:10]1,1,2,0.25
golden_1625,CC(C)OC(=O)N=NC(=O)OC(C)C.O[c:15]1[cH:5][cH:7][c:16]([C:14](=[O:4])[O:12][CH3:1])[cH:8][cH:6]1.[CH3:2][N:17]([CH3:3])[CH2:11][CH2:9][CH2:10][OH:13].c1ccc(P(c2ccccc2)c2ccccc2)cc1>>[CH3:1][O:12][C:14](=[O:4])[c:16]1[cH:7][cH:5][c:15]([O:13][CH2:10][CH2:9][CH2:11][N:17]([CH3:2])[CH3:3])[cH:6][cH:8]1,1,2,0.16
golden_1626,CC(C)OC(=O)N=NC(=O)OC(C)C.CC1CCCO1.O[c:22]1[cH:5][cH:11][c:25]([N:30]2[CH2:17][CH2:13][CH:26]([c:23]3[cH:7][cH:9][c:24]([CH:27]([CH3:2])[NH:19][C:21]([CH3:1])=[O:4])[cH:10][cH:8]3)[CH2:14][CH2:18]2)[cH:12][cH:6]1.[CH3:3][CH:28]1[CH2:16][CH:29]1[CH2:15][OH:20].c1ccc(P(c2ccccc2)c2ccccc2)cc1>>[CH3:1][C:21](=[O:4])[NH:19][CH:27]([CH3:2])[c:24]1[cH:9][cH:7][c:23]([CH:26]2[CH2:13][CH2:17][N:30]([c:25]3[cH:11][cH:5][c:22]([O:20][CH2:15][CH:29]4[CH2:16][CH:28]4[CH3:3])[cH:6][cH:12]3)[CH2:18][CH2:14]2)[cH:8][cH:10]1,1,2,0.46
golden_1627,CC(C)CC(NC(=O)OCc1ccccc1)C(=O)O.CC(C)CC(N[C:25](=[O:6])[CH:30]([CH2:16][CH:29]([CH3:2])[CH3:3])[NH:19][C:23](=[O:4])[O:20][CH2:14][c:26]1[cH:10][cH:8][cH:7][cH:9][cH:11]1)C(=O)O.CC(C)C[CH:15]([NH:18]C(=O)OC(C)(C)C)[c:28]1[n:17][c:27]([C:24](=[O:5])[O:21][CH2:13][CH3:1])[cH:12][s:22]1>>[CH3:1][CH2:13][O:21][C:24](=[O:5])[c:27]1[cH:12][s:22][c:28]([CH2:15][NH:18][C:25](=[O:6])[CH:30]([CH2:16][CH:29]([CH3:2])[CH3:3])[NH:19][C:23](=[O:4])[O:20][CH2:14][c:26]2[cH:10][cH:8][cH:7][cH:9][cH:11]2)[n:17]1,1,5,1.98
golden_1628,CC(C)(C)OC(=O)N=NC(=O)OC(C)(C)C.O[CH:28]1[CH2:14][CH2:12][O:21][CH2:13][CH2:15]1.[CH3:1][C:23](=[O:3])[NH:20][CH:30]([CH3:2])[c:26]1[cH:8][cH:6][c:25]([CH:29]2[CH2:16][CH2:18][N:31]([c:27]3[cH:10][cH:4][c:24]([OH:22])[cH:5][cH:11]3)[CH2:19][CH2:17]2)[cH:7][cH:9]1.c1ccc(P(c2ccccc2)c2ccccc2)cc1>>[CH3:1][C:23](=[O:3])[NH:20][CH:30]([CH3:2])[c:26]1[cH:8][cH:6][c:25]([CH:29]2[CH2:16][CH2:18][N:31]([c:27]3[cH:10][cH:4][c:24]([O:22][CH:28]4[CH2:14][CH2:12][O:21][CH2:13][CH2:15]4)[cH:5][cH:11]3)[CH2:19][CH2:17]2)[cH:7][cH:9]1,1,2,0.46
golden_1629,O=S(Cl)Cl.O[C:9](=[O:3])[c:11]1[cH:7][cH:5][cH:6][c:10]([Cl:4])[c:12]1[NH2:2].[CH3:1][OH:8]>>[CH3:1][O:8][C:9](=[O:3])[c:11]1[cH:7][cH:5][cH:6][c:10]([Cl:4])[c:12]1[NH2:2],1,2,0.02
golden_1630,Cl.O[C:9](=[O:3])[c:11]1[cH:7][cH:5][cH:6][c:10]([Cl:4])[c:12]1[NH2:2].[CH3:1][OH:8]>>[CH3:1][O:8][C:9](=[O:3])[c:11]1[cH:7][cH:5][cH:6][c:10]([Cl:4])[c:12]1[NH2:2],1,2,0.03
golden_1631,COS(=O)(=O)O[CH3:1].O=C([O-])[O-].[K+].[K+].[NH2:2][c:12]1[c:10]([Cl:4])[cH:6][cH:5][cH:7][c:11]1[C:9](=[O:3])[OH:8]>>[CH3:1][O:8][C:9](=[O:3])[c:11]1[cH:7][cH:5][cH:6][c:10]([Cl:4])[c:12]1[NH2:2],1,2,0.03
golden_1632,CC(=O)CC(C)C.COS(=O)(=O)O[CH3:1].O=C([O-])[O-].[K+].[K+].[NH2:2][c:12]1[c:10]([Cl:4])[cH:6][cH:5][cH:7][c:11]1[C:9](=[O:3])[OH:8]>>[CH3:1][O:8][C:9](=[O:3])[c:11]1[cH:7][cH:5][cH:6][c:10]([Cl:4])[c:12]1[NH2:2],1,2,0.05
golden_1633,O=C([O-])O.O=S(=O)(O)O.OO.OO.[CH3:1][O:9][C:10](=[O:2])[c:12]1[cH:8][cH:6][cH:7][c:11]([Cl:5])[c:13]1[NH2:14].[Na+].[Na+].[OH-:4].[OH2:3]>>[CH3:1][O:9][C:10](=[O:2])[c:12]1[cH:8][cH:6][cH:7][c:11]([Cl:5])[c:13]1[N+:14](=[O:3])[O-:4],1,2,0.05
golden_1634,O[c:23]1[cH:11][cH:8][cH:7][cH:10][c:22]1[C:6]#[N:2].[CH3:1][C:19](=[O:3])[O:16][CH2:15][c:21]1[cH:9][cH:14][c:27]2[o:18][c:25](=[O:5])[c:24]([C:20](=[O:4])[OH:17])[cH:13][c:26]2[cH:12]1.c1ccncc1>>[CH3:1][C:19](=[O:3])[O:16][CH2:15][c:21]1[cH:9][cH:14][c:27]2[o:18][c:25](=[O:5])[c:24]([C:20](=[O:4])[O:17][c:23]3[cH:11][cH:8][cH:7][cH:10][c:22]3[C:6]#[N:2])[cH:13][c:26]2[cH:12]1,1,2,0.11
golden_1635,O[c:22]1[cH:10][cH:7][cH:6][cH:9][c:21]1[I:5].[CH3:1][C:18](=[O:2])[O:15][CH2:14][c:20]1[cH:8][cH:13][c:26]2[o:17][c:24](=[O:4])[c:23]([C:19](=[O:3])[OH:16])[cH:12][c:25]2[cH:11]1.c1ccncc1>>[CH3:1][C:18](=[O:2])[O:15][CH2:14][c:20]1[cH:8][cH:13][c:26]2[o:17][c:24](=[O:4])[c:23]([C:19](=[O:3])[O:16][c:22]3[cH:10][cH:7][cH:6][cH:9][c:21]3[I:5])[cH:12][c:25]2[cH:11]1,1,2,0.10
golden_1636,CCN=C=NCCCN(C)C.Cl.Cl.O[CH:18]([CH3:3])[C:15]([CH3:2])=[O:6].[CH3:1][O:11][C:13](=[O:4])[c:16]1[cH:7][cH:9][c:17]([C:14](=[O:5])[OH:12])[cH:10][cH:8]1.c1ccncc1>>[CH3:1][O:11][C:13](=[O:4])[c:16]1[cH:7][cH:9][c:17]([C:14](=[O:5])[O:12][CH:18]([CH3:3])[C:15]([CH3:2])=[O:6])[cH:10][cH:8]1,1,2,0.13
golden_1637,O=S(Cl)Cl.O[C:9](=[O:2])[c:11]1[cH:7][cH:5][cH:4][cH:6][c:10]1[OH:3].[CH3:1][OH:8]>>[CH3:1][O:8][C:9](=[O:2])[c:11]1[cH:7][cH:5][cH:4][cH:6][c:10]1[OH:3],1,2,0.03
golden_1638,BrBr.O=C1CCC(=O)N1[Br:4].[CH3:1][CH2:11][CH2:12][O:15][c:18]1[cH:7][cH:6][cH:16][cH:8][c:19]1-[c:17]1[n:13][c:21](=[O:3])[c:23]2[cH:10][cH:5][cH:9][c:20]([CH3:2])[c:22]2[nH:14]1>>[CH3:1][CH2:11][CH2:12][O:15][c:18]1[cH:7][cH:6][c:16]([Br:4])[cH:8][c:19]1-[c:17]1[n:13][c:21](=[O:3])[c:23]2[cH:10][cH:5][cH:9][c:20]([CH3:2])[c:22]2[nH:14]1,1,3,1.04
golden_1639,Cl[S:31](Cl)(=[O:4])=[O:5].O=C([O-])[O-].O=S(=O)(O)Cl.[CH2:12]1[CH2:15][NH:30][CH2:16][CH2:13][NH:18]1.[CH3:1][CH2:14][O:20][c:24]1[cH:8][cH:7][cH:22][cH:9][c:25]1-[c:23]1[n:17][c:27](=[O:3])[c:29]2[cH:11][cH:6][cH:10][c:26]([O:21][CH3:2])[c:28]2[nH:19]1.[Na+].[Na+]>>[CH3:1][CH2:14][O:20][c:24]1[cH:8][cH:7][c:22]([S:31](=[O:4])(=[O:5])[N:30]2[CH2:15][CH2:12][NH:18][CH2:13][CH2:16]2)[cH:9][c:25]1-[c:23]1[n:17][c:27](=[O:3])[c:29]2[cH:11][cH:6][cH:10][c:26]([O:21][CH3:2])[c:28]2[nH:19]1,1,5,1.03
golden_1640,Cl.O=[CH:7][c:26]1[cH:14][cH:8][cH:9][n:17][c:29]1[NH:18][c:24]1[cH:12][cH:10][c:23]([F:5])[cH:11][cH:13]1.[CH3:1][O:19][c:27]1[cH:15][c:25]([C:22](=[O:4])[CH3:6])[cH:16][c:28]([O:20][CH3:2])[c:30]1[O:21][CH3:3]>>[CH3:1][O:19][c:27]1[cH:15][c:25]([C:22](=[O:4])[CH:6]=[CH:7][c:26]2[cH:14][cH:8][cH:9][n:17][c:29]2[NH:18][c:24]2[cH:12][cH:10][c:23]([F:5])[cH:11][cH:13]2)[cH:16][c:28]([O:20][CH3:2])[c:30]1[O:21][CH3:3],1,4,0.10
golden_1641,O=P(Cl)(Cl)Cl.O=[C:26]([NH:19][NH:18][C:25](=[O:21])[c:24]1[cH:7][cH:5][c:23]([O:20][CH2:17][CH2:16][CH2:15][CH2:14][CH2:13][CH2:12][CH2:11][CH3:1])[cH:6][cH:8]1)[c:28]1[cH:10][c:22]([Cl:2])[cH:4][cH:9][c:27]1[Cl:3]>>[CH3:1][CH2:11][CH2:12][CH2:13][CH2:14][CH2:15][CH2:16][CH2:17][O:20][c:23]1[cH:5][cH:7][c:24](-[c:25]2[n:18][n:19][c:26](-[c:28]3[cH:10][c:22]([Cl:2])[cH:4][cH:9][c:27]3[Cl:3])[o:21]2)[cH:8][cH:6]1,1,2,0.10
golden_1642,CCN=C=NCCCN(C)C.O[C:11](=[O:2])[c:12]1[cH:5][n:9][cH:7][c:13]2[cH:6][cH:3][cH:4][cH:8][c:14]12.On1nnc2ccccc21.[CH3:1][OH:10]>>[CH3:1][O:10][C:11](=[O:2])[c:12]1[cH:5][n:9][cH:7][c:13]2[cH:6][cH:3][cH:4][cH:8][c:14]12,1,2,0.10
golden_1643,N#N.O=P(c1ccccc1)(c1ccccc1)[N:10]=[N+:11]=[N-:2].O[C:12](=[O:3])[CH:4]=[CH:5][c:14]1[cH:9][cH:7][cH:6][cH:8][c:13]1[CH3:1]>>[CH3:1][c:13]1[cH:8][cH:6][cH:7][cH:9][c:14]1[CH:5]=[CH:4][C:12](=[O:3])[N:10]=[N+:11]=[N-:2],1,3,0.06
golden_1644,CCN(CC)CC.O=P(c1ccccc1)(c1ccccc1)[N:5]=[N+:7]=[N-:1].O[C:9](=[O:2])[c:12]1[s:8][c:10]([Cl:3])[n:6][c:11]1[Cl:4]>>[N-:1]=[N+:7]=[N:5][C:9](=[O:2])[c:12]1[s:8][c:10]([Cl:3])[n:6][c:11]1[Cl:4],1,3,0.04
golden_1645,CC(C)([O-])[CH3:1].CI.[CH3:2][CH:16]1[CH2:12][N:15]([CH2:11][c:14]2[cH:7][cH:5][cH:4][cH:6][cH:8]2)[CH2:10][CH2:9][C:13]1=[O:3].[K+]>>[CH3:1][C:16]1([CH3:2])[CH2:12][N:15]([CH2:11][c:14]2[cH:7][cH:5][cH:4][cH:6][cH:8]2)[CH2:10][CH2:9][C:13]1=[O:3],1,3,0.09
golden_1646,CC(C)[N-]C(C)C.I[CH3:2].[CH3:1][CH:14]1[CH2:10][N:16]([CH2:9][c:13]2[cH:7][cH:5][cH:4][cH:6][cH:8]2)[CH2:11][CH2:15][C:12]1=[O:3].[Li+]>>[CH3:1][CH:14]1[CH2:10][N:16]([CH2:9][c:13]2[cH:7][cH:5][cH:4][cH:6][cH:8]2)[CH2:11][CH:15]([CH3:2])[C:12]1=[O:3],1,3,0.06
golden_1647,CCN(CC)CC.CO[C:19](=[O:2])[c:24]1[cH:13][nH:18][c:23](-[c:22]2[cH:12][cH:6][cH:7][n:14][n:15]2)[n:16][c:25]1=[O:3].[CH3:1][c:20]1[cH:8][cH:10][c:21]([S:26](=[O:4])(=[O:5])[NH2:17])[cH:11][cH:9]1.[Na+].[OH-]>>[CH3:1][c:20]1[cH:8][cH:10][c:21]([S:26](=[O:4])(=[O:5])[NH:17][C:19](=[O:2])[c:24]2[cH:13][nH:18][c:23](-[c:22]3[cH:12][cH:6][cH:7][n:14][n:15]3)[n:16][c:25]2=[O:3])[cH:11][cH:9]1,1,2,0.08
golden_1648,CCO[CH:5]=[C:17]([C:4]#[N:3])[C:18](=O)[CH3:1].CC[O-].Cl.[CH3:2][N:20]1[CH2:11][CH2:9][CH:19]([CH2:8][CH2:6][CH2:7][NH:15][C:16](=[NH:13])[NH2:14])[CH2:10][CH2:12]1.[Na+]>>[CH3:1][c:18]1[n:14][c:16]([NH:15][CH2:7][CH2:6][CH2:8][CH:19]2[CH2:9][CH2:11][N:20]([CH3:2])[CH2:12][CH2:10]2)[n:13][cH:5][c:17]1[C:4]#[N:3],1,4,0.08
golden_1649,CC(=O)O.CC(=O)OC(C)=O.[CH3:2][c:13]1[n:8][c:11]([NH2:9])[n:7][cH:6][c:12]1[C:5]#[N:3].[Na+].[O-][C:10]([CH3:1])=[O:4]>>[CH3:1][C:10](=[O:4])[NH:9][c:11]1[n:7][cH:6][c:12]([C:5]#[N:3])[c:13]([CH3:2])[n:8]1,1,2,0.05
golden_1650,CCN=C=NCCCN(C)C.Cl.Cl.O.O[C:28](=[O:3])[CH2:18][O:26][c:32]1[cH:14][cH:7][cH:15][c:33]2[c:36]1[CH2:19][C:29](=[CH:6][CH2:17][CH2:20][N:37]1[CH2:21][CH2:23][C:39]([OH:4])([c:31]3[cH:12][cH:10][c:30]([Cl:5])[cH:11][cH:13]3)[CH2:24][CH2:22]1)[c:34]1[cH:16][cH:8][cH:9][n:25][c:35]1[O:27]2.On1nnc2ccccc21.[CH3:1][NH:38][CH3:2]>>[CH3:1][N:38]([CH3:2])[C:28](=[O:3])[CH2:18][O:26][c:32]1[cH:14][cH:7][cH:15][c:33]2[c:36]1[CH2:19][C:29](=[CH:6][CH2:17][CH2:20][N:37]1[CH2:21][CH2:23][C:39]([OH:4])([c:31]3[cH:12][cH:10][c:30]([Cl:5])[cH:11][cH:13]3)[CH2:24][CH2:22]1)[c:34]1[cH:16][cH:8][cH:9][n:25][c:35]1[O:27]2,1,2,0.39
golden_1651,CO.ClC[N+]12CC[N+]([F:6])(CC1)CC2.F[B-](F)(F)F.F[B-](F)(F)F.[CH3:1][C:24]([CH3:2])([CH3:3])[O:15][C:16](=[O:5])[c:20]1[cH:12][n:13][c:21]([NH2:4])[cH:22][c:23]1[NH:14][c:19]1[cH:11][cH:9][c:17]([Br:8])[cH:10][c:18]1[Cl:7]>>[CH3:1][C:24]([CH3:2])([CH3:3])[O:15][C:16](=[O:5])[c:20]1[cH:12][n:13][c:21]([NH2:4])[c:22]([F:6])[c:23]1[NH:14][c:19]1[cH:11][cH:9][c:17]([Br:8])[cH:10][c:18]1[Cl:7],1,3,0.11
golden_1652,CC(C)N=C(NC(C)C)O[C:23]([CH3:1])([CH3:2])[CH3:3].Cl.[O:4]=[C:16]([OH:15])[c:22]1[cH:12][n:13][c:18]([Cl:5])[cH:11][c:21]1[NH:14][c:20]1[cH:10][cH:8][c:17]([Br:7])[cH:9][c:19]1[Cl:6]>>[CH3:1][C:23]([CH3:2])([CH3:3])[O:15][C:16](=[O:4])[c:22]1[cH:12][n:13][c:18]([Cl:5])[cH:11][c:21]1[NH:14][c:20]1[cH:10][cH:8][c:17]([Br:7])[cH:9][c:19]1[Cl:6],1,2,0.09
golden_1653,C1CC1CON[C:20](=[O:3])[c:24]1[cH:11][c:28]2[c:26]([CH3:2])[n:14][o:19][c:29]2[c:27]([F:4])[c:25]1[NH:16][c:23]1[cH:10][cH:8][c:21]([Br:6])[cH:9][c:22]1[Cl:5].CCN(CC)CC.CCN=C=NCCCN(C)C.On1nnc2ccccc21.[CH2:1]=[CH:7][O:17][CH2:12][CH2:13][O:18][NH2:15]>>[CH2:1]=[CH:7][O:17][CH2:12][CH2:13][O:18][NH:15][C:20](=[O:3])[c:24]1[cH:11][c:28]2[c:26]([CH3:2])[n:14][o:19][c:29]2[c:27]([F:4])[c:25]1[NH:16][c:23]1[cH:10][cH:8][c:21]([Br:6])[cH:9][c:22]1[Cl:5],1,2,0.32
golden_1654,CCO.NN.O.O=C1c2ccccc2C(=O)[N:2]1[CH2:12][CH2:13][O:23][CH2:14][CH2:15][O:24][CH2:16][CH2:17][O:25][CH2:18][CH2:19][C:26](=[O:3])[NH:22][c:28]1[cH:7][cH:6][cH:8][c:29]([CH:33]2[CH2:21][N:34]([CH3:1])[CH2:20][c:32]3[c:30]([Cl:5])[cH:10][c:27]([Cl:4])[cH:11][c:31]32)[cH:9]1>>[CH3:1][N:34]1[CH2:20][c:32]2[c:30]([Cl:5])[cH:10][c:27]([Cl:4])[cH:11][c:31]2[CH:33]([c:29]2[cH:8][cH:6][cH:7][c:28]([NH:22][C:26](=[O:3])[CH2:19][CH2:18][O:25][CH2:17][CH2:16][O:24][CH2:15][CH2:14][O:23][CH2:13][CH2:12][NH2:2])[cH:9]2)[CH2:21]1,1,2,0.21
golden_1655,O=C(Cl)C(=O)[Cl:4].O[C:20](=[O:1])[CH2:15][CH2:13][O:18][CH2:11][CH2:9][O:17][CH2:10][CH2:12][O:19][CH2:14][CH2:16][N:25]1[C:21](=[O:2])[c:23]2[cH:7][cH:5][cH:6][cH:8][c:24]2[C:22]1=[O:3]>>[O:1]=[C:20]([Cl:4])[CH2:15][CH2:13][O:18][CH2:11][CH2:9][O:17][CH2:10][CH2:12][O:19][CH2:14][CH2:16][N:25]1[C:21](=[O:2])[c:23]2[cH:7][cH:5][cH:6][cH:8][c:24]2[C:22]1=[O:3],1,3,0.08
golden_1656,NN.O.O=C1c2ccccc2C(=O)[N:2]1[CH2:13][C:15]([CH3:1])=[CH:5][c:16]1[cH:11][c:18]([F:3])[c:20]([O:14][c:17]2[cH:9][cH:7][cH:6][cH:8][cH:10]2)[c:19]([F:4])[cH:12]1>>[CH3:1][C:15](=[CH:5][c:16]1[cH:11][c:18]([F:3])[c:20]([O:14][c:17]2[cH:9][cH:7][cH:6][cH:8][cH:10]2)[c:19]([F:4])[cH:12]1)[CH2:13][NH2:2],1,2,0.11
golden_1657,NN.O.O=C1c2ccccc2C(=O)[N:3]1[CH2:5][CH2:8][P:11](=[O:4])([O:9][CH2:6][CH3:1])[O:10][CH2:7][CH3:2]>>[CH3:1][CH2:6][O:9][P:11](=[O:4])([CH2:8][CH2:5][NH2:3])[O:10][CH2:7][CH3:2],1,2,0.02
golden_1658,O=[C:8]1[CH2:3][CH2:2][CH2:4][CH:9]1Cl.[NH2:1][C:7]([NH2:5])=[S:6]>>[NH2:1][c:7]1[n:5][c:8]2[c:9]([s:6]1)[CH2:4][CH2:2][CH2:3]2,1,5,0.01
golden_1659,COc1ccc(-n2c(-c3cc(C(C)C)c(O)cc3O)n[nH]c2=S)cc1N(C)CCN(C)C.c1ccc(C[O:5][c:25]2[cH:13][c:26]([O:6]Cc3ccccc3)[c:28]([CH:33]([CH3:1])[CH3:2])[cH:14][c:27]2-[c:30]2[n:20][n:19][c:29]([NH:21][C:22](=[O:4])[c:23]3[cH:10][cH:8][cH:7][cH:9][cH:11]3)[n:34]2-[c:24]2[cH:12][cH:17][c:32]3[c:31]([cH:15][cH:18][n:35]3[CH3:3])[cH:16]2)cc1>>[CH3:1][CH:33]([CH3:2])[c:28]1[cH:14][c:27](-[c:30]2[n:20][n:19][c:29]([NH:21][C:22](=[O:4])[c:23]3[cH:10][cH:8][cH:7][cH:9][cH:11]3)[n:34]2-[c:24]2[cH:12][cH:17][c:32]3[c:31]([cH:15][cH:18][n:35]3[CH3:3])[cH:16]2)[c:25]([OH:5])[cH:13][c:26]1[OH:6],1,2,2.08
golden_1660,CC(C)(C)O[C:29](=[O:2])[NH:24][CH2:20][c:33]1[cH:15][cH:14][c:32]([Cl:7])[c:35]([C:28](=[O:1])[NH:26][c:37]2[cH:16][cH:9][cH:17][c:38]3[c:36]([NH:25][c:30]4[cH:11][cH:8][cH:12][c:31]([C:41]([F:4])([F:5])[F:6])[cH:13]4)[n:22][cH:10][n:23][c:39]23)[c:34]1[F:3].CCN(C(C)C)C(C)C.CN(C)P(On1nnc2ccccc21)(N(C)C)=[N+](C)C.F[P-](F)(F)(F)(F)F.O=C(O)[CH:40]1[CH2:21][CH2:18][CH2:19][O:27]1>>[O:1]=[C:28]([NH:26][c:37]1[cH:16][cH:9][cH:17][c:38]2[c:36]([NH:25][c:30]3[cH:11][cH:8][cH:12][c:31]([C:41]([F:4])([F:5])[F:6])[cH:13]3)[n:22][cH:10][n:23][c:39]12)[c:35]1[c:32]([Cl:7])[cH:14][cH:15][c:33]([CH2:20][NH:24][C:29](=[O:2])[CH:40]2[CH2:21][CH2:18][CH2:19][O:27]2)[c:34]1[F:3],1,3,0.40
golden_1661,CC(C)(C)O[C:16](=[O:5])[NH:13][CH2:11][c:17]1[cH:8][n:12][c:19]([CH:21]([F:6])[F:7])[c:18]([C:15](=[O:4])[O:14][CH2:10][CH3:1])[cH:9]1.CCN(C(C)C)C(C)C.O=C(Cl)[CH:20]([CH3:2])[CH3:3]>>[CH3:1][CH2:10][O:14][C:15](=[O:4])[c:18]1[cH:9][c:17]([CH2:11][NH:13][C:16](=[O:5])[CH:20]([CH3:2])[CH3:3])[cH:8][n:12][c:19]1[CH:21]([F:6])[F:7],1,3,0.08
golden_1662,CCN(C(C)C)C(C)C.CCN=C=NCCCN(C)C.O[c:22]1[cH:10][cH:12][c:23]([N+:26](=[O:6])[O-:7])[cH:13][cH:11]1.[CH3:1][C:27]([CH3:2])([CH3:3])[C:20](=[O:5])[NH:17][CH2:16][c:21]1[cH:9][cH:14][c:24]([Cl:8])[c:25]([C:19](=[O:4])[OH:18])[cH:15]1>>[CH3:1][C:27]([CH3:2])([CH3:3])[C:20](=[O:5])[NH:17][CH2:16][c:21]1[cH:9][cH:14][c:24]([Cl:8])[c:25]([C:19](=[O:4])[O:18][c:22]2[cH:10][cH:12][c:23]([N+:26](=[O:6])[O-:7])[cH:13][cH:11]2)[cH:15]1,1,2,0.15
golden_1663,CC(C)(C)OC(=O)OC(=O)[O:13][C:19]([CH3:1])([CH3:2])[CH3:3].FC(F)(F)[C:14](=[O:4])[NH:12][CH2:11][c:16]1[cH:8][cH:9][c:17]([Cl:7])[c:18]([C:15](=[O:5])[OH:6])[cH:10]1.[Na+].[OH-]>>[CH3:1][C:19]([CH3:2])([CH3:3])[O:13][C:14](=[O:4])[NH:12][CH2:11][c:16]1[cH:8][cH:9][c:17]([Cl:7])[c:18]([C:15](=[O:5])[OH:6])[cH:10]1,1,3,0.21
golden_1664,CB(O)O.O=C([CH3:5])[O:7][c:25]1[c:21]([O:14][CH3:3])[cH:10][cH:11][c:26]2[c:24]([C:17](=[O:6])[c:18]3[cH:8][c:19]([O:12][CH3:1])[c:23]([O:15][CH3:4])[c:20]([O:13][CH3:2])[cH:9]3)[c:22](Br)[o:16][c:27]12.O=C([O-])O.[Cl-].[NH4+].[Na+]>>[CH3:1][O:12][c:19]1[cH:8][c:18]([C:17](=[O:6])[c:24]2[c:22]([CH3:5])[o:16][c:27]3[c:25]([OH:7])[c:21]([O:14][CH3:3])[cH:10][cH:11][c:26]23)[cH:9][c:20]([O:13][CH3:2])[c:23]1[O:15][CH3:4],1,4,0.20
golden_1665,CC(C)[N-]C(C)[CH3:1].CI.[CH3:2][C:13]([CH3:3])([CH3:4])[O:9][C:11](=[O:6])[CH2:12][CH2:8][C:10](=[O:5])[OH:7].[Li+]>>[CH3:1][CH:12]([CH2:8][C:10](=[O:5])[OH:7])[C:11](=[O:6])[O:9][C:13]([CH3:2])([CH3:3])[CH3:4],1,3,0.08
golden_1666,CC[N+](CC)(CC)S(=O)(=O)[N-]C(=O)OC.O=[C:29]([NH:20][NH:19][C:28](=[O:22])[C:23](=[O:2])[NH:21][CH:30]([CH2:17][c:25]1[cH:11][cH:15][c:27](-[c:26]2[cH:13][cH:9][cH:8][cH:10][cH:14]2)[cH:16][cH:12]1)[CH2:18][CH:31]([CH3:1])[C:24](=[O:3])[O:4]Cc1ccccc1)[C:32]([F:5])([F:6])[F:7]>>[CH3:1][CH:31]([CH2:18][CH:30]([CH2:17][c:25]1[cH:11][cH:15][c:27](-[c:26]2[cH:13][cH:9][cH:8][cH:10][cH:14]2)[cH:16][cH:12]1)[NH:21][C:23](=[O:2])[c:28]1[n:19][n:20][c:29]([C:32]([F:5])([F:6])[F:7])[o:22]1)[C:24](=[O:3])[OH:4],1,3,1.91
golden_1667,CC(CC(Cc1ccc(-c2ccccc2)cc1)NC(=O)c1nnn(Cc2ccccc2)n1)C(=O)OCc1ccccc1.c1ccc(C[O:4][C:22](=[O:3])[CH:28]([CH3:1])[CH2:15][CH:27]([CH2:14][c:23]2[cH:8][cH:12][c:25](-[c:24]3[cH:10][cH:6][cH:5][cH:7][cH:11]3)[cH:13][cH:9]2)[NH:19][C:21](=[O:2])[c:26]2[n:17][n:16][n:20][n:18]2Cc2ccccc2)cc1>>[CH3:1][CH:28]([CH2:15][CH:27]([CH2:14][c:23]1[cH:8][cH:12][c:25](-[c:24]2[cH:10][cH:6][cH:5][cH:7][cH:11]2)[cH:13][cH:9]1)[NH:19][C:21](=[O:2])[c:26]1[n:17][n:16][nH:20][n:18]1)[C:22](=[O:3])[OH:4],1,2,1.71
golden_1668,C(=NC1CCCCC1)=NC1CCCCC1.CN(C)c1ccccn1.O[CH:30]([CH2:19][n:33]1[c:27]2[c:26]([c:28]3[cH:10][c:24]([CH3:1])[cH:7][cH:11][c:29]31)[CH:31]1[CH2:16][CH2:12][CH2:17][N:32]1[CH2:18][CH2:15]2)[c:25]1[cH:8][cH:5][n:20][cH:6][cH:9]1.[O:2]=[C:22]([OH:4])[CH2:13][CH2:14][C:23](=[O:3])[OH:21]>>[CH3:1][c:24]1[cH:7][cH:11][c:29]2[c:28]([cH:10]1)[c:26]1[c:27]([n:33]2[CH2:19][CH:30]([O:21][C:23](=[O:3])[CH2:14][CH2:13][C:22](=[O:2])[OH:4])[c:25]2[cH:8][cH:5][n:20][cH:6][cH:9]2)[CH2:15][CH2:18][N:32]2[CH2:17][CH2:12][CH2:16][CH:31]12,1,2,0.24
golden_1669,O=C([O-])O.[CH3:1][c:18]1[cH:7][cH:11][c:23]2[c:22]([cH:10]1)[c:20]1[c:21]([n:25]2[CH2:16][C:26]2([c:19]3[cH:8][cH:5][cH:6][n:17][cH:9]3)[O:3][CH2:15]2)[CH2:12][CH2:13][N:24]([CH3:2])[CH2:14]1.[Na+].[OH2:4]>>[CH3:1][c:18]1[cH:7][cH:11][c:23]2[c:22]([cH:10]1)[c:20]1[c:21]([n:25]2[CH2:16][C:26]([OH:4])([CH2:15][OH:3])[c:19]2[cH:8][cH:5][cH:6][n:17][cH:9]2)[CH2:12][CH2:13][N:24]([CH3:2])[CH2:14]1,1,2,0.10
golden_1670,CC(=O)O[C:19]([CH3:1])=[O:5].[CH3:2][c:20]1[cH:8][cH:12][c:25]2[c:24]([cH:11]1)[c:22]1[c:23]([n:27]2[CH2:16][C:28]([CH3:4])([OH:18])[c:21]2[cH:9][cH:6][cH:7][n:17][cH:10]2)[CH2:13][CH2:14][N:26]([CH3:3])[CH2:15]1.[H-].[Na+]>>[CH3:1][C:19](=[O:5])[O:18][C:28]([CH3:4])([CH2:16][n:27]1[c:23]2[c:22]([c:24]3[cH:11][c:20]([CH3:2])[cH:8][cH:12][c:25]31)[CH2:15][N:26]([CH3:3])[CH2:14][CH2:13]2)[c:21]1[cH:9][cH:6][cH:7][n:17][cH:10]1,1,2,0.14
golden_1671,CS(=O)(=O)O[CH:30]([CH2:18][n:32]1[c:27]2[c:26]([c:28]3[cH:13][c:23]([CH3:1])[cH:8][cH:14][c:29]31)[CH2:17][N:31]([CH3:2])[CH2:16][CH2:15]2)[c:25]1[cH:11][cH:6][n:20][cH:7][cH:12]1.O=C([O-])[O-].[K+].[K+].[O:3]=[C:22]([OH:21])[c:24]1[cH:9][cH:4][n:19][cH:5][cH:10]1>>[CH3:1][c:23]1[cH:8][cH:14][c:29]2[c:28]([cH:13]1)[c:26]1[c:27]([n:32]2[CH2:18][CH:30]([O:21][C:22](=[O:3])[c:24]2[cH:9][cH:4][n:19][cH:5][cH:10]2)[c:25]2[cH:11][cH:6][n:20][cH:7][cH:12]2)[CH2:15][CH2:16][N:31]([CH3:2])[CH2:17]1,1,2,0.14
golden_1672,CCN=C=NCCCN(C)C.Cl.O[CH:27]([CH2:16][n:29]1[c:23]2[c:22]([c:24]3[cH:11][c:20]([CH3:1])[cH:8][cH:12][c:25]31)[CH2:15][N:28]([CH3:4])[CH2:14][CH2:13]2)[c:21]1[cH:9][cH:6][n:17][cH:7][cH:10]1.[CH3:2][CH:26]([CH3:3])[C:19](=[O:5])[OH:18]>>[CH3:1][c:20]1[cH:8][cH:12][c:25]2[c:24]([cH:11]1)[c:22]1[c:23]([n:29]2[CH2:16][CH:27]([O:18][C:19](=[O:5])[CH:26]([CH3:2])[CH3:3])[c:21]2[cH:9][cH:6][n:17][cH:7][cH:10]2)[CH2:13][CH2:14][N:28]([CH3:4])[CH2:15]1,1,2,0.15
golden_1673,O=S(Cl)Cl.O[C:9](=[O:5])[C:10]([CH3:3])([NH2:4])[CH2:7][C:6]#[CH:1].[CH3:2][OH:8]>>[CH:1]#[C:6][CH2:7][C:10]([CH3:3])([NH2:4])[C:9](=[O:5])[O:8][CH3:2],1,2,0.01
golden_1674,O[C:16]([CH3:1])([CH3:2])[C:17](O)([CH3:3])[CH3:4].[OH:5][c:13]1[cH:7][cH:8][c:14]([Cl:6])[c:15]([B:12]([OH:10])[OH:11])[cH:9]1>>[CH3:1][C:16]1([CH3:2])[O:10][B:12]([c:15]2[cH:9][c:13]([OH:5])[cH:7][cH:8][c:14]2[Cl:6])[O:11][C:17]1([CH3:3])[CH3:4],1,4,0.03
golden_1675,O=C(O)[O-:1].O=C(OO)c1cccc(Cl)c1.[Na+].[OH:2][C:24]1([CH2:15][n:22]2[c:17]([CH2:12][Cl:3])[n:16][c:18]3[cH:8][n:23][c:21]4[cH:7][cH:5][cH:4][cH:6][c:19]4[c:20]32)[CH2:13][CH2:10][CH2:9][CH2:11][CH2:14]1>>[O-:1][n+:23]1[cH:8][c:18]2[n:16][c:17]([CH2:12][Cl:3])[n:22]([CH2:15][C:24]3([OH:2])[CH2:13][CH2:10][CH2:9][CH2:11][CH2:14]3)[c:20]2[c:19]2[cH:6][cH:4][cH:5][cH:7][c:21]21,1,2,0.08
golden_1676,CCN(CC)CC.Cl.Cl[c:18]1[c:17]([N+:21](=[O:1])[O-:2])[cH:6][n:15][c:19]2[cH:7][cH:4][cH:5][cH:8][c:20]12.O=c1c([N+](=O)[O-])c[nH]c2ccccc12.[OH:3][C:22]1([CH2:14][NH2:16])[CH2:12][CH2:10][CH2:9][CH2:11][CH2:13]1>>[O:1]=[N+:21]([O-:2])[c:17]1[cH:6][n:15][c:19]2[cH:7][cH:4][cH:5][cH:8][c:20]2[c:18]1[NH:16][CH2:14][C:22]1([OH:3])[CH2:12][CH2:10][CH2:9][CH2:11][CH2:13]1,1,2,0.12
golden_1677,CCN(CC)CC.ClCCl.Cl[c:23]1[c:22]([N+:27](=[O:5])[O-:6])[cH:10][n:17][c:24]2[n:18][cH:9][cH:8][cH:11][c:25]12.[CH3:1][C:29]([CH3:2])([CH3:3])[O:20][C:21](=[O:4])[N:26]1[CH2:12][CH2:14][C:28]([OH:7])([CH2:16][NH2:19])[CH2:15][CH2:13]1>>[CH3:1][C:29]([CH3:2])([CH3:3])[O:20][C:21](=[O:4])[N:26]1[CH2:12][CH2:14][C:28]([OH:7])([CH2:16][NH:19][c:23]2[c:22]([N+:27](=[O:5])[O-:6])[cH:10][n:17][c:24]3[cH:11][cH:8][cH:9][n:18][c:25]23)[CH2:15][CH2:13]1,1,6,0.15
golden_1678,CC(C)(C)[Si](C)(C)Cl.O=S(=O)(O[Si:17]([CH3:5])([CH3:6])[C:16]([CH3:2])([CH3:3])[CH3:4])C(F)(F)F.[CH2:1]=[CH:7][CH2:11][C:15]1([OH:14])[CH2:12][CH2:9][CH2:8][CH2:10][CH2:13]1.c1ccncc1>>[CH2:1]=[CH:7][CH2:11][C:15]1([O:14][Si:17]([CH3:5])([CH3:6])[C:16]([CH3:2])([CH3:3])[CH3:4])[CH2:12][CH2:9][CH2:8][CH2:10][CH2:13]1,1,2,0.07
golden_1679,CC(C)=[CH:5][CH2:15][C:24]1([C:21](=[O:4])[O:19][CH2:12][CH3:1])[CH2:16][CH2:11][CH2:14][N:23]([C:20](=[O:3])[O:18][CH2:13][c:22]2[cH:9][cH:7][cH:6][cH:8][cH:10]2)[CH2:17]1.CCN(CC)CC.CSC.[O-][O+]=[O:2]>>[CH3:1][CH2:12][O:19][C:21](=[O:4])[C:24]1([CH2:15][CH:5]=[O:2])[CH2:16][CH2:11][CH2:14][N:23]([C:20](=[O:3])[O:18][CH2:13][c:22]2[cH:9][cH:7][cH:6][cH:8][cH:10]2)[CH2:17]1,1,3,0.10
golden_1680,O=C(OO)c1cccc(Cl)c1.O=C(OO)c1cccc(Cl)c1.[CH3:1][C:32]([CH3:2])([CH3:3])[Si:33]([O:25][CH2:23][c:29]1[cH:21][c:28]([I:10])[c:30]([NH:24][S:34]([CH3:4])(=[O:6])=[O:7])[cH:22][c:31]1[S:35][CH3:5])([c:26]1[cH:17][cH:13][cH:11][cH:14][cH:18]1)[c:27]1[cH:19][cH:15][cH:12][cH:16][cH:20]1.[Na+].[Na+].[Na+].[O-]C(O)=[O:9].[O-]S([O-])(=S)=[O:8]>>[CH3:1][C:32]([CH3:2])([CH3:3])[Si:33]([O:25][CH2:23][c:29]1[cH:21][c:28]([I:10])[c:30]([NH:24][S:34]([CH3:4])(=[O:6])=[O:7])[cH:22][c:31]1[S:35]([CH3:5])(=[O:8])=[O:9])([c:26]1[cH:17][cH:13][cH:11][cH:14][cH:18]1)[c:27]1[cH:19][cH:15][cH:12][cH:16][cH:20]1,1,4,0.20
golden_1681,CC(C)(C)OC(=O)O[C:13](=[O:7])[O:11][C:17]([CH3:3])([CH3:4])[CH3:5].CC(C)C1C(=O)NCCN1C(=O)OCc1ccccc1.[CH3:1][CH:14]([CH3:2])[CH:15]1[C:12](=[O:6])[NH:10][CH2:8][CH2:9][NH:16]1>>[CH3:1][CH:14]([CH3:2])[CH:15]1[C:12](=[O:6])[NH:10][CH2:8][CH2:9][N:16]1[C:13](=[O:7])[O:11][C:17]([CH3:3])([CH3:4])[CH3:5],1,2,0.48
golden_1682,CI.C[Si](C)(C)[N-][Si](C)(C)[CH3:2].[CH3:1][CH2:10][c:23]1[cH:6][n:18][c:25]([N:30]2[CH2:16][CH2:12][CH:26]([CH:28]3[CH2:15][CH:29]3[CH:27]([CH2:14][OH:20])[O:21][CH2:11][c:24]3[cH:8][cH:4][c:22]([Br:3])[cH:5][cH:9]3)[CH2:13][CH2:17]2)[n:19][cH:7]1.[Na+]>>[CH3:1][CH2:10][c:23]1[cH:6][n:18][c:25]([N:30]2[CH2:16][CH2:12][CH:26]([CH:28]3[CH2:15][CH:29]3[CH:27]([CH2:14][O:20][CH3:2])[O:21][CH2:11][c:24]3[cH:8][cH:4][c:22]([Br:3])[cH:5][cH:9]3)[CH2:13][CH2:17]2)[n:19][cH:7]1,1,2,0.11
golden_1683,CC(C)c1cnc(N2CCC(C3CC3CI)CC2)nc1.O[CH2:15][CH:28]1[CH2:16][CH:29]1[CH:27]1[CH2:13][CH2:17][N:30]([c:25]2[n:19][cH:8][c:23]([CH:26]([CH3:1])[CH3:2])[cH:9][n:20]2)[CH2:18][CH2:14]1.[CH3:3][S:31](=[O:4])(=[O:5])[c:24]1[cH:10][cH:6][c:22]([CH2:12][OH:21])[cH:7][cH:11]1>>[CH3:1][CH:26]([CH3:2])[c:23]1[cH:8][n:19][c:25]([N:30]2[CH2:17][CH2:13][CH:27]([CH:29]3[CH2:16][CH:28]3[CH2:15][O:21][CH2:12][c:22]3[cH:6][cH:10][c:24]([S:31]([CH3:3])(=[O:4])=[O:5])[cH:11][cH:7]3)[CH2:14][CH2:18]2)[n:20][cH:9]1,1,2,0.29
golden_1684,Br[CH2:9][c:21]1[cH:8][cH:6][c:20]([Br:5])[cH:7][n:16]1.C[Si](C)(C)[N-][Si](C)(C)C.O.[CH3:1][C:26]([CH3:2])([CH3:3])[O:18][C:19](=[O:4])[N:25]1[CH2:14][CH2:10][CH:22]([CH:24]2[CH2:13][CH:23]2[CH2:12][OH:17])[CH2:11][CH2:15]1.[Na+]>>[CH3:1][C:26]([CH3:2])([CH3:3])[O:18][C:19](=[O:4])[N:25]1[CH2:14][CH2:10][CH:22]([CH:24]2[CH2:13][CH:23]2[CH2:12][O:17][CH2:9][c:21]2[cH:8][cH:6][c:20]([Br:5])[cH:7][n:16]2)[CH2:11][CH2:15]1,1,2,0.10
golden_1685,CCN(CC)CC.O=C1CCC(=O)N1O[C:11](=[O:1])[O:10][N:15]1[C:12](=[O:2])[CH2:4][CH2:5][C:13]1=[O:3].[CH2:6]1[CH2:7][CH:14]1[CH2:8][OH:9]>>[O:1]=[C:11]([O:9][CH2:8][CH:14]1[CH2:6][CH2:7]1)[O:10][N:15]1[C:12](=[O:2])[CH2:4][CH2:5][C:13]1=[O:3],1,2,0.08
golden_1686,CCN(CC)CC.O=C(Cl)c1c(Cl)cc(Cl)cc1Cl.O[C:18]([CH2:11][CH:4]=[CH2:1])([CH2:12][C:15](=[O:2])[OH:14])[C:16](=[O:3])[O:13][CH2:10][c:17]1[cH:8][cH:6][cH:5][cH:7][cH:9]1>>[CH2:1]=[CH:4][CH2:11][C:18]1([C:16](=[O:3])[O:13][CH2:10][c:17]2[cH:8][cH:6][cH:5][cH:7][cH:9]2)[CH2:12][C:15](=[O:2])[O:14]1,1,2,0.09
golden_1687,CC(=O)O[C:20]([CH3:2])=[O:5].CCOC(C)=O.[CH3:1][O:17][C:21](=[O:6])[CH2:16][C:25]([CH2:15][CH:8]=[C:23]([CH3:3])[CH3:4])([OH:19])[C:22](=[O:7])[O:18][CH2:14][c:24]1[cH:12][cH:10][cH:9][cH:11][cH:13]1>>[CH3:1][O:17][C:21](=[O:6])[CH2:16][C:25]([CH2:15][CH:8]=[C:23]([CH3:3])[CH3:4])([O:19][C:20]([CH3:2])=[O:5])[C:22](=[O:7])[O:18][CH2:14][c:24]1[cH:12][cH:10][cH:9][cH:11][cH:13]1,1,2,0.11
golden_1688,ClC[N+]12CC[N+]([F:8])(CC1)CC2.F[B-](F)(F)F.F[B-](F)(F)F.[CH3:1][CH2:10][O:12][C:15](=[O:6])[CH:23]([O:13][C:24]([CH3:3])([CH3:4])[CH3:5])[c:18]1[c:17]([CH3:2])[cH:19][c:21]2[n:11][c:16]([Br:9])[s:14][c:22]2[c:20]1[OH:7]>>[CH3:1][CH2:10][O:12][C:15](=[O:6])[CH:23]([O:13][C:24]([CH3:3])([CH3:4])[CH3:5])[c:18]1[c:17]([CH3:2])[c:19]([F:8])[c:21]2[n:11][c:16]([Br:9])[s:14][c:22]2[c:20]1[OH:7],1,3,0.11
golden_1689,CC(C)([O-])[CH3:2].CI.[CH3:1][c:18]1[cH:12][c:23]2[c:22]([s:16][c:21](=[O:10])[nH:25]2)[c:20]([Br:11])[c:19]1[CH:24]([CH2:13][O:14][C:17](=[O:9])[C:27]([CH3:6])([CH3:7])[CH3:8])[O:15][C:26]([CH3:3])([CH3:4])[CH3:5].[K+]>>[CH3:1][c:18]1[cH:12][c:23]2[c:22]([s:16][c:21](=[O:10])[n:25]2[CH3:2])[c:20]([Br:11])[c:19]1[CH:24]([CH2:13][O:14][C:17](=[O:9])[C:27]([CH3:6])([CH3:7])[CH3:8])[O:15][C:26]([CH3:3])([CH3:4])[CH3:5],1,2,0.09
golden_1690,CC(=O)O[C:24]([CH3:2])([CH3:3])[CH3:4].CCOC(C)=O.[CH3:1][c:19]1[cH:12][c:18]([N+:23](=[O:9])[O-:10])[cH:13][c:20]([Br:11])[c:21]1[CH:22]([CH2:14][O:15][C:17](=[O:8])[C:25]([CH3:5])([CH3:6])[CH3:7])[OH:16]>>[CH3:1][c:19]1[cH:12][c:18]([N+:23](=[O:9])[O-:10])[cH:13][c:20]([Br:11])[c:21]1[CH:22]([CH2:14][O:15][C:17](=[O:8])[C:25]([CH3:5])([CH3:6])[CH3:7])[O:16][C:24]([CH3:2])([CH3:3])[CH3:4],1,2,0.10
golden_1691,CCCN[CH2:8][CH2:9][O:14][c:16]1[cH:5][c:15]([F:4])[cH:6][c:17]([S:19]([CH3:1])(=[O:2])=[O:3])[cH:7]1.CS(=O)(=O)c1cc(F)cc(OCCBr)c1.[CH2:10]1[CH2:11][CH:18]1[CH2:12][NH2:13]>>[CH3:1][S:19](=[O:2])(=[O:3])[c:17]1[cH:6][c:15]([F:4])[cH:5][c:16]([O:14][CH2:9][CH2:8][NH:13][CH2:12][CH:18]2[CH2:10][CH2:11]2)[cH:7]1,1,2,0.16
golden_1692,O=S(Cl)Cl.O[C:9](=[O:4])[CH:10]([CH3:2])[NH2:3].[CH3:1][CH2:5][CH2:6][CH2:7][OH:8]>>[CH3:1][CH2:5][CH2:6][CH2:7][O:8][C:9](=[O:4])[CH:10]([CH3:2])[NH2:3],1,2,0.02
golden_1693,CS(=O)(=O)Cl.O[C:33]1([CH2:19][CH2:15][OH:24])[CH:30]([O:22][CH2:17][c:26]2[cH:11][cH:7][cH:4][cH:8][cH:12]2)[CH:29]([CH2:18][O:21][CH2:16][c:25]2[cH:9][cH:5][cH:3][cH:6][cH:10]2)[O:23][CH:31]1[n:32]1[cH:14][cH:13][c:27](=[O:1])[nH:20][c:28]1=[O:2].[Cl-].[H-].[NH4+].[Na+]>>[O:1]=[c:27]1[cH:13][cH:14][n:32]([CH:31]2[O:23][CH:29]([CH2:18][O:21][CH2:16][c:25]3[cH:9][cH:5][cH:3][cH:6][cH:10]3)[CH:30]([O:22][CH2:17][c:26]3[cH:11][cH:7][cH:4][cH:8][cH:12]3)[C:33]23[CH2:19][CH2:15][O:24]3)[c:28](=[O:2])[nH:20]1,1,2,0.12
golden_1694,CI.CN(C=O)[CH3:3].O=C([O-])[O-].[CH3:1][O:13][c:17]1[cH:8][cH:7][c:15]([CH2:10][n:24]2[c:20](=[O:5])[nH:23][c:21]3[c:19]([Cl:6])[n:11][c:16]([NH2:4])[n:12][c:22]32)[cH:9][c:18]1[O:14][CH3:2].[K+].[K+]>>[CH3:1][O:13][c:17]1[cH:8][cH:7][c:15]([CH2:10][n:24]2[c:20](=[O:5])[n:23]([CH3:3])[c:21]3[c:19]([Cl:6])[n:11][c:16]([NH2:4])[n:12][c:22]32)[cH:9][c:18]1[O:14][CH3:2],1,2,0.07
golden_1695,Cc1ccc(S(=O)(=O)O[CH2:12][CH2:15][N:31]2[C:21](=[O:2])[N:32]([CH2:16][CH:28]3[CH2:13][CH2:14]3)[N:33]3[C:24]4=[C:23]([c:27]5[cH:11][cH:5][cH:6][o:20]5)[N:17]=[CH:4][N:30]([NH2:1])[C:22]4=[N:18][CH:29]23)cc1.O.O=C([O-])[O-].[F:3][c:25]1[cH:7][cH:9][c:26]([OH:19])[cH:10][cH:8]1.[K+].[K+]>>[NH2:1][N:30]1[CH:4]=[N:17][C:23]([c:27]2[cH:11][cH:5][cH:6][o:20]2)=[C:24]2[C:22]1=[N:18][CH:29]1[N:31]([CH2:15][CH2:12][O:19][c:26]3[cH:9][cH:7][c:25]([F:3])[cH:8][cH:10]3)[C:21](=[O:2])[N:32]([CH2:16][CH:28]3[CH2:13][CH2:14]3)[N:33]21,1,2,0.19
golden_1696,CCI.CCO.[Na+].[O-][CH2:12][CH3:1].[cH:2]1[cH:4][cH:8][c:16]([NH:13][C:15](=[S:14])[c:17]2[cH:10][cH:6][cH:3][cH:7][cH:11]2)[cH:9][cH:5]1>>[CH3:1][CH2:12][S:14][C:15](=[N:13][c:16]1[cH:8][cH:4][cH:2][cH:5][cH:9]1)[c:17]1[cH:10][cH:6][cH:3][cH:7][cH:11]1,1,2,0.06
golden_1697,CCN(C(C)C)C(C)C.CCN(CC)CC.Cl.Cl.O=C(Cl)Oc1ccc([N+](=O)[O-])cc1.[CH3:1][O:25][CH2:13][CH2:20][N:36]1[CH2:21][CH:33]([c:28]2[cH:10][cH:6][cH:5][cH:7][cH:11]2)[CH2:15][CH2:14][CH:32]([NH2:23])[C:27]1=[O:3].[Na+].[Na+].[O-][C:26]([O-])=[O:2].[O:4]=[c:29]1[nH:24][c:30]2[n:22][cH:9][cH:8][cH:12][c:31]2[n:37]1[CH:34]1[CH2:16][CH2:18][NH:35][CH2:19][CH2:17]1>>[CH3:1][O:25][CH2:13][CH2:20][N:36]1[CH2:21][CH:33]([c:28]2[cH:10][cH:6][cH:5][cH:7][cH:11]2)[CH2:15][CH2:14][CH:32]([NH:23][C:26](=[O:2])[N:35]2[CH2:18][CH2:16][CH:34]([n:37]3[c:29](=[O:4])[nH:24][c:30]4[n:22][cH:9][cH:8][cH:12][c:31]43)[CH2:17][CH2:19]2)[C:27]1=[O:3],1,4,0.51
golden_1698,[CH3:1][S:28][CH2:17][CH2:15][N:27]1[CH2:16][CH:26]([c:23]2[cH:12][cH:10][cH:11][c:22]([F:8])[c:24]2[F:9])[CH2:14][CH2:13][CH:25]([NH:18][C:20](=[O:5])[O:19][C:29]([CH3:2])([CH3:3])[CH3:4])[C:21]1=[O:6].[Na+].[Na+].[Na+].[O-]C([O-])=[O:7].[O-][I+3]([O-])([O-])[O-]>>[CH3:1][S:28](=[O:7])[CH2:17][CH2:15][N:27]1[CH2:16][CH:26]([c:23]2[cH:12][cH:10][cH:11][c:22]([F:8])[c:24]2[F:9])[CH2:14][CH2:13][CH:25]([NH:18][C:20](=[O:5])[O:19][C:29]([CH3:2])([CH3:3])[CH3:4])[C:21]1=[O:6],1,2,0.07
golden_1699,CC(C)(C)OC(=O)O[C:17](=[O:4])[O:16][C:24]([CH3:1])([CH3:2])[CH3:3].O=C(OCc1ccccc1)[NH:15][CH:22]1[CH2:11][CH:12]=[C:23]([c:20]2[cH:10][cH:8][cH:9][c:19]([F:6])[c:21]2[F:7])[CH2:13][NH:14][C:18]1=[O:5]>>[CH3:1][C:24]([CH3:2])([CH3:3])[O:16][C:17](=[O:4])[NH:15][CH:22]1[CH2:11][CH2:12][CH:23]([c:20]2[cH:10][cH:8][cH:9][c:19]([F:6])[c:21]2[F:7])[CH2:13][NH:14][C:18]1=[O:5],1,5,1.55
golden_1700,C=C[CH2:20][CH:37]([NH:23][C:27](=[O:3])[O:24][CH2:19][c:30]1[cH:12][cH:9][cH:8][cH:10][cH:13]1)[C:28](=[O:4])[N:38]([CH2:21][C:29](=[CH2:7])[c:35]1[cH:18][cH:11][cH:15][c:32]([F:5])[c:36]1[F:6])[CH2:22][c:33]1[cH:16][cH:14][c:31]([O:25][CH3:1])[cH:17][c:34]1[O:26][CH3:2]>>[CH3:1][O:25][c:31]1[cH:14][cH:16][c:33]([CH2:22][N:38]2[CH2:21][C:29]([c:35]3[cH:18][cH:11][cH:15][c:32]([F:5])[c:36]3[F:6])=[CH:7][CH2:20][CH:37]([NH:23][C:27](=[O:3])[O:24][CH2:19][c:30]3[cH:12][cH:9][cH:8][cH:10][cH:13]3)[C:28]2=[O:4])[c:34]([O:26][CH3:2])[cH:17]1,1,3,0.36
golden_1701,CC(C)(C)OC(=O)O[C:17](=[O:4])[O:16][C:22]([CH3:1])([CH3:2])[CH3:3].O=C(OCc1ccccc1)[NH:15][CH:20]1[CH2:11][CH:12]=[C:21]([c:19]2[cH:9][cH:7][cH:6][cH:8][cH:10]2)[CH2:13][NH:14][C:18]1=[O:5]>>[CH3:1][C:22]([CH3:2])([CH3:3])[O:16][C:17](=[O:4])[NH:15][CH:20]1[CH2:11][CH2:12][CH:21]([c:19]2[cH:9][cH:7][cH:6][cH:8][cH:10]2)[CH2:13][NH:14][C:18]1=[O:5],1,5,1.42
golden_1702,CCN(CC)CC.O.O[C:27]([CH3:4])([CH3:5])[CH3:6].[CH3:1][CH2:13][c:22]1[n:14][c:25]2[c:23](-[c:21]3[cH:11][cH:9][c:19]([CH3:2])[cH:10][c:20]3[CH3:3])[cH:12][cH:8][n:15][n:26]2[c:24]1[C:18](=[O:7])[OH:17].c1ccc(-c2c[pH]c(N=[N+]=[N-:16])c2-c2ccccc2)cc1>>[CH3:1][CH2:13][c:22]1[n:14][c:25]2[c:23](-[c:21]3[cH:11][cH:9][c:19]([CH3:2])[cH:10][c:20]3[CH3:3])[cH:12][cH:8][n:15][n:26]2[c:24]1[NH:16][C:18](=[O:7])[O:17][C:27]([CH3:4])([CH3:5])[CH3:6],1,6,0.36
golden_1703,CCOC(=O)N=NC(=O)OCC.O[c:40]1[c:37]([C:47]([CH3:10])([CH3:11])[CH3:12])[cH:20][c:34]([S:32][C:44]([CH3:2])([CH3:3])[S:31][c:33]2[cH:18][c:35]([C:45]([CH3:4])([CH3:5])[CH3:6])[c:39]([OH:17])[c:36]([C:46]([CH3:7])([CH3:8])[CH3:9])[cH:19]2)[cH:21][c:38]1[C:48]([CH3:13])([CH3:14])[CH3:15].[CH3:1][CH2:24][O:28][CH:41]1[O:29][CH:42]([CH2:25][CH2:22][OH:16])[CH:43]([CH2:26][CH2:23][OH:27])[O:30]1.c1ccc(P(c2ccccc2)c2ccccc2)cc1>>[CH3:1][CH2:24][O:28][CH:41]1[O:29][CH:42]([CH2:25][CH2:22][OH:16])[CH:43]([CH2:26][CH2:23][O:27][c:40]2[c:37]([C:47]([CH3:10])([CH3:11])[CH3:12])[cH:20][c:34]([S:32][C:44]([CH3:2])([CH3:3])[S:31][c:33]3[cH:18][c:35]([C:45]([CH3:4])([CH3:5])[CH3:6])[c:39]([OH:17])[c:36]([C:46]([CH3:7])([CH3:8])[CH3:9])[cH:19]3)[cH:21][c:38]2[C:48]([CH3:13])([CH3:14])[CH3:15])[O:30]1,1,2,0.80
golden_1704,B.O=[C:23]([OH:15])[CH:36]([OH:17])[CH2:24][CH2:22][O:25][c:35]1[c:32]([C:40]([CH3:9])([CH3:10])[CH3:11])[cH:20][c:29]([S:27][C:37]([CH3:1])([CH3:2])[S:26][c:28]2[cH:18][c:30]([C:38]([CH3:3])([CH3:4])[CH3:5])[c:34]([OH:16])[c:31]([C:39]([CH3:6])([CH3:7])[CH3:8])[cH:19]2)[cH:21][c:33]1[C:41]([CH3:12])([CH3:13])[CH3:14]>>[CH3:1][C:37]([CH3:2])([S:26][c:28]1[cH:18][c:30]([C:38]([CH3:3])([CH3:4])[CH3:5])[c:34]([OH:16])[c:31]([C:39]([CH3:6])([CH3:7])[CH3:8])[cH:19]1)[S:27][c:29]1[cH:20][c:32]([C:40]([CH3:9])([CH3:10])[CH3:11])[c:35]([O:25][CH2:22][CH2:24][CH:36]([OH:17])[CH2:23][OH:15])[c:33]([C:41]([CH3:12])([CH3:13])[CH3:14])[cH:21]1,1,3,0.39
golden_1705,O[c:38]1[c:35]([C:45]([CH3:10])([CH3:11])[CH3:12])[cH:20][c:32]([S:30][C:42]([CH3:2])([CH3:3])[S:29][c:31]2[cH:18][c:33]([C:43]([CH3:4])([CH3:5])[CH3:6])[c:37]([OH:17])[c:34]([C:44]([CH3:7])([CH3:8])[CH3:9])[cH:19]2)[cH:21][c:36]1[C:46]([CH3:13])([CH3:14])[CH3:15].[CH3:1][CH2:22][O:26][CH:39]1[O:27][CH:40]([CH2:23][OH:16])[CH:41]([CH2:24][OH:25])[O:28]1>>[CH3:1][CH2:22][O:26][CH:39]1[O:27][CH:40]([CH2:23][OH:16])[CH:41]([CH2:24][O:25][c:38]2[c:35]([C:45]([CH3:10])([CH3:11])[CH3:12])[cH:20][c:32]([S:30][C:42]([CH3:2])([CH3:3])[S:29][c:31]3[cH:18][c:33]([C:43]([CH3:4])([CH3:5])[CH3:6])[c:37]([OH:17])[c:34]([C:44]([CH3:7])([CH3:8])[CH3:9])[cH:19]3)[cH:21][c:36]2[C:46]([CH3:13])([CH3:14])[CH3:15])[O:28]1,1,2,0.50
golden_1706,O=C(O)C(F)(F)F.OO.[K+].[N:1]#[C:22][c:29]1[cH:18][c:31](-[c:25]2[cH:12][cH:9][c:23]([Cl:5])[cH:10][cH:13]2)[c:33](-[c:30]2[cH:17][cH:8][cH:7][cH:16][c:28]2[Cl:6])[n:20][c:32]1[O:21][CH2:19][c:24]1[cH:11][cH:14][c:26]([F:3])[c:27]([F:4])[cH:15]1.[OH-:2]>>[NH2:1][C:22](=[O:2])[c:29]1[cH:18][c:31](-[c:25]2[cH:12][cH:9][c:23]([Cl:5])[cH:10][cH:13]2)[c:33](-[c:30]2[cH:17][cH:8][cH:7][cH:16][c:28]2[Cl:6])[n:20][c:32]1[O:21][CH2:19][c:24]1[cH:11][cH:14][c:26]([F:3])[c:27]([F:4])[cH:15]1,1,1,0.16
golden_1707,O=S(=O)(O)O.O[C:17](=[O:2])[c:22]1[cH:14][c:24](-[c:20]2[cH:10][cH:7][c:18]([F:4])[cH:8][cH:11]2)[c:26](-[c:23]2[cH:13][cH:9][c:19]([Cl:5])[cH:12][c:21]2[Cl:6])[n:15][c:25]1[OH:3].[CH3:1][OH:16]>>[CH3:1][O:16][C:17](=[O:2])[c:22]1[cH:14][c:24](-[c:20]2[cH:10][cH:7][c:18]([F:4])[cH:8][cH:11]2)[c:26](-[c:23]2[cH:13][cH:9][c:19]([Cl:5])[cH:12][c:21]2[Cl:6])[n:15][c:25]1[OH:3],1,2,0.08
golden_1708,O[C:17](=[O:2])[c:22]1[cH:14][c:24](-[c:20]2[cH:10][cH:7][c:18]([Cl:4])[cH:8][cH:11]2)[c:26](-[c:23]2[cH:13][cH:9][c:19]([Cl:5])[cH:12][c:21]2[Cl:6])[n:15][c:25]1[OH:3].[CH3:1][OH:16]>>[CH3:1][O:16][C:17](=[O:2])[c:22]1[cH:14][c:24](-[c:20]2[cH:10][cH:7][c:18]([Cl:4])[cH:8][cH:11]2)[c:26](-[c:23]2[cH:13][cH:9][c:19]([Cl:5])[cH:12][c:21]2[Cl:6])[n:15][c:25]1[OH:3],1,2,0.08
golden_1709,O[C:17](=[O:2])[c:21]1[cH:14][c:22](-[c:19]2[cH:10][cH:6][cH:5][cH:7][cH:11]2)[c:24](-[c:20]2[cH:12][cH:8][c:18]([Cl:4])[cH:9][cH:13]2)[n:15][c:23]1[OH:3].[CH3:1][OH:16]>>[CH3:1][O:16][C:17](=[O:2])[c:21]1[cH:14][c:22](-[c:19]2[cH:10][cH:6][cH:5][cH:7][cH:11]2)[c:24](-[c:20]2[cH:12][cH:8][c:18]([Cl:4])[cH:9][cH:13]2)[n:15][c:23]1[OH:3],1,2,0.08
golden_1710,C=COCCCCCCCC.CCCCCCCCOC(C)=O.O=C([O-])[O-].[CH3:1][CH2:5][CH2:6][CH2:7][CH2:8][CH2:9][CH2:10][CH2:11][OH:12].[CH3:2][C:14](=[O:4])[O:13][CH:15]=[CH2:3].[Na+].[Na+]>>[CH3:1][CH2:5][CH2:6][CH2:7][CH2:8][CH2:9][CH2:10][CH2:11][O:12][CH:15]([CH3:3])[O:13][C:14]([CH3:2])=[O:4],1,2,0.33
golden_1711,C=CO[C:13]([CH3:1])=[O:7].CCN(CC)CC.[CH3:2][C:16]([CH3:3])([CH3:4])[Si:17]([CH3:5])([CH3:6])[O:12][CH:15]1[CH2:9][CH2:8][CH:14]([OH:11])[CH2:10]1>>[CH3:1][C:13](=[O:7])[O:11][CH:14]1[CH2:8][CH2:9][CH:15]([O:12][Si:17]([CH3:5])([CH3:6])[C:16]([CH3:2])([CH3:3])[CH3:4])[CH2:10]1,1,2,0.19
golden_1712,CC(=O)O[C:13]([CH3:1])=[O:2].CCOC(C)=O.CN(C)c1ccccn1.[CH:3]1=[CH:4][CH:15]([O:12][CH:16]2[CH2:9][CH2:6][CH2:5][CH2:7][O:11]2)[CH2:8][CH:14]1[OH:10]>>[CH3:1][C:13](=[O:2])[O:10][CH:14]1[CH:3]=[CH:4][CH:15]([O:12][CH:16]2[CH2:9][CH2:6][CH2:5][CH2:7][O:11]2)[CH2:8]1,1,2,0.95
golden_1713,CC(=O)O[C:13]([CH3:1])=[O:7].CCCCCC.CCOC(C)=O.CCOCC.[CH3:2][C:16]([CH3:3])([CH3:4])[Si:17]([CH3:5])([CH3:6])[O:12][CH:15]1[CH:9]=[CH:8][CH:14]([OH:11])[CH2:10]1>>[CH3:1][C:13](=[O:7])[O:11][CH:14]1[CH:8]=[CH:9][CH:15]([O:12][Si:17]([CH3:5])([CH3:6])[C:16]([CH3:2])([CH3:3])[CH3:4])[CH2:10]1,1,2,0.10
golden_1714,C=CO[C:11]([CH3:1])=[O:5].CCN(CC)CC.ClC(Cl)Cl.[CH3:2][C:14]([CH3:3])([CH3:4])[O:10][CH:13]1[CH:7]=[CH:6][CH:12]([OH:9])[CH2:8]1>>[CH3:1][C:11](=[O:5])[O:9][CH:12]1[CH:6]=[CH:7][CH:13]([O:10][C:14]([CH3:2])([CH3:3])[CH3:4])[CH2:8]1,1,2,0.46
golden_1715,C=CO[C:13]([CH3:1])=[O:2].CCN(CC)CC.ClC(Cl)Cl.[CH:3]1=[CH:4][CH:15]([O:12][CH:16]2[CH2:9][CH2:6][CH2:5][CH2:7][O:11]2)[CH2:8][CH:14]1[OH:10]>>[CH3:1][C:13](=[O:2])[O:10][CH:14]1[CH:3]=[CH:4][CH:15]([O:12][CH:16]2[CH2:9][CH2:6][CH2:5][CH2:7][O:11]2)[CH2:8]1,1,2,0.84
golden_1716,C=CO[C:13]([CH3:1])=[O:7].CCN(CC)CC.ClC(Cl)Cl.[CH3:2][C:16]([CH3:3])([CH3:4])[Si:17]([CH3:5])([CH3:6])[O:12][CH:15]1[CH:9]=[CH:8][CH:14]([OH:11])[CH2:10]1>>[CH3:1][C:13](=[O:7])[O:11][CH:14]1[CH:8]=[CH:9][CH:15]([O:12][Si:17]([CH3:5])([CH3:6])[C:16]([CH3:2])([CH3:3])[CH3:4])[CH2:10]1,1,2,0.39
golden_1717,O=S(Cl)Cl.O[C:12](=[O:2])[c:14]1[cH:9][cH:8][c:13]([N+:16](=[O:3])[O-:6])[cH:10][c:15]1[S:17](=[O:4])(=[O:5])[OH:7].[CH3:1][OH:11]>>[CH3:1][O:11][C:12](=[O:2])[c:14]1[cH:9][cH:8][c:13]([N+:16](=[O:3])[O-:6])[cH:10][c:15]1[S:17](=[O:4])(=[O:5])[OH:7],1,2,0.03
golden_1718,CCOC([O-])[O-].Cc1ccc(S(=O)(=O)O)cc1.O=[C:14]1[CH2:4][c:16]2[cH:8][cH:5][cH:6][cH:10][c:18]2[N:20]([CH3:2])[c:19]2[cH:11][cH:7][c:15]([Br:3])[cH:9][c:17]21.[CH3:1][CH2:12][OH:13]>>[CH3:1][CH2:12][O:13][C:14]1=[CH:4][c:16]2[cH:8][cH:5][cH:6][cH:10][c:18]2[N:20]([CH3:2])[c:19]2[cH:11][cH:7][c:15]([Br:3])[cH:9][c:17]21,1,3,1.45
golden_1719,Br[c:17]1[cH:10][c:18]2[c:19]([cH:11][c:20]1[C:26]([F:7])([F:8])[F:9])[N:24]1[CH:21]([CH3:2])[CH2:13][N:23]([C:16](=[O:6])[O:15][C:25]([CH3:3])([CH3:4])[CH3:5])[CH2:14][CH:22]1[CH2:12]2.I[CH3:1].O.[Li][CH3]>>[CH3:1][c:17]1[cH:10][c:18]2[c:19]([cH:11][c:20]1[C:26]([F:7])([F:8])[F:9])[N:24]1[CH:21]([CH3:2])[CH2:13][N:23]([C:16](=[O:6])[O:15][C:25]([CH3:3])([CH3:4])[CH3:5])[CH2:14][CH:22]1[CH2:12]2,1,3,0.47
golden_1720,CCN(C(C)C)C(C)C.Cl[S:33](=[O:4])(=[O:5])[c:26]1[cH:15][cH:13][cH:12][cH:14][cH:16]1.[CH3:1][CH2:21][Si:32]([CH2:22][CH3:2])([CH2:23][CH3:3])[O:25][C:31]([CH:28]1[CH2:19][CH2:17][CH:27]([NH2:24])[CH2:18][CH2:20]1)([C:29]([F:6])([F:7])[F:8])[C:30]([F:9])([F:10])[F:11]>>[CH3:1][CH2:21][Si:32]([CH2:22][CH3:2])([CH2:23][CH3:3])[O:25][C:31]([CH:28]1[CH2:19][CH2:17][CH:27]([NH:24][S:33](=[O:4])(=[O:5])[c:26]2[cH:15][cH:13][cH:12][cH:14][cH:16]2)[CH2:18][CH2:20]1)([C:29]([F:6])([F:7])[F:8])[C:30]([F:9])([F:10])[F:11],1,2,0.36
golden_1721,Cl.OO.O[OH:6].[CH3:1][CH2:17][S:26][c:19]1[cH:10][cH:14][c:23]2[c:21]([cH:12]1)[C:18]([CH2:15][CH2:16][N:24]([CH3:2])[CH3:3])=[CH:7][c:20]1[cH:11][cH:8][cH:9][cH:13][c:22]1[N:25]2[CH3:4].[Na+].[OH2:5]>>[CH3:1][CH2:17][S:26](=[O:5])(=[O:6])[c:19]1[cH:10][cH:14][c:23]2[c:21]([cH:12]1)[C:18]([CH2:15][CH2:16][N:24]([CH3:2])[CH3:3])=[CH:7][c:20]1[cH:11][cH:8][cH:9][cH:13][c:22]1[N:25]2[CH3:4],1,3,0.09
golden_1722,CC(=O)Cl.CN(C)[C:15]([CH3:1])=[O:3].[CH3:2][NH:22][c:17]1[cH:9][cH:5][cH:8][c:16](-[c:18]2[n:13][c:19](=[O:4])[c:21]3[cH:11][cH:7][cH:6][cH:10][c:20]3[s:14]2)[n:12]1>>[CH3:1][C:15](=[O:3])[N:22]([CH3:2])[c:17]1[cH:9][cH:5][cH:8][c:16](-[c:18]2[n:13][c:19](=[O:4])[c:21]3[cH:11][cH:7][cH:6][cH:10][c:20]3[s:14]2)[n:12]1,1,2,0.10
golden_1723,O=S(=O)(O)O.O[C:9](=[O:2])[c:12]1[cH:7][cH:5][c:10]([F:4])[cH:6][c:11]1[OH:3].[CH3:1][OH:8]>>[CH3:1][O:8][C:9](=[O:2])[c:12]1[cH:7][cH:5][c:10]([F:4])[cH:6][c:11]1[OH:3],1,2,0.04
golden_1724,O=S(=O)(O)O.O[C:9](=[O:2])[c:12]1[cH:7][cH:5][c:10]([Br:4])[cH:6][c:11]1[OH:3].[CH3:1][OH:8]>>[CH3:1][O:8][C:9](=[O:2])[c:12]1[cH:7][cH:5][c:10]([Br:4])[cH:6][c:11]1[OH:3],1,2,0.02
golden_1725,C1CCOC1.CCOC(C)=O.Cl[C:16]([CH3:1])=[O:2].O=C(O)C(F)(F)F.[O:3]=[c:20]1[n:13][c:19](-[c:18]2[cH:8][cH:4][cH:7][c:17]([CH2:11][NH2:14])[n:12]2)[s:15][c:21]2[cH:9][cH:5][cH:6][cH:10][c:22]12>>[CH3:1][C:16](=[O:2])[NH:14][CH2:11][c:17]1[cH:7][cH:4][cH:8][c:18](-[c:19]2[n:13][c:20](=[O:3])[c:22]3[cH:10][cH:6][cH:5][cH:9][c:21]3[s:15]2)[n:12]1,1,2,0.11
golden_1726,O=S(=O)(O)O.O[C:15](=[O:4])[CH:22]1[O:13][c:20]2[cH:9][cH:5][c:16]([CH3:2])[cH:7][c:18]2[CH2:11][c:19]2[cH:8][c:17]([CH3:3])[cH:6][cH:10][c:21]2[O:14]1.[CH3:1][OH:12]>>[CH3:1][O:12][C:15](=[O:4])[CH:22]1[O:13][c:20]2[cH:9][cH:5][c:16]([CH3:2])[cH:7][c:18]2[CH2:11][c:19]2[cH:8][c:17]([CH3:3])[cH:6][cH:10][c:21]2[O:14]1,1,2,0.08
golden_1727,CCCC[N+](CCCC)(CCCC)CCCC.CC[Si](CC)(CC)[O:2][C:30]([CH:25]1[CH2:19][CH2:17][CH:24]([NH:26][CH2:21][c:23]2[cH:15][cH:13][cH:12][cH:14][cH:16]2)[CH2:18][CH2:20]1)([C:28]([F:6])([F:7])[F:8])[C:29]([F:9])([F:10])[F:11].O=C(O[C:22](=[O:1])[C:27]([F:3])([F:4])[F:5])C(F)(F)F.[F-].c1ccncc1>>[O:1]=[C:22]([N:26]([CH2:21][c:23]1[cH:15][cH:13][cH:12][cH:14][cH:16]1)[CH:24]1[CH2:17][CH2:19][CH:25]([C:30]([OH:2])([C:28]([F:6])([F:7])[F:8])[C:29]([F:9])([F:10])[F:11])[CH2:20][CH2:18]1)[C:27]([F:3])([F:4])[F:5],1,3,1.44
golden_1728,COS(=O)(=O)O[CH3:3].[CH3:1][CH2:6][N:14]([CH2:7][CH3:2])[C:12]1=[N:8][C:13](=[O:4])[CH2:5][C:11](=[O:10])[NH:9]1>>[CH3:1][CH2:6][N:14]([CH2:7][CH3:2])[c:12]1[n:8][c:13](=[O:4])[cH:5][c:11]([O:10][CH3:3])[nH:9]1,1,3,0.04
golden_1729,CCOS(=O)(=O)O[CH2:6][CH3:1].[CH3:2][N:13]([CH3:3])[C:11]1=[N:7][C:12](=[O:4])[CH2:5][C:10](=[O:9])[NH:8]1>>[CH3:1][CH2:6][O:9][c:10]1[cH:5][c:12](=[O:4])[n:7][c:11]([N:13]([CH3:2])[CH3:3])[nH:8]1,1,3,0.04
golden_1730,CCOS(=O)(=O)O[CH2:5][CH3:1].[CH3:2][O:9][C:11]1=[N:6][C:12](=[O:3])[CH2:4][C:10](=[O:8])[NH:7]1>>[CH3:1][CH2:5][O:8][c:10]1[cH:4][c:12](=[O:3])[n:6][c:11]([O:9][CH3:2])[nH:7]1,1,3,0.03
golden_1731,COS(=O)(=O)O[CH3:1].[CH3:2][O:8][C:10]1=[N:6][C:9](=[O:7])[CH2:4][C:11](=[O:3])[NH:5]1.[Na+].[OH-]>>[CH3:1][O:7][c:9]1[cH:4][c:11](=[O:3])[n:5][c:10]([O:8][CH3:2])[nH:6]1,1,3,0.03
golden_1732,CCOS(=O)(=O)O[CH2:5][CH3:1].O=S(=O)([O-])[O-].[CH3:2][S:9][C:11]1=[N:6][C:12](=[O:3])[CH2:4][C:10](=[O:8])[NH:7]1.[Na+].[Na+]>>[CH3:1][CH2:5][O:8][c:10]1[cH:4][c:12](=[O:3])[n:6][c:11]([S:9][CH3:2])[nH:7]1,1,3,0.04
golden_1733,COS(=O)(=O)O[CH3:1].[CH3:2][S:8][C:10]1=[N:5][C:11](=[O:3])[CH2:4][C:9](=[O:7])[NH:6]1>>[CH3:1][O:7][c:9]1[cH:4][c:11](=[O:3])[n:5][c:10]([S:8][CH3:2])[nH:6]1,1,3,0.02
golden_1734,CC(C)(C)[O-].I[CH3:1].[CH3:2][NH:21][c:17]1[n:13][c:18](=[O:3])[c:19]2[cH:11][cH:5][cH:6][n:14][c:20]2[n:22]1[CH2:12][c:16]1[cH:9][cH:7][c:15]([F:4])[cH:8][cH:10]1.[K+]>>[CH3:1][N:21]([CH3:2])[c:17]1[n:13][c:18](=[O:3])[c:19]2[cH:11][cH:5][cH:6][n:14][c:20]2[n:22]1[CH2:12][c:16]1[cH:9][cH:7][c:15]([F:4])[cH:8][cH:10]1,1,2,0.06
golden_1735,Cl.O[C:12](=[O:2])[CH2:9][CH2:10][C:13](=[O:3])[c:15]1[cH:8][cH:6][cH:5][cH:7][c:14]1[OH:4].[CH3:1][OH:11]>>[CH3:1][O:11][C:12](=[O:2])[CH2:9][CH2:10][C:13](=[O:3])[c:15]1[cH:8][cH:6][cH:5][cH:7][c:14]1[OH:4],1,2,0.03
golden_1736,CCCC[CH2:7][CH3:1].CN(C)CCO.C[CH2][Zn][CH2]C.Cl[c:11]1[cH:6][cH:4][c:10]([C:9]([CH3:2])=[O:3])[cH:5][n:8]1>>[CH3:1][CH2:7][c:11]1[cH:6][cH:4][c:10]([C:9]([CH3:2])=[O:3])[cH:5][n:8]1,1,3,0.04
golden_1737,CO[C:17](=[O:6])[c:18]1[cH:8][c:21]([O:15][CH3:2])[c:24]([CH2:11][c:20]2[cH:7][n:12][c:19]([NH2:4])[n:13][c:23]2[NH2:5])[c:22]([O:16][CH3:3])[cH:9]1.[CH3:1][CH2:10][OH:14].[Na]>>[CH3:1][CH2:10][O:14][C:17](=[O:6])[c:18]1[cH:8][c:21]([O:15][CH3:2])[c:24]([CH2:11][c:20]2[cH:7][n:12][c:19]([NH2:4])[n:13][c:23]2[NH2:5])[c:22]([O:16][CH3:3])[cH:9]1,1,2,0.06
golden_1738,CC(=O)O[C:12]([CH3:1])=[O:2].[cH:3]1[cH:4][cH:6][c:13]([CH2:9][CH2:7][CH2:8][OH:11])[n:10][cH:5]1>>[CH3:1][C:12](=[O:2])[O:11][CH2:8][CH2:7][CH2:9][c:13]1[cH:6][cH:4][cH:3][cH:5][n:10]1,1,2,0.03
golden_1739,O([Si:11]([CH3:1])([CH3:2])[CH3:3])[Si:12]([CH3:4])([CH3:5])[CH3:6].[OH:7][P:10]([OH:8])[OH:9]>>[CH3:1][Si:11]([CH3:2])([CH3:3])[O:8][PH:10](=[O:7])[O:9][Si:12]([CH3:4])([CH3:5])[CH3:6],1,4,0.07
golden_1740,CC(C)N=C=NC(C)C.CC(Cl)CCl.O=[N+]([O-])c1ccccc1O.O[C:18](=[O:3])[CH2:13][c:19]1[cH:7][cH:11][c:21](-[c:20]2[cH:9][cH:5][cH:4][cH:6][cH:10]2)[cH:12][cH:8]1.[CH3:1][N:23]1[CH2:16][CH2:14][CH:22]([NH:24][CH3:2])[CH2:15][CH2:17]1>>[CH3:1][N:23]1[CH2:16][CH2:14][CH:22]([N:24]([CH3:2])[C:18](=[O:3])[CH2:13][c:19]2[cH:7][cH:11][c:21](-[c:20]3[cH:9][cH:5][cH:4][cH:6][cH:10]3)[cH:12][cH:8]2)[CH2:15][CH2:17]1,1,2,0.13
golden_1741,COc1ccc(C(=O)Nc2ccccc2CCCC2CCCCN2C)cc1.Cl.Cl[C:22](=[O:2])[CH:3]=[CH:4][c:23]1[cH:10][cH:6][cH:5][cH:7][cH:11]1.[CH3:1][N:27]1[CH2:20][CH2:16][CH2:14][CH2:18][CH:26]1[CH2:19][CH2:15][CH2:17][c:24]1[cH:12][cH:8][cH:9][cH:13][c:25]1[NH2:21].[Na+].[OH-]>>[CH3:1][N:27]1[CH2:20][CH2:16][CH2:14][CH2:18][CH:26]1[CH2:19][CH2:15][CH2:17][c:24]1[cH:12][cH:8][cH:9][cH:13][c:25]1[NH:21][C:22](=[O:2])[CH:3]=[CH:4][c:23]1[cH:10][cH:6][cH:5][cH:7][cH:11]1,1,2,1.33
golden_1742,Brc1ccccn1.[CH3:1][O:18][c:20]1[cH:9][cH:11][c:21]([C:19](=[O:2])[NH:17][c:23]2[cH:14][cH:6][cH:7][cH:15][c:24]2[CH:25]=[O:3])[cH:12][cH:10]1.[Li][CH2]CCC.[Li][c:22]1[cH:13][cH:5][cH:4][cH:8][n:16]1>>[CH3:1][O:18][c:20]1[cH:9][cH:11][c:21]([C:19](=[O:2])[NH:17][c:23]2[cH:14][cH:6][cH:7][cH:15][c:24]2[CH:25]([OH:3])[c:22]2[cH:13][cH:5][cH:4][cH:8][n:16]2)[cH:12][cH:10]1,1,2,0.14
golden_1743,O[C:14](=[O:2])[c:15]1[cH:6][cH:7][c:17]2[o:13][c:18]3[n:11][cH:5][cH:4][cH:9][c:20]3[c:16](=[O:3])[c:19]2[cH:8]1.[CH3:1][CH2:10][OH:12]>>[CH3:1][CH2:10][O:12][C:14](=[O:2])[c:15]1[cH:6][cH:7][c:17]2[o:13][c:18]3[n:11][cH:5][cH:4][cH:9][c:20]3[c:16](=[O:3])[c:19]2[cH:8]1,1,2,0.06
golden_1744,Cl[c:12]1[n:7][c:13](Cl)[c:15]2[cH:4][s:11][cH:3][c:14]2[n:8]1.[CH3:1][CH2:5][O-:9].[CH3:2][CH2:6][OH:10].[Na+]>>[CH3:1][CH2:5][O:9][c:12]1[n:7][c:13]([O:10][CH2:6][CH3:2])[c:15]2[cH:4][s:11][cH:3][c:14]2[n:8]1,1,4,0.02
golden_1745,Cc1ccc(S(=O)(=O)Cl)cc1.O[C:17](=[O:4])[CH:23]([CH3:1])[c:18]1[cH:7][cH:10][c:21]2[c:19]([cH:8]1)[CH2:12][c:20]1[cH:9][cH:5][cH:6][n:14][c:22]1[O:16]2.[CH3:2][N:24]([CH3:3])[CH2:13][CH2:11][OH:15]>>[CH3:1][CH:23]([C:17](=[O:4])[O:15][CH2:11][CH2:13][N:24]([CH3:2])[CH3:3])[c:18]1[cH:7][cH:10][c:21]2[c:19]([cH:8]1)[CH2:12][c:20]1[cH:9][cH:5][cH:6][n:14][c:22]1[O:16]2,1,2,0.11
golden_1746,CC(=O)OC(C)=O.O[C:17]1=[C:19]([c:21]2[cH:9][cH:5][cH:3][cH:6][cH:10]2)[C:15](=[O:1])[O:14][C:18]1=[C:20]([C:16](=[O:2])[OH:13])[c:22]1[cH:11][cH:7][cH:4][cH:8][cH:12]1>>[O:1]=[C:15]1[O:14][C:18]2=[C:20]([c:22]3[cH:11][cH:7][cH:4][cH:8][cH:12]3)[C:16](=[O:2])[O:13][C:17]2=[C:19]1[c:21]1[cH:9][cH:5][cH:3][cH:6][cH:10]1,1,2,1.17
golden_1747,CC(=O)O[C:16]([CH3:2])=[O:6].[CH3:1][O:11][CH2:9][O:12][CH2:8][CH2:7][CH2:10][CH:23]1[O:14][c:21]2[c:18]([CH3:4])[c:17]([CH3:3])[c:20]([OH:13])[c:19]([CH3:5])[c:22]2[S:15]1.c1ccccc1>>[CH3:1][O:11][CH2:9][O:12][CH2:8][CH2:7][CH2:10][CH:23]1[O:14][c:21]2[c:18]([CH3:4])[c:17]([CH3:3])[c:20]([O:13][C:16]([CH3:2])=[O:6])[c:19]([CH3:5])[c:22]2[S:15]1,1,2,1.58
golden_1748,CC(=O)O[C:12]([CH3:2])=[O:6].[CH3:1][CH2:7][CH2:8][CH:19]1[O:10][c:17]2[c:14]([CH3:4])[c:13]([CH3:3])[c:16]([OH:9])[c:15]([CH3:5])[c:18]2[S:11]1>>[CH3:1][CH2:7][CH2:8][CH:19]1[O:10][c:17]2[c:14]([CH3:4])[c:13]([CH3:3])[c:16]([O:9][C:12]([CH3:2])=[O:6])[c:15]([CH3:5])[c:18]2[S:11]1,1,2,0.52
golden_1749,Cl.O[C:11](=[O:3])[c:14]1[cH:7][cH:5][c:12]([O:10][CH2:8][CH3:1])[cH:6][c:13]1[OH:4].[CH3:2][OH:9]>>[CH3:1][CH2:8][O:10][c:12]1[cH:5][cH:7][c:14]([C:11](=[O:3])[O:9][CH3:2])[c:13]([OH:4])[cH:6]1,1,2,0.04
golden_1750,O=S(=O)(O)O.O[C:11](=[O:2])[c:13]1[cH:8][cH:7][c:12]([F:3])[cH:9][c:14]1[C:15]([F:4])([F:5])[F:6].[CH3:1][OH:10]>>[CH3:1][O:10][C:11](=[O:2])[c:13]1[cH:8][cH:7][c:12]([F:3])[cH:9][c:14]1[C:15]([F:4])([F:5])[F:6],1,2,0.04
golden_1751,O=S(Cl)Cl.O[C:9](=[O:3])[c:10]1[cH:5][c:11]([Br:4])[c:12]([CH2:6][CH3:1])[s:8]1.[CH3:2][OH:7]>>[CH3:1][CH2:6][c:12]1[s:8][c:10]([C:9](=[O:3])[O:7][CH3:2])[cH:5][c:11]1[Br:4],1,2,0.02
golden_1752,CCN(C(C)C)C(C)C.Cl[S:42]([CH3:4])(=[O:5])=[O:6].O.[CH3:1][O:27][c:34]1[cH:22][cH:16][c:29]([CH:37]([CH3:2])[CH3:3])[cH:24][c:36]1-[c:35]1[cH:23][cH:17][c:32]([C:41]([F:13])([F:14])[F:15])[cH:21][c:33]1[CH2:26][NH:38][CH2:25][c:28]1[cH:18][c:30]([C:39]([F:7])([F:8])[F:9])[cH:20][c:31]([C:40]([F:10])([F:11])[F:12])[cH:19]1>>[CH3:1][O:27][c:34]1[cH:22][cH:16][c:29]([CH:37]([CH3:2])[CH3:3])[cH:24][c:36]1-[c:35]1[cH:23][cH:17][c:32]([C:41]([F:13])([F:14])[F:15])[cH:21][c:33]1[CH2:26][N:38]([CH2:25][c:28]1[cH:18][c:30]([C:39]([F:7])([F:8])[F:9])[cH:20][c:31]([C:40]([F:10])([F:11])[F:12])[cH:19]1)[S:42]([CH3:4])(=[O:5])=[O:6],1,2,0.29
golden_1753,O=C([O-])[O-].OO.[CH3:1][O:25][C:28](=[O:7])[N:39]([CH2:23][c:29]1[cH:14][c:30]([C:27]#[N:5])[cH:18][c:32]([C:40]([F:8])([F:9])[F:10])[cH:17]1)[CH2:24][c:34]1[cH:19][c:33]([C:41]([F:11])([F:12])[F:13])[cH:16][cH:21][c:36]1-[c:37]1[cH:22][c:31]([CH:38]([CH3:3])[CH3:4])[cH:15][cH:20][c:35]1[O:26][CH3:2].[K+].[K+].[OH2:6]>>[CH3:1][O:25][C:28](=[O:7])[N:39]([CH2:23][c:29]1[cH:14][c:30]([C:27]([NH2:5])=[O:6])[cH:18][c:32]([C:40]([F:8])([F:9])[F:10])[cH:17]1)[CH2:24][c:34]1[cH:19][c:33]([C:41]([F:11])([F:12])[F:13])[cH:16][cH:21][c:36]1-[c:37]1[cH:22][c:31]([CH:38]([CH3:3])[CH3:4])[cH:15][cH:20][c:35]1[O:26][CH3:2],1,1,0.20
golden_1754,O[CH2:7][CH3:1].[CH3:2][c:12]1[cH:5][c:11]([C:10](=[O:3])[OH:9])[cH:6][c:13]([Cl:4])[n:8]1>>[CH3:1][CH2:7][O:9][C:10](=[O:3])[c:11]1[cH:5][c:12]([CH3:2])[n:8][c:13]([Cl:4])[cH:6]1,1,2,0.02
golden_1755,Cl[CH2:4][CH2:5][N:6]([CH3:1])[CH3:2].O=S([O-])([O-])=[S:3]>>[CH3:1][N:6]([CH3:2])[CH2:5][CH2:4][SH:3],1,3,0.00
golden_1756,Br[c:31]1[cH:13][c:28]([C:26](=[O:6])[O:23][CH2:17][c:27]2[cH:11][cH:9][cH:8][cH:10][cH:12]2)[c:30]([CH3:3])[c:33]2[nH:21][c:29]3[c:32]([c:34]12)[CH2:18][CH2:16][O:24][C:35]3([CH2:19][CH2:14][CH3:1])[CH2:20][C:25](=[O:5])[O:22][CH2:15][CH3:2].[Cu+]~[C-:7]#[N:4]>>[CH3:1][CH2:14][CH2:19][C:35]1([CH2:20][C:25](=[O:5])[O:22][CH2:15][CH3:2])[O:24][CH2:16][CH2:18][c:32]2[c:29]1[nH:21][c:33]1[c:30]([CH3:3])[c:28]([C:26](=[O:6])[O:23][CH2:17][c:27]3[cH:11][cH:9][cH:8][cH:10][cH:12]3)[cH:13][c:31]([C:7]#[N:4])[c:34]21,1,2,0.13
golden_1757,N[c:12]1[cH:7][cH:6][c:11]([CH3:2])[c:14]2[o:9][c:10]([CH3:1])[cH:8][c:13](=[O:4])[c:15]12.O=N[O-].[Cu+]~[C-:5]#[N:3]>>[CH3:1][c:10]1[cH:8][c:13](=[O:4])[c:15]2[c:12]([C:5]#[N:3])[cH:7][cH:6][c:11]([CH3:2])[c:14]2[o:9]1,1,2,0.03
golden_1758,Cc1ccc(S(=O)(=O)[CH2:4][N:7]=[CH2:3])cc1.[CH3:1][CH2:5][CH:8]=[N:9][CH2:6][CH3:2]>>[CH3:1][CH2:5][c:8]1[cH:3][n:7][cH:4][n:9]1[CH2:6][CH3:2],1,6,0.05
