r_id,npf,proved,cost,seconds
natcomm_1,[CH3:1][CH:26]1[CH2:16][CH2:14][CH2:17][N:27]1[CH2:18][CH2:15][c:21]1[cH:6][cH:11][c:25]2[cH:13][c:23]([CH:19]([OH:2])[c:22]3[cH:7][cH:4][cH:5][c:20]([F:3])[cH:9]3)[cH:8][cH:10][c:24]2[cH:12]1>>[CH3:1][CH:26]1[CH2:16][CH2:14][CH2:17][N:27]1[CH2:18][CH2:15][c:21]1[cH:6][cH:11][c:25]2[cH:13][c:23]([C:19](=[O:2])[c:22]3[cH:7][cH:4][cH:5][c:20]([F:3])[cH:9]3)[cH:8][cH:10][c:24]2[cH:12]1,1,1,0.11
natcomm_2,CC[O:5][C:11](=[O:4])[C:14]([CH3:2])([CH3:3])[O:10][c:12]1[cH:6][cH:8][c:13]([CH3:1])[n:9][cH:7]1.O>>[CH3:1][c:13]1[cH:8][cH:6][c:12]([O:10][C:14]([CH3:2])([CH3:3])[C:11](=[O:4])[OH:5])[cH:7][n:9]1,1,1,0.03
natcomm_3,C1CCC([O:8][CH2:18][CH2:19][O:24][c:33]2[cH:17][c:27]([C:26](=[O:5])[O:22][CH3:1])[cH:14][c:30]([NH:21][S:36](=[O:6])(=[O:7])[c:29]3[cH:13][cH:11][c:28]([CH:35]([CH3:3])[CH3:4])[cH:12][n:20]3)[c:34]2[O:25][c:32]2[cH:16][cH:10][cH:9][cH:15][c:31]2[O:23][CH3:2])OC1>>[CH3:1][O:22][C:26](=[O:5])[c:27]1[cH:14][c:30]([NH:21][S:36](=[O:6])(=[O:7])[c:29]2[cH:13][cH:11][c:28]([CH:35]([CH3:3])[CH3:4])[cH:12][n:20]2)[c:34]([O:25][c:32]2[cH:16][cH:10][cH:9][cH:15][c:31]2[O:23][CH3:2])[c:33]([O:24][CH2:19][CH2:18][OH:8])[cH:17]1,1,1,0.15
natcomm_4,CC[O:7][C:22](=[O:5])[CH2:16][CH2:19][N:33]([CH3:4])[C:23](=[O:6])[c:26]1[cH:12][cH:10][c:25]([NH:20][CH:32]([c:27]2[o:21][c:29]3[cH:14][cH:9][c:24]([F:8])[cH:15][c:30]3[c:28]2[CH3:3])[CH:31]([CH2:17][CH3:1])[CH2:18][CH3:2])[cH:11][cH:13]1.O>>[CH3:1][CH2:17][CH:31]([CH2:18][CH3:2])[CH:32]([NH:20][c:25]1[cH:10][cH:12][c:26]([C:23](=[O:6])[N:33]([CH3:4])[CH2:19][CH2:16][C:22](=[O:5])[OH:7])[cH:13][cH:11]1)[c:27]1[o:21][c:29]2[cH:14][cH:9][c:24]([F:8])[cH:15][c:30]2[c:28]1[CH3:3],1,1,0.12
natcomm_5,C[O:4][C:13](=[O:3])[CH:17]([CH2:11][CH:16]([CH3:1])[CH3:2])[NH:12][CH2:10][c:15]1[cH:8][cH:6][c:14]([Br:5])[cH:7][cH:9]1.O>>[CH3:1][CH:16]([CH3:2])[CH2:11][CH:17]([NH:12][CH2:10][c:15]1[cH:8][cH:6][c:14]([Br:5])[cH:7][cH:9]1)[C:13](=[O:3])[OH:4],1,1,0.03
natcomm_6,[CH3:1][O:18][c:21]1[cH:4][cH:9][c:26]2[c:23]([O:19][CH2:13][CH2:16][n:28]3[cH:10][c:22]([CH:27]4[CH:15]=[CH:12][CH2:11][CH2:14][O:20]4)[cH:5][cH:7][c:24]3=[O:2])[cH:6][cH:3][n:17][c:25]2[cH:8]1>>[CH3:1][O:18][c:21]1[cH:4][cH:9][c:26]2[c:23]([O:19][CH2:13][CH2:16][n:28]3[cH:10][c:22]([CH:27]4[CH2:15][CH2:12][CH2:11][CH2:14][O:20]4)[cH:5][cH:7][c:24]3=[O:2])[cH:6][cH:3][n:17][c:25]2[cH:8]1,1,2,0.09
natcomm_7,[CH3:1][C:27]([CH3:2])([CH3:3])[O:19][C:20](=[O:4])[NH:17][CH:24]1[CH2:12][CH2:13][N:25]([N:18]=[C:23]2[CH2:10][CH2:14][N:26]([c:22]3[cH:8][cH:6][n:16][cH:7][cH:9]3)[CH2:15][CH2:11]2)[C:21]1=[O:5]>>[CH3:1][C:27]([CH3:2])([CH3:3])[O:19][C:20](=[O:4])[NH:17][CH:24]1[CH2:12][CH2:13][N:25]([NH:18][CH:23]2[CH2:10][CH2:14][N:26]([c:22]3[cH:8][cH:6][n:16][cH:7][cH:9]3)[CH2:15][CH2:11]2)[C:21]1=[O:5],1,1,0.08
natcomm_8,C[O:5][C:20](=[O:2])[CH2:15][CH:29]1[NH:18][c:26]2[cH:10][cH:8][c:23]([C:21](=[O:3])[NH:17][CH2:14][c:24]3[cH:12][c:27]4[cH:11][cH:6][cH:7][cH:13][c:28]4[nH:19]3)[cH:9][c:25]2[CH2:16][N:30]([CH3:1])[C:22]1=[O:4].O>>[CH3:1][N:30]1[CH2:16][c:25]2[cH:9][c:23]([C:21](=[O:3])[NH:17][CH2:14][c:24]3[cH:12][c:27]4[cH:11][cH:6][cH:7][cH:13][c:28]4[nH:19]3)[cH:8][cH:10][c:26]2[NH:18][CH:29]([CH2:15][C:20](=[O:2])[OH:5])[C:22]1=[O:4],1,1,0.07
natcomm_9,CC[O:4][C:11](=[O:2])[c:14]1[cH:8][n:21]([CH:20]2[CH2:9][CH2:10]2)[c:19]2[c:16]([F:7])[c:13]([F:6])[c:12]([F:5])[c:15]([CH3:1])[c:18]2[c:17]1=[O:3].O>>[CH3:1][c:15]1[c:12]([F:5])[c:13]([F:6])[c:16]([F:7])[c:19]2[c:18]1[c:17](=[O:3])[c:14]([C:11](=[O:2])[OH:4])[cH:8][n:21]2[CH:20]1[CH2:9][CH2:10]1,1,1,0.04
natcomm_10,C[O:2][c:26]1[cH:5][cH:16][c:35]2[c:33]([C:25](=[O:1])[c:29]3[cH:9][cH:7][c:28]([O:24][CH2:20][CH2:23][N:36]4[CH2:21][CH2:18][CH2:17][CH2:19][CH2:22]4)[cH:8][cH:10]3)[c:32](-[c:31]3[cH:12][c:27]([F:3])[cH:6][cH:11][c:30]3[F:4])[cH:13][cH:14][c:34]2[cH:15]1>>[O:1]=[C:25]([c:29]1[cH:9][cH:7][c:28]([O:24][CH2:20][CH2:23][N:36]2[CH2:21][CH2:18][CH2:17][CH2:19][CH2:22]2)[cH:8][cH:10]1)[c:33]1[c:32](-[c:31]2[cH:12][c:27]([F:3])[cH:6][cH:11][c:30]2[F:4])[cH:13][cH:14][c:34]2[cH:15][c:26]([OH:2])[cH:5][cH:16][c:35]12,1,1,0.14
natcomm_11,O=[C:12]([NH:13][CH3:1])[c:19]1[o:14][c:17]([CH2:11][S:15][CH2:10][CH2:9][NH2:2])[cH:8][c:18]1-[c:16]1[cH:6][cH:4][cH:3][cH:5][cH:7]1>>[CH3:1][NH:13][CH2:12][c:19]1[o:14][c:17]([CH2:11][S:15][CH2:10][CH2:9][NH2:2])[cH:8][c:18]1-[c:16]1[cH:6][cH:4][cH:3][cH:5][cH:7]1,1,3,0.04
natcomm_12,[CH3:1][c:10]1[cH:6][c:9]([N+:13](=[O:3])[O-:4])[n:8][n:12]1[CH2:7][C:11]([CH3:2])=[O:5]>>[CH3:1][c:10]1[cH:6][c:9]([N+:13](=[O:3])[O-:4])[n:8][n:12]1[CH2:7][CH:11]([CH3:2])[OH:5],1,1,0.01
natcomm_13,[CH3:1][CH2:12][O:15][c:22]1[cH:11][c:18]([CH:16]([OH:5])[c:17]2[cH:6][cH:9][c:20]([O:13][CH3:2])[c:19]([CH3:4])[cH:8]2)[cH:7][cH:10][c:21]1[O:14][CH3:3]>>[CH3:1][CH2:12][O:15][c:22]1[cH:11][c:18]([C:16](=[O:5])[c:17]2[cH:6][cH:9][c:20]([O:13][CH3:2])[c:19]([CH3:4])[cH:8]2)[cH:7][cH:10][c:21]1[O:14][CH3:3],1,1,0.07
natcomm_14,CC(=O)[O:6][CH:22]([CH3:1])[c:19]1[n:15][cH:7][cH:9][c:18]([N:23]2[CH2:13][CH2:12][c:20]3[cH:10][cH:8][c:17]([S:25](=[O:4])(=[O:5])[N:24]([CH3:2])[CH3:3])[cH:11][c:21]3[CH2:14]2)[n:16]1>>[CH3:1][CH:22]([OH:6])[c:19]1[n:15][cH:7][cH:9][c:18]([N:23]2[CH2:13][CH2:12][c:20]3[cH:10][cH:8][c:17]([S:25](=[O:4])(=[O:5])[N:24]([CH3:2])[CH3:3])[cH:11][c:21]3[CH2:14]2)[n:16]1,1,1,0.06
natcomm_15,[CH3:1][C:21]([CH3:2])([CH3:3])[C:19](=[O:4])[C:15](=[CH:7][c:18]1[cH:11][cH:9][c:16]([Cl:5])[cH:10][c:17]1[Cl:6])[n:20]1[cH:12][n:13][cH:8][n:14]1>>[CH3:1][C:21]([CH3:2])([CH3:3])[CH:19]([OH:4])[C:15](=[CH:7][c:18]1[cH:11][cH:9][c:16]([Cl:5])[cH:10][c:17]1[Cl:6])[n:20]1[cH:12][n:13][cH:8][n:14]1,1,1,0.05
natcomm_16,CC[O:5][C:20](=[O:4])[c:26]1[cH:11][cH:7][cH:6][cH:10][c:25]1[CH2:16][CH2:15][c:21]1[cH:8][cH:14][c:28]2[o:18][c:23](-[c:24]3[n:17][c:22]([C:29]([CH3:1])([CH3:2])[CH3:3])[cH:9][s:19]3)[cH:13][c:27]2[cH:12]1.O>>[CH3:1][C:29]([CH3:2])([CH3:3])[c:22]1[cH:9][s:19][c:24](-[c:23]2[cH:13][c:27]3[cH:12][c:21]([CH2:15][CH2:16][c:25]4[cH:10][cH:6][cH:7][cH:11][c:26]4[C:20](=[O:4])[OH:5])[cH:8][cH:14][c:28]3[o:18]2)[n:17]1,1,1,0.10
natcomm_17,[OH:1][CH2:2][CH2:3][CH:6]=[C:10]1[CH2:7][CH2:4][CH2:5][O:9][CH2:8]1>>[OH:1][CH2:2][CH2:3][CH2:6][CH:10]1[CH2:7][CH2:4][CH2:5][O:9][CH2:8]1,1,2,0.02
natcomm_18,CC[O:7][C:33](=[O:5])[CH:8]=[CH:9][c:36]1[n:25][c:40]([CH2:24][O:28][c:39]2[cH:19][cH:15][c:34]([CH2:23][O:29][c:41]3[n:26][n:43](-[c:35]4[cH:16][cH:13][cH:12][cH:14][cH:17]4)[cH:20][c:37]3[CH:10]=[CH:11][P:44](=[O:6])([O:30][CH2:21][CH3:1])[O:31][CH2:22][CH3:2])[cH:18][c:38]2[O:27][CH3:3])[c:42]([CH3:4])[o:32]1.O>>[CH3:1][CH2:21][O:30][P:44](=[O:6])([CH:11]=[CH:10][c:37]1[cH:20][n:43](-[c:35]2[cH:16][cH:13][cH:12][cH:14][cH:17]2)[n:26][c:41]1[O:29][CH2:23][c:34]1[cH:15][cH:19][c:39]([O:28][CH2:24][c:40]2[n:25][c:36]([CH:9]=[CH:8][C:33](=[O:5])[OH:7])[o:32][c:42]2[CH3:4])[c:38]([O:27][CH3:3])[cH:18]1)[O:31][CH2:22][CH3:2],1,1,0.18
natcomm_19,[CH3:1][c:19]1[s:14][c:20]([C:16](=[O:5])[CH:11]=[CH:12][c:17]2[cH:7][cH:9][c:18]([C:15](=[O:4])[OH:6])[cH:10][cH:8]2)[c:21]2[c:22]1[CH:24]1[CH:23]([CH2:13]2)[C:25]1([CH3:2])[CH3:3]>>[CH3:1][c:19]1[s:14][c:20]([C:16](=[O:5])[CH2:11][CH2:12][c:17]2[cH:7][cH:9][c:18]([C:15](=[O:4])[OH:6])[cH:10][cH:8]2)[c:21]2[c:22]1[CH:24]1[CH:23]([CH2:13]2)[C:25]1([CH3:2])[CH3:3],1,2,0.08
natcomm_20,[CH3:1][O:10][c:13]1[cH:3][cH:5][c:17]2[c:15]([cH:4]1)[s:11][c:16]1[n:9][c:14]([CH:12]([OH:2])[CH:18]3[CH2:7][CH2:8]3)[cH:6][n:19]12>>[CH3:1][O:10][c:13]1[cH:3][cH:5][c:17]2[c:15]([cH:4]1)[s:11][c:16]1[n:9][c:14]([C:12](=[O:2])[CH:18]3[CH2:7][CH2:8]3)[cH:6][n:19]12,1,1,0.04
natcomm_21,C[O:4][c:11]1[cH:6][cH:5][c:10]([N+:14](=[O:2])[O-:3])[c:12]2[n:7][c:9]([CH3:1])[s:8][c:13]12>>[CH3:1][c:9]1[n:7][c:12]2[c:10]([N+:14](=[O:2])[O-:3])[cH:5][cH:6][c:11]([OH:4])[c:13]2[s:8]1,1,1,0.02
natcomm_22,[CH3:1][O:17][c:22]1[cH:10][c:23]([O:18][CH3:2])[cH:14][c:25]([CH:20]([OH:3])[c:26]2[cH:12][cH:7][cH:11][c:24]([O:19][CH2:16][c:21]3[cH:8][cH:5][cH:4][cH:6][cH:9]3)[cH:15]2)[cH:13]1>>[CH3:1][O:17][c:22]1[cH:10][c:23]([O:18][CH3:2])[cH:14][c:25]([C:20](=[O:3])[c:26]2[cH:12][cH:7][cH:11][c:24]([O:19][CH2:16][c:21]3[cH:8][cH:5][cH:4][cH:6][cH:9]3)[cH:15]2)[cH:13]1,1,1,0.09
natcomm_23,CC(C)(C)[N:15]([CH2:12][C:17](=[O:1])[O-:4])[C:18](=[O:2])[C:20]1=[C:21]([OH:5])[C:25]2([CH2:13][CH2:10][O:16][CH2:11][CH2:14]2)[c:24]2[c:22]([Cl:6])[cH:8][cH:7][cH:9][c:23]2[C:19]1=[O:3]>>[O:1]=[C:17]([OH:4])[CH2:12][NH:15][C:18](=[O:2])[C:20]1=[C:21]([OH:5])[C:25]2([CH2:13][CH2:10][O:16][CH2:11][CH2:14]2)[c:24]2[c:22]([Cl:6])[cH:8][cH:7][cH:9][c:23]2[C:19]1=[O:3],1,1,0.07
natcomm_24,C[O:7][c:26]1[c:23]([O:19][CH3:1])[cH:10][c:22]([F:8])[c:27]([F:9])[c:28]1[C:20](=[O:4])[c:24]1[cH:11][n:16][c:21]([NH:18][CH:29]2[CH2:12][CH2:14][N:30]([S:31]([CH3:2])(=[O:5])=[O:6])[CH2:15][CH2:13]2)[n:17][c:25]1[NH2:3]>>[CH3:1][O:19][c:23]1[cH:10][c:22]([F:8])[c:27]([F:9])[c:28]([C:20](=[O:4])[c:24]2[cH:11][n:16][c:21]([NH:18][CH:29]3[CH2:12][CH2:14][N:30]([S:31]([CH3:2])(=[O:5])=[O:6])[CH2:15][CH2:13]3)[n:17][c:25]2[NH2:3])[c:26]1[OH:7],1,1,0.06
natcomm_25,C[Si](C)(C)[c:10]1[c:13]([F:2])[n:12][c:15](-[c:14]2[cH:6][cH:4][cH:8][c:16]3[cH:7][cH:3][cH:5][cH:9][c:17]23)[n:18]1[CH2:11][CH3:1]>>[CH3:1][CH2:11][n:18]1[cH:10][c:13]([F:2])[n:12][c:15]1-[c:14]1[cH:6][cH:4][cH:8][c:16]2[cH:7][cH:3][cH:5][cH:9][c:17]12,1,2,0.04
natcomm_26,C[O:7][C:21](=[O:4])[CH:28]([CH2:18][CH:27]([CH3:2])[CH3:3])[N:33]1[C:23](=[O:6])[CH:30]([N:32]2[C:22](=[O:5])[O:20][CH2:19][CH:29]2[c:24]2[cH:14][cH:10][cH:9][cH:11][cH:15]2)[CH:31]1[c:26]1[cH:17][cH:13][cH:12][cH:16][c:25]1[CH:8]=[CH2:1].O>>[CH2:1]=[CH:8][c:25]1[cH:16][cH:12][cH:13][cH:17][c:26]1[CH:31]1[CH:30]([N:32]2[C:22](=[O:5])[O:20][CH2:19][CH:29]2[c:24]2[cH:14][cH:10][cH:9][cH:11][cH:15]2)[C:23](=[O:6])[N:33]1[CH:28]([CH2:18][CH:27]([CH3:2])[CH3:3])[C:21](=[O:4])[OH:7],1,1,0.13
natcomm_27,C[O:2][c:15]1[cH:5][c:13]([NH:11][CH3:1])[cH:3][cH:6][c:16]1-[c:14]1[cH:4][cH:7][c:17]2[n:9][o:12][n:10][c:18]2[cH:8]1>>[CH3:1][NH:11][c:13]1[cH:3][cH:6][c:16](-[c:14]2[cH:4][cH:7][c:17]3[n:9][o:12][n:10][c:18]3[cH:8]2)[c:15]([OH:2])[cH:5]1,1,1,0.03
natcomm_28,CC[O:5][C:21](=[O:3])[c:23]1[cH:8][cH:6][c:22]([O:18][CH2:14][CH2:12][CH2:10][CH2:11][CH2:13][CH2:17][P:24](=[O:4])([O:19][CH2:15][CH3:1])[O:20][CH2:16][CH3:2])[cH:7][cH:9]1.O>>[CH3:1][CH2:15][O:19][P:24](=[O:4])([CH2:17][CH2:13][CH2:11][CH2:10][CH2:12][CH2:14][O:18][c:22]1[cH:6][cH:8][c:23]([C:21](=[O:3])[OH:5])[cH:9][cH:7]1)[O:20][CH2:16][CH3:2],1,1,0.05
natcomm_29,[CH3:1][C:21]([CH3:2])([CH3:3])[O:15][C:16](=[O:4])[N:20]1[CH2:13][CH2:10][CH2:11][C:19](=[CH:12][c:18]2[cH:8][cH:6][c:17]([F:5])[cH:7][cH:9]2)[CH2:14]1>>[CH3:1][C:21]([CH3:2])([CH3:3])[O:15][C:16](=[O:4])[N:20]1[CH2:13][CH2:10][CH2:11][CH:19]([CH2:12][c:18]2[cH:8][cH:6][c:17]([F:5])[cH:7][cH:9]2)[CH2:14]1,1,2,0.07
natcomm_30,[OH:1][CH2:3][C:11]1=[C:12]([c:14]2[cH:6][cH:4][c:13]([Br:2])[cH:5][cH:7]2)[CH2:10][CH2:8][CH2:9]1>>[O:1]=[CH:3][C:11]1=[C:12]([c:14]2[cH:6][cH:4][c:13]([Br:2])[cH:5][cH:7]2)[CH2:10][CH2:8][CH2:9]1,1,1,0.32
natcomm_31,[CH3:1][c:37]1[cH:17][c:40]([NH:30][C:33](=[O:5])[CH2:22][CH2:20][CH2:21][CH2:29][N:45]([CH3:3])[C:35](=[O:7])[CH2:23][CH2:26][N:44]2[CH2:27][CH2:24][CH:43]([O:32][C:34](=[O:6])[NH:31][c:41]3[cH:18][cH:12][cH:13][cH:19][c:42]3-[c:36]3[cH:14][cH:10][cH:9][cH:11][cH:15]3)[CH2:25][CH2:28]2)[c:38]([CH3:2])[cH:16][c:39]1[CH2:8][OH:4]>>[CH3:1][c:37]1[cH:17][c:40]([NH:30][C:33](=[O:5])[CH2:22][CH2:20][CH2:21][CH2:29][N:45]([CH3:3])[C:35](=[O:7])[CH2:23][CH2:26][N:44]2[CH2:27][CH2:24][CH:43]([O:32][C:34](=[O:6])[NH:31][c:41]3[cH:18][cH:12][cH:13][cH:19][c:42]3-[c:36]3[cH:14][cH:10][cH:9][cH:11][cH:15]3)[CH2:25][CH2:28]2)[c:38]([CH3:2])[cH:16][c:39]1[CH:8]=[O:4],1,1,0.30
natcomm_32,[O:1]=[C:12]([NH:11][c:13]1[cH:6][cH:7][c:14]2[c:15]([cH:8]1)[C:16](=[O:2])[CH2:10][CH2:9]2)[C:17]([F:3])([F:4])[F:5]>>[O:1]=[C:12]([NH:11][c:13]1[cH:6][cH:7][c:14]2[c:15]([cH:8]1)[CH:16]([OH:2])[CH2:10][CH2:9]2)[C:17]([F:3])([F:4])[F:5],1,1,0.03
natcomm_33,N[CH:12]1[O:13][C:17]2=[c:25]3[o:16][c:23](=[O:5])[c:22]([CH3:3])[cH:11][c:24]3=[CH:8][CH:26]([c:18]3[cH:9][c:19]([Br:6])[c:21]([O:15][CH3:2])[c:20]([O:14][CH3:1])[cH:10]3)[CH:27]2[N:28]1[C:7]#[N:4]>>[CH3:1][O:14][c:20]1[cH:10][c:18]([CH:26]2[CH:8]=[c:24]3[cH:11][c:22]([CH3:3])[c:23](=[O:5])[o:16][c:25]3=[C:17]3[O:13][CH2:12][N:28]([C:7]#[N:4])[CH:27]32)[cH:9][c:19]([Br:6])[c:21]1[O:15][CH3:2],1,2,0.09
natcomm_34,COC[O:8][c:33]1[c:32]([O:23][CH3:2])[cH:18][cH:17][c:31]([CH2:20][O:22][c:28]2[cH:11][cH:15][c:30](-[c:29]3[cH:13][cH:9][c:27]([CH2:19][C:25](=[O:6])[O:21][CH3:1])[cH:10][cH:14]3)[cH:16][cH:12]2)[c:34]1[C:26](=[O:7])[O:24][C:35]([CH3:3])([CH3:4])[CH3:5]>>[CH3:1][O:21][C:25](=[O:6])[CH2:19][c:27]1[cH:9][cH:13][c:29](-[c:30]2[cH:15][cH:11][c:28]([O:22][CH2:20][c:31]3[cH:17][cH:18][c:32]([O:23][CH3:2])[c:33]([OH:8])[c:34]3[C:26](=[O:7])[O:24][C:35]([CH3:3])([CH3:4])[CH3:5])[cH:12][cH:16]2)[cH:14][cH:10]1,1,1,0.13
natcomm_35,C[O:3][c:10]1[cH:4][cH:7][c:13]2[nH:9][c:14]3[c:11]([CH3:1])[cH:5][cH:6][c:12]([CH3:2])[c:16]3[c:15]2[cH:8]1>>[CH3:1][c:11]1[cH:5][cH:6][c:12]([CH3:2])[c:16]2[c:14]1[nH:9][c:13]1[cH:7][cH:4][c:10]([OH:3])[cH:8][c:15]12,1,1,0.03
natcomm_36,[CH3:1][O:19][c:26]1[cH:13][cH:9][c:23]([CH2:16][CH2:17][C:28](=[O:7])[c:25]2[cH:11][cH:8][cH:10][c:24]([O:18][CH2:15][C:22](=[O:6])[O:21][C:29]([CH3:3])([CH3:4])[CH3:5])[cH:12]2)[cH:14][c:27]1[O:20][CH3:2]>>[CH3:1][O:19][c:26]1[cH:13][cH:9][c:23]([CH2:16][CH2:17][CH:28]([OH:7])[c:25]2[cH:11][cH:8][cH:10][c:24]([O:18][CH2:15][C:22](=[O:6])[O:21][C:29]([CH3:3])([CH3:4])[CH3:5])[cH:12]2)[cH:14][c:27]1[O:20][CH3:2],1,1,0.10
natcomm_37,C[O:3][c:15]1[c:13]([F:4])[cH:6][c:12]([C:16]2([C:11](=[O:2])[O:10][CH3:1])[CH2:8][CH2:9]2)[cH:7][c:14]1[F:5]>>[CH3:1][O:10][C:11](=[O:2])[C:16]1([c:12]2[cH:6][c:13]([F:4])[c:15]([OH:3])[c:14]([F:5])[cH:7]2)[CH2:8][CH2:9]1,1,1,0.03
natcomm_38,C[O:2][c:14]1[cH:3][cH:5][c:15]([N:17]2[CH2:12][CH2:10][N:16]([CH2:9][CH2:8][CH2:7][CH3:1])[CH2:11][CH2:13]2)[cH:6][cH:4]1>>[CH3:1][CH2:7][CH2:8][CH2:9][N:16]1[CH2:10][CH2:12][N:17]([c:15]2[cH:5][cH:3][c:14]([OH:2])[cH:4][cH:6]2)[CH2:13][CH2:11]1,1,1,0.04
natcomm_39,[CH3:1][CH2:13][O:19][C:22](=[O:2])[C:27]([CH2:17][CH2:12][CH2:15][O:21][CH:26]1[CH2:16][CH2:11][CH2:10][CH2:14][O:20]1)=[CH:18][c:23]1[cH:6][cH:4][cH:8][c:24]2[cH:7][cH:3][cH:5][cH:9][c:25]12>>[CH3:1][CH2:13][O:19][C:22](=[O:2])[CH:27]([CH2:17][CH2:12][CH2:15][O:21][CH:26]1[CH2:16][CH2:11][CH2:10][CH2:14][O:20]1)[CH2:18][c:23]1[cH:6][cH:4][cH:8][c:24]2[cH:7][cH:3][cH:5][cH:9][c:25]12,1,2,0.11
natcomm_40,[CH3:1][C:10](=[O:3])[NH:9][c:12]1[cH:8][cH:6][cH:5][cH:7][c:11]1[CH2:4][OH:2]>>[CH3:1][C:10](=[O:3])[NH:9][c:12]1[cH:8][cH:6][cH:5][cH:7][c:11]1[CH:4]=[O:2],1,1,0.02
natcomm_41,C[O:4][C:23](=[O:3])[c:28]1[cH:18][cH:15][c:26]([CH:7]=[CH:8][c:27]2[cH:17][cH:21][c:30]3[c:29]([cH:20]2)[C:24]([CH:5]=[CH:6][c:25]2[cH:13][cH:11][cH:10][cH:12][cH:14]2)=[CH:9][CH2:22][C:31]3([CH3:1])[CH3:2])[cH:16][cH:19]1.O>>[CH3:1][C:31]1([CH3:2])[CH2:22][CH:9]=[C:24]([CH:5]=[CH:6][c:25]2[cH:13][cH:11][cH:10][cH:12][cH:14]2)[c:29]2[cH:20][c:27]([CH:8]=[CH:7][c:26]3[cH:15][cH:18][c:28]([C:23](=[O:3])[OH:4])[cH:19][cH:16]3)[cH:17][cH:21][c:30]21,1,1,0.16
natcomm_42,CC[O:8][C:22](=[O:5])[CH2:17][O:20][c:26]1[cH:13][c:24]([CH:29]([CH3:2])[CH3:3])[cH:11][cH:12][c:25]1[CH2:18][CH2:16][NH:19][S:30](=[O:6])(=[O:7])[c:28]1[cH:15][c:23]([C:9]#[N:4])[cH:10][cH:14][c:27]1[O:21][CH3:1].O>>[CH3:1][O:21][c:27]1[cH:14][cH:10][c:23]([C:9]#[N:4])[cH:15][c:28]1[S:30](=[O:6])(=[O:7])[NH:19][CH2:16][CH2:18][c:25]1[cH:12][cH:11][c:24]([CH:29]([CH3:2])[CH3:3])[cH:13][c:26]1[O:20][CH2:17][C:22](=[O:5])[OH:8],1,1,0.08
natcomm_43,[CH3:1][CH2:18][N:27]([CH2:19][CH3:2])[C:22](=[O:9])[c:26]1[cH:16][cH:12][c:24]([CH:21]([OH:8])[c:25]2[cH:14][cH:10][cH:11][c:23]([O:20][Si:29]([CH3:6])([CH3:7])[C:28]([CH3:3])([CH3:4])[CH3:5])[cH:15]2)[cH:13][cH:17]1>>[CH3:1][CH2:18][N:27]([CH2:19][CH3:2])[C:22](=[O:9])[c:26]1[cH:16][cH:12][c:24]([C:21](=[O:8])[c:25]2[cH:14][cH:10][cH:11][c:23]([O:20][Si:29]([CH3:6])([CH3:7])[C:28]([CH3:3])([CH3:4])[CH3:5])[cH:15]2)[cH:13][cH:17]1,1,1,1.33
natcomm_44,C[O:4][c:15]1[c:16]([I:10])[c:14]([Cl:9])[cH:11][c:13]([F:5])[c:17]1-[n:22]1[c:19](=[O:2])[cH:12][c:18]([C:23]([F:6])([F:7])[F:8])[n:21]([CH3:1])[c:20]1=[O:3]>>[CH3:1][n:21]1[c:18]([C:23]([F:6])([F:7])[F:8])[cH:12][c:19](=[O:2])[n:22](-[c:17]2[c:13]([F:5])[cH:11][c:14]([Cl:9])[c:16]([I:10])[c:15]2[OH:4])[c:20]1=[O:3],1,1,0.04
natcomm_45,C[O:2][C:15](=[O:1])[c:18]1[cH:12][cH:11][c:17]([O:14][c:16]2[cH:9][cH:7][cH:6][cH:8][cH:10]2)[cH:13][c:19]1[C:20]([F:3])([F:4])[F:5].O>>[O:1]=[C:15]([OH:2])[c:18]1[cH:12][cH:11][c:17]([O:14][c:16]2[cH:9][cH:7][cH:6][cH:8][cH:10]2)[cH:13][c:19]1[C:20]([F:3])([F:4])[F:5],1,1,0.04
natcomm_46,[CH2:1]=[CH:7][c:23]1[cH:12][cH:9][cH:13][c:24]([CH:20]([OH:6])[C:27]([CH3:3])([CH3:4])[N:26]2[CH2:17][O:18][C:21]([CH3:2])=[C:22]([c:25]3[cH:15][cH:10][cH:8][cH:11][cH:16]3)[C:19]2=[O:5])[cH:14]1>>[CH2:1]=[CH:7][c:23]1[cH:12][cH:9][cH:13][c:24]([C:20](=[O:6])[C:27]([CH3:3])([CH3:4])[N:26]2[CH2:17][O:18][C:21]([CH3:2])=[C:22]([c:25]3[cH:15][cH:10][cH:8][cH:11][cH:16]3)[C:19]2=[O:5])[cH:14]1,1,1,1.24
natcomm_47,O=[C:6]1[CH2:2][O:8][CH2:4][CH:9]2[CH2:3][NH:7][CH2:1][CH2:5][N:10]12>>[CH2:1]1[CH2:5][N:10]2[CH2:6][CH2:2][O:8][CH2:4][CH:9]2[CH2:3][NH:7]1,1,3,0.01
natcomm_48,COCCOC[O:3][c:34]1[cH:19][cH:14][c:31]([CH:7]=[CH:5][CH:4]=[CH:6][C:30](=[O:2])[NH:27][CH2:21][CH2:24][N:38]2[CH2:25][CH2:22][CH:36]([O:29][CH:37]([c:32]3[cH:15][cH:10][cH:8][cH:11][cH:16]3)[c:33]3[cH:17][cH:12][cH:9][cH:13][cH:18]3)[CH2:23][CH2:26]2)[cH:20][c:35]1[O:28][CH3:1]>>[CH3:1][O:28][c:35]1[cH:20][c:31]([CH:7]=[CH:5][CH:4]=[CH:6][C:30](=[O:2])[NH:27][CH2:21][CH2:24][N:38]2[CH2:25][CH2:22][CH:36]([O:29][CH:37]([c:32]3[cH:15][cH:10][cH:8][cH:11][cH:16]3)[c:33]3[cH:17][cH:12][cH:9][cH:13][cH:18]3)[CH2:23][CH2:26]2)[cH:14][cH:19][c:34]1[OH:3],1,1,0.21
natcomm_49,C[O:1][c:14]1[cH:11][cH:7][cH:8][cH:12][c:15]1[CH:3]=[CH:2][c:13]1[cH:9][cH:5][cH:4][cH:6][cH:10]1>>[OH:1][c:14]1[cH:11][cH:7][cH:8][cH:12][c:15]1[CH:3]=[CH:2][c:13]1[cH:9][cH:5][cH:4][cH:6][cH:10]1,1,1,0.03
natcomm_50,CC1(C)[O:5][CH2:11][CH:18]([CH2:12][CH:17]2[CH2:9][CH2:7][CH2:6][CH2:8][O:14][CH2:10]2)[N:13]1[C:16](=[O:4])[O:15][C:19]([CH3:1])([CH3:2])[CH3:3].O>>[CH3:1][C:19]([CH3:2])([CH3:3])[O:15][C:16](=[O:4])[NH:13][CH:18]([CH2:11][OH:5])[CH2:12][CH:17]1[CH2:9][CH2:7][CH2:6][CH2:8][O:14][CH2:10]1,1,2,0.04
natcomm_51,Cl[C:20](=[O:2])[CH:25]([CH3:1])[O:18][c:23]1[cH:10][cH:6][c:21]([O:17][c:22]2[cH:8][cH:12][c:24]([C:27]([F:3])([F:4])[F:5])[cH:13][cH:9]2)[cH:7][cH:11]1.[CH2:14]1[CH2:15][O:19][NH:26][CH2:16]1>>[CH3:1][CH:25]([O:18][c:23]1[cH:10][cH:6][c:21]([O:17][c:22]2[cH:8][cH:12][c:24]([C:27]([F:3])([F:4])[F:5])[cH:13][cH:9]2)[cH:7][cH:11]1)[C:20](=[O:2])[N:26]1[CH2:16][CH2:14][CH2:15][O:19]1,1,2,0.06
natcomm_52,F[c:12]1[cH:7][cH:8][c:13]([C:6]#[N:4])[c:14]([C:11](=[O:5])[O:10][CH3:1])[cH:9]1.[CH3:2][NH:15][CH3:3]>>[CH3:1][O:10][C:11](=[O:5])[c:14]1[cH:9][c:12]([N:15]([CH3:2])[CH3:3])[cH:7][cH:8][c:13]1[C:6]#[N:4],1,2,0.02
natcomm_53,O[c:19]1[cH:9][cH:10][c:20]([C:16]([CH3:2])=[O:3])[c:21]([OH:4])[c:22]1[CH2:13][CH2:11][CH3:1].[Br:5][c:17]1[cH:7][cH:6][cH:8][c:18]([CH2:12][OH:15])[n:14]1>>[CH3:1][CH2:11][CH2:13][c:22]1[c:19]([O:15][CH2:12][c:18]2[cH:8][cH:6][cH:7][c:17]([Br:5])[n:14]2)[cH:9][cH:10][c:20]([C:16]([CH3:2])=[O:3])[c:21]1[OH:4],1,2,0.05
natcomm_54,[CH3:1][C:24](=[O:3])[N:35]1[CH2:18][CH2:14][c:32]2[c:31]([c:30](-[c:27]3[cH:10][cH:8][c:26]([Br:6])[cH:9][cH:11]3)[n:23][n:37]2[CH2:22][CH:33]2[O:4][CH2:17]2)[CH2:19]1.[CH3:2][c:28]1[cH:12][cH:7][c:25]([Cl:5])[cH:13][c:29]1[N:36]1[CH2:20][CH2:15][NH:34][CH2:16][CH2:21]1>>[CH3:1][C:24](=[O:3])[N:35]1[CH2:18][CH2:14][c:32]2[c:31]([c:30](-[c:27]3[cH:10][cH:8][c:26]([Br:6])[cH:9][cH:11]3)[n:23][n:37]2[CH2:22][CH:33]([OH:4])[CH2:17][N:34]2[CH2:15][CH2:20][N:36]([c:29]3[cH:13][c:25]([Cl:5])[cH:7][cH:12][c:28]3[CH3:2])[CH2:21][CH2:16]2)[CH2:19]1,1,2,0.12
natcomm_55,O[CH:4]=[O:1].[O:2]=[C:15]([OH:3])[c:16]1[cH:7][cH:9][c:18]2[c:20]([cH:11]1)[CH:21]([NH2:13])[c:19]1[cH:10][cH:6][cH:5][cH:8][c:17]1[CH2:12][O:14]2>>[O:1]=[CH:4][NH:13][CH:21]1[c:19]2[cH:10][cH:6][cH:5][cH:8][c:17]2[CH2:12][O:14][c:18]2[cH:9][cH:7][c:16]([C:15](=[O:2])[OH:3])[cH:11][c:20]21,1,2,0.04
natcomm_56,Cl[c:13]1[n:7][c:11]([Cl:2])[n:8][c:14]2[c:12]([Br:3])[cH:5][s:10][c:15]12.[CH2:1]=[CH:4][CH2:6][NH2:9]>>[CH2:1]=[CH:4][CH2:6][NH:9][c:13]1[n:7][c:11]([Cl:2])[n:8][c:14]2[c:12]([Br:3])[cH:5][s:10][c:15]12,1,2,0.02
natcomm_57,Cl[CH:31]([CH3:1])[c:26]1[cH:12][cH:8][c:24]([F:2])[cH:9][cH:13]1.[cH:3]1[cH:4][cH:10][c:25]([CH2:16][CH2:19][N:32]2[CH2:20][CH2:17][CH:30]([NH:23][c:27]3[n:22][c:28]4[cH:14][cH:6][cH:7][cH:15][c:29]4[nH:33]3)[CH2:18][CH2:21]2)[cH:11][cH:5]1>>[CH3:1][CH:31]([c:26]1[cH:12][cH:8][c:24]([F:2])[cH:9][cH:13]1)[n:33]1[c:27]([NH:23][CH:30]2[CH2:17][CH2:20][N:32]([CH2:19][CH2:16][c:25]3[cH:10][cH:4][cH:3][cH:5][cH:11]3)[CH2:21][CH2:18]2)[n:22][c:28]2[cH:14][cH:6][cH:7][cH:15][c:29]21,1,2,0.11
natcomm_58,F[c:16]1[cH:5][cH:6][c:17]([C:4]#[N:2])[c:19]2[o:14][c:15]([CH3:1])[cH:7][c:18]12.[OH:3][CH2:8][CH2:9][CH:20]1[CH2:10][CH2:12][NH:21][CH2:13][CH2:11]1>>[CH3:1][c:15]1[cH:7][c:18]2[c:16]([N:21]3[CH2:12][CH2:10][CH:20]([CH2:9][CH2:8][OH:3])[CH2:11][CH2:13]3)[cH:5][cH:6][c:17]([C:4]#[N:2])[c:19]2[o:14]1,1,2,0.04
natcomm_59,[Cl:2][c:13]1[cH:5][cH:8][c:16]([Cl:3])[c:17]([NH2:10])[cH:9]1.[N:1]#[C:12][c:15]1[cH:7][cH:6][c:14]([Br:4])[s:11]1>>[NH:1]=[C:12]([NH:10][c:17]1[cH:9][c:13]([Cl:2])[cH:5][cH:8][c:16]1[Cl:3])[c:15]1[cH:7][cH:6][c:14]([Br:4])[s:11]1,1,1,0.03
natcomm_60,Cl[C:21](=[O:6])[C:29]([CH3:4])([CH3:5])[S:30](=[O:7])(=[O:8])[c:22]1[cH:10][cH:12][c:25]2[c:24]([cH:11]1)[n:19][c:23]([CH2:18][C:28]([CH3:1])([CH3:2])[CH3:3])[n:27]2[CH2:17][CH:26]1[CH2:15][CH2:16]1.[OH:9][CH2:13][CH2:14][NH2:20]>>[CH3:1][C:28]([CH3:2])([CH3:3])[CH2:18][c:23]1[n:19][c:24]2[cH:11][c:22]([S:30](=[O:7])(=[O:8])[C:29]([CH3:4])([CH3:5])[C:21](=[O:6])[NH:20][CH2:14][CH2:13][OH:9])[cH:10][cH:12][c:25]2[n:27]1[CH2:17][CH:26]1[CH2:15][CH2:16]1,1,2,0.08
natcomm_61,O[C:24](=[O:3])[CH2:17][CH:35]1[CH2:16][O:23][c:33]2[c:30]([O:22][CH3:2])[cH:13][cH:14][c:31]([C:25](=[O:4])[NH:20][c:32]3[c:28]([Cl:5])[cH:11][n:18][cH:12][c:29]3[Cl:6])[c:34]21.[CH3:1][O:21][c:27]1[cH:9][cH:7][c:26]([CH2:15][NH2:19])[cH:8][cH:10]1>>[CH3:1][O:21][c:27]1[cH:9][cH:7][c:26]([CH2:15][NH:19][C:24](=[O:3])[CH2:17][CH:35]2[CH2:16][O:23][c:33]3[c:30]([O:22][CH3:2])[cH:13][cH:14][c:31]([C:25](=[O:4])[NH:20][c:32]4[c:28]([Cl:5])[cH:11][n:18][cH:12][c:29]4[Cl:6])[c:34]32)[cH:8][cH:10]1,1,2,0.10
natcomm_62,Cl[c:18]1[c:17]([N+:21](=[O:2])[O-:3])[cH:10][n:13][c:19]2[cH:11][cH:6][cH:7][cH:12][c:20]12.[CH3:1][c:15]1[cH:8][cH:4][cH:5][cH:9][c:16]1[NH2:14]>>[CH3:1][c:15]1[cH:8][cH:4][cH:5][cH:9][c:16]1[NH:14][c:18]1[c:17]([N+:21](=[O:2])[O-:3])[cH:10][n:13][c:19]2[cH:11][cH:6][cH:7][cH:12][c:20]12,1,2,0.04
natcomm_63,Cl[CH2:19][CH2:18][CH2:23][N:34]([CH2:21][CH3:1])[CH2:22][CH3:2].[O:3]=[S:35](=[O:4])([c:29]1[cH:14][cH:12][c:28]([OH:24])[cH:13][cH:15]1)[c:31]1[c:30]([CH2:20][c:27]2[cH:10][cH:8][c:26]([Cl:5])[cH:9][cH:11]2)[o:25][c:32]2[cH:16][cH:6][cH:7][cH:17][c:33]12>>[CH3:1][CH2:21][N:34]([CH2:22][CH3:2])[CH2:23][CH2:18][CH2:19][O:24][c:28]1[cH:12][cH:14][c:29]([S:35](=[O:3])(=[O:4])[c:31]2[c:30]([CH2:20][c:27]3[cH:10][cH:8][c:26]([Cl:5])[cH:9][cH:11]3)[o:25][c:32]3[cH:16][cH:6][cH:7][cH:17][c:33]23)[cH:15][cH:13]1,1,2,0.12
natcomm_64,Cl[S:27](=[O:6])(=[O:7])[CH2:14][CH:25]([CH3:1])[CH3:2].[CH3:3][n:26]1[cH:12][cH:10][c:23]2[c:22]([OH:17])[cH:9][c:18]([CH2:13][c:20]3[cH:8][n:15][c:19]([NH2:4])[n:16][c:21]3[NH2:5])[cH:11][c:24]21>>[CH3:1][CH:25]([CH3:2])[CH2:14][S:27](=[O:6])(=[O:7])[O:17][c:22]1[cH:9][c:18]([CH2:13][c:20]2[cH:8][n:15][c:19]([NH2:4])[n:16][c:21]2[NH2:5])[cH:11][c:24]2[c:23]1[cH:10][cH:12][n:26]2[CH3:3],1,2,0.06
natcomm_65,Cl[C:24](=[O:2])[c:33]1[cH:18][cH:9][c:26]([Cl:4])[cH:17][c:32]1[O:23][CH3:1].[O:3]=[C:25]([c:28]1[cH:12][cH:10][c:27]([NH2:22])[cH:11][cH:13]1)[N:35]1[CH2:21][c:30]2[cH:15][cH:6][cH:5][cH:14][c:29]2[CH2:20][c:31]2[cH:16][cH:7][cH:8][cH:19][c:34]21>>[CH3:1][O:23][c:32]1[cH:17][c:26]([Cl:4])[cH:9][cH:18][c:33]1[C:24](=[O:2])[NH:22][c:27]1[cH:10][cH:12][c:28]([C:25](=[O:3])[N:35]2[CH2:21][c:30]3[cH:15][cH:6][cH:5][cH:14][c:29]3[CH2:20][c:31]3[cH:16][cH:7][cH:8][cH:19][c:34]32)[cH:13][cH:11]1,1,2,0.11
natcomm_66,Br[CH2:20][CH2:17][CH2:18][O:22][CH2:19][O:21][CH3:1].[cH:2]1[cH:5][cH:11][c:23]([P:26]([c:24]2[cH:13][cH:7][cH:3][cH:8][cH:14]2)[c:25]2[cH:15][cH:9][cH:4][cH:10][cH:16]2)[cH:12][cH:6]1>>[CH3:1][O:21][CH2:19][O:22][CH2:18][CH2:17][CH2:20][P+:26]([c:23]1[cH:11][cH:5][cH:2][cH:6][cH:12]1)([c:24]1[cH:13][cH:7][cH:3][cH:8][cH:14]1)[c:25]1[cH:15][cH:9][cH:4][cH:10][cH:16]1,1,2,0.10
natcomm_67,Cl[c:11]1[n:6][c:9]([S:8][CH3:2])[n:5][cH:4][c:10]1[Cl:3].[CH3:1][NH2:7]>>[CH3:1][NH:7][c:11]1[n:6][c:9]([S:8][CH3:2])[n:5][cH:4][c:10]1[Cl:3],1,2,0.01
natcomm_68,Cl[C:9](=[O:2])[Cl:4].[CH3:1][CH2:5][O:8][C:10](=[O:3])[NH:7][NH2:6]>>[CH3:1][CH2:5][O:8][C:10](=[O:3])[NH:7][NH:6][C:9](=[O:2])[Cl:4],1,2,0.01
natcomm_69,F[c:25]1[cH:16][c:27](-[n:35]2[c:31](=[O:5])[cH:18][c:30]([C:37]([F:10])([F:11])[F:12])[n:34]([CH3:3])[c:32]2=[O:6])[c:24]([F:9])[cH:17][c:28]1[N+:36](=[O:7])[O-:8].[CH3:1][O:20][C:23](=[O:4])[CH:33]([CH3:2])[O:22][c:29]1[n:19][cH:14][cH:13][cH:15][c:26]1[OH:21]>>[CH3:1][O:20][C:23](=[O:4])[CH:33]([CH3:2])[O:22][c:29]1[n:19][cH:14][cH:13][cH:15][c:26]1[O:21][c:25]1[cH:16][c:27](-[n:35]2[c:31](=[O:5])[cH:18][c:30]([C:37]([F:10])([F:11])[F:12])[n:34]([CH3:3])[c:32]2=[O:6])[c:24]([F:9])[cH:17][c:28]1[N+:36](=[O:7])[O-:8],1,2,0.08
natcomm_70,Br[CH2:23][CH2:20][CH2:24][O:34][c:44]1[cH:18][cH:10][cH:9][cH:16][c:42]1[C:8]#[N:5].[CH3:1][O:32][CH2:22][CH2:21][CH2:31][N:49]1[C:38](=[O:7])[CH2:25][CH2:27][c:43]2[cH:17][cH:11][c:39]([CH2:26][O:35][CH:46]3[CH2:30][N:48]([C:37](=[O:6])[O:36][C:50]([CH3:2])([CH3:3])[CH3:4])[CH2:29][CH2:28][CH:47]3[c:41]3[cH:14][cH:12][c:40]([OH:33])[cH:13][cH:15]3)[cH:19][c:45]21>>[CH3:1][O:32][CH2:22][CH2:21][CH2:31][N:49]1[C:38](=[O:7])[CH2:25][CH2:27][c:43]2[cH:17][cH:11][c:39]([CH2:26][O:35][CH:46]3[CH2:30][N:48]([C:37](=[O:6])[O:36][C:50]([CH3:2])([CH3:3])[CH3:4])[CH2:29][CH2:28][CH:47]3[c:41]3[cH:14][cH:12][c:40]([O:33][CH2:23][CH2:20][CH2:24][O:34][c:44]4[cH:18][cH:10][cH:9][cH:16][c:42]4[C:8]#[N:5])[cH:13][cH:15]3)[cH:19][c:45]21,1,2,0.28
natcomm_71,Cl[CH2:7][S:9][CH3:1].[Cl:2][c:10]1[cH:4][cH:6][c:12]([OH:8])[c:11]([Cl:3])[cH:5]1>>[CH3:1][S:9][CH2:7][O:8][c:12]1[cH:6][cH:4][c:10]([Cl:2])[cH:5][c:11]1[Cl:3],1,2,0.01
natcomm_72,[CH2:1]=[C:13]([CH3:2])[CH3:3].[O:4]=[C:11]([OH:10])[CH:12]1[CH:7]=[CH:5][CH2:9][CH:6]=[CH:8]1>>[CH3:1][C:13]([CH3:2])([CH3:3])[O:10][C:11](=[O:4])[CH:12]1[CH:7]=[CH:5][CH2:9][CH:6]=[CH:8]1,1,2,0.02
natcomm_73,Cl[c:21]1[n:17][cH:4][c:19]([F:1])[cH:5][n:18]1.[F:2][c:20]1[cH:3][cH:8][c:23]2[c:22]([cH:6][cH:9][n:28]2[CH2:16][CH:24]2[CH2:10][CH2:11][CH:25]3[CH2:13][NH:26][CH2:12][CH2:14][N:27]3[CH2:15]2)[cH:7]1>>[F:1][c:19]1[cH:4][n:17][c:21]([N:26]2[CH2:12][CH2:14][N:27]3[CH2:15][CH:24]([CH2:16][n:28]4[cH:9][cH:6][c:22]5[cH:7][c:20]([F:2])[cH:3][cH:8][c:23]54)[CH2:10][CH2:11][CH:25]3[CH2:13]2)[n:18][cH:5]1,1,2,0.06
natcomm_74,CO[C:12](=[O:3])[O:10][CH3:1].[O:2]=[C:11]1[CH2:8][CH2:9][c:13]2[cH:6][cH:4][cH:5][cH:7][c:14]2[CH2:15]1>>[CH3:1][O:10][C:12](=[O:3])[CH:15]1[C:11](=[O:2])[CH2:8][CH2:9][c:13]2[cH:6][cH:4][cH:5][cH:7][c:14]21,1,3,0.03
natcomm_75,Cl[S:21](=[O:4])(=[O:5])[c:16]1[cH:7][cH:8][c:17]([O:14][CH3:1])[c:18]([C:15](=[O:3])[OH:6])[cH:9]1.[CH3:2][N:19]1[CH2:10][CH2:12][NH:20][CH2:13][CH2:11]1>>[CH3:1][O:14][c:17]1[cH:8][cH:7][c:16]([S:21](=[O:4])(=[O:5])[N:20]2[CH2:12][CH2:10][N:19]([CH3:2])[CH2:11][CH2:13]2)[cH:9][c:18]1[C:15](=[O:3])[OH:6],1,2,0.03
natcomm_76,Br[C:22]1=[CH:7][C:21](=[O:3])[CH:26]2[CH2:13][CH2:14][CH:27]1[CH2:15]2.[CH3:1][O:17][CH2:10][CH2:11][O:18][CH2:12][c:25]1[n:16][c:23]([C:28]([F:4])([F:5])[F:6])[cH:8][cH:9][c:24]1[C:20](=[O:2])[OH:19]>>[CH3:1][O:17][CH2:10][CH2:11][O:18][CH2:12][c:25]1[n:16][c:23]([C:28]([F:4])([F:5])[F:6])[cH:8][cH:9][c:24]1[C:20](=[O:2])[O:19][C:22]1=[CH:7][C:21](=[O:3])[CH:26]2[CH2:13][CH2:14][CH:27]1[CH2:15]2,1,2,0.06
natcomm_77,Cl[CH2:18][CH2:15][CH2:17][CH:30]([c:26]1[cH:9][cH:5][c:24]([F:1])[cH:6][cH:10]1)[c:27]1[cH:11][cH:7][c:25]([F:2])[cH:8][cH:12]1.[cH:3]1[cH:4][cH:14][c:29]2[c:28]([cH:13]1)[CH2:16][O:23][C:32]21[CH2:21][CH2:19][NH:31][CH2:20][CH2:22]1>>[F:1][c:24]1[cH:5][cH:9][c:26]([CH:30]([CH2:17][CH2:15][CH2:18][N:31]2[CH2:19][CH2:21][C:32]3([CH2:22][CH2:20]2)[O:23][CH2:16][c:28]2[cH:13][cH:3][cH:4][cH:14][c:29]23)[c:27]2[cH:11][cH:7][c:25]([F:2])[cH:8][cH:12]2)[cH:10][cH:6]1,1,2,0.11
natcomm_78,Cl[CH2:19][CH:25]([OH:3])[CH2:18][N:27]1[CH2:16][CH2:13][CH:26]([CH2:15][c:22]2[cH:9][cH:5][cH:4][cH:6][cH:10]2)[CH2:14][CH2:17]1.[O:1]=[C:20]1[c:23]2[cH:11][cH:7][cH:8][cH:12][c:24]2[C:21](=[O:2])[NH:28]1>>[O:1]=[C:20]1[c:23]2[cH:11][cH:7][cH:8][cH:12][c:24]2[C:21](=[O:2])[N:28]1[CH2:19][CH:25]([OH:3])[CH2:18][N:27]1[CH2:16][CH2:13][CH:26]([CH2:15][c:22]2[cH:9][cH:5][cH:4][cH:6][cH:10]2)[CH2:14][CH2:17]1,1,2,0.08
natcomm_79,F[c:26]1[c:25]([F:8])[cH:15][c:30]2[c:29](=[O:6])[c:27]([C:21](=[O:4])[O:19][CH2:17][CH3:1])[cH:16][n:33](-[c:24]3[cH:13][cH:11][c:23]([F:7])[cH:12][cH:14]3)[c:31]2[c:28]1[F:9].[CH3:2][CH2:18][O:20][C:22](=[O:5])[CH2:32][C:10]#[N:3]>>[CH3:1][CH2:17][O:19][C:21](=[O:4])[c:27]1[cH:16][n:33](-[c:24]2[cH:13][cH:11][c:23]([F:7])[cH:12][cH:14]2)[c:31]2[c:28]([F:9])[c:26]([CH:32]([C:10]#[N:3])[C:22](=[O:5])[O:20][CH2:18][CH3:2])[c:25]([F:8])[cH:15][c:30]2[c:29]1=[O:6],1,3,0.09
natcomm_80,[CH3:1][CH2:16][NH:25][CH2:17][c:24]1[cH:14][c:22]([C:26]([F:3])([F:4])[F:5])[cH:12][cH:13][c:23]1[Br:7].[O:2]=[C:19]=[N:18][CH2:15][c:21]1[cH:10][cH:8][c:20]([Cl:6])[cH:9][cH:11]1>>[CH3:1][CH2:16][N:25]([CH2:17][c:24]1[cH:14][c:22]([C:26]([F:3])([F:4])[F:5])[cH:12][cH:13][c:23]1[Br:7])[C:19](=[O:2])[NH:18][CH2:15][c:21]1[cH:10][cH:8][c:20]([Cl:6])[cH:9][cH:11]1,1,1,0.05
natcomm_81,[Cl:2][c:13]1[cH:8][cH:9][c:14]([Cl:3])[cH:15][n:11]1.[O:1]=[CH:16][c:12]1[cH:6][cH:4][n:10][cH:5][cH:7]1>>[OH:1][CH:16]([c:12]1[cH:6][cH:4][n:10][cH:5][cH:7]1)[c:15]1[n:11][c:13]([Cl:2])[cH:8][cH:9][c:14]1[Cl:3],1,2,0.03
natcomm_82,Cl[CH2:26][c:31]1[cH:12][cH:11][cH:18][c:35]([C:42]([F:2])([F:3])[F:4])[cH:19]1.[O:1]=[C:30]1[c:37]2[cH:21][c:34]([N:41]3[CH2:28][CH2:24][N:39]([CH2:23][CH2:22][CH:38]([c:32]4[cH:13][cH:7][cH:5][cH:8][cH:14]4)[c:33]4[cH:15][cH:9][cH:6][cH:10][cH:16]4)[CH2:25][CH2:29]3)[cH:17][cH:20][c:36]2[CH2:27][NH:40]1>>[O:1]=[C:30]1[c:37]2[cH:21][c:34]([N:41]3[CH2:28][CH2:24][N:39]([CH2:23][CH2:22][CH:38]([c:32]4[cH:13][cH:7][cH:5][cH:8][cH:14]4)[c:33]4[cH:15][cH:9][cH:6][cH:10][cH:16]4)[CH2:25][CH2:29]3)[cH:17][cH:20][c:36]2[CH2:27][N:40]1[CH2:26][c:31]1[cH:12][cH:11][cH:18][c:35]([C:42]([F:2])([F:3])[F:4])[cH:19]1,1,2,0.23
natcomm_83,Cl[C:23](=[O:4])[O:22][CH3:1].[CH3:2][N:30]([CH3:3])[C:24](=[O:5])[N:31]1[CH2:19][C:25]([c:29]2[cH:16][c:26]([Cl:7])[cH:12][cH:15][c:28]2[F:6])=[CH:8][C:32]1([CH2:20][CH2:17][CH2:18][NH2:21])[c:27]1[cH:13][cH:10][cH:9][cH:11][cH:14]1>>[CH3:1][O:22][C:23](=[O:4])[NH:21][CH2:18][CH2:17][CH2:20][C:32]1([c:27]2[cH:13][cH:10][cH:9][cH:11][cH:14]2)[CH:8]=[C:25]([c:29]2[cH:16][c:26]([Cl:7])[cH:12][cH:15][c:28]2[F:6])[CH2:19][N:31]1[C:24](=[O:5])[N:30]([CH3:2])[CH3:3],1,2,0.10
natcomm_84,Cl[CH2:18][c:31]1[cH:11][cH:9][cH:8][cH:10][n:21]1.[CH3:1][O:23][C:29](=[O:6])[c:38]1[c:37](-[c:30]2[cH:12][c:34]([O:26][CH3:3])[c:36]([O:28][CH3:5])[c:35]([O:27][CH3:4])[cH:13]2)[c:40]2[cH:14][c:32]([O:24][CH3:2])[c:33]([OH:25])[cH:15][c:41]2[c:39](=[O:7])[n:43]1[N:42]1[CH2:19][CH2:16][O:22][CH2:17][CH2:20]1>>[CH3:1][O:23][C:29](=[O:6])[c:38]1[c:37](-[c:30]2[cH:12][c:34]([O:26][CH3:3])[c:36]([O:28][CH3:5])[c:35]([O:27][CH3:4])[cH:13]2)[c:40]2[cH:14][c:32]([O:24][CH3:2])[c:33]([O:25][CH2:18][c:31]3[cH:11][cH:9][cH:8][cH:10][n:21]3)[cH:15][c:41]2[c:39](=[O:7])[n:43]1[N:42]1[CH2:19][CH2:16][O:22][CH2:17][CH2:20]1,1,2,1.29
natcomm_85,O=[CH:15][c:22]1[cH:10][cH:8][c:21]([CH:5]=[CH:4][C:20](=[O:3])[O:19][CH3:1])[cH:9][cH:11]1.[CH3:2][c:23]1[nH:18][c:25]2[cH:12][cH:6][cH:7][cH:13][c:26]2[c:24]1[CH2:16][CH2:14][NH2:17]>>[CH3:1][O:19][C:20](=[O:3])[CH:4]=[CH:5][c:21]1[cH:8][cH:10][c:22]([CH2:15][NH:17][CH2:14][CH2:16][c:24]2[c:23]([CH3:2])[nH:18][c:25]3[cH:12][cH:6][cH:7][cH:13][c:26]23)[cH:11][cH:9]1,1,3,0.08
natcomm_86,Br[c:30]1[cH:14][cH:15][c:31]([C:27](=[O:6])[NH:23][CH:32]([CH2:21][C:26](=[O:5])[O-:7])[CH2:22][N+:33]([CH3:2])([CH3:3])[CH3:4])[o:25]1.[CH3:1][CH2:16][CH2:17][CH2:18][CH2:19][CH2:20][O:24][c:29]1[cH:12][cH:10][cH:11][c:28]([C:8]#[CH:9])[cH:13]1>>[CH3:1][CH2:16][CH2:17][CH2:18][CH2:19][CH2:20][O:24][c:29]1[cH:12][cH:10][cH:11][c:28]([C:8]#[C:9][c:30]2[cH:14][cH:15][c:31]([C:27](=[O:6])[NH:23][CH:32]([CH2:21][C:26](=[O:5])[O-:7])[CH2:22][N+:33]([CH3:2])([CH3:3])[CH3:4])[o:25]2)[cH:13]1,1,3,0.14
natcomm_87,Cl[CH2:12][CH2:14][N:26]([CH3:1])[CH3:2].[Cl:3][c:18]1[cH:6][cH:8][c:20]2[c:22]([cH:10]1)-[c:25]1[c:23]([cH:11][s:17][c:24]1[CH2:13][OH:15])-[c:21]1[cH:9][cH:5][cH:4][cH:7][c:19]1[O:16]2>>[CH3:1][N:26]([CH3:2])[CH2:14][CH2:12][O:15][CH2:13][c:24]1[s:17][cH:11][c:23]2[c:25]1-[c:22]1[cH:10][c:18]([Cl:3])[cH:6][cH:8][c:20]1[O:16][c:19]1[cH:7][cH:4][cH:5][cH:9][c:21]1-2,1,2,0.05
natcomm_88,Cl[CH2:18][CH2:16][CH2:19][N:35]([CH3:4])[CH3:5].[CH3:1][CH2:17][O:21][C:25](=[O:6])[c:27]1[cH:10][cH:15][c:32](-[c:34]2[c:30]([O:23][CH3:2])[cH:13][cH:8][cH:14][c:31]2[O:24][CH3:3])[c:33](-[c:26]2[cH:9][cH:11][c:28]([Cl:7])[c:29]([OH:22])[cH:12]2)[n:20]1>>[CH3:1][CH2:17][O:21][C:25](=[O:6])[c:27]1[cH:10][cH:15][c:32](-[c:34]2[c:30]([O:23][CH3:2])[cH:13][cH:8][cH:14][c:31]2[O:24][CH3:3])[c:33](-[c:26]2[cH:9][cH:11][c:28]([Cl:7])[c:29]([O:22][CH2:18][CH2:16][CH2:19][N:35]([CH3:4])[CH3:5])[cH:12]2)[n:20]1,1,2,1.27
natcomm_89,Cl[CH2:13][c:22]1[c:18]([OH:2])[cH:6][cH:9][c:21]2[c:23]1[CH2:14][CH2:10][CH2:11][C:16]2=[O:1].[Cl:3][c:19]1[cH:7][cH:5][c:17]([CH2:12][SH:15])[cH:8][c:20]1[Cl:4]>>[O:1]=[C:16]1[CH2:11][CH2:10][CH2:14][c:23]2[c:21]1[cH:9][cH:6][c:18]([OH:2])[c:22]2[CH2:13][S:15][CH2:12][c:17]1[cH:5][cH:7][c:19]([Cl:3])[c:20]([Cl:4])[cH:8]1,1,2,0.06
natcomm_90,O=[CH:7][CH:11]([O:9][CH3:2])[O:10][CH3:3].[CH3:1][CH2:4][CH2:5][CH2:6][NH2:8]>>[CH3:1][CH2:4][CH2:5][CH2:6][NH:8][CH2:7][CH:11]([O:9][CH3:2])[O:10][CH3:3],1,3,0.01
natcomm_91,O=[N+:3]([O-])[c:9]1[cH:6][c:8]([N:11]([CH3:1])[CH3:2])[cH:5][cH:7][c:10]1[F:4]>>[CH3:1][N:11]([CH3:2])[c:8]1[cH:5][cH:7][c:10]([F:4])[c:9]([NH2:3])[cH:6]1,1,2,0.02
natcomm_92,Cl[C:17](=[O:4])[c:21]1[cH:12][cH:8][cH:7][cH:11][c:20]1[O:16][CH2:13][CH3:1].[N:2]#[C:6][c:19]1[cH:10][cH:9][n:14][c:22]([C:18]([NH2:3])=[O:5])[c:23]1[NH2:15]>>[CH3:1][CH2:13][O:16][c:20]1[cH:11][cH:7][cH:8][cH:12][c:21]1[C:17](=[O:4])[NH:15][c:23]1[c:19]([C:6]#[N:2])[cH:10][cH:9][n:14][c:22]1[C:18]([NH2:3])=[O:5],1,2,0.06
natcomm_93,CS(=O)(=O)[c:28]1[n:17][c:26]([O:19][CH3:1])[cH:14][c:27]([O:20][CH3:2])[n:18]1.[O:3]=[C:23]([OH:5])[c:31]1[c:29]([OH:21])[cH:15][cH:16][c:33]2[o:22][c:30]([C:35]([F:6])([F:7])[F:8])[c:32]([C:24](=[O:4])[c:25]3[cH:12][cH:10][cH:9][cH:11][cH:13]3)[c:34]12>>[CH3:1][O:19][c:26]1[cH:14][c:27]([O:20][CH3:2])[n:18][c:28]([O:21][c:29]2[cH:15][cH:16][c:33]3[o:22][c:30]([C:35]([F:6])([F:7])[F:8])[c:32]([C:24](=[O:4])[c:25]4[cH:12][cH:10][cH:9][cH:11][cH:13]4)[c:34]3[c:31]2[C:23](=[O:3])[O-:5])[n:17]1,1,2,0.16
natcomm_94,O=S(=O)(O[Si:19]([CH3:5])([CH3:6])[C:18]([CH3:2])([CH3:3])[CH3:4])C(F)(F)F.[CH3:1][O:11][C:14](=[O:8])[c:17]1[c:15]([CH2:10][OH:12])[cH:9][s:13][c:16]1[NH2:7]>>[CH3:1][O:11][C:14](=[O:8])[c:17]1[c:15]([CH2:10][O:12][Si:19]([CH3:5])([CH3:6])[C:18]([CH3:2])([CH3:3])[CH3:4])[cH:9][s:13][c:16]1[NH2:7],1,2,0.06
natcomm_95,O[C:31](=[O:7])[CH:41]([c:33]1[cH:12][cH:9][cH:8][cH:10][cH:13]1)[N:42]1[CH2:23][CH2:18][CH2:21][c:34]2[cH:16][c:37]([O:28][CH3:4])[c:38]([O:29][CH3:5])[cH:17][c:39]2[CH:40]1[CH2:22][c:32]1[cH:11][cH:14][c:35]([O:26][CH3:2])[c:36]([O:27][CH3:3])[cH:15]1.[CH3:1][CH2:19][O:25][C:30](=[O:6])[CH2:20][NH2:24]>>[CH3:1][CH2:19][O:25][C:30](=[O:6])[CH2:20][NH:24][C:31](=[O:7])[CH:41]([c:33]1[cH:12][cH:9][cH:8][cH:10][cH:13]1)[N:42]1[CH2:23][CH2:18][CH2:21][c:34]2[cH:16][c:37]([O:28][CH3:4])[c:38]([O:29][CH3:5])[cH:17][c:39]2[CH:40]1[CH2:22][c:32]1[cH:11][cH:14][c:35]([O:26][CH3:2])[c:36]([O:27][CH3:3])[cH:15]1,1,2,0.16
natcomm_96,Cl[c:19]1[cH:8][n:14][c:20]2[c:21]([n:15]1)[O:17][CH2:10][CH2:11][N:23]([CH2:12][c:18]1[cH:6][cH:3][cH:2][cH:4][cH:7]1)[CH2:13]2.[CH3:1][c:22]1[n:16][cH:5][cH:9][nH:24]1>>[CH3:1][c:22]1[n:16][cH:5][cH:9][n:24]1-[c:19]1[cH:8][n:14][c:20]2[c:21]([n:15]1)[O:17][CH2:10][CH2:11][N:23]([CH2:12][c:18]1[cH:6][cH:3][cH:2][cH:4][cH:7]1)[CH2:13]2,1,2,0.06
natcomm_97,O=P(Cl)(Cl)[Cl:5].O[c:20]1[n:14][n:13][c:19]([CH3:1])[c:22](-[c:16]2[cH:9][cH:7][c:15]([Cl:4])[cH:8][cH:10]2)[c:23]1-[c:18]1[cH:12][cH:6][cH:11][c:17]([F:2])[c:21]1[F:3]>>[CH3:1][c:19]1[n:13][n:14][c:20]([Cl:5])[c:23](-[c:18]2[cH:12][cH:6][cH:11][c:17]([F:2])[c:21]2[F:3])[c:22]1-[c:16]1[cH:9][cH:7][c:15]([Cl:4])[cH:8][cH:10]1,1,3,0.10
natcomm_98,O[C:25](=[O:6])[CH:9]=[CH:10][c:29]1[cH:16][c:27]([Cl:8])[cH:13][cH:17][c:30]1[NH:22][C:24](=[O:5])[O:23][C:34]([CH3:2])([CH3:3])[CH3:4].[CH3:1][CH:31]1[CH2:20][N:32]([CH2:19][c:28]2[cH:14][cH:11][c:26]([F:7])[cH:12][cH:15]2)[CH2:18][CH2:21][NH:33]1>>[CH3:1][CH:31]1[CH2:20][N:32]([CH2:19][c:28]2[cH:14][cH:11][c:26]([F:7])[cH:12][cH:15]2)[CH2:18][CH2:21][N:33]1[C:25](=[O:6])[CH:9]=[CH:10][c:29]1[cH:16][c:27]([Cl:8])[cH:13][cH:17][c:30]1[NH:22][C:24](=[O:5])[O:23][C:34]([CH3:2])([CH3:3])[CH3:4],1,2,0.12
natcomm_99,O=S(Cl)[Cl:4].O[C:8](=[O:3])[c:11]1[cH:6][c:9]([CH3:1])[cH:5][c:10]([CH3:2])[cH:7]1>>[CH3:1][c:9]1[cH:5][c:10]([CH3:2])[cH:7][c:11]([C:8](=[O:3])[Cl:4])[cH:6]1,1,3,0.03
natcomm_100,O[C:27](=[O:3])[CH2:17][S:25][c:36]1[cH:14][cH:15][c:37]([O:23][CH3:1])[c:38]([O:24][CH3:2])[cH:16]1.[O:4]=[C:28]([OH:7])[C:33]1=[C:32]([CH:9]=[C:31]2[CH2:18][CH2:20][N:41]([CH2:21][c:35]3[cH:12][cH:10][cH:11][c:34]([OH:8])[cH:13]3)[C:29]2=[O:5])[CH2:19][S:26][CH:40]2[CH:39]([NH2:22])[C:30](=[O:6])[N:42]12>>[CH3:1][O:23][c:37]1[cH:15][cH:14][c:36]([S:25][CH2:17][C:27](=[O:3])[NH:22][CH:39]2[C:30](=[O:6])[N:42]3[C:33]([C:28](=[O:4])[OH:7])=[C:32]([CH:9]=[C:31]4[CH2:18][CH2:20][N:41]([CH2:21][c:35]5[cH:12][cH:10][cH:11][c:34]([OH:8])[cH:13]5)[C:29]4=[O:5])[CH2:19][S:26][CH:40]23)[cH:16][c:38]1[O:24][CH3:2],1,2,0.13
natcomm_101,O[C:18](=[O:2])[CH:23]([CH2:12][CH:22]1[CH2:10][CH2:8][CH2:9][CH2:11]1)[N:24]1[CH2:13][C:20]([O:17][CH3:1])=[CH:4][C:19]1=[O:3].[cH:5]1[cH:6][n:15][c:21]([NH2:16])[cH:7][n:14]1>>[CH3:1][O:17][C:20]1=[CH:4][C:19](=[O:3])[N:24]([CH:23]([CH2:12][CH:22]2[CH2:10][CH2:8][CH2:9][CH2:11]2)[C:18](=[O:2])[NH:16][c:21]2[cH:7][n:14][cH:5][cH:6][n:15]2)[CH2:13]1,1,2,0.05
natcomm_102,Br[CH2:8][c:23]1[c:22]([C:26]([F:5])([F:6])[F:7])[n:18][n:25](-[c:20]2[cH:14][cH:16][c:21]([S:27]([NH2:1])(=[O:3])=[O:4])[cH:17][cH:15]2)[c:24]1-[c:19]1[cH:12][cH:10][cH:9][cH:11][cH:13]1.CS(C)=[O:2]>>[NH2:1][S:27](=[O:3])(=[O:4])[c:21]1[cH:16][cH:14][c:20](-[n:25]2[n:18][c:22]([C:26]([F:5])([F:6])[F:7])[c:23]([CH:8]=[O:2])[c:24]2-[c:19]2[cH:12][cH:10][cH:9][cH:11][cH:13]2)[cH:15][cH:17]1,1,4,0.10
natcomm_103,O[C:23](=[O:6])[CH:12]=[C:27]([CH3:5])[CH2:20][CH2:17][CH:11]=[C:26]([CH3:4])[CH2:19][CH2:16][CH:10]=[C:25]([CH3:3])[CH2:18][CH2:15][CH:9]=[C:24]([CH3:1])[CH3:2].[OH:7][CH2:13][CH2:21][NH:28][CH2:22][CH2:14][OH:8]>>[CH3:1][C:24]([CH3:2])=[CH:9][CH2:15][CH2:18][C:25]([CH3:3])=[CH:10][CH2:16][CH2:19][C:26]([CH3:4])=[CH:11][CH2:17][CH2:20][C:27]([CH3:5])=[CH:12][C:23](=[O:6])[N:28]([CH2:21][CH2:13][OH:7])[CH2:22][CH2:14][OH:8],1,2,0.08
natcomm_104,O=S(Cl)[Cl:4].O[C:9](=[O:2])[c:12]1[cH:7][cH:5][c:10]([O:8][CH3:1])[cH:6][c:11]1[OH:3]>>[CH3:1][O:8][c:10]1[cH:5][cH:7][c:12]([C:9](=[O:2])[Cl:4])[c:11]([OH:3])[cH:6]1,1,3,0.02
natcomm_105,Br[C:18]1=[CH:8][C:22]([CH2:13][F:2])([CH2:14][F:3])[O:16][c:20]2[cH:10][cH:9][c:19]([C:23]([F:4])([F:5])[F:6])[cH:11][c:21]21.[CH3:1][CH2:12][N:15]=[C:17]=[S:7]>>[CH3:1][CH2:12][NH:15][C:17](=[S:7])[C:18]1=[CH:8][C:22]([CH2:13][F:2])([CH2:14][F:3])[O:16][c:20]2[cH:10][cH:9][c:19]([C:23]([F:4])([F:5])[F:6])[cH:11][c:21]21,1,2,0.06
natcomm_106,[CH2:7]1[CH2:8][NH:10][C:12](=[S:11])[NH:9]1.[CH3:1][c:14]1[cH:13][c:15]2[cH:5][cH:3][cH:4][cH:6][c:16]2[n:17]1[CH3:2]>>[CH3:1][c:14]1[c:13]([S:11][C:12]2=[N:9][CH2:7][CH2:8][NH:10]2)[c:15]2[cH:5][cH:3][cH:4][cH:6][c:16]2[n:17]1[CH3:2],1,2,0.04
natcomm_107,C[O:5][C:25](=[O:2])[CH:35]([CH2:18][c:27]1[cH:11][cH:12][c:28]([Cl:7])[c:29]([Cl:8])[cH:13]1)[NH:21][C:24](=[O:1])[c:31]1[cH:15][cH:10][c:26]([Cl:6])[cH:14][c:30]1[NH:22][S:36](=[O:3])(=[O:4])[c:32]1[cH:16][cH:9][cH:17][c:33]2[n:19][s:23][n:20][c:34]12.O>>[O:1]=[C:24]([NH:21][CH:35]([CH2:18][c:27]1[cH:11][cH:12][c:28]([Cl:7])[c:29]([Cl:8])[cH:13]1)[C:25](=[O:2])[OH:5])[c:31]1[cH:15][cH:10][c:26]([Cl:6])[cH:14][c:30]1[NH:22][S:36](=[O:3])(=[O:4])[c:32]1[cH:16][cH:9][cH:17][c:33]2[n:19][s:23][n:20][c:34]12,1,1,0.08
natcomm_108,Cl[C:6](Cl)=[O:4].[CH3:1][CH2:9][C:11](=[O:5])[c:15]1[c:13]([CH3:2])[cH:7][c:12]([NH2:10])[cH:8][c:14]1[CH3:3]>>[CH3:1][CH2:9][C:11](=[O:5])[c:15]1[c:13]([CH3:2])[cH:7][c:12]([N:10]=[C:6]=[O:4])[cH:8][c:14]1[CH3:3],1,3,0.03
natcomm_109,O=S(=O)(O[c:17]1[cH:10][cH:11][c:18]2[c:19]([cH:12]1)[C:20]([CH3:1])([CH3:2])[CH2:13][C:14]2=[O:4])C(F)(F)F.OB(O)[c:16]1[cH:8][cH:6][c:15]([C:5]#[N:3])[cH:7][cH:9]1>>[CH3:1][C:20]1([CH3:2])[CH2:13][C:14](=[O:4])[c:18]2[cH:11][cH:10][c:17](-[c:16]3[cH:8][cH:6][c:15]([C:5]#[N:3])[cH:7][cH:9]3)[cH:12][c:19]21,1,3,0.68
natcomm_110,CC[O:6][C:28](=[O:5])[CH2:23][c:31]1[cH:18][s:27][c:32](-[c:36]2[cH:22][cH:17][c:30]([C:37]([CH2:24][CH3:1])([CH2:25][CH3:2])[c:29]3[cH:16][cH:21][c:35]([CH:14]=[CH:15][C:40]([OH:7])([C:38]([F:8])([F:9])[F:10])[C:39]([F:11])([F:12])[F:13])[c:33]([CH3:3])[cH:19]3)[cH:20][c:34]2[CH3:4])[n:26]1.O>>[CH3:1][CH2:24][C:37]([CH2:25][CH3:2])([c:29]1[cH:16][cH:21][c:35]([CH:14]=[CH:15][C:40]([OH:7])([C:38]([F:8])([F:9])[F:10])[C:39]([F:11])([F:12])[F:13])[c:33]([CH3:3])[cH:19]1)[c:30]1[cH:17][cH:22][c:36](-[c:32]2[n:26][c:31]([CH2:23][C:28](=[O:5])[OH:6])[cH:18][s:27]2)[c:34]([CH3:4])[cH:20]1,1,1,0.19
natcomm_111,N[c:12]1[cH:7][cH:6][c:11]([CH3:2])[c:14]2[o:9][c:10]([CH3:1])[cH:8][c:13](=[O:4])[c:15]12.O=N[O-].[Cu+]~[C-:5]#[N:3]>>[CH3:1][c:10]1[cH:8][c:13](=[O:4])[c:15]2[c:12]([C:5]#[N:3])[cH:7][cH:6][c:11]([CH3:2])[c:14]2[o:9]1,1,2,0.03
natcomm_112,CO[C:17](=[O:3])[c:21]1[c:20]([O:15][CH2:10][c:18]2[cH:7][cH:5][cH:4][cH:6][cH:8]2)[c:19]([C:16](=[O:2])[O:14][CH3:1])[n:12][n:22]1[CH2:11][CH2:9][N:13]=[N+]=[N-]>>[CH3:1][O:14][C:16](=[O:2])[c:19]1[n:12][n:22]2[c:21]([c:20]1[O:15][CH2:10][c:18]1[cH:7][cH:5][cH:4][cH:6][cH:8]1)[C:17](=[O:3])[NH:13][CH2:9][CH2:11]2,1,3,0.05
natcomm_113,O[C:26](=[O:5])[c:31]1[cH:17][cH:7][cH:8][n:20][c:32]1[O:23][c:30]1[cH:15][cH:9][c:27]([F:6])[cH:10][cH:16]1.[CH3:1][C:33]([CH3:2])([CH3:3])[O:24][C:25](=[O:4])[NH:21][CH2:18][c:28]1[cH:11][cH:13][c:29]([CH2:19][NH2:22])[cH:14][cH:12]1>>[CH3:1][C:33]([CH3:2])([CH3:3])[O:24][C:25](=[O:4])[NH:21][CH2:18][c:28]1[cH:11][cH:13][c:29]([CH2:19][NH:22][C:26](=[O:5])[c:31]2[cH:17][cH:7][cH:8][n:20][c:32]2[O:23][c:30]2[cH:15][cH:9][c:27]([F:6])[cH:10][cH:16]2)[cH:14][cH:12]1,1,2,0.10
natcomm_114,O=S(Br)[Br:2].O[CH2:10][c:14]1[cH:5][cH:9][c:17]2[c:16]([cH:8]1)[CH2:11][O:12][CH:18]2[c:15]1[cH:6][cH:3][c:13]([F:1])[cH:4][cH:7]1>>[F:1][c:13]1[cH:3][cH:6][c:15]([CH:18]2[O:12][CH2:11][c:16]3[cH:8][c:14]([CH2:10][Br:2])[cH:5][cH:9][c:17]32)[cH:7][cH:4]1,1,3,0.06
natcomm_115,C=[CH:8][CH2:18][CH2:19][CH2:20][CH:30]([NH:22][C:23](=[O:3])[c:28]1[cH:17][n:21][n:31](-[c:26]2[cH:13][cH:10][c:24]([Cl:7])[cH:11][cH:14]2)[c:29]1[CH3:1])[c:25]1[cH:12][cH:9][cH:15][c:27]([C:32]([F:4])([F:5])[F:6])[cH:16]1.[O-][O+]=[O:2]>>[CH3:1][c:29]1[c:28]([C:23](=[O:3])[NH:22][CH:30]([CH2:20][CH2:19][CH2:18][CH:8]=[O:2])[c:25]2[cH:12][cH:9][cH:15][c:27]([C:32]([F:4])([F:5])[F:6])[cH:16]2)[cH:17][n:21][n:31]1-[c:26]1[cH:13][cH:10][c:24]([Cl:7])[cH:11][cH:14]1,1,3,0.11
natcomm_116,C[O:4][C:35](=[O:3])[CH:42]([CH2:28][S:32][CH2:24][c:36]1[cH:17][cH:9][cH:5][cH:10][cH:18]1)[NH:31][C:34](=[O:2])[CH:41]([CH2:26][c:38]1[cH:21][cH:13][cH:7][cH:14][cH:22]1)[CH2:27][CH:40]([CH2:25][c:37]1[cH:19][cH:11][cH:6][cH:12][cH:20]1)[C:33](=[O:1])[NH:30][c:39]1[cH:23][cH:15][cH:8][cH:16][n:29]1.O>>[O:1]=[C:33]([NH:30][c:39]1[cH:23][cH:15][cH:8][cH:16][n:29]1)[CH:40]([CH2:25][c:37]1[cH:19][cH:11][cH:6][cH:12][cH:20]1)[CH2:27][CH:41]([CH2:26][c:38]1[cH:21][cH:13][cH:7][cH:14][cH:22]1)[C:34](=[O:2])[NH:31][CH:42]([CH2:28][S:32][CH2:24][c:36]1[cH:17][cH:9][cH:5][cH:10][cH:18]1)[C:35](=[O:3])[OH:4],1,1,0.20
natcomm_117,Br[c:11]1[cH:6][cH:4][n:10][cH:5][cH:7]1.OB(O)[c:14]1[c:12]([F:1])[cH:8][cH:3][cH:9][c:13]1[F:2]>>[F:1][c:12]1[cH:8][cH:3][cH:9][c:13]([F:2])[c:14]1-[c:11]1[cH:6][cH:4][n:10][cH:5][cH:7]1,1,3,0.02
natcomm_118,Br[CH2:13][c:19]1[cH:10][cH:8][cH:7][cH:9][cH:11]1.[CH3:1][CH2:12][O:16][C:18](=[O:5])[c:21]1[nH:15][c:20](=[O:17])[c:23]([CH2:14][CH:24]([CH3:2])[CH3:3])[n+:25]([O-:6])[c:22]1[NH2:4]>>[CH3:1][CH2:12][O:16][C:18](=[O:5])[c:21]1[n:15][c:20]([O:17][CH2:13][c:19]2[cH:10][cH:8][cH:7][cH:9][cH:11]2)[c:23]([CH2:14][CH:24]([CH3:2])[CH3:3])[n+:25]([O-:6])[c:22]1[NH2:4],1,2,0.06
natcomm_119,CCOP(=O)(OCC)[CH2:4][C:21]([CH3:2])=[O:3].O=[CH:5][c:23]1[cH:6][cH:8][c:25]([N:19]=[C:22]2[S:20][CH2:18][C:28]3([CH2:16][CH2:11][CH2:12][CH2:17]3)[N:27]2[CH:26]2[CH2:14][CH2:9][CH2:10][CH2:15]2)[c:24]([CH2:13][CH3:1])[cH:7]1>>[CH3:1][CH2:13][c:24]1[cH:7][c:23]([CH:5]=[CH:4][C:21]([CH3:2])=[O:3])[cH:6][cH:8][c:25]1[N:19]=[C:22]1[S:20][CH2:18][C:28]2([CH2:16][CH2:11][CH2:12][CH2:17]2)[N:27]1[CH:26]1[CH2:14][CH2:9][CH2:10][CH2:15]1,1,4,0.12
natcomm_120,CC[O:4][C:15](=[O:2])[CH:20]([NH2:1])[CH2:11][c:16]1[n:13][c:18]2[cH:9][cH:7][cH:8][cH:10][c:19]2[n:14][c:17]1[CH2:12][P:21](=[O:3])([OH:5])[OH:6].O>>[NH2:1][CH:20]([CH2:11][c:16]1[n:13][c:18]2[cH:9][cH:7][cH:8][cH:10][c:19]2[n:14][c:17]1[CH2:12][P:21](=[O:3])([OH:5])[OH:6])[C:15](=[O:2])[OH:4],1,1,0.04
natcomm_121,O[C:29](=[O:3])[C:36]1([c:33]2[cH:11][cH:6][c:30]([F:4])[cH:7][cH:12]2)[CH2:24][CH2:15][CH2:13][CH2:16][CH2:25]1.[CH3:1][CH2:18][C:28](=[O:2])[NH:27][c:31]1[cH:8][cH:5][cH:9][c:32]([CH:34]2[CH2:19][CH2:22][N:35]([CH2:21][CH2:14][CH2:17][NH2:26])[CH2:23][CH2:20]2)[cH:10]1>>[CH3:1][CH2:18][C:28](=[O:2])[NH:27][c:31]1[cH:8][cH:5][cH:9][c:32]([CH:34]2[CH2:19][CH2:22][N:35]([CH2:21][CH2:14][CH2:17][NH:26][C:29](=[O:3])[C:36]3([c:33]4[cH:11][cH:6][c:30]([F:4])[cH:7][cH:12]4)[CH2:24][CH2:15][CH2:13][CH2:16][CH2:25]3)[CH2:23][CH2:20]2)[cH:10]1,1,2,0.14
natcomm_122,Cl[C:3](Cl)=[S:2].[F:1][c:9]1[cH:5][cH:4][cH:6][c:10]([NH2:8])[cH:7]1>>[F:1][c:9]1[cH:5][cH:4][cH:6][c:10]([N:8]=[C:3]=[S:2])[cH:7]1,1,3,0.01
natcomm_123,Br[c:22]1[cH:7][cH:4][cH:11][c:25]2[c:21]([NH2:2])[c:20]([C:18](=[O:3])[NH:16][CH2:13][CH2:12][CH3:1])[n:14][n:15][c:26]12.OB(O)[c:19]1[cH:6][cH:10][c:24]2[nH:17][cH:5][cH:8][c:23]2[cH:9]1>>[CH3:1][CH2:12][CH2:13][NH:16][C:18](=[O:3])[c:20]1[n:14][n:15][c:26]2[c:22](-[c:19]3[cH:6][cH:10][c:24]4[nH:17][cH:5][cH:8][c:23]4[cH:9]3)[cH:7][cH:4][cH:11][c:25]2[c:21]1[NH2:2],1,3,0.08
natcomm_124,O=S(Cl)[Cl:7].O[C:13](=[O:3])[CH:17]([c:15]1[cH:10][cH:8][c:14]([O:12][C:18]([F:4])([F:5])[F:6])[cH:9][cH:11]1)[CH:16]([CH3:1])[CH3:2]>>[CH3:1][CH:16]([CH3:2])[CH:17]([C:13](=[O:3])[Cl:7])[c:15]1[cH:10][cH:8][c:14]([O:12][C:18]([F:4])([F:5])[F:6])[cH:9][cH:11]1,1,3,0.04
natcomm_125,OB([OH:1])[c:10]1[cH:5][cH:8][c:13]2[c:16]([c:14]1[F:3])[CH2:9][c:15]1[c:11]([F:2])[cH:6][cH:4][cH:7][c:12]1-2.OO>>[OH:1][c:10]1[cH:5][cH:8][c:13]2[c:16]([c:14]1[F:3])[CH2:9][c:15]1[c:11]([F:2])[cH:6][cH:4][cH:7][c:12]1-2,1,3,0.03
natcomm_126,O[C:27](=[O:3])[c:29]1[cH:12][c:34]2[c:30]([O:25][CH2:14][c:31]3[cH:9][o:26][c:33]4[cH:11][c:28]([F:5])[cH:7][cH:13][c:35]34)[cH:8][cH:6][cH:10][c:32]2[nH:24]1.[CH3:1][CH:37]1[CH2:22][N:41]([CH:39]([CH3:2])[CH2:20][N:40]2[CH2:18][CH2:15][CH:36]([NH2:23])[CH2:16][CH2:19]2)[CH2:21][CH2:17][CH:38]1[OH:4]>>[CH3:1][CH:37]1[CH2:22][N:41]([CH:39]([CH3:2])[CH2:20][N:40]2[CH2:18][CH2:15][CH:36]([NH:23][C:27](=[O:3])[c:29]3[cH:12][c:34]4[c:30]([O:25][CH2:14][c:31]5[cH:9][o:26][c:33]6[cH:11][c:28]([F:5])[cH:7][cH:13][c:35]56)[cH:8][cH:6][cH:10][c:32]4[nH:24]3)[CH2:16][CH2:19]2)[CH2:21][CH2:17][CH:38]1[OH:4],1,2,0.16
natcomm_127,C[O:4][C:23](=[O:3])[c:24]1[cH:5][cH:6][c:25]([O:21][CH3:2])[c:26]([O:22][CH2:20][CH2:19][CH2:18][CH2:17][CH2:16][CH2:15][CH2:14][CH2:13][CH2:12][CH2:11][CH2:10][CH2:9][CH2:8][CH3:1])[cH:7]1.O>>[CH3:1][CH2:8][CH2:9][CH2:10][CH2:11][CH2:12][CH2:13][CH2:14][CH2:15][CH2:16][CH2:17][CH2:18][CH2:19][CH2:20][O:22][c:26]1[cH:7][c:24]([C:23](=[O:3])[OH:4])[cH:5][cH:6][c:25]1[O:21][CH3:2],1,1,0.07
natcomm_128,O[C:24](=[O:5])[CH:31]1[CH2:15][CH2:17][N:32]([C:25](=[O:6])[O:22][C:33]([CH3:1])([CH3:2])[CH3:3])[CH2:18][CH2:16]1.[O:4]=[C:23]([NH:20][c:28]1[cH:12][cH:9][c:26]([Cl:7])[cH:10][n:19]1)[c:30]1[cH:14][c:27]([I:8])[cH:11][cH:13][c:29]1[NH2:21]>>[CH3:1][C:33]([CH3:2])([CH3:3])[O:22][C:25](=[O:6])[N:32]1[CH2:17][CH2:15][CH:31]([C:24](=[O:5])[NH:21][c:29]2[cH:13][cH:11][c:27]([I:8])[cH:14][c:30]2[C:23](=[O:4])[NH:20][c:28]2[cH:12][cH:9][c:26]([Cl:7])[cH:10][n:19]2)[CH2:16][CH2:18]1,1,2,0.09
natcomm_129,O[C:17](=[O:2])[c:18]1[cH:4][cH:6][c:20]2[c:19]([cH:5]1)[n:15][cH:7][n:25]2[CH2:13][CH2:8][N:14]=[N+:16]=[N-:1].[OH:3][CH:21]1[CH2:11][CH:22]2[CH2:9][CH2:10][CH:23]([CH2:12]1)[NH:24]2>>[N-:1]=[N+:16]=[N:14][CH2:8][CH2:13][n:25]1[cH:7][n:15][c:19]2[cH:5][c:18]([C:17](=[O:2])[N:24]3[CH:22]4[CH2:9][CH2:10][CH:23]3[CH2:12][CH:21]([OH:3])[CH2:11]4)[cH:4][cH:6][c:20]21,1,2,0.05
natcomm_130,CC[O:3][C:8](=[O:1])[C:9](=[O:2])[c:11]1[cH:6][cH:5][c:10]([Br:4])[s:7]1.O>>[O:1]=[C:8]([OH:3])[C:9](=[O:2])[c:11]1[cH:6][cH:5][c:10]([Br:4])[s:7]1,1,1,0.01
natcomm_131,O[C:24](=[O:1])[CH:2]=[CH:3][c:25]1[cH:9][cH:5][cH:8][n:21][cH:10]1.[cH:4]1[cH:6][cH:11][c:26]([CH2:20][N:28]2[CH2:18][CH2:16][CH:27]([O:23][CH2:15][CH2:13][CH2:14][NH2:22])[CH2:17][CH2:19]2)[cH:12][cH:7]1>>[O:1]=[C:24]([CH:2]=[CH:3][c:25]1[cH:9][cH:5][cH:8][n:21][cH:10]1)[NH:22][CH2:14][CH2:13][CH2:15][O:23][CH:27]1[CH2:16][CH2:18][N:28]([CH2:20][c:26]2[cH:11][cH:6][cH:4][cH:7][cH:12]2)[CH2:19][CH2:17]1,1,2,0.09
natcomm_132,O=S(Cl)[Cl:2].O[C:9](=[O:1])[c:11]1[cH:6][c:12]2[cH:5][c:10]([Cl:3])[cH:4][cH:7][c:13]2[o:8]1>>[O:1]=[C:9]([Cl:2])[c:11]1[cH:6][c:12]2[cH:5][c:10]([Cl:3])[cH:4][cH:7][c:13]2[o:8]1,1,3,0.03
natcomm_133,O[C:35](=[O:4])[c:39]1[cH:16][c:37]([S:48]([CH3:3])(=[O:5])=[O:6])[cH:14][cH:15][c:38]1[O:34][CH3:2].[CH3:1][CH2:20][O:33][CH2:21][CH2:28][n:46]1[c:40]([N:45]2[CH2:26][CH2:19][CH2:22][N:43]([CH2:24][CH2:29][C:47]3([c:36]4[cH:12][cH:8][cH:7][cH:9][cH:13]4)[CH2:30][CH2:25][NH:44][CH2:31]3)[CH2:23][CH2:27]2)[n:32][c:41]2[cH:17][cH:10][cH:11][cH:18][c:42]21>>[CH3:1][CH2:20][O:33][CH2:21][CH2:28][n:46]1[c:40]([N:45]2[CH2:26][CH2:19][CH2:22][N:43]([CH2:24][CH2:29][C:47]3([c:36]4[cH:12][cH:8][cH:7][cH:9][cH:13]4)[CH2:30][CH2:25][N:44]([C:35](=[O:4])[c:39]4[cH:16][c:37]([S:48]([CH3:3])(=[O:5])=[O:6])[cH:14][cH:15][c:38]4[O:34][CH3:2])[CH2:31]3)[CH2:23][CH2:27]2)[n:32][c:41]2[cH:17][cH:10][cH:11][cH:18][c:42]21,1,2,0.22
natcomm_134,C[O:5][C:17](=[O:1])[CH2:14][CH2:12][CH2:10][CH2:9][CH2:11][CH2:13][CH2:15][n:22]1[c:19](=[O:2])[o:16][c:20]2[cH:7][cH:6][c:18]([N+:23](=[O:3])[O-:4])[cH:8][c:21]21.O>>[O:1]=[C:17]([OH:5])[CH2:14][CH2:12][CH2:10][CH2:9][CH2:11][CH2:13][CH2:15][n:22]1[c:19](=[O:2])[o:16][c:20]2[cH:7][cH:6][c:18]([N+:23](=[O:3])[O-:4])[cH:8][c:21]21,1,1,0.04
natcomm_135,Br[c:24]1[n:17][cH:11][c:19]([CH3:2])[cH:14][c:22]1[N:25]([CH2:16][O:18][CH3:1])[S:27](=[O:4])(=[O:5])[c:20]1[cH:12][cH:13][c:21]([Cl:9])[c:23]([C:26]([F:6])([F:7])[F:8])[cH:15]1.CN(C)[CH:10]=[O:3].C[CH](C)[Mg+].[Cl-]>>[CH3:1][O:18][CH2:16][N:25]([c:22]1[cH:14][c:19]([CH3:2])[cH:11][n:17][c:24]1[CH:10]=[O:3])[S:27](=[O:4])(=[O:5])[c:20]1[cH:12][cH:13][c:21]([Cl:9])[c:23]([C:26]([F:6])([F:7])[F:8])[cH:15]1,1,3,0.06
natcomm_136,O[C:14](=[O:1])[c:16]1[cH:5][cH:3][c:15]([Br:2])[cH:4][n:12]1.[CH2:6]1[CH2:7][CH2:10][N:17]([CH2:11][CH2:8][NH2:13])[CH2:9]1>>[O:1]=[C:14]([NH:13][CH2:8][CH2:11][N:17]1[CH2:9][CH2:6][CH2:7][CH2:10]1)[c:16]1[cH:5][cH:3][c:15]([Br:2])[cH:4][n:12]1,1,2,0.03
natcomm_137,Br[c:20]1[cH:9][cH:11][c:21]([S:26](=[O:6])(=[O:7])[NH:17][CH3:1])[cH:12][cH:10]1.[CH3:2][C:25]([CH3:3])([CH3:4])[O:18][C:19](=[O:5])[N:24]1[CH2:15][CH2:13][CH:22]([CH:23]=[O:8])[CH2:14][CH2:16]1>>[CH3:1][NH:17][S:26](=[O:6])(=[O:7])[c:21]1[cH:11][cH:9][c:20]([CH:23]([OH:8])[CH:22]2[CH2:13][CH2:15][N:24]([C:19](=[O:5])[O:18][C:25]([CH3:2])([CH3:3])[CH3:4])[CH2:16][CH2:14]2)[cH:10][cH:12]1,1,2,0.06
natcomm_138,CC1(C)OB([c:25]2[cH:10][cH:12][c:26](-[c:30]3[n:22][c:33]4[c:32]([cH:19][n:23][n:35]4-[c:28]4[cH:16][cH:4][cH:3][cH:5][cH:17]4)[c:31](=[O:1])[n:34]3-[c:27]3[cH:14][cH:8][c:24]([Cl:2])[cH:9][cH:15]3)[cH:13][cH:11]2)OC1(C)C.Cl[c:29]1[cH:18][cH:6][cH:7][n:20][n:21]1>>[O:1]=[c:31]1[c:32]2[cH:19][n:23][n:35](-[c:28]3[cH:16][cH:4][cH:3][cH:5][cH:17]3)[c:33]2[n:22][c:30](-[c:26]2[cH:12][cH:10][c:25](-[c:29]3[cH:18][cH:6][cH:7][n:20][n:21]3)[cH:11][cH:13]2)[n:34]1-[c:27]1[cH:14][cH:8][c:24]([Cl:2])[cH:9][cH:15]1,1,3,0.26
natcomm_139,O[C:28](=[O:6])[CH:35]([CH2:24][c:30]1[cH:13][cH:17][c:33]2[cH:16][cH:11][cH:12][cH:18][c:34]2[cH:19]1)[N:37]([CH3:2])[C:29](=[O:7])[O:27][C:38]([CH3:3])([CH3:4])[CH3:5].[CH3:1][NH:36][CH2:25][CH2:23][c:31]1[cH:14][cH:9][cH:10][cH:15][c:32]1[O:26][CH2:22][CH2:21][CH2:20][OH:8]>>[CH3:1][N:36]([CH2:25][CH2:23][c:31]1[cH:14][cH:9][cH:10][cH:15][c:32]1[O:26][CH2:22][CH2:21][CH2:20][OH:8])[C:28](=[O:6])[CH:35]([CH2:24][c:30]1[cH:13][cH:17][c:33]2[cH:16][cH:11][cH:12][cH:18][c:34]2[cH:19]1)[N:37]([CH3:2])[C:29](=[O:7])[O:27][C:38]([CH3:3])([CH3:4])[CH3:5],1,2,0.15
natcomm_140,O[C:8](=[O:1])[CH2:5][CH2:4][CH2:6][c:10]1[s:7][cH:2][cH:3][cH:9]1>>[O:1]=[C:8]1[CH2:5][CH2:4][CH2:6][c:10]2[s:7][cH:2][cH:3][c:9]21,1,3,0.01
natcomm_141,O=[CH:15][c:14]1[cH:9][cH:7][cH:6][cH:8][c:13]1[OH:5].[CH3:1][C:17]([CH3:2])([SH:11])[CH:16]([NH2:10])[C:12](=[O:3])[OH:4]>>[CH3:1][C:17]1([CH3:2])[S:11][CH:15]([c:14]2[cH:9][cH:7][cH:6][cH:8][c:13]2[OH:5])[NH:10][CH:16]1[C:12](=[O:3])[OH:4],1,3,0.02
natcomm_142,C[O:3][C:8](=[O:2])[c:10]1[s:7][cH:5][c:9]([Br:4])[c:11]1[O:6][CH3:1].O>>[CH3:1][O:6][c:11]1[c:9]([Br:4])[cH:5][s:7][c:10]1[C:8](=[O:2])[OH:3],1,1,0.01
natcomm_143,O=C1CCC(=O)N1[Br:6].O[CH2:9][CH2:10][c:14]1[cH:7][c:13]([C:19]([CH3:3])([CH3:4])[CH3:5])[cH:8][c:15]2[c:16]1[CH2:11][CH:17]([CH3:2])[CH:18]2[O:12][CH3:1]>>[CH3:1][O:12][CH:18]1[c:15]2[cH:8][c:13]([C:19]([CH3:3])([CH3:4])[CH3:5])[cH:7][c:14]([CH2:10][CH2:9][Br:6])[c:16]2[CH2:11][CH:17]1[CH3:2],1,3,0.08
natcomm_144,CO[C:30](=[O:12])[c:36]1[s:29][c:32](-[n:40]2[cH:21][n:25][c:37]3[cH:19][n:24][c:31]([CH2:22][O:27][Si:43]([CH3:7])([CH3:8])[C:41]([CH3:1])([CH3:2])[CH3:3])[cH:20][c:38]32)[cH:17][c:34]1[O:26][CH:39]([CH2:23][O:28][Si:44]([CH3:9])([CH3:10])[C:42]([CH3:4])([CH3:5])[CH3:6])[c:35]1[cH:18][cH:15][cH:14][cH:16][c:33]1[Cl:13].[NH3:11]>>[CH3:1][C:41]([CH3:2])([CH3:3])[Si:43]([CH3:7])([CH3:8])[O:27][CH2:22][c:31]1[cH:20][c:38]2[c:37]([cH:19][n:24]1)[n:25][cH:21][n:40]2-[c:32]1[cH:17][c:34]([O:26][CH:39]([CH2:23][O:28][Si:44]([CH3:9])([CH3:10])[C:42]([CH3:4])([CH3:5])[CH3:6])[c:35]2[cH:18][cH:15][cH:14][cH:16][c:33]2[Cl:13])[c:36]([C:30]([NH2:11])=[O:12])[s:29]1,1,2,0.17
natcomm_145,N#[C:10][CH2:7][c:11]1[cH:6][cH:4][cH:5][n:8][c:12]1[O:9][CH3:1].[OH2:2].[OH2:3]>>[CH3:1][O:9][c:12]1[n:8][cH:5][cH:4][cH:6][c:11]1[CH2:7][C:10](=[O:2])[OH:3],1,3,0.02
natcomm_146,Cl[CH2:15][CH2:13][N:28]([CH3:2])[CH2:14][CH2:16]Cl.[CH3:1][c:25]1[cH:11][c:22]([CH2:17][NH2:29])[cH:12][c:26]2[c:27]1[C:21](=[O:3])[N:30]([CH2:18][c:23]1[cH:7][cH:9][c:24]([O:20][C:31]([F:4])([F:5])[F:6])[cH:10][cH:8]1)[CH2:19]2>>[CH3:1][c:25]1[cH:11][c:22]([CH2:17][N:29]2[CH2:15][CH2:13][N:28]([CH3:2])[CH2:14][CH2:16]2)[cH:12][c:26]2[c:27]1[C:21](=[O:3])[N:30]([CH2:18][c:23]1[cH:7][cH:9][c:24]([O:20][C:31]([F:4])([F:5])[F:6])[cH:10][cH:8]1)[CH2:19]2,1,4,0.10
natcomm_147,C=[CH:4][CH2:7][C:13]1([C:12](=[O:3])[O:11][CH3:1])[CH2:8][CH2:5][O:10][CH2:6][CH2:9]1.[OH2:2].[O]=[Os](=[O])(=[O])=[O]>>[CH3:1][O:11][C:12](=[O:3])[C:13]1([CH2:7][CH:4]=[O:2])[CH2:8][CH2:5][O:10][CH2:6][CH2:9]1,1,2,0.03
natcomm_148,Cl[CH2:12][CH2:11][CH2:13][S:22](Cl)(=[O:5])=[O:6].[CH3:1][C:20]1([CH3:2])[O:14][B:16]([c:17]2[cH:7][cH:9][c:18]([NH2:19])[cH:10][cH:8]2)[O:15][C:21]1([CH3:3])[CH3:4]>>[CH3:1][C:20]1([CH3:2])[O:14][B:16]([c:17]2[cH:7][cH:9][c:18]([N:19]3[CH2:12][CH2:11][CH2:13][S:22]3(=[O:5])=[O:6])[cH:10][cH:8]2)[O:15][C:21]1([CH3:3])[CH3:4],1,4,0.05
natcomm_149,I[CH3:3].[CH3:1][N:30]([CH3:2])[C:19](=[O:4])[c:22]1[cH:9][cH:14][c:28]([NH:31][C:20](=[O:5])[c:23]2[cH:11][c:25]3[c:29]([s:18]2)-[c:27]2[cH:13][cH:8][c:21]([Br:7])[cH:12][c:26]2[O:17][CH2:15][CH2:16]3)[c:24]([Cl:6])[cH:10]1>>[CH3:1][N:30]([CH3:2])[C:19](=[O:4])[c:22]1[cH:9][cH:14][c:28]([N:31]([CH3:3])[C:20](=[O:5])[c:23]2[cH:11][c:25]3[c:29]([s:18]2)-[c:27]2[cH:13][cH:8][c:21]([Br:7])[cH:12][c:26]2[O:17][CH2:15][CH2:16]3)[c:24]([Cl:6])[cH:10]1,1,2,0.08
natcomm_150,CO[C:20](=[O:3])[c:23]1[cH:10][cH:8][c:22]([O:18][CH2:15][CH2:14][NH:17][C:21](=[O:4])[c:24]2[o:19][c:26]3[cH:12][cH:6][cH:7][cH:13][c:27]3[c:25]2[N:28]([CH3:1])[CH3:2])[cH:9][cH:11]1.[OH:5][NH2:16]>>[CH3:1][N:28]([CH3:2])[c:25]1[c:24]([C:21](=[O:4])[NH:17][CH2:14][CH2:15][O:18][c:22]2[cH:8][cH:10][c:23]([C:20](=[O:3])[NH:16][OH:5])[cH:11][cH:9]2)[o:19][c:26]2[cH:12][cH:6][cH:7][cH:13][c:27]12,1,2,0.66
natcomm_151,CO[C:23](=[O:5])[c:29]1[cH:14][cH:8][cH:7][cH:13][c:28]1[NH:22][CH2:17][c:25]1[cH:10][cH:9][n:18][c:27]([NH:21][C:24](=[O:6])[N:33]([CH3:2])[CH3:3])[cH:12]1.[CH3:1][c:30]1[c:32]2[cH:16][cH:11][c:26]([NH2:20])[cH:15][c:31]2[n:19][n:34]1[CH3:4]>>[CH3:1][c:30]1[c:32]2[cH:16][cH:11][c:26]([NH:20][C:23](=[O:5])[c:29]3[cH:14][cH:8][cH:7][cH:13][c:28]3[NH:22][CH2:17][c:25]3[cH:10][cH:9][n:18][c:27]([NH:21][C:24](=[O:6])[N:33]([CH3:2])[CH3:3])[cH:12]3)[cH:15][c:31]2[n:19][n:34]1[CH3:4],1,2,0.10
natcomm_152,O[C:10](=[O:4])[c:11]1[cH:5][cH:7][c:12]([CH:13]([CH3:2])[CH3:3])[cH:8][cH:6]1.[CH3:1][OH:9]>>[CH3:1][O:9][C:10](=[O:4])[c:11]1[cH:5][cH:7][c:12]([CH:13]([CH3:2])[CH3:3])[cH:8][cH:6]1,1,2,0.03
natcomm_153,Br[CH2:13][CH:10]=[CH2:1].[CH3:2][C:20]([CH3:3])([CH3:4])[c:17]1[cH:11][cH:16][cH:12][c:18]([C:21]([CH3:5])([CH3:6])[CH3:7])[c:19]1[OH:8].[S:9]=[C:15]=[S:14]>>[CH2:1]=[CH:10][CH2:13][S:14][C:15](=[S:9])[c:16]1[cH:11][c:17]([C:20]([CH3:2])([CH3:3])[CH3:4])[c:19]([OH:8])[c:18]([C:21]([CH3:5])([CH3:6])[CH3:7])[cH:12]1,1,4,0.15
natcomm_154,CO[C:8](=[O:2])[CH2:6][CH:9]([CH2:4][CH2:3][CH3:1])[CH2:5][N+:7](=O)[O-]>>[CH3:1][CH2:3][CH2:4][CH:9]1[CH2:5][NH:7][C:8](=[O:2])[CH2:6]1,1,4,0.02
natcomm_155,Cl[S:22](Cl)=[O:4].[CH3:1][c:17]1[cH:10][cH:14][c:19]([S:24](=[O:5])(=[O:6])[NH:21][CH:20]([c:18]2[cH:12][cH:8][cH:7][cH:9][cH:13]2)[C:23]([CH3:2])([CH3:3])[OH:16])[cH:15][cH:11]1>>[CH3:1][c:17]1[cH:10][cH:14][c:19]([S:24](=[O:5])(=[O:6])[N:21]2[CH:20]([c:18]3[cH:12][cH:8][cH:7][cH:9][cH:13]3)[C:23]([CH3:2])([CH3:3])[O:16][S:22]2=[O:4])[cH:15][cH:11]1,1,4,0.07
natcomm_156,[CH3:1][O:21][c:32]1[n:19][cH:16][c:31]([C:24](=[O:4])[O:7][c:25]2[cH:10][cH:12][c:26]([N+:35](=[O:5])[O-:6])[cH:13][cH:11]2)[c:33]2[cH:17][c:27]([C:23]([CH3:2])=[O:3])[o:22][c:34]12.[Cl:8][c:28]1[cH:14][n:18][cH:15][c:29]([Cl:9])[c:30]1[NH2:20]>>[CH3:1][O:21][c:32]1[n:19][cH:16][c:31]([C:24](=[O:4])[NH:20][c:30]2[c:28]([Cl:8])[cH:14][n:18][cH:15][c:29]2[Cl:9])[c:33]2[cH:17][c:27]([C:23]([CH3:2])=[O:3])[o:22][c:34]12.[O:5]=[N+:35]([O-:6])[c:26]1[cH:12][cH:10][c:25]([OH:7])[cH:11][cH:13]1,1,2,0.09
natcomm_157,[O:1]=[CH:7][O:2][CH2:14][C:17]([F:4])([F:5])[F:6].[OH:3][NH:16][CH2:13][c:15]1[cH:11][cH:9][cH:8][cH:10][cH:12]1>>[O:1]=[CH:7][N:16]([OH:3])[CH2:13][c:15]1[cH:11][cH:9][cH:8][cH:10][cH:12]1.[OH:2][CH2:14][C:17]([F:4])([F:5])[F:6],1,2,0.02
natcomm_158,O=[CH2:1].[Cl:2][c:22]1[cH:6][cH:9][c:25]2[c:24]([cH:8]1)[CH2:17][N:32]([CH:29]1[CH2:12][CH2:13][NH:30][CH2:14]1)[CH2:18][c:26]1[n:20][n:21][c:27]([CH:28]3[CH2:10][CH2:15][N:31]([c:23]4[cH:7][cH:4][cH:3][cH:5][n:19]4)[CH2:16][CH2:11]3)[n:33]1-2>>[CH3:1][N:30]1[CH2:13][CH2:12][CH:29]([N:32]2[CH2:17][c:24]3[cH:8][c:22]([Cl:2])[cH:6][cH:9][c:25]3-[n:33]3[c:26]([n:20][n:21][c:27]3[CH:28]3[CH2:10][CH2:15][N:31]([c:23]4[cH:7][cH:4][cH:3][cH:5][n:19]4)[CH2:16][CH2:11]3)[CH2:18]2)[CH2:14]1,1,3,1.06
natcomm_159,OOC(c1cccc(Cl)c1)=[O:14].[CH3:1][CH2:8][NH:12][C:16](=[O:4])[n:22]1[n:11][cH:7][c:19]2[cH:6][cH:5][c:17]([O:13][C:15]([CH3:2])=[O:3])[c:18]([CH2:10][CH:21]=[CH2:9])[c:20]21>>[CH3:1][CH2:8][NH:12][C:16](=[O:4])[n:22]1[n:11][cH:7][c:19]2[cH:6][cH:5][c:17]([O:13][C:15]([CH3:2])=[O:3])[c:18]([CH2:10][CH:21]3[CH2:9][O:14]3)[c:20]21,1,3,0.07
natcomm_160,O=C(Cl)[C:25](=[O:2])[Cl:6].O=C(O)[c:28]1[cH:10][cH:8][cH:9][c:27]([CH2:22][n:35]2[cH:16][cH:13][c:30]([NH:24][C:26](=[O:3])[CH:34]([CH2:21][CH:33]3[CH2:19][CH2:17][CH2:18][CH2:20]3)[c:29]3[cH:12][cH:15][c:32]([S:36]([CH3:1])(=[O:4])=[O:5])[c:31]([Cl:7])[cH:14]3)[n:23]2)[cH:11]1>>[CH3:1][S:36](=[O:4])(=[O:5])[c:32]1[cH:15][cH:12][c:29]([CH:34]([CH2:21][CH:33]2[CH2:19][CH2:17][CH2:18][CH2:20]2)[C:26](=[O:3])[NH:24][c:30]2[cH:13][cH:16][n:35]([CH2:22][c:27]3[cH:9][cH:8][cH:10][c:28]([C:25](=[O:2])[Cl:6])[cH:11]3)[n:23]2)[cH:14][c:31]1[Cl:7],1,3,0.18
natcomm_161,CCO[C:10](=[O:2])[c:11]1[cH:6][cH:4][cH:5][n:9][cH:7]1.[N:1]#[C:3][CH3:8]>>[N:1]#[C:3][CH2:8][C:10](=[O:2])[c:11]1[cH:6][cH:4][cH:5][n:9][cH:7]1,1,3,0.03
natcomm_162,O=C1CCC(=O)N1O[C:31](=[O:6])[c:38]1[cH:15][c:35]([Br:7])[c:36]([CH2:20][C:30](=[O:5])[NH:27][N:44]([c:33]2[cH:11][cH:9][c:32]([O:28][CH3:1])[cH:10][cH:12]2)[c:40]2[c:34]([CH3:3])[cH:13][cH:8][cH:16][c:39]2[N:43]2[CH2:25][CH2:18][CH2:17][CH2:19][CH2:26]2)[cH:14][c:37]1[O:29][CH3:2].[CH3:4][N:41]1[CH2:21][CH2:23][NH:42][CH2:24][CH2:22]1>>[CH3:1][O:28][c:32]1[cH:9][cH:11][c:33]([N:44]([NH:27][C:30](=[O:5])[CH2:20][c:36]2[cH:14][c:37]([O:29][CH3:2])[c:38]([C:31](=[O:6])[N:42]3[CH2:23][CH2:21][N:41]([CH3:4])[CH2:22][CH2:24]3)[cH:15][c:35]2[Br:7])[c:40]2[c:34]([CH3:3])[cH:13][cH:8][cH:16][c:39]2[N:43]2[CH2:25][CH2:18][CH2:17][CH2:19][CH2:26]2)[cH:12][cH:10]1,1,2,1.80
natcomm_163,Br[CH2:7][C:5]#[CH:1].[CH3:2][S:9][c:11]1[n:8][c:12]([OH:3])[n:13][cH:6][c:10]1[F:4]>>[CH:1]#[C:5][CH2:7][n:13]1[cH:6][c:10]([F:4])[c:11]([S:9][CH3:2])[n:8][c:12]1=[O:3],1,2,0.01
natcomm_164,CCO[C:15](=[O:1])[CH2:12][c:20]1[o:14][c:18]2[cH:10][cH:6][cH:7][c:16]-2[cH:11][c:19]1-[c:17]1[cH:8][cH:4][cH:3][cH:5][cH:9]1.[OH:2][NH2:13]>>[O:1]=[C:15]([CH2:12][c:20]1[o:14][c:18]2[cH:10][cH:6][cH:7][c:16]-2[cH:11][c:19]1-[c:17]1[cH:8][cH:4][cH:3][cH:5][cH:9]1)[NH:13][OH:2],1,2,0.05
natcomm_165,[O:1]=[C:20]1[O:5][CH:24]2[CH2:16][CH2:17][CH:25]1[N:26]([S:27](=[O:2])(=[O:3])[c:23]1[cH:13][cH:11][c:22]([O:19][CH2:15][c:21]3[cH:9][cH:7][cH:6][cH:8][cH:10]3)[cH:12][cH:14]1)[CH2:18]2.[OH2:4]>>[O:1]=[C:20]([OH:4])[CH:25]1[CH2:17][CH2:16][CH:24]([OH:5])[CH2:18][N:26]1[S:27](=[O:2])(=[O:3])[c:23]1[cH:13][cH:11][c:22]([O:19][CH2:15][c:21]2[cH:9][cH:7][cH:6][cH:8][cH:10]2)[cH:12][cH:14]1,1,2,0.07
natcomm_166,O=C1CCC(=O)N1O[C:16](=[O:2])[O:14][CH2:10][c:17]1[cH:7][cH:5][cH:4][cH:6][cH:8]1.[O:1]=[C:15]([OH:3])[CH:18]1[CH2:11][CH2:9][CH2:12][NH:19][CH2:13]1>>[O:1]=[C:15]([OH:3])[CH:18]1[CH2:11][CH2:9][CH2:12][N:19]([C:16](=[O:2])[O:14][CH2:10][c:17]2[cH:7][cH:5][cH:4][cH:6][cH:8]2)[CH2:13]1,1,2,0.05
natcomm_167,[F:4][c:15]1[cH:6][cH:7][c:16]([F:5])[cH:17][cH:8]1.[O:1]=[C:13]1[O:3][C:14](=[O:2])[c:19]2[cH:10][n:12][n:11][cH:9][c:18]21>>[O:1]=[C:13]([OH:3])[c:18]1[cH:9][n:11][n:12][cH:10][c:19]1[C:14](=[O:2])[c:17]1[cH:8][c:15]([F:4])[cH:6][cH:7][c:16]1[F:5],1,3,0.72
natcomm_168,[CH3:1][CH:39]([CH3:2])[CH2:20][n:44]1[c:34]([N:42]2[CH2:17][CH2:15][NH:41][CH2:16][CH2:18]2)[n:26][c:37]2[c:33]([N:43]3[CH2:19][CH2:13][O:29][CH2:14][CH:40]3[CH3:3])[n:23][c:32](-[c:30]3[cH:9][n:21][c:31]([NH2:4])[n:22][cH:10]3)[n:27][c:38]21.[O:5]=[CH:6][n:25]1[n:28][n:24][c:35]2[cH:11][cH:7][cH:8][cH:12][c:36]12>>[CH3:1][CH:39]([CH3:2])[CH2:20][n:44]1[c:34]([N:42]2[CH2:17][CH2:15][N:41]([CH:6]=[O:5])[CH2:16][CH2:18]2)[n:26][c:37]2[c:33]([N:43]3[CH2:19][CH2:13][O:29][CH2:14][CH:40]3[CH3:3])[n:23][c:32](-[c:30]3[cH:9][n:21][c:31]([NH2:4])[n:22][cH:10]3)[n:27][c:38]21.[cH:7]1[cH:8][cH:12][c:36]2[n:25][nH:28][n:24][c:35]2[cH:11]1,1,2,0.29
natcomm_169,CO[C:26](=[O:4])[c:30]1[cH:8][n:20][c:32]([N:35]2[CH2:17][CH2:11][CH2:15][N:34]([CH2:14][CH3:1])[CH2:16][CH2:18]2)[n:21][cH:9]1.[CH3:2][O:24][c:28]1[cH:5][c:27]([CH2:12][CH2:13][c:31]2[cH:10][c:33]([NH2:22])[n:23][nH:19]2)[cH:6][c:29]([O:25][CH3:3])[cH:7]1>>[CH3:1][CH2:14][N:34]1[CH2:15][CH2:11][CH2:17][N:35]([c:32]2[n:20][cH:8][c:30]([C:26](=[O:4])[NH:22][c:33]3[cH:10][c:31]([CH2:13][CH2:12][c:27]4[cH:5][c:28]([O:24][CH3:2])[cH:7][c:29]([O:25][CH3:3])[cH:6]4)[n:19][nH:23]3)[cH:9][n:21]2)[CH2:18][CH2:16]1,1,2,0.11
natcomm_170,CO[C:18](=[O:2])[CH2:9][C:17](=[O:1])[CH3:15].[CH:3]1=[C:19]([CH2:11][CH2:14][C:21](=[O:16])[CH:20]2[CH2:12][CH2:7][CH2:8][CH2:13]2)[CH2:10][CH2:6][CH2:5][CH2:4]1>>[O:1]=[C:17]1[CH2:9][C:18](=[O:2])[O:16][C:21]([CH2:14][CH2:11][C:19]2=[CH:3][CH2:4][CH2:5][CH2:6][CH2:10]2)([CH:20]2[CH2:12][CH2:7][CH2:8][CH2:13]2)[CH2:15]1,1,4,0.52
natcomm_171,[CH3:1][O:21][CH2:14][CH2:15][O:23][c:32]1[cH:12][c:34]2[n:18][cH:7][n:17][c:33]([O:24][c:28]3[cH:9][cH:6][cH:8][c:27]([NH2:19])[cH:10]3)[c:35]2[cH:13][c:31]1[O:22][CH3:2].c1ccc(O[C:26](=[O:5])[NH:20][c:29]2[cH:11][c:30]([CH:36]([CH3:3])[CH3:4])[o:25][n:16]2)cc1>>[CH3:1][O:21][CH2:14][CH2:15][O:23][c:32]1[cH:12][c:34]2[n:18][cH:7][n:17][c:33]([O:24][c:28]3[cH:9][cH:6][cH:8][c:27]([NH:19][C:26](=[O:5])[NH:20][c:29]4[cH:11][c:30]([CH:36]([CH3:3])[CH3:4])[o:25][n:16]4)[cH:10]3)[c:35]2[cH:13][c:31]1[O:22][CH3:2],1,2,0.14
natcomm_172,O[c:27]1[cH:6][cH:16][c:33]([CH:5]=[O:2])[c:32]([Cl:4])[cH:15]1.[CH3:1][CH2:17][CH2:18][CH2:19][CH2:20][CH:34]1[CH2:21][CH2:23][CH:35]([c:31]2[cH:13][cH:11][c:30](-[c:29]3[cH:9][cH:7][c:28]([C:26](=[O:3])[OH:25])[cH:8][cH:10]3)[cH:12][cH:14]2)[CH2:24][CH2:22]1>>[CH3:1][CH2:17][CH2:18][CH2:19][CH2:20][CH:34]1[CH2:21][CH2:23][CH:35]([c:31]2[cH:13][cH:11][c:30](-[c:29]3[cH:9][cH:7][c:28]([C:26](=[O:3])[O:25][c:27]4[cH:6][cH:16][c:33]([CH:5]=[O:2])[c:32]([Cl:4])[cH:15]4)[cH:8][cH:10]3)[cH:12][cH:14]2)[CH2:24][CH2:22]1,1,2,0.18
natcomm_173,CO[CH:44]=[CH:26][c:34]1[cH:16][cH:18][c:35]([O:29][CH:41]2[CH2:25][CH:43]([C:32](=[O:5])[OH:11])[N:45]([C:33](=[O:6])[CH:42]([CH3:1])[CH2:24][S:30][C:31](=[O:4])[c:36]3[cH:20][cH:14][cH:13][cH:15][cH:21]3)[CH2:27]2)[cH:19][cH:17]1.[CH3:2][NH:46][S:48](=[O:9])(=[O:10])[c:40]1[cH:23][c:39]([S:47]([NH2:3])(=[O:7])=[O:8])[c:37]([Cl:12])[cH:22][c:38]1[NH2:28]>>[CH3:1][CH:42]([CH2:24][S:30][C:31](=[O:4])[c:36]1[cH:20][cH:14][cH:13][cH:15][cH:21]1)[C:33](=[O:6])[N:45]1[CH2:27][CH:41]([O:29][c:35]2[cH:18][cH:16][c:34]([CH2:26][CH:44]3[NH:28][c:38]4[cH:22][c:37]([Cl:12])[c:39]([S:47]([NH2:3])(=[O:7])=[O:8])[cH:23][c:40]4[S:48](=[O:9])(=[O:10])[N:46]3[CH3:2])[cH:17][cH:19]2)[CH2:25][CH:43]1[C:32](=[O:5])[OH:11],1,4,0.24
natcomm_174,I[CH3:1].[CH3:2][C:16]([CH3:3])([CH3:4])[O:12][C:14](=[O:5])[NH:10][CH2:8][CH2:7][CH2:9][NH2:11].[S:6]=[C:15]=[S:13]>>[CH3:1][S:13][C:15](=[S:6])[NH:11][CH2:9][CH2:7][CH2:8][NH:10][C:14](=[O:5])[O:12][C:16]([CH3:2])([CH3:3])[CH3:4],1,3,0.02
natcomm_175,[CH3:1][CH:34]([CH3:2])[c:27]1[cH:19][c:31](-[c:26]2[cH:12][cH:5][cH:13][c:28]([CH:35]=[CH2:22])[cH:14]2)[c:33]2[n:23][cH:7][cH:6][cH:20][c:32]2[cH:21]1.[N-]=[N+]=[C:36]([c:29]1[cH:15][cH:8][c:24]([Cl:3])[cH:9][cH:16]1)[c:30]1[cH:17][cH:10][c:25]([Cl:4])[cH:11][cH:18]1>>[CH3:1][CH:34]([CH3:2])[c:27]1[cH:19][c:31](-[c:26]2[cH:12][cH:5][cH:13][c:28]([CH:35]3[CH2:22][C:36]3([c:29]3[cH:15][cH:8][c:24]([Cl:3])[cH:9][cH:16]3)[c:30]3[cH:17][cH:10][c:25]([Cl:4])[cH:11][cH:18]3)[cH:14]2)[c:33]2[n:23][cH:7][cH:6][cH:20][c:32]2[cH:21]1,1,3,0.24
natcomm_176,O[CH:23]([CH3:1])[CH3:2].[CH3:3][CH:24]([O:16][c:20]1[cH:10][cH:8][c:19]([O:14][c:22]2[cH:13][cH:7][c:18]([Cl:5])[cH:12][c:21]2[Cl:6])[cH:9][cH:11]1)[C:17](=[O:4])[OH:15]>>[CH3:1][CH:23]([CH3:2])[O:15][C:17](=[O:4])[CH:24]([CH3:3])[O:16][c:20]1[cH:10][cH:8][c:19]([O:14][c:22]2[cH:13][cH:7][c:18]([Cl:5])[cH:12][c:21]2[Cl:6])[cH:9][cH:11]1,1,2,0.06
natcomm_177,CO[C:17](=[O:4])[c:18]1[cH:9][cH:7][cH:8][cH:10][c:19]1[CH:21]=[C:22]([CH2:13][CH3:3])[N+:24](=[O:5])[O-:6].[CH3:1][CH2:11][O:15][CH:20]([CH2:14][NH2:23])[O:16][CH2:12][CH3:2]>>[CH3:1][CH2:11][O:15][CH:20]([CH2:14][N:23]1[C:17](=[O:4])[c:18]2[cH:9][cH:7][cH:8][cH:10][c:19]2[CH:21]1[CH:22]([CH2:13][CH3:3])[N+:24](=[O:5])[O-:6])[O:16][CH2:12][CH3:2],1,4,0.10
natcomm_178,CC(C)(C)O[C:27](=[O:4])[CH2:20][C:29](=[O:6])[c:30]1[cH:11][cH:10][cH:13][c:32](-[c:31]2[cH:12][cH:17][c:34]([CH:37]3[CH2:21][CH2:22]3)[n:23][cH:14]2)[cH:15]1.[CH3:1][C:38]([CH3:2])([CH3:3])[O:26][C:28](=[O:5])[NH:25][c:36]1[cH:19][cH:16][c:33]([C:39]([F:7])([F:8])[F:9])[cH:18][c:35]1[NH2:24]>>[CH3:1][C:38]([CH3:2])([CH3:3])[O:26][C:28](=[O:5])[NH:25][c:36]1[cH:19][cH:16][c:33]([C:39]([F:7])([F:8])[F:9])[cH:18][c:35]1[NH:24][C:27](=[O:4])[CH2:20][C:29](=[O:6])[c:30]1[cH:11][cH:10][cH:13][c:32](-[c:31]2[cH:12][cH:17][c:34]([CH:37]3[CH2:21][CH2:22]3)[n:23][cH:14]2)[cH:15]1,1,2,0.17
natcomm_179,I[CH3:3].[CH3:1][O:17][c:22]1[cH:12][cH:9][c:19](-[c:23]2[n:16][s:18][c:27]3[cH:14][cH:10][c:20](-[n:30]4[c:25](=[O:4])[cH:13][c:24]([C:31]([F:6])([F:7])[F:8])[nH:29][c:26]4=[O:5])[cH:15][c:28]23)[cH:11][c:21]1[CH3:2]>>[CH3:1][O:17][c:22]1[cH:12][cH:9][c:19](-[c:23]2[n:16][s:18][c:27]3[cH:14][cH:10][c:20](-[n:30]4[c:25](=[O:4])[cH:13][c:24]([C:31]([F:6])([F:7])[F:8])[n:29]([CH3:3])[c:26]4=[O:5])[cH:15][c:28]23)[cH:11][c:21]1[CH3:2],1,2,0.07
natcomm_180,CO[C:17](=[O:3])[C:19]1=[C:18]([OH:7])[c:21]2[cH:12][cH:8][cH:9][cH:13][c:22]2[S:26](=[O:5])(=[O:6])[N:25]1[CH3:2].[CH3:1][c:20]1[cH:11][cH:10][cH:14][c:23]([NH2:16])[c:24](=[O:4])[cH:15]1>>[CH3:1][c:20]1[cH:11][cH:10][cH:14][c:23]([NH:16][C:17](=[O:3])[C:19]2=[C:18]([OH:7])[c:21]3[cH:12][cH:8][cH:9][cH:13][c:22]3[S:26](=[O:5])(=[O:6])[N:25]2[CH3:2])[c:24](=[O:4])[cH:15]1,1,2,0.05
natcomm_181,O=S(Cl)[Cl:3].O[C:12](=[O:1])[CH:15]1[CH2:8][CH2:10][N:16]([c:14]2[cH:6][cH:4][c:13]([F:2])[cH:5][cH:7]2)[CH2:11][CH2:9]1>>[O:1]=[C:12]([Cl:3])[CH:15]1[CH2:8][CH2:10][N:16]([c:14]2[cH:6][cH:4][c:13]([F:2])[cH:5][cH:7]2)[CH2:11][CH2:9]1,1,3,0.03
natcomm_182,CCO[C:16](=[O:3])[CH:19]1[CH2:12][CH2:13][CH:20]([C:17](=[O:4])[O:15][CH2:10][CH3:1])[N:21]1[CH3:2].[cH:5]1[cH:6][cH:8][c:18]([CH2:11][NH2:14])[cH:9][cH:7]1>>[CH3:1][CH2:10][O:15][C:17](=[O:4])[CH:20]1[CH2:13][CH2:12][CH:19]([C:16](=[O:3])[NH:14][CH2:11][c:18]2[cH:8][cH:6][cH:5][cH:7][cH:9]2)[N:21]1[CH3:2],1,2,0.06
natcomm_183,Br[CH2:11][C:3]#[CH:1].[Cl:2][c:14]1[cH:4][cH:6][c:15](-[c:16]2[cH:8][cH:10][c:17]([OH:13])[n:12][cH:9]2)[cH:7][cH:5]1>>[CH:1]#[C:3][CH2:11][O:13][c:17]1[cH:10][cH:8][c:16](-[c:15]2[cH:6][cH:4][c:14]([Cl:2])[cH:5][cH:7]2)[cH:9][n:12]1,1,2,0.03
natcomm_184,I[CH3:1].[CH3:2][C:11](=[O:5])[N:15]1[CH2:9][C:16]([CH3:3])([CH3:4])[c:14]2[cH:8][c:12]([OH:10])[cH:6][cH:7][c:13]21>>[CH3:1][O:10][c:12]1[cH:6][cH:7][c:13]2[c:14]([cH:8]1)[C:16]([CH3:3])([CH3:4])[CH2:9][N:15]2[C:11]([CH3:2])=[O:5],1,2,0.02
natcomm_185,CCO[C:11](=[O:1])[CH2:8][CH:15]([CH2:7][N+:9](=O)[O-])[c:12]1[cH:5][c:13]2[cH:4][cH:2][cH:3][cH:6][c:14]2[o:10]1>>[O:1]=[C:11]1[CH2:8][CH:15]([c:12]2[cH:5][c:13]3[cH:4][cH:2][cH:3][cH:6][c:14]3[o:10]2)[CH2:7][NH:9]1,1,4,0.04
natcomm_186,I[CH3:2].[CH2:1]=[CH:7][CH2:15][n:26]1[c:22]([NH2:3])[n:16][c:20](-[c:18]2[cH:10][cH:8][cH:9][c:17]([F:6])[cH:11]2)[c:21](-[c:19]2[cH:12][cH:13][c:23]([OH:4])[n:25][cH:14]2)[c:24]1=[O:5]>>[CH2:1]=[CH:7][CH2:15][n:26]1[c:22]([NH2:3])[n:16][c:20](-[c:18]2[cH:10][cH:8][cH:9][c:17]([F:6])[cH:11]2)[c:21](-[c:19]2[cH:12][cH:13][c:23](=[O:4])[n:25]([CH3:2])[cH:14]2)[c:24]1=[O:5],1,2,0.07
natcomm_187,O[C:18](=[O:9])[c:22]1[cH:12][c:21]([O:16][C:17]([CH3:2])=[O:8])[c:23]([CH3:3])[n:13][c:24]1[C:19](=[O:10])[NH:14][C:26]([CH3:6])([C:20]([NH2:7])=[O:11])[CH:25]([CH3:4])[CH3:5].[CH3:1][OH:15]>>[CH3:1][O:15][C:18](=[O:9])[c:22]1[cH:12][c:21]([O:16][C:17]([CH3:2])=[O:8])[c:23]([CH3:3])[n:13][c:24]1[C:19](=[O:10])[NH:14][C:26]([CH3:6])([C:20]([NH2:7])=[O:11])[CH:25]([CH3:4])[CH3:5],1,2,0.05
natcomm_188,O[CH:14]1[CH2:7][CH2:8][N:15]([C:13](=[O:6])[O:10][C:16]([CH3:2])([CH3:3])[CH3:4])[CH2:9]1.[CH3:1][C:12]([OH:5])=[S:11]>>[CH3:1][C:12](=[O:5])[S:11][CH:14]1[CH2:7][CH2:8][N:15]([C:13](=[O:6])[O:10][C:16]([CH3:2])([CH3:3])[CH3:4])[CH2:9]1,1,2,0.04
natcomm_189,CCO[C:31](=[O:7])[C:39]([OH:8])([c:32]1[cH:13][cH:9][cH:11][s:29]1)[c:33]1[cH:14][cH:10][cH:12][s:30]1.[CH3:1][N:38]([CH2:26][CH2:21][CH2:19][CH2:17][CH2:15][CH2:16][CH2:18][CH2:20][CH2:22][O:28][Si:41]([CH3:5])([CH3:6])[C:40]([CH3:2])([CH3:3])[CH3:4])[CH:37]1[CH:34]2[CH2:23][CH2:25][CH:36]1[CH:35]([OH:27])[CH2:24]2>>[CH3:1][N:38]([CH2:26][CH2:21][CH2:19][CH2:17][CH2:15][CH2:16][CH2:18][CH2:20][CH2:22][O:28][Si:41]([CH3:5])([CH3:6])[C:40]([CH3:2])([CH3:3])[CH3:4])[CH:37]1[CH:34]2[CH2:23][CH2:25][CH:36]1[CH:35]([O:27][C:31](=[O:7])[C:39]([OH:8])([c:32]1[cH:13][cH:9][cH:11][s:29]1)[c:33]1[cH:14][cH:10][cH:12][s:30]1)[CH2:24]2,1,2,0.18
natcomm_190,Br[CH2:9][c:15]1[c:14]([C:19]([F:6])([F:7])[F:8])[n:10][n:18]([CH3:1])[c:16]1[O:11][CH:17]([F:4])[F:5].[NH2:2][C:13]([NH2:3])=[S:12]>>[CH3:1][n:18]1[n:10][c:14]([C:19]([F:6])([F:7])[F:8])[c:15]([CH2:9][S:12][C:13](=[NH:2])[NH2:3])[c:16]1[O:11][CH:17]([F:4])[F:5],1,2,0.02
natcomm_191,O=[N:11][O-].[CH3:1][O:13][CH2:10][C:15](=[O:3])[CH2:17][C:16](=[O:4])[O:14][CH3:2].[F:5][c:18]1[cH:8][cH:6][cH:7][cH:9][c:19]1[NH2:12]>>[CH3:1][O:13][CH2:10][C:15](=[O:3])[C:17](=[N:11][NH:12][c:19]1[cH:9][cH:7][cH:6][cH:8][c:18]1[F:5])[C:16](=[O:4])[O:14][CH3:2],1,6,0.03
natcomm_192,I[CH3:2].[CH3:1][O:12][c:15]1[cH:8][cH:4][cH:7][cH:11][c:18]1[N:20]1[S:13][c:16]2[cH:9][cH:5][cH:6][cH:10][c:17]2[CH2:19][C:14]1=[O:3]>>[CH3:1][O:12][c:15]1[cH:8][cH:4][cH:7][cH:11][c:18]1[N:20]1[S:13][c:16]2[cH:9][cH:5][cH:6][cH:10][c:17]2[CH:19]([CH3:2])[C:14]1=[O:3],1,3,0.06
natcomm_193,F[c:12]1[cH:6][c:11]([Cl:4])[cH:7][c:13]([C:10](=[O:3])[O:9][CH3:1])[cH:8]1.[N:2]#[C-:5]>>[CH3:1][O:9][C:10](=[O:3])[c:13]1[cH:7][c:11]([Cl:4])[cH:6][c:12]([C:5]#[N:2])[cH:8]1,1,2,0.02
natcomm_194,O=C(OCc1ccccc1)[NH:21][CH:29]1[N:20]=[C:24]([c:25]2[cH:9][cH:5][cH:4][cH:6][cH:10]2)[c:26]2[cH:11][cH:7][cH:8][cH:12][c:27]2[N:30]([CH3:1])[C:23]1=[S:3].O[C:22](=[O:2])[CH2:16][CH2:19][CH:28]1[CH2:17][CH2:14][CH2:13][CH2:15][CH2:18]1>>[CH3:1][N:30]1[C:23](=[S:3])[CH:29]([NH:21][C:22](=[O:2])[CH2:16][CH2:19][CH:28]2[CH2:17][CH2:14][CH2:13][CH2:15][CH2:18]2)[N:20]=[C:24]([c:25]2[cH:9][cH:5][cH:4][cH:6][cH:10]2)[c:26]2[cH:11][cH:7][cH:8][cH:12][c:27]21,1,3,0.16
natcomm_195,O=C(O)[c:16]1[n:10][cH:5][cH:9][c:15]([CH3:1])[c:17]1[O:11][c:14]1[cH:7][c:12]([Cl:3])[cH:6][c:13]([Br:4])[cH:8]1.[N-]=[N+]=[N-:2]>>[CH3:1][c:15]1[cH:9][cH:5][n:10][c:16]([NH2:2])[c:17]1[O:11][c:14]1[cH:7][c:12]([Cl:3])[cH:6][c:13]([Br:4])[cH:8]1,1,3,0.04
natcomm_196,[Br][Mg][CH3:1].[O:2]=[C:19]1[CH2:13][N:18]([CH:17]([c:15]2[cH:9][cH:5][cH:3][cH:6][cH:10]2)[c:16]2[cH:11][cH:7][cH:4][cH:8][cH:12]2)[CH2:14]1>>[CH3:1][C:19]1([OH:2])[CH2:13][N:18]([CH:17]([c:15]2[cH:9][cH:5][cH:3][cH:6][cH:10]2)[c:16]2[cH:11][cH:7][cH:4][cH:8][cH:12]2)[CH2:14]1,1,2,0.07
natcomm_197,CC1(C)O[C:19](=[O:4])[CH:24]([CH:25]([CH2:12][CH:23]([CH3:2])[CH3:3])[C:20](=[O:5])[N:26]2[CH2:13][CH2:15][N:27]([c:22]3[cH:10][cH:8][c:21]([O:18][CH3:1])[cH:9][cH:11]3)[CH2:16][CH2:14]2)[O:7]1.[OH:6][NH2:17]>>[CH3:1][O:18][c:21]1[cH:8][cH:10][c:22]([N:27]2[CH2:15][CH2:13][N:26]([C:20](=[O:5])[CH:25]([CH2:12][CH:23]([CH3:2])[CH3:3])[CH:24]([OH:7])[C:19](=[O:4])[NH:17][OH:6])[CH2:14][CH2:16]2)[cH:11][cH:9]1,1,3,0.09
natcomm_198,O[N:18]=[C:20]1[CH2:17][C:26]2([CH2:15][CH2:13][N:25]([C:21](=[O:2])[O:19][CH2:12][c:22]3[cH:8][cH:4][cH:3][cH:5][cH:9]3)[CH2:14][CH2:16]2)[c:24]2[cH:11][cH:7][cH:6][cH:10][c:23]21.[OH2:1]>>[O:1]=[C:20]1[CH2:17][C:26]2([CH2:15][CH2:13][N:25]([C:21](=[O:2])[O:19][CH2:12][c:22]3[cH:8][cH:4][cH:3][cH:5][cH:9]3)[CH2:14][CH2:16]2)[c:24]2[cH:11][cH:7][cH:6][cH:10][c:23]2[NH:18]1,1,4,0.09
natcomm_199,O=[C:18]([CH3:1])[CH2:10][CH2:7][C:12](O)=[O:2].[cH:3]1[cH:4][cH:6][c:16]2[c:14]([CH2:8][CH2:9][NH2:17])[cH:13][nH:11][c:15]2[cH:5]1>>[CH3:1][C:18]12[CH2:10][CH2:7][C:12](=[O:2])[N:17]1[CH2:9][CH2:8][c:14]1[c:13]2[nH:11][c:15]2[cH:5][cH:3][cH:4][cH:6][c:16]12,1,6,0.05
natcomm_200,O=[CH:19][c:16]1[cH:9][cH:5][cH:8][c:15]([C:4]#[N:1])[cH:10]1.[O:2]=[C:13]1[O:3][CH2:14][c:18]2[cH:12][cH:7][cH:6][cH:11][c:17]21>>[N:1]#[C:4][c:15]1[cH:8][cH:5][cH:9][c:16]([CH:19]2[C:13](=[O:2])[c:17]3[cH:11][cH:6][cH:7][cH:12][c:18]3[C:14]2=[O:3])[cH:10]1,1,6,0.07
natcomm_201,O=[C:14]([CH2:4]Cl)[C:15](=[N:8][O:9][CH3:2])[C:13](=[O:3])[O:10][CH2:5][CH3:1].[CH2:6]([CH2:7][SH:12])[OH:11]>>[CH3:1][CH2:5][O:10][C:13](=[O:3])[C:15](=[N:8][O:9][CH3:2])[C:14]1=[CH:4][S:12][CH2:7][CH2:6][O:11]1,1,5,0.02
natcomm_202,CN(C)[CH:17]=[O:6].[CH3:1][c:19]1[cH:9][cH:8][c:18]([NH2:22])[cH:10][c:20]1[F:7].[CH3:2][C:23]([CH3:3])([CH3:4])[O:15][C:16](=[O:5])[NH:13][CH2:11][CH:21]1[CH2:12][O:14]1>>[CH3:1][c:19]1[cH:9][cH:8][c:18]([N:22]2[CH2:12][CH:21]([CH2:11][NH:13][C:16](=[O:5])[O:15][C:23]([CH3:2])([CH3:3])[CH3:4])[O:14][C:17]2=[O:6])[cH:10][c:20]1[F:7],1,6,0.07
natcomm_203,[NH3:1].[O-][C:8](=[O:2])[c:10]1[cH:6][c:9]([Br:4])[cH:5][n:7][c:11]1[Cl:3]>>[NH2:1][C:8](=[O:2])[c:10]1[cH:6][c:9]([Br:4])[cH:5][n:7][c:11]1[Cl:3],1,2,0.01
natcomm_204,Br[c:10]1[cH:5][c:11]([CH2:8][OH:3])[cH:7][c:12]([O:9][CH3:1])[cH:6]1.[N:2]#[C-:4]>>[CH3:1][O:9][c:12]1[cH:6][c:10]([C:4]#[N:2])[cH:5][c:11]([CH2:8][OH:3])[cH:7]1,1,2,0.02
natcomm_205,O=[N+:14]([O-])[CH:17]1[CH2:10][N:19]([CH3:3])[CH2:11][CH:18]([CH3:2])[N:20]([CH2:12][c:16]2[cH:8][cH:6][cH:5][cH:7][cH:9]2)[CH2:13]1.O[C:15]([CH3:1])=[O:4]>>[CH3:1][C:15](=[O:4])[NH:14][CH:17]1[CH2:10][N:19]([CH3:3])[CH2:11][CH:18]([CH3:2])[N:20]([CH2:12][c:16]2[cH:8][cH:6][cH:5][cH:7][cH:9]2)[CH2:13]1,1,4,0.05
natcomm_206,Cl[c:27]1[cH:13][cH:11][c:26]([S:31](=[O:5])(=[O:6])[c:29]2[cH:15][cH:10][cH:9][cH:14][c:28]2[F:7])[cH:12][n:25]1.[CH2:1]=[CH:8][Sn:30]([CH2:22][CH2:19][CH2:16][CH3:2])([CH2:23][CH2:20][CH2:17][CH3:3])[CH2:24][CH2:21][CH2:18][CH3:4]>>[CH2:1]=[CH:8][c:27]1[cH:13][cH:11][c:26]([S:31](=[O:5])(=[O:6])[c:29]2[cH:15][cH:10][cH:9][cH:14][c:28]2[F:7])[cH:12][n:25]1.[CH3:2][CH2:16][CH2:19][CH2:22][Sn+:30]([CH2:23][CH2:20][CH2:17][CH3:3])[CH2:24][CH2:21][CH2:18][CH3:4],1,3,0.10
natcomm_207,I[CH2:14]I.[CH3:1][CH2:12][O:16][C:18](=[O:3])[C:24]([OH:4])([CH2:15][C:22](=[CH2:13])[c:21]1[cH:11][c:19]([F:5])[cH:9][cH:10][c:20]1[O:17][CH3:2])[C:23]([F:6])([F:7])[F:8]>>[CH3:1][CH2:12][O:16][C:18](=[O:3])[C:24]([OH:4])([CH2:15][C:22]1([c:21]2[cH:11][c:19]([F:5])[cH:9][cH:10][c:20]2[O:17][CH3:2])[CH2:13][CH2:14]1)[C:23]([F:6])([F:7])[F:8],1,4,0.06
natcomm_208,BrC(Br)(Br)[Br:4].O[CH2:10][CH2:11][C:20]1([CH2:12][O:15][CH3:1])[CH2:13][C:16](=[O:3])[N:19]([CH:18]([CH3:2])[c:17]2[cH:8][cH:6][cH:5][cH:7][cH:9]2)[CH2:14]1>>[CH3:1][O:15][CH2:12][C:20]1([CH2:11][CH2:10][Br:4])[CH2:13][C:16](=[O:3])[N:19]([CH:18]([CH3:2])[c:17]2[cH:8][cH:6][cH:5][cH:7][cH:9]2)[CH2:14]1,1,3,0.05
natcomm_209,Br[c:19]1[cH:6][cH:8][c:21]2[c:23]([cH:10]1)[C:18](=[C:17]1[CH2:11][CH2:15][N:24]([CH3:1])[CH2:16][CH2:12]1)[c:22]1[cH:9][cH:5][cH:4][cH:7][c:20]1[CH2:13][CH2:14]2.[N:2]#[C-:3]>>[CH3:1][N:24]1[CH2:15][CH2:11][C:17](=[C:18]2[c:22]3[cH:9][cH:5][cH:4][cH:7][c:20]3[CH2:13][CH2:14][c:21]3[cH:8][cH:6][c:19]([C:3]#[N:2])[cH:10][c:23]32)[CH2:12][CH2:16]1,1,2,0.12
natcomm_210,O=[C:22]([CH2:14][c:20]1[cH:9][cH:7][c:19]([CH2:13][C:18](=[O:3])[O:17][CH3:1])[cH:8][cH:10]1)[c:21]1[cH:11][cH:5][cH:6][n:15][cH:12]1.[NH4+:16].[O-][CH:4]=[O:2]>>[CH3:1][O:17][C:18](=[O:3])[CH2:13][c:19]1[cH:7][cH:9][c:20]([CH2:14][CH:22]([NH:16][CH:4]=[O:2])[c:21]2[cH:11][cH:5][cH:6][n:15][cH:12]2)[cH:10][cH:8]1,1,5,0.05
natcomm_211,O=[C:20]([CH:17]1[CH2:9][CH2:6][CH2:10][N:18]1[CH2:11][c:16]1[cH:4][cH:2][cH:1][cH:3][cH:5]1)[N:19]1[CH2:12][CH2:7][CH2:8][CH2:13]1.[Mg+][CH2:15][CH3:14]>>[cH:1]1[cH:2][cH:4][c:16]([CH2:11][N:18]2[CH2:10][CH2:6][CH2:9][CH:17]2[C:20]2([N:19]3[CH2:12][CH2:7][CH2:8][CH2:13]3)[CH2:14][CH2:15]2)[cH:5][cH:3]1,1,5,0.07
natcomm_212,O1[C:15](=[O:1])[c:17]2[cH:7][cH:3][cH:4][cH:8][c:18]2[C:16]1=[O:2].[cH:5]1[cH:6][cH:11][c:21]2[c:19]([CH2:12][CH2:13][NH2:22])[cH:9][nH:14][c:20]2[cH:10]1>>[O:1]=[C:15]1[c:17]2[cH:7][cH:3][cH:4][cH:8][c:18]2[C:16](=[O:2])[N:22]1[CH2:13][CH2:12][c:19]1[cH:9][nH:14][c:20]2[cH:10][cH:5][cH:6][cH:11][c:21]12,1,4,0.06
natcomm_213,O[C:17](=[O:4])[CH2:13][CH2:14][C:18](=[O:5])[c:20]1[cH:9][cH:6][cH:8][c:19]([O:16][CH2:15][c:23]2[c:21]([CH3:1])[cH:11][cH:7][cH:12][c:22]2[CH3:2])[cH:10]1.[NH3:3]>>[CH3:1][c:21]1[cH:11][cH:7][cH:12][c:22]([CH3:2])[c:23]1[CH2:15][O:16][c:19]1[cH:8][cH:6][cH:9][c:20]([C:18](=[O:5])[CH2:14][CH2:13][C:17]([NH2:3])=[O:4])[cH:10]1,1,2,0.06
natcomm_214,CCO[C:18](OCC)=[CH:9][C:17](=[O:3])[O:15][CH2:8][CH3:1].[CH3:2][O:13][CH2:7][O:14][CH2:10][c:19]1[cH:6][s:16][c:20]([NH2:12])[c:21]1[S:22](=[O:4])(=[O:5])[NH2:11]>>[CH3:1][CH2:8][O:15][C:17](=[O:3])[CH2:9][C:18]1=[N:11][S:22](=[O:4])(=[O:5])[c:21]2[c:19]([CH2:10][O:14][CH2:7][O:13][CH3:2])[cH:6][s:16][c:20]2[NH:12]1,1,5,0.10
natcomm_215,O[S:29](Cl)(=[O:4])=[O:5].[CH2:13]1[CH2:14][CH:26]1[NH2:19].[CH3:1][CH:27]([CH3:2])[c:25]1[n:17][cH:12][c:24](-[c:22]2[cH:11][cH:6][n:15][c:23]([NH:18][c:20]3[cH:7][cH:9][cH:21][cH:10][cH:8]3)[n:16]2)[n:28]1[CH3:3]>>[CH3:1][CH:27]([CH3:2])[c:25]1[n:17][cH:12][c:24](-[c:22]2[cH:11][cH:6][n:15][c:23]([NH:18][c:20]3[cH:7][cH:9][c:21]([S:29](=[O:4])(=[O:5])[NH:19][CH:26]4[CH2:13][CH2:14]4)[cH:10][cH:8]3)[n:16]2)[n:28]1[CH3:3],1,5,0.09
natcomm_216,O[C:11](=[O:1])[CH:14]([OH:3])[CH:15]([OH:4])[C:12](O)=[O:2].[cH:5]1[cH:6][cH:8][c:13]([CH2:10][NH2:16])[cH:9][cH:7]1>>[O:1]=[C:11]1[CH:14]([OH:3])[CH:15]([OH:4])[C:12](=[O:2])[N:16]1[CH2:10][c:13]1[cH:8][cH:6][cH:5][cH:7][cH:9]1,1,4,0.03
natcomm_217,O1[C:14](=[O:5])[c:16]2[cH:10][cH:7][cH:8][cH:11][c:17]2[C:15]1=[O:6].[CH3:1][CH:21]([CH3:2])[c:18]1[cH:12][cH:9][cH:13][c:19]([CH:22]([CH3:3])[CH3:4])[c:20]1[NH2:23]>>[CH3:1][CH:21]([CH3:2])[c:18]1[cH:12][cH:9][cH:13][c:19]([CH:22]([CH3:3])[CH3:4])[c:20]1[N:23]1[C:14](=[O:5])[c:16]2[cH:10][cH:7][cH:8][cH:11][c:17]2[C:15]1=[O:6],1,4,0.07
natcomm_218,Cl[C:10](=[O:2])[c:11]1[cH:8][cH:6][cH:5][cH:7][cH:9]1.[K+]~[C-:4]#[N:1].[O:3]=[CH2:12]>>[N:1]#[C:4][CH:12]([OH:3])[C:10](=[O:2])[c:11]1[cH:8][cH:6][cH:5][cH:7][cH:9]1,1,4,0.02
natcomm_219,O[C:19](=[O:6])[c:23]1[cH:10][cH:14][c:25]([C:21](=[C:20]2[CH2:16][C:26]([CH3:1])([CH3:2])[CH2:18][C:27]([CH3:3])([CH3:4])[CH2:17]2)[c:24]2[cH:12][cH:8][c:22]([OH:7])[cH:9][cH:13]2)[cH:15][cH:11]1.[NH4+:5]>>[CH3:1][C:26]1([CH3:2])[CH2:16][C:20](=[C:21]([c:24]2[cH:12][cH:8][c:22]([OH:7])[cH:9][cH:13]2)[c:25]2[cH:14][cH:10][c:23]([C:19]([NH2:5])=[O:6])[cH:11][cH:15]2)[CH2:17][C:27]([CH3:3])([CH3:4])[CH2:18]1,1,2,0.10
natcomm_220,O=[CH:19][c:15]1[cH:8][cH:5][cH:9][c:16]([N+:20](=[O:3])[O-:4])[cH:10]1.[O:1]=[C:13]1[O:2][CH2:14][c:18]2[cH:12][cH:7][cH:6][cH:11][c:17]21>>[O:1]=[C:13]1[c:17]2[cH:11][cH:6][cH:7][cH:12][c:18]2[C:14](=[O:2])[CH:19]1[c:15]1[cH:8][cH:5][cH:9][c:16]([N+:20](=[O:3])[O-:4])[cH:10]1,1,6,0.05
natcomm_221,Br[c:14]1[cH:6][n:9][n:18]([CH3:4])[c:17]1-[c:15]1[cH:7][c:13]([C:12](=[O:5])[O:10][CH3:2])[s:11][c:16]1[CH2:8][CH3:1].CB1OB(C)OB([CH3:3])O1>>[CH3:1][CH2:8][c:16]1[s:11][c:13]([C:12](=[O:5])[O:10][CH3:2])[cH:7][c:15]1-[c:17]1[c:14]([CH3:3])[cH:6][n:9][n:18]1[CH3:4],1,3,0.05
natcomm_222,N[c:14]1[cH:11][c:12]([N+:15](=[O:4])[O-:7])[cH:9][cH:10][c:13]1[C:16]([CH3:1])([CH3:2])[CH3:3].O=N[O-].[ClH:8].[O-][S:17](=[O:5])[O-:6]>>[CH3:1][C:16]([CH3:2])([CH3:3])[c:13]1[cH:10][cH:9][c:12]([N+:15](=[O:4])[O-:7])[cH:11][c:14]1[S:17](=[O:5])(=[O:6])[Cl:8],1,4,0.03
natcomm_223,O[C:11](=[O:1])[CH2:8][CH:16]([CH2:9][C:12](O)=[O:2])[c:15]1[c:13]([Cl:3])[cH:6][cH:5][cH:7][c:14]1[Cl:4].[NH4+:10]>>[O:1]=[C:11]1[CH2:8][CH:16]([c:15]2[c:13]([Cl:3])[cH:6][cH:5][cH:7][c:14]2[Cl:4])[CH2:9][C:12](=[O:2])[NH:10]1,1,4,0.02
natcomm_224,I[CH2:15][CH2:13][CH2:11][CH3:1].I[CH2:16][CH2:14][CH2:12][CH3:2].[NH2:3][c:17]1[cH:5][cH:7][c:19]2[c:21]([cH:9]1)[CH2:23][c:22]1[cH:10][c:18]([Br:4])[cH:6][cH:8][c:20]1-2>>[CH3:1][CH2:11][CH2:13][CH2:15][C:23]1([CH2:16][CH2:14][CH2:12][CH3:2])[c:21]2[cH:9][c:17]([NH2:3])[cH:5][cH:7][c:19]2-[c:20]2[cH:8][cH:6][c:18]([Br:4])[cH:10][c:22]21,1,6,0.08
natcomm_225,Br[C:13](Br)(Br)[c:15]1[cH:6][n:10][c:17]([Br:5])[c:16]([C:14](=[O:4])[O:12][CH2:9][CH3:2])[cH:7]1.[CH3:1][CH2:8][OH:11].[OH2:3]>>[CH3:1][CH2:8][O:11][C:13](=[O:3])[c:15]1[cH:6][n:10][c:17]([Br:5])[c:16]([C:14](=[O:4])[O:12][CH2:9][CH3:2])[cH:7]1,1,5,0.18
natcomm_226,Cl[CH3:4].Cl[S:27](Cl)(=[O:5])=[O:6].[CH3:1][CH:25]([CH3:2])[S:28](=[O:7])(=[O:8])[NH:20][CH2:18][C:26]([CH3:3])([F:9])[c:24]1[cH:16][cH:12][c:22](-[c:23]2[cH:14][cH:10][cH:11][c:21]([NH2:19])[cH:15]2)[cH:13][cH:17]1>>[CH3:1][CH:25]([CH3:2])[S:28](=[O:7])(=[O:8])[NH:20][CH2:18][C:26]([CH3:3])([F:9])[c:24]1[cH:16][cH:12][c:22](-[c:23]2[cH:14][cH:10][cH:11][c:21]([NH:19][S:27]([CH3:4])(=[O:5])=[O:6])[cH:15]2)[cH:13][cH:17]1,1,5,0.07
natcomm_227,O[C:14]([CH3:2])([CH3:3])[CH3:4].[CH3:1][c:12]1[cH:8][cH:6][cH:7][n:9][c:13]1[C:11]#[N:10].[OH2:5]>>[CH3:1][c:12]1[cH:8][cH:6][cH:7][n:9][c:13]1[C:11](=[O:5])[NH:10][C:14]([CH3:2])([CH3:3])[CH3:4],1,3,0.03
natcomm_228,O=[C:15]([CH3:3])[CH2:9][CH2:8][C:10](O)=[O:5].[CH3:1][c:11]1[cH:6][c:12]([CH3:2])[c:14]([NH2:16])[cH:7][c:13]1[NH2:4]>>[CH3:1][c:11]1[cH:6][c:12]([CH3:2])[c:14]([N:16]2[C:10](=[O:5])[CH2:8][CH2:9][CH:15]2[CH3:3])[cH:7][c:13]1[NH2:4],1,5,0.04
natcomm_229,CCOC(C)(OCC)O[CH2:15][CH3:1].[CH2:2]1[CH2:3][CH2:8][CH:19]([NH2:13])[CH2:9][CH2:4]1.[CH2:5]1[CH:16]2[CH2:6][CH:18]3[CH2:7][CH:17]1[CH2:11][C:20]([NH2:14])([CH2:10]2)[CH2:12]3>>[CH3:1][C:15](=[N:13][CH:19]1[CH2:8][CH2:3][CH2:2][CH2:4][CH2:9]1)[NH:14][C:20]12[CH2:10][CH:16]3[CH2:5][CH:17]([CH2:7][CH:18]([CH2:6]3)[CH2:12]1)[CH2:11]2,1,5,0.09
natcomm_230,Cl[C:27](Cl)=[O:6].[CH3:1][O:26][c:31]1[c:29]([NH2:23])[cH:12][c:28]([C:39]([CH3:2])([CH3:3])[CH3:4])[cH:13][c:30]1[NH:25][S:40]([CH3:5])(=[O:7])=[O:8].[cH:9]1[cH:10][cH:19][c:36]2[c:33](-[n:38]3[cH:21][cH:16][c:34]4[cH:17][n:22][cH:11][cH:20][c:37]43)[cH:15][cH:14][c:32]([NH2:24])[c:35]2[cH:18]1>>[CH3:1][O:26][c:31]1[c:29]([NH:23][C:27](=[O:6])[NH:24][c:32]2[cH:14][cH:15][c:33](-[n:38]3[cH:21][cH:16][c:34]4[cH:17][n:22][cH:11][cH:20][c:37]43)[c:36]3[cH:19][cH:10][cH:9][cH:18][c:35]23)[cH:12][c:28]([C:39]([CH3:2])([CH3:3])[CH3:4])[cH:13][c:30]1[NH:25][S:40]([CH3:5])(=[O:7])=[O:8],1,4,0.18
natcomm_231,O1[C:13](=[O:1])[c:17]2[cH:9][cH:4][cH:5][cH:10][c:18]2[C:14]1=[O:2].[F:3][c:15]1[cH:7][n:11][cH:6][cH:8][c:16]1[NH:12][NH2:19]>>[O:1]=[C:13]1[c:17]2[cH:9][cH:4][cH:5][cH:10][c:18]2[C:14](=[O:2])[N:19]1[NH:12][c:16]1[cH:8][cH:6][n:11][cH:7][c:15]1[F:3],1,4,0.04
natcomm_232,O[C:9](=[O:2])[c:10]1[cH:6][cH:8][c:12]([N+:13](=[O:3])[O-:4])[c:11]([F:5])[cH:7]1.[NH4+:1]>>[NH2:1][C:9](=[O:2])[c:10]1[cH:6][cH:8][c:12]([N+:13](=[O:3])[O-:4])[c:11]([F:5])[cH:7]1,1,2,0.02
natcomm_233,Br[c:31]1[cH:13][c:28]([C:26](=[O:6])[O:23][CH2:17][c:27]2[cH:11][cH:9][cH:8][cH:10][cH:12]2)[c:30]([CH3:3])[c:33]2[nH:21][c:29]3[c:32]([c:34]12)[CH2:18][CH2:16][O:24][C:35]3([CH2:19][CH2:14][CH3:1])[CH2:20][C:25](=[O:5])[O:22][CH2:15][CH3:2].[Cu+]~[C-:7]#[N:4]>>[CH3:1][CH2:14][CH2:19][C:35]1([CH2:20][C:25](=[O:5])[O:22][CH2:15][CH3:2])[O:24][CH2:16][CH2:18][c:32]2[c:29]1[nH:21][c:33]1[c:30]([CH3:3])[c:28]([C:26](=[O:6])[O:23][CH2:17][c:27]3[cH:11][cH:9][cH:8][cH:10][cH:12]3)[cH:13][c:31]([C:7]#[N:4])[c:34]21,1,2,0.13
natcomm_234,O=[CH:23][C:16](=[O:3])[OH:4].[CH3:1][O:14][c:19]1[cH:9][cH:7][c:17]([CH:24]=[CH2:12])[cH:10][c:20]1[O:15][CH3:2].[I:5][c:18]1[cH:8][cH:6][cH:11][cH:21][c:22]1[NH2:13]>>[CH3:1][O:14][c:19]1[cH:9][cH:7][c:17]([CH:24]2[CH2:12][CH:23]([C:16](=[O:3])[OH:4])[NH:13][c:22]3[c:18]([I:5])[cH:8][cH:6][cH:11][c:21]32)[cH:10][c:20]1[O:15][CH3:2],1,5,0.07
natcomm_235,C[Si](C)(C)[C:6]#[N:2].ClC(Cl)Cl.Cl[CH2:13][CH:9]=[CH2:1].[N:3]#[C:7][C:18]([C:8]#[N:4])=[CH:17][c:15]1[cH:10][cH:12][c:16]([Cl:5])[n:14][cH:11]1>>[CH2:1]=[CH:9][CH2:13][C:18]([C:7]#[N:3])([C:8]#[N:4])[CH:17]([C:6]#[N:2])[c:15]1[cH:10][cH:12][c:16]([Cl:5])[n:14][cH:11]1,1,4,0.06
natcomm_236,O1[C:19](=[O:5])[c:25]2[cH:12][cH:8][c:21]([CH3:3])[cH:13][c:26]2[C:20]1=[O:6].[CH3:1][CH2:14][O:17][c:24]1[cH:11][c:22]([CH:27]([CH2:15][C:18](=[O:4])[OH:7])[NH2:28])[cH:9][cH:10][c:23]1[O:16][CH3:2]>>[CH3:1][CH2:14][O:17][c:24]1[cH:11][c:22]([CH:27]([CH2:15][C:18](=[O:4])[OH:7])[N:28]2[C:19](=[O:5])[c:25]3[cH:12][cH:8][c:21]([CH3:3])[cH:13][c:26]3[C:20]2=[O:6])[cH:9][cH:10][c:23]1[O:16][CH3:2],1,4,0.08
natcomm_237,O[C:18](=[O:6])[CH2:15][n:28]1[c:23](-[c:21]2[cH:11][cH:9][c:19]([O:17][CH3:3])[cH:10][c:20]2[Cl:8])[n:16][n:29]2[c:24]([CH3:4])[cH:12][c:22]([CH:27]([CH2:13][CH3:1])[CH2:14][CH3:2])[c:26]2[c:25]1=[O:7].[NH3:5]>>[CH3:1][CH2:13][CH:27]([CH2:14][CH3:2])[c:22]1[cH:12][c:24]([CH3:4])[n:29]2[n:16][c:23](-[c:21]3[cH:11][cH:9][c:19]([O:17][CH3:3])[cH:10][c:20]3[Cl:8])[n:28]([CH2:15][C:18]([NH2:5])=[O:6])[c:25](=[O:7])[c:26]12,1,2,0.07
natcomm_238,O[C:13](=[O:4])[c:18]1[c:17]([Cl:6])[c:14]([Cl:5])[cH:7][c:19]2[n:8][c:15]([O:11][CH3:2])[c:16]([O:12][CH3:3])[n:9][c:20]12.[CH3:1][NH2:10]>>[CH3:1][NH:10][C:13](=[O:4])[c:18]1[c:17]([Cl:6])[c:14]([Cl:5])[cH:7][c:19]2[n:8][c:15]([O:11][CH3:2])[c:16]([O:12][CH3:3])[n:9][c:20]12,1,2,0.03
natcomm_239,Br[c:12]1[cH:4][cH:5][c:13]2[c:15]([c:14]1[O:10][CH3:1])[O:11][CH2:8][CH:17]1[CH:16]2[CH2:7][CH2:6][CH2:9][N:18]1[CH3:3].I[CH3:2]>>[CH3:1][O:10][c:14]1[c:12]([CH3:2])[cH:4][cH:5][c:13]2[c:15]1[O:11][CH2:8][CH:17]1[CH:16]2[CH2:7][CH2:6][CH2:9][N:18]1[CH3:3],1,3,0.03
natcomm_240,Br[c:15]1[cH:9][cH:5][cH:8][n:13][cH:10]1.N#[C:14][c:16]1[cH:11][cH:6][cH:7][cH:12][c:17]1[C:18]([F:2])([F:3])[F:4].[OH2:1]>>[O:1]=[C:14]([c:15]1[cH:9][cH:5][cH:8][n:13][cH:10]1)[c:16]1[cH:11][cH:6][cH:7][cH:12][c:17]1[C:18]([F:2])([F:3])[F:4],1,4,0.04
natcomm_241,Cl[C:2](=[O:1])[CH2:16][CH2:14][CH2:12][CH2:10][CH2:8][CH2:9][CH2:11][CH2:13][CH2:15][CH2:17][O:19][c:20]1[cH:6][cH:4][cH:3][cH:5][cH:7]1.[N-]=[N+]=[N-:18]>>[O:1]=[C:2]=[N:18][CH2:16][CH2:14][CH2:12][CH2:10][CH2:8][CH2:9][CH2:11][CH2:13][CH2:15][CH2:17][O:19][c:20]1[cH:6][cH:4][cH:3][cH:5][cH:7]1,1,5,0.05
natcomm_242,Cl[CH:15]1[CH2:8][CH2:10][N:16]([CH3:1])[CH2:11][CH2:9]1.N#[C:12][c:14]1[cH:7][cH:5][cH:4][cH:6][c:13]1[F:3].[OH2:2]>>[CH3:1][N:16]1[CH2:10][CH2:8][CH:15]([C:12](=[O:2])[c:14]2[cH:7][cH:5][cH:4][cH:6][c:13]2[F:3])[CH2:9][CH2:11]1,1,4,0.03
natcomm_243,CCO[C:11](OCC)(OCC)[CH3:1].[OH:2][CH2:3][C:10]([CH2:4][OH:7])([CH2:5][OH:8])[CH2:6][OH:9]>>[CH3:1][C:11]12[O:7][CH2:4][C:10]([CH2:3][OH:2])([CH2:5][O:8]1)[CH2:6][O:9]2,1,6,0.46
natcomm_244,I[CH3:3].[CH3:1][C:15](=[O:4])[c:18]1[cH:9][cH:13][c:22]2[c:21]([cH:12]1)[C:17]([c:20]1[cH:11][cH:8][cH:7][cH:10][c:19]1[F:6])=[N:14][CH:23]([CH3:2])[C:16](=[O:5])[NH:24]2>>[CH3:1][C:15](=[O:4])[c:18]1[cH:9][cH:13][c:22]2[c:21]([cH:12]1)[C:17]([c:20]1[cH:11][cH:8][cH:7][cH:10][c:19]1[F:6])=[N:14][CH:23]([CH3:2])[C:16](=[O:5])[N:24]2[CH3:3],1,2,0.05
natcomm_245,Cl[P:21](Cl)(=[O:3])[S:16][CH2:12][CH2:10][CH3:1].[CH3:2][CH2:11][NH2:14].[F:4][C:18]1([F:5])[CH2:13][CH:17]([OH:15])[C:19]([F:6])([F:7])[C:20]1([F:8])[F:9]>>[CH3:1][CH2:10][CH2:12][S:16][P:21](=[O:3])([NH:14][CH2:11][CH3:2])[O:15][CH:17]1[CH2:13][C:18]([F:4])([F:5])[C:20]([F:8])([F:9])[C:19]1([F:6])[F:7],1,4,0.02
natcomm_246,F[c:12]1[cH:8][cH:7][c:11]([Br:6])[cH:9][c:13]1[C:14]([F:3])([F:4])[F:5].N#[C-:10]~[K+].[OH2:1].[OH2:2]>>[O:1]=[C:10]([OH:2])[c:12]1[cH:8][cH:7][c:11]([Br:6])[cH:9][c:13]1[C:14]([F:3])([F:4])[F:5],1,5,0.03
natcomm_247,Cl[P:22](Cl)(Cl)=[O:5].[NH3:1].[NH3:2].[O:3]=[C:17]([NH:15][CH:20]1[CH2:13][CH2:11][CH2:14][NH:21][C:18]1=[O:4])[O:16][CH2:12][c:19]1[cH:9][cH:7][cH:6][cH:8][cH:10]1>>[NH2:1][P:22]([NH2:2])(=[O:5])[N:21]1[CH2:14][CH2:11][CH2:13][CH:20]([NH:15][C:17](=[O:3])[O:16][CH2:12][c:19]2[cH:9][cH:7][cH:6][cH:8][cH:10]2)[C:18]1=[O:4],1,6,0.04
natcomm_248,CC(O[CH2:8][c:9]1[cH:4][cH:6][c:10]([N+:11](=[O:1])[O-:2])[cH:7][cH:5]1)=[S:3]>>[O:1]=[N+:11]([O-:2])[c:10]1[cH:6][cH:4][c:9]([CH2:8][SH:3])[cH:5][cH:7]1,1,3,0.02
natcomm_249,Cl[S:27](Cl)=[O:1].[O-][I+3]([O-])([O-])[O-:2].[cH:3]1[cH:5][cH:9][c:23]([CH2:13][O:19][CH2:17][CH:25]([CH2:15][CH2:16][CH:26]([CH2:18][O:20][CH2:14][c:24]2[cH:11][cH:7][cH:4][cH:8][cH:12]2)[OH:22])[OH:21])[cH:10][cH:6]1>>[O:1]=[S:27]1(=[O:2])[O:21][CH:25]([CH2:17][O:19][CH2:13][c:23]2[cH:9][cH:5][cH:3][cH:6][cH:10]2)[CH2:15][CH2:16][CH:26]([CH2:18][O:20][CH2:14][c:24]2[cH:11][cH:7][cH:4][cH:8][cH:12]2)[O:22]1,1,6,0.09
natcomm_250,O=[N+]([O-])[c:20]1[cH:9][cH:7][cH:6][cH:8][c:19]1[CH2:14][NH:23][CH:21]1[CH2:10][CH2:12][N:22]([C:17](=[O:4])[O:16][C:24]([CH3:1])([CH3:2])[CH3:3])[CH2:13][CH2:11]1.c1cn([C:18](=[O:5])[n:15]2ccnc2)cn1>>[CH3:1][C:24]([CH3:2])([CH3:3])[O:16][C:17](=[O:4])[N:22]1[CH2:12][CH2:10][CH:21]([N:23]2[CH2:14][c:19]3[cH:8][cH:6][cH:7][cH:9][c:20]3[NH:15][C:18]2=[O:5])[CH2:11][CH2:13]1,1,6,1.57
natcomm_251,CCO[C:29](=[O:9])[C:38]([CH2:18][CH2:15][CH2:14][CH2:17][O:22][c:30]1[cH:10][cH:12][c:31]([C:27](=[O:7])[O:20][CH3:2])[cH:13][cH:11]1)([CH2:19][c:32]1[c:33]([O:23][CH3:3])[c:34]([O:24][CH3:4])[c:35]([O:25][CH3:5])[c:36]([O:26][CH3:6])[c:37]1Br)[C:28](=[O:8])[O:21][CH2:16][CH3:1]>>[CH3:1][CH2:16][O:21][C:28](=[O:8])[C:38]1([CH2:18][CH2:15][CH2:14][CH2:17][O:22][c:30]2[cH:10][cH:12][c:31]([C:27](=[O:7])[O:20][CH3:2])[cH:13][cH:11]2)[CH2:19][c:32]2[c:33]([O:23][CH3:3])[c:34]([O:24][CH3:4])[c:35]([O:25][CH3:5])[c:36]([O:26][CH3:6])[c:37]2[C:29]1=[O:9],1,3,0.17
natcomm_252,Br[c:12]1[cH:4][cH:5][c:13]([NH2:2])[c:14]([C:11](=[O:3])[O:10][CH2:6][CH3:1])[n:9]1.OB(O)[CH:15]1[CH2:7][CH2:8]1>>[CH3:1][CH2:6][O:10][C:11](=[O:3])[c:14]1[n:9][c:12]([CH:15]2[CH2:7][CH2:8]2)[cH:4][cH:5][c:13]1[NH2:2],1,3,0.03
natcomm_253,O=[C:26]([CH3:1])[CH3:2].O=[CH2:3].[N:4]#[C:5][CH2:16][CH:24]1[CH2:19][CH:27]([NH2:29])[CH2:18][CH2:17][CH:25]1[N:28]([CH2:20][c:22]1[cH:12][cH:8][cH:6][cH:9][cH:13]1)[CH2:21][c:23]1[cH:14][cH:10][cH:7][cH:11][cH:15]1>>[CH3:1][CH:26]([CH3:2])[N:29]([CH3:3])[CH:27]1[CH2:18][CH2:17][CH:25]([N:28]([CH2:20][c:22]2[cH:12][cH:8][cH:6][cH:9][cH:13]2)[CH2:21][c:23]2[cH:14][cH:10][cH:7][cH:11][cH:15]2)[CH:24]([CH2:16][C:5]#[N:4])[CH2:19]1,1,6,0.18
natcomm_254,Br[c:28]1[cH:16][c:23]([CH2:17][O:21][CH:32]([c:30]2[s:22][c:26](-[c:24]3[cH:11][cH:13][c:25]([C:33]([F:3])([F:4])[F:5])[cH:14][cH:12]3)[n:20][c:29]2[CH3:1])[C:34]([F:6])([F:7])[F:8])[cH:10][cH:15][c:27]1[C:9]#[N:2].OB(O)[CH:31]1[CH2:18][CH2:19]1>>[CH3:1][c:29]1[n:20][c:26](-[c:24]2[cH:11][cH:13][c:25]([C:33]([F:3])([F:4])[F:5])[cH:14][cH:12]2)[s:22][c:30]1[CH:32]([O:21][CH2:17][c:23]1[cH:10][cH:15][c:27]([C:9]#[N:2])[c:28]([CH:31]2[CH2:18][CH2:19]2)[cH:16]1)[C:34]([F:6])([F:7])[F:8],1,3,0.14
natcomm_255,Br[c:16]1[cH:13][c:21]2[c:19]([cH:11][c:17]1[NH:14][C:15](=[O:5])[C:22]([CH3:2])([CH3:3])[CH3:4])-[c:18]1[cH:10][cH:8][cH:9][cH:12][c:20]1[S:23]2(=[O:6])=[O:7].I[CH3:1]>>[CH3:1][c:16]1[cH:13][c:21]2[c:19]([cH:11][c:17]1[NH:14][C:15](=[O:5])[C:22]([CH3:2])([CH3:3])[CH3:4])-[c:18]1[cH:10][cH:8][cH:9][cH:12][c:20]1[S:23]2(=[O:6])=[O:7],1,3,0.95
natcomm_256,O=[C:16]([CH3:1])[CH3:2].O=[CH2:3].[CH3:4][C:19]([CH3:5])([CH3:6])[O:13][C:14](=[O:7])[NH:12][CH:15]1[CH2:8][CH2:10][CH:17]([NH2:18])[CH2:11][CH2:9]1>>[CH3:1][CH:16]([CH3:2])[N:18]([CH3:3])[CH:17]1[CH2:10][CH2:8][CH:15]([NH:12][C:14](=[O:7])[O:13][C:19]([CH3:4])([CH3:5])[CH3:6])[CH2:9][CH2:11]1,1,6,0.06
natcomm_257,[CH3:1][CH2:11][SiH:16]([CH2:12][CH3:2])[CH2:13][CH3:3].[CH3:4][O:14][C:15](=[O:6])[CH2:10][CH2:9][C:8](=[O:5])[Cl:7]>>[CH3:1][CH2:11][Si:16]([Cl:7])([CH2:12][CH3:2])[CH2:13][CH3:3].[CH3:4][O:14][C:15](=[O:6])[CH2:10][CH2:9][CH:8]=[O:5],1,3,0.03
natcomm_258,O=C[c:8]1[cH:5][cH:4][cH:6][c:9]([O:7][CH3:1])[c:10]1[OH:3].OO.O[OH:2]>>[CH3:1][O:7][c:9]1[cH:6][cH:4][cH:5][c:8]([OH:2])[c:10]1[OH:3],1,3,0.06
natcomm_259,[N-]=[N+]=[N:6][c:8]1[cH:4][cH:2][cH:3][cH:5][c:9]1[N+:10]([O-:1])=[O:7]>>[O-:1][n+:10]1[o:7][n:6][c:8]2[cH:4][cH:2][cH:3][cH:5][c:9]21,1,2,0.01
natcomm_260,Cl[C:13](=[O:1])[c:15]1[cH:8][cH:6][c:14]([Br:2])[cH:7][cH:9]1.[Br:3][c:16]1[cH:10][cH:4][cH:5][cH:11][c:17]1[NH2:12]>>[O:1]=[C:13]([NH:12][c:17]1[cH:11][cH:5][cH:4][cH:10][c:16]1[Br:3])[c:15]1[cH:8][cH:6][c:14]([Br:2])[cH:7][cH:9]1,1,2,0.04
natcomm_261,CC(=O)OC(C)=O.O[CH2:8][CH2:6][CH2:5][CH2:7][CH2:9][OH:11].[CH3:1][C:12](=[O:3])[O:10][C:13]([CH3:2])=[O:4]>>[CH3:1][C:12](=[O:3])[O:10][CH2:8][CH2:6][CH2:5][CH2:7][CH2:9][O:11][C:13]([CH3:2])=[O:4],1,4,0.13
natcomm_262,CC(=O)O[CH2:1][CH2:3][CH2:5][CH2:4][CH2:2]OC(C)=O>>[CH2:1]=[CH:3][CH2:5][CH:4]=[CH2:2],1,4,0.04
natcomm_263,Cl[CH:7]([CH3:5])[O:6][CH2:4][CH3:1].[Br:2][Br:3]>>[CH3:1][CH2:4][O:6][CH:7]([Br:3])[CH2:5][Br:2],1,5,0.01
natcomm_264,Cl[C:13](=[O:1])[c:16]1[cH:11][cH:7][cH:6][cH:10][c:15]1[I:2].[cH:3]1[cH:4][cH:8][c:14]([NH2:12])[cH:9][cH:5]1>>[O:1]=[C:13]([NH:12][c:14]1[cH:8][cH:4][cH:3][cH:5][cH:9]1)[c:16]1[cH:11][cH:7][cH:6][cH:10][c:15]1[I:2],1,2,0.03
natcomm_265,Cl[S:12](=[O:3])(=[O:4])[c:11]1[cH:7][cH:5][c:10]([CH3:1])[cH:6][cH:8]1.[NH2:2][NH2:9]>>[CH3:1][c:10]1[cH:5][cH:7][c:11]([S:12](=[O:3])(=[O:4])[NH:9][NH2:2])[cH:8][cH:6]1,1,2,0.01
natcomm_266,Cl[Si:11]([CH3:5])([CH3:6])[C:10]([CH3:2])([CH3:3])[CH3:4].[CH2:1]=[CH:7][CH2:8][OH:9]>>[CH2:1]=[CH:7][CH2:8][O:9][Si:11]([CH3:5])([CH3:6])[C:10]([CH3:2])([CH3:3])[CH3:4],1,2,0.01
natcomm_267,CC1(C)OB([B:13]2[O:11][C:17]([CH3:1])([CH3:2])[C:18]([CH3:3])([CH3:4])[O:12]2)OC1(C)C.N[c:14]1[cH:7][cH:9][c:15]([N+:16](=[O:5])[O-:6])[cH:10][cH:8]1.O=N[O-]>>[CH3:1][C:17]1([CH3:2])[O:11][B:13]([c:14]2[cH:7][cH:9][c:15]([N+:16](=[O:5])[O-:6])[cH:10][cH:8]2)[O:12][C:18]1([CH3:3])[CH3:4],1,3,0.16
natcomm_268,CC(C)(C)OOC(C)(C)C.[O:1]=[CH:15][c:17]1[cH:10][cH:6][cH:3][cH:7][cH:11]1.[cH:2]1[cH:4][cH:8][c:16]([CH2:13][CH2:12][NH2:14])[cH:9][cH:5]1>>[O:1]=[C:15]([NH:14][CH2:12][CH2:13][c:16]1[cH:8][cH:4][cH:2][cH:5][cH:9]1)[c:17]1[cH:10][cH:6][cH:3][cH:7][cH:11]1,1,2,0.07
natcomm_269,Cl[S:20](=[O:3])(=[O:4])[c:17]1[cH:10][cH:8][c:16]([CH3:1])[cH:9][cH:11]1.O=C([O-])[O-].[O:2]=[C:15]([OH:5])[c:19]1[cH:13][cH:7][cH:6][cH:12][c:18]1[NH2:14]>>[CH3:1][c:16]1[cH:8][cH:10][c:17]([S:20](=[O:3])(=[O:4])[NH:14][c:18]2[cH:12][cH:6][cH:7][cH:13][c:19]2[C:15](=[O:2])[O-:5])[cH:11][cH:9]1,1,2,0.20
natcomm_270,Br[c:14]1[cH:6][cH:8][c:15]([O:11][CH3:1])[cH:9][cH:7]1.C1CCC([N-]C2CCCCC2)CC1.[CH3:2][C:16]([CH3:3])([CH3:4])[O:12][C:13](=[O:5])[CH3:10]>>[CH3:1][O:11][c:15]1[cH:8][cH:6][c:14]([CH2:10][C:13](=[O:5])[O:12][C:16]([CH3:2])([CH3:3])[CH3:4])[cH:7][cH:9]1,1,3,0.08
natcomm_271,Br[c:13]1[cH:8][cH:6][cH:7][c:12]([F:5])[cH:9]1.C1CCC([N-]C2CCCCC2)CC1.[CH3:1][O:10][C:11](=[O:4])[CH:14]([CH3:2])[CH3:3]>>[CH3:1][O:10][C:11](=[O:4])[C:14]([CH3:2])([CH3:3])[c:13]1[cH:8][cH:6][cH:7][c:12]([F:5])[cH:9]1,1,3,0.05
natcomm_272,Br[Br:2].[O:1]=[C:8]1[O:7][CH2:11][c:10]2[cH:6][cH:4][cH:3][cH:5][c:9]21>>[O:1]=[C:8]1[O:7][CH:11]([Br:2])[c:10]2[cH:6][cH:4][cH:3][cH:5][c:9]21,1,3,0.02
natcomm_273,Cl[C:19](=[O:8])[c:20]1[cH:9][c:21]([O:16][CH3:5])[c:23]([O:18][CH3:7])[c:22]([O:17][CH3:6])[cH:10]1.[CH3:1][CH2:11][NH:15][CH2:12][CH3:2].[CH3:3][CH2:13][NH:24][CH2:14][CH3:4]>>[CH3:1][CH2:11][NH2+:15][CH2:12][CH3:2].[CH3:3][CH2:13][N:24]([CH2:14][CH3:4])[C:19](=[O:8])[c:20]1[cH:9][c:21]([O:16][CH3:5])[c:23]([O:18][CH3:7])[c:22]([O:17][CH3:6])[cH:10]1,1,2,0.06
natcomm_274,Br[c:14]1[cH:8][cH:6][c:13]([F:5])[cH:7][cH:9]1.C1CCC([N-]C2CCCCC2)CC1.[CH3:1][C:15]([CH3:2])([CH3:3])[O:11][C:12](=[O:4])[CH3:10]>>[CH3:1][C:15]([CH3:2])([CH3:3])[O:11][C:12](=[O:4])[CH2:10][c:14]1[cH:8][cH:6][c:13]([F:5])[cH:7][cH:9]1,1,3,0.06
natcomm_275,[Br:3][Br:4].[CH3:1][C:10](=[O:2])[CH:12]=[CH:13][c:11]1[cH:8][cH:6][cH:5][cH:7][cH:9]1>>[CH3:1][C:10](=[O:2])[CH:12]([Br:3])[CH:13]([Br:4])[c:11]1[cH:8][cH:6][cH:5][cH:7][cH:9]1,1,3,0.03
natcomm_276,Br[c:13]1[cH:8][cH:6][c:12]([Cl:5])[cH:7][cH:9]1.C1CCC([N-]C2CCCCC2)CC1.[CH3:1][O:10][C:11](=[O:4])[CH:14]([CH3:2])[CH3:3]>>[CH3:1][O:10][C:11](=[O:4])[C:14]([CH3:2])([CH3:3])[c:13]1[cH:8][cH:6][c:12]([Cl:5])[cH:7][cH:9]1,1,3,0.06
natcomm_277,Cl[CH2:14][C:23](=[O:4])[N:30]([c:27]1[cH:12][cH:10][c:25]([C:21](=[O:2])[O:19][CH3:1])[cH:11][cH:26]1)[CH:28]1[CH2:15][CH2:17][N:29]([C:22](=[O:3])[O:20][CH2:13][c:24]2[cH:8][cH:6][cH:5][cH:7][cH:9]2)[CH2:18][CH2:16]1>>[CH3:1][O:19][C:21](=[O:2])[c:25]1[cH:10][cH:12][c:27]2[c:26]([cH:11]1)[CH2:14][C:23](=[O:4])[N:30]2[CH:28]1[CH2:15][CH2:17][N:29]([C:22](=[O:3])[O:20][CH2:13][c:24]2[cH:8][cH:6][cH:5][cH:7][cH:9]2)[CH2:18][CH2:16]1,1,3,0.10
natcomm_278,Br[c:14]1[cH:8][cH:6][c:13]([O:11][CH3:2])[cH:7][cH:9]1.C1CCC([N-]C2CCCCC2)CC1.[CH3:1][O:10][C:12](=[O:5])[CH:15]([CH3:3])[CH3:4]>>[CH3:1][O:10][C:12](=[O:5])[C:15]([CH3:3])([CH3:4])[c:14]1[cH:8][cH:6][c:13]([O:11][CH3:2])[cH:7][cH:9]1,1,3,0.08
natcomm_279,[CH2:1]=[CH:3][C:11]#[N:10].[OH:2][CH2:9][c:12]1[cH:7][cH:5][cH:4][cH:6][cH:8]1>>[CH2:1]=[CH:3][C:11](=[O:2])[NH:10][CH2:9][c:12]1[cH:7][cH:5][cH:4][cH:6][cH:8]1,1,3,0.02
natcomm_280,Cl[P:10](Cl)([Cl:4])([Cl:5])[Cl:6].[N:1]#[C:7][CH2:9][C:8]([NH2:2])=[O:3]>>[N:1]#[C:7][CH2:9][C:8]#[N:2].[O:3]=[P:10]([Cl:4])([Cl:5])[Cl:6],1,4,0.01
natcomm_281,Br[c:15]1[cH:8][cH:10][c:16]([C:18]([CH3:4])([CH3:5])[CH3:6])[cH:11][cH:9]1.C1CCC([N-]C2CCCCC2)CC1.[CH3:1][C:17]([CH3:2])([CH3:3])[O:13][C:14](=[O:7])[CH3:12]>>[CH3:1][C:17]([CH3:2])([CH3:3])[O:13][C:14](=[O:7])[CH2:12][c:15]1[cH:8][cH:10][c:16]([C:18]([CH3:4])([CH3:5])[CH3:6])[cH:11][cH:9]1,1,3,0.13
natcomm_282,Br[c:14]1[cH:9][cH:7][c:13]([N:15]([CH3:2])[CH3:3])[cH:8][cH:10]1.C1CCC([N-]C2CCCCC2)CC1.[CH3:1][O:11][C:12](=[O:6])[CH:16]([CH3:4])[CH3:5]>>[CH3:1][O:11][C:12](=[O:6])[C:16]([CH3:4])([CH3:5])[c:14]1[cH:9][cH:7][c:13]([N:15]([CH3:2])[CH3:3])[cH:8][cH:10]1,1,3,0.07
natcomm_283,O=[CH:11][c:13]1[cH:7][cH:3][cH:2][cH:4][cH:8]1.[CH3:1][c:14]1[cH:9][cH:5][cH:6][cH:10][c:15]1[NH2:12]>>[CH3:1][c:14]1[cH:9][cH:5][cH:6][cH:10][c:15]1[NH:12][CH2:11][c:13]1[cH:7][cH:3][cH:2][cH:4][cH:8]1,1,3,0.03
natcomm_284,O=[N+:2]([O-])[c:10]1[cH:7][c:8]([N+:11](=[O:3])[O-:4])[cH:5][cH:6][c:9]1[NH2:1]>>[NH2:1][c:9]1[cH:6][cH:5][c:8]([N+:11](=[O:3])[O-:4])[cH:7][c:10]1[NH2:2],1,2,0.02
natcomm_285,Br[c:11]1[cH:6][cH:5][s:9][cH:7]1.C1CCC([N-]C2CCCCC2)CC1.[CH3:1][O:8][C:10](=[O:4])[CH:12]([CH3:2])[CH3:3]>>[CH3:1][O:8][C:10](=[O:4])[C:12]([CH3:2])([CH3:3])[c:11]1[cH:6][cH:5][s:9][cH:7]1,1,3,0.04
natcomm_286,CCN(CC)CC.CCN(CC)CC.O=C(OC(=O)C(F)(F)F)C(F)(F)F.O[N:12]=[C:14]([c:16]1[cH:7][cH:5][cH:6][c:15]([Br:4])[cH:8]1)[CH2:19][c:18]1[cH:11][cH:9][c:17]([C:20]([F:1])([F:2])[F:3])[cH:10][n:13]1>>[F:1][C:20]([F:2])([F:3])[c:17]1[cH:9][cH:11][c:18]([CH:19]2[N:12]=[C:14]2[c:16]2[cH:7][cH:5][cH:6][c:15]([Br:4])[cH:8]2)[n:13][cH:10]1,1,3,0.11
natcomm_287,Cl[c:19]1[cH:12][cH:10][c:18]([C:20]([F:2])([F:3])[F:4])[cH:11][n:14]1.[O:1]=[C:15]([CH3:13])[c:17]1[cH:8][cH:6][cH:7][c:16]([Br:5])[cH:9]1>>[O:1]=[C:15]([CH2:13][c:19]1[cH:12][cH:10][c:18]([C:20]([F:2])([F:3])[F:4])[cH:11][n:14]1)[c:17]1[cH:8][cH:6][cH:7][c:16]([Br:5])[cH:9]1,1,3,0.03
natcomm_288,O=[C:11]1[CH2:1][CH2:2][CH2:3][CH2:4][CH2:7]1.[CH2:5]1[CH2:8][NH:12][CH2:9][CH2:6][O:10]1>>[CH:1]1=[C:11]([N:12]2[CH2:8][CH2:5][O:10][CH2:6][CH2:9]2)[CH2:7][CH2:4][CH2:3][CH2:2]1,1,3,0.02
natcomm_289,[CH2:1]=[C:11]1[O:2][C:12](=[O:3])[CH2:9]1.[cH:4]1[cH:5][cH:7][c:13]([NH2:10])[cH:8][cH:6]1>>[CH3:1][C:11](=[O:2])[CH2:9][C:12](=[O:3])[NH:10][c:13]1[cH:7][cH:5][cH:4][cH:6][cH:8]1,1,3,0.03
natcomm_290,O[OH:2].[CH3:1][c:7]1[cH:4][cH:3][cH:5][n:8][cH:6]1>>[CH3:1][c:7]1[cH:4][cH:3][cH:5][n+:8]([O-:2])[cH:6]1,1,2,0.01
natcomm_291,O[N+:10](=[O:2])[O-:3].[CH3:1][c:8]1[cH:7][n+:11]([O-:4])[cH:6][cH:5][cH:9]1>>[CH3:1][c:8]1[cH:7][n+:11]([O-:4])[cH:6][cH:5][c:9]1[N+:10](=[O:2])[O-:3],1,3,0.01
natcomm_292,Br[Br:2].[OH:1][c:7]1[cH:3][cH:5][cH:8][cH:6][cH:4]1>>[OH:1][c:7]1[cH:3][cH:5][c:8]([Br:2])[cH:6][cH:4]1,1,3,0.01
natcomm_293,O=[N+:11]([O-])[c:17]1[cH:9][cH:5][cH:8][c:16]([C:13](=[O:3])[N:19]([CH3:1])[CH3:2])[c:18]1[CH:10]=[CH:14][c:15]1[cH:7][cH:4][cH:6][o:12]1.[C-]#[O+].[C-]#[O+]>>[CH3:1][N:19]([CH3:2])[C:13](=[O:3])[c:16]1[cH:8][cH:5][cH:9][c:17]2[nH:11][c:14](-[c:15]3[cH:7][cH:4][cH:6][o:12]3)[cH:10][c:18]12,1,4,0.07
natcomm_294,O=[N+:15]([O-])[c:21]1[cH:9][cH:3][cH:8][c:20]([C:16](=[O:1])[N:23]2[CH2:13][CH2:11][CH2:12][CH2:14]2)[c:22]1[CH:10]=[CH:19][c:18]1[cH:6][cH:4][c:17]([F:2])[cH:5][cH:7]1.[C-]#[O+].[C-]#[O+]>>[O:1]=[C:16]([c:20]1[cH:8][cH:3][cH:9][c:21]2[nH:15][c:19](-[c:18]3[cH:6][cH:4][c:17]([F:2])[cH:5][cH:7]3)[cH:10][c:22]12)[N:23]1[CH2:13][CH2:11][CH2:12][CH2:14]1,1,4,0.11
natcomm_295,Br[c:13]1[cH:8][cH:6][c:12]([F:5])[cH:7][cH:9]1.C1CCC([N-]C2CCCCC2)CC1.[CH3:1][O:10][C:11](=[O:4])[CH:14]([CH3:2])[CH3:3]>>[CH3:1][O:10][C:11](=[O:4])[C:14]([CH3:2])([CH3:3])[c:13]1[cH:8][cH:6][c:12]([F:5])[cH:7][cH:9]1,1,3,0.05
natcomm_296,O=[N+:14]([O-])[c:24]1[cH:7][cH:2][cH:6][c:23]([C:18](=[O:1])[N:26]2[CH2:12][CH2:9][O:15][CH2:10][CH2:13]2)[c:25]1[CH:8]=[CH:20][c:19]1[cH:3][cH:4][c:21]2[c:22]([cH:5]1)[O:17][CH2:11][O:16]2.[C-]#[O+].[C-]#[O+]>>[O:1]=[C:18]([c:23]1[cH:6][cH:2][cH:7][c:24]2[nH:14][c:20](-[c:19]3[cH:3][cH:4][c:21]4[c:22]([cH:5]3)[O:17][CH2:11][O:16]4)[cH:8][c:25]12)[N:26]1[CH2:12][CH2:9][O:15][CH2:10][CH2:13]1,1,4,0.12
natcomm_297,Cl[c:9]1[cH:7][c:10](Cl)[c:12]([N+:14](=[O:4])[O-:6])[cH:8][c:11]1[N+:13](=[O:3])[O-:5].[NH3:1].[NH3:2]>>[NH2:1][c:9]1[cH:7][c:10]([NH2:2])[c:12]([N+:14](=[O:4])[O-:6])[cH:8][c:11]1[N+:13](=[O:3])[O-:5],1,4,0.02
natcomm_298,O[C:16]([C:11](=[O:1])[OH:2])([c:14]1[cH:9][cH:5][cH:3][cH:7][cH:12]1)[c:15]1[cH:10][cH:6][cH:4][cH:8][cH:13]1>>[O:1]=[C:11]([OH:2])[CH:16]1[c:14]2[cH:9][cH:5][cH:3][cH:7][c:12]2-[c:13]2[cH:8][cH:4][cH:6][cH:10][c:15]21,1,5,0.36
natcomm_299,O=[N:1]O.[cH:2]1[cH:3][cH:5][c:9]([NH:7][NH2:8])[cH:6][cH:4]1>>[N-:1]=[N+:8]=[N:7][c:9]1[cH:5][cH:3][cH:2][cH:4][cH:6]1,1,3,0.01
natcomm_300,Br[Br:4].[CH3:1][c:7]1[cH:5][c:8]([CH3:2])[cH:10][c:9]([CH3:3])[cH:6]1>>[CH3:1][c:7]1[cH:5][c:8]([CH3:2])[c:10]([Br:4])[c:9]([CH3:3])[cH:6]1,1,3,0.02
natcomm_301,Cl[I:20]1[O:15][C:21]([CH3:2])([CH3:3])[c:19]2[cH:14][cH:12][cH:11][cH:13][c:18]21.[CH3:1][C:17](=[O:7])[O-:16].[CH3:4][Si:23]([CH3:5])([CH3:6])[C:22]([F:8])([F:9])[F:10]>>[CH3:1][C:17](=[O:7])[O:16][Si:23]([CH3:4])([CH3:5])[CH3:6].[CH3:2][C:21]1([CH3:3])[O:15][I:20]([C:22]([F:8])([F:9])[F:10])[c:18]2[cH:13][cH:11][cH:12][cH:14][c:19]21,1,4,0.05
natcomm_302,O=[N+:18]([O-])[c:25]1[cH:12][cH:7][cH:11][c:24]([C:19](=[O:2])[N:27]2[CH2:14][CH2:16][N:28]([S:29]([CH3:1])(=[O:3])=[O:4])[CH2:17][CH2:15]2)[c:26]1[CH:13]=[CH:23][c:22]1[cH:9][c:20]([F:5])[cH:8][c:21]([Cl:6])[cH:10]1.[C-]#[O+].[C-]#[O+]>>[CH3:1][S:29](=[O:3])(=[O:4])[N:28]1[CH2:16][CH2:14][N:27]([C:19](=[O:2])[c:24]2[cH:11][cH:7][cH:12][c:25]3[nH:18][c:23](-[c:22]4[cH:9][c:20]([F:5])[cH:8][c:21]([Cl:6])[cH:10]4)[cH:13][c:26]23)[CH2:15][CH2:17]1,1,4,1.20
natcomm_303,O[N+:15](=[O:5])[O-:7].O[N+:16](=[O:6])[O-:8].[CH3:1][c:9]1[c:11]([CH3:3])[cH:14][c:12]([CH3:4])[c:10]([CH3:2])[cH:13]1>>[CH3:1][c:9]1[c:11]([CH3:3])[c:14]([N+:16](=[O:6])[O-:8])[c:12]([CH3:4])[c:10]([CH3:2])[c:13]1[N+:15](=[O:5])[O-:7],1,6,0.09
natcomm_304,O=[N+:18]([O-])[c:29]1[cH:11][cH:6][cH:10][c:28]([C:23](=[O:5])[N:32]2[CH2:16][CH2:14][N:31]([C:22](=[O:4])[O:21][C:33]([CH3:1])([CH3:2])[CH3:3])[CH2:15][CH2:17]2)[c:30]1[CH:12]=[CH:25][c:24]1[cH:7][cH:8][c:26]2[c:27]([cH:9]1)[O:20][CH2:13][O:19]2.[C-]#[O+].[C-]#[O+]>>[CH3:1][C:33]([CH3:2])([CH3:3])[O:21][C:22](=[O:4])[N:31]1[CH2:14][CH2:16][N:32]([C:23](=[O:5])[c:28]2[cH:10][cH:6][cH:11][c:29]3[nH:18][c:25](-[c:24]4[cH:7][cH:8][c:26]5[c:27]([cH:9]4)[O:20][CH2:13][O:19]5)[cH:12][c:30]23)[CH2:17][CH2:15]1,1,4,1.39
natcomm_305,Br[Br:5].[CH3:1][O:10][C:11](=[O:2])[c:12]1[cH:7][cH:6][cH:8][c:13]([N+:15](=[O:3])[O-:4])[c:14]1[CH3:9]>>[CH3:1][O:10][C:11](=[O:2])[c:12]1[cH:7][cH:6][cH:8][c:13]([N+:15](=[O:3])[O-:4])[c:14]1[CH2:9][Br:5],1,3,0.02
natcomm_306,Cl[Si:12]([CH3:5])([CH3:6])[C:11]([CH3:2])([CH3:3])[CH3:4].[CH3:1][CH2:7][S:10][CH2:8][OH:9]>>[CH3:1][CH2:7][S:10][CH2:8][O:9][Si:12]([CH3:5])([CH3:6])[C:11]([CH3:2])([CH3:3])[CH3:4],1,2,0.01
natcomm_307,[CH3:2][CH2:10][O:13][C:14](=[O:3])[CH:18]1[CH2:12][CH2:11][c:16]2[cH:8][cH:6][cH:7][cH:9][c:17]2[C:15]1=[O:4].[CH:1]#[CH:5]>>[CH2:1]=[CH:5][C:18]1([C:14](=[O:3])[O:13][CH2:10][CH3:2])[CH2:12][CH2:11][c:16]2[cH:8][cH:6][cH:7][cH:9][c:17]2[C:15]1=[O:4],1,3,0.04
natcomm_308,CCO[C:7](=[O:1])[CH2:4][C:8](OCC)=[O:2].[O:3]=[C:9]([NH2:5])[NH2:6]>>[O:1]=[C:7]1[CH2:4][C:8](=[O:2])[NH:6][C:9](=[O:3])[NH:5]1,1,4,0.01
natcomm_309,I[c:14]1[cH:6][cH:4][cH:5][cH:7][c:15]1[NH:16][CH3:3].O=C([O-])[O-].[CH3:1][CH2:8][CH2:10][C:12]#[C:13][CH2:11][CH2:9][CH3:2]>>[CH3:1][CH2:8][CH2:10][c:12]1[c:13]([CH2:11][CH2:9][CH3:2])[n:16]([CH3:3])[c:15]2[cH:7][cH:5][cH:4][cH:6][c:14]12,1,3,0.05
natcomm_310,I[c:15]1[cH:9][cH:7][cH:6][cH:8][c:14]1[NH2:10].O=C([O-])[O-].[CH2:1]=[C:11]([CH3:2])[C:13]#[C:12][C:16]([CH3:3])([CH3:4])[OH:5]>>[CH2:1]=[C:11]([CH3:2])[c:13]1[c:12]([C:16]([CH3:3])([CH3:4])[OH:5])[nH:10][c:14]2[cH:8][cH:6][cH:7][cH:9][c:15]12,1,3,0.06
natcomm_311,O=[CH:8][c:10]1[cH:3][cH:1][cH:2][cH:4][c:11]1[NH2:9].[CH2:5]1[CH2:6][CH2:12][NH:13][CH2:7]1>>[cH:1]1[cH:2][cH:4][c:11]2[c:10]([cH:3]1)[CH2:8][N:13]1[CH2:7][CH2:5][CH2:6][CH:12]1[NH:9]2,1,5,0.04
natcomm_312,Br[c:23]1[cH:11][cH:10][c:22]([O:18][CH2:15][c:21]2[cH:8][cH:6][c:20]([C:5]#[N:3])[cH:7][cH:9]2)[cH:12][c:24]1[C:25]([CH2:16][CH2:13][CH3:1])([CH2:17][CH2:14][CH3:2])[CH:19]=[O:4].O=C([O-])[O-]>>[CH3:1][CH2:13][CH2:16][C:25]1([CH2:17][CH2:14][CH3:2])[C:19](=[O:4])[c:23]2[cH:11][cH:10][c:22]([O:18][CH2:15][c:21]3[cH:8][cH:6][c:20]([C:5]#[N:3])[cH:7][cH:9]3)[cH:12][c:24]21,1,3,0.13
natcomm_313,[CH3:2][c:19]1[cH:10][cH:15][c:23](-[c:21]2[cH:13][cH:6][cH:5][cH:7][n:16]2)[cH:22][cH:14]1.[N-]=[N+]=[N:17][S:24](=[O:3])(=[O:4])[c:20]1[cH:11][cH:8][c:18]([CH3:1])[cH:9][cH:12]1>>[CH3:1][c:18]1[cH:8][cH:11][c:20]([S:24](=[O:3])(=[O:4])[NH:17][c:22]2[cH:14][c:19]([CH3:2])[cH:10][cH:15][c:23]2-[c:21]2[cH:13][cH:6][cH:5][cH:7][n:16]2)[cH:12][cH:9]1,1,3,0.06
natcomm_314,CCO[C:9](=[O:1])[c:10]1[cH:6][cH:4][cH:3][cH:5][cH:7]1.[OH:2][NH2:8]>>[O:1]=[C:9]([NH:8][OH:2])[c:10]1[cH:6][cH:4][cH:3][cH:5][cH:7]1,1,2,0.02
natcomm_315,O=[N:2]O.[CH3:1][CH2:5][O:7][C:8](=[O:3])[CH2:4][NH2:6]>>[CH3:1][CH2:5][O:7][C:8](=[O:3])[CH:4]=[N+:6]=[N-:2],1,4,0.02
natcomm_316,O[CH2:5][CH2:4][CH2:3][CH3:1].[O:2]=[N:6][OH:7]>>[CH3:1][CH2:3][CH2:4][CH2:5][O:7][N:6]=[O:2],1,2,0.01
natcomm_317,O=[CH:3][CH:4]=O.[cH:1]1[cH:2][cH:6][c:10]([NH2:8])[c:9]([NH2:7])[cH:5]1>>[cH:1]1[cH:2][cH:6][c:10]2[n:8][cH:4][cH:3][n:7][c:9]2[cH:5]1,1,4,0.03
natcomm_318,Cl[C:17](=[O:1])[CH2:15][CH2:13][CH2:14][CH2:16][C:18](Cl)=[O:2].[cH:3]1[cH:5][cH:9][cH:19][cH:10][cH:6]1.[cH:4]1[cH:7][cH:11][cH:20][cH:12][cH:8]1>>[O:1]=[C:17]([CH2:15][CH2:13][CH2:14][CH2:16][C:18](=[O:2])[c:20]1[cH:11][cH:7][cH:4][cH:8][cH:12]1)[c:19]1[cH:9][cH:5][cH:3][cH:6][cH:10]1,1,6,0.63
natcomm_319,[CH3:1][CH2:9][CH:14]([O:3][S:12][c:13]1[cH:7][cH:5][cH:4][cH:6][cH:8]1)[CH2:10][CH2:11][CH2:15][CH3:2]>>[CH3:1][CH2:9][CH:14]([OH:3])[CH2:10][CH2:11][CH:15]([CH3:2])[S:12][c:13]1[cH:7][cH:5][cH:4][cH:6][cH:8]1,1,3,0.16
natcomm_320,O=[N+:20]([O-])[c:28]1[cH:12][cH:4][cH:11][c:26]([C:22](=[O:1])[N:33]2[CH2:18][CH2:16][CH:32]([n:34]3[c:27](=[O:2])[nH:21][c:29]4[cH:13][cH:5][cH:6][cH:15][c:31]43)[CH2:17][CH2:19]2)[c:30]1[CH:14]=[CH:25][c:24]1[cH:9][cH:7][c:23]([F:3])[cH:8][cH:10]1.[C-]#[O+].[C-]#[O+]>>[O:1]=[C:22]([c:26]1[cH:11][cH:4][cH:12][c:28]2[nH:20][c:25](-[c:24]3[cH:9][cH:7][c:23]([F:3])[cH:8][cH:10]3)[cH:14][c:30]12)[N:33]1[CH2:18][CH2:16][CH:32]([n:34]2[c:27](=[O:2])[nH:21][c:29]3[cH:13][cH:5][cH:6][cH:15][c:31]32)[CH2:17][CH2:19]1,1,4,0.25
natcomm_321,Cl[S:13][c:14]1[cH:6][cH:4][cH:3][cH:5][cH:7]1.[CH3:1][CH2:8][CH2:9][CH2:11][CH:15]([CH2:10][CH3:2])[OH:12]>>[CH3:1][CH2:8][CH2:9][CH2:11][CH:15]([CH2:10][CH3:2])[O:12][S:13][c:14]1[cH:6][cH:4][cH:3][cH:5][cH:7]1,1,2,0.02
natcomm_322,C=CCN.Cl[C:8](=[O:3])[O:7][CH3:2].[CH2:1]=[CH:4][CH2:5][NH2:6]>>[CH2:1]=[CH:4][CH2:5][NH:6][C:8](=[O:3])[O:7][CH3:2],1,2,0.01
natcomm_323,Br[C:8]#[C:6][C:5]#[C:7][CH2:11][CH2:13][CH2:14][CH2:12][CH2:10][CH3:2].[CH2:1]=[CH:9][CH2:15][NH:18][C:17](=[O:4])[O:16][CH3:3]>>[CH2:1]=[CH:9][CH2:15][N:18]([C:8]#[C:6][C:5]#[C:7][CH2:11][CH2:13][CH2:14][CH2:12][CH2:10][CH3:2])[C:17](=[O:4])[O:16][CH3:3],1,2,0.03
natcomm_324,CC(C)[N-]C(C)C.Cl[C:3](=[CH2:1])[C:4]#[C:5][CH2:7][CH2:9][CH2:10][CH2:8][CH2:6][CH3:2]>>[CH:1]#[C:3][C:4]#[C:5][CH2:7][CH2:9][CH2:10][CH2:8][CH2:6][CH3:2],1,2,0.04
natcomm_325,Cl[Si:15]([CH3:5])([CH3:6])[C:14]([CH3:2])([CH3:3])[CH3:4].[CH3:1][CH:12]1[CH2:9][CH2:7][CH2:8][CH2:10][C:13]1=[O:11]>>[CH3:1][C:12]1=[C:13]([O:11][Si:15]([CH3:5])([CH3:6])[C:14]([CH3:2])([CH3:3])[CH3:4])[CH2:10][CH2:8][CH2:7][CH2:9]1,1,3,0.10
natcomm_326,OO.[CH2:1]=[C:17]([C:18](=[CH2:2])[S:22](=[O:5])[c:20]1[cH:15][cH:11][cH:8][cH:12][cH:16]1)[S:21](=[O:4])[c:19]1[cH:13][cH:9][cH:7][cH:10][cH:14]1.[OH:3][OH:6]>>[CH2:1]=[C:17]([C:18](=[CH2:2])[S:22](=[O:5])(=[O:6])[c:20]1[cH:15][cH:11][cH:8][cH:12][cH:16]1)[S:21](=[O:3])(=[O:4])[c:19]1[cH:13][cH:9][cH:7][cH:10][cH:14]1,1,3,0.07
natcomm_327,[F:2][S:18]([F:3])([F:4])[c:16]1[cH:13][cH:9][cH:6][cH:10][cH:14]1.[O:1]=[CH:17][c:15]1[cH:11][cH:7][cH:5][cH:8][cH:12]1>>[F:2][CH:17]([F:3])[c:15]1[cH:11][cH:7][cH:5][cH:8][cH:12]1.[O:1]=[S:18]([F:4])[c:16]1[cH:13][cH:9][cH:6][cH:10][cH:14]1,1,6,0.04
natcomm_328,CCOC(=O)[CH:4]1[CH2:6][C:8](=[O:2])[CH:5](C(=O)OCC)[CH2:3][C:7]1=[O:1].O.O>>[O:1]=[C:7]1[CH2:3][CH2:5][C:8](=[O:2])[CH2:6][CH2:4]1,1,4,0.15
natcomm_329,Br[CH2:5][C:7](=[CH2:1])[Br:3].CCN.[CH3:2][CH2:4][NH2:6]>>[CH2:1]=[C:7]([Br:3])[CH2:5][NH:6][CH2:4][CH3:2],1,2,0.01
natcomm_330,O=C(O[O:8][C:12]([CH3:1])([CH3:2])[CH3:3])c1ccccc1.[CH:4]1=[CH:5][CH:10]2[CH:7]=[CH:6][CH:9]1[CH2:11]2>>[CH3:1][C:12]([CH3:2])([CH3:3])[O:8][CH:11]1[CH:9]2[CH:4]=[CH:5][CH:10]1[CH:7]=[CH:6]2,1,3,0.08
natcomm_331,I[I:1].[cH:2]1[cH:3][cH:5][cH:7][cH:6][cH:4]1>>[I:1][c:7]1[cH:5][cH:3][cH:2][cH:4][cH:6]1,1,3,0.01
natcomm_332,[CH3:1][O:13][C:15](=[O:9])[CH:17]=[CH2:12].[CH3:2][N:19]([CH3:3])[CH:18]=[CH:10][C:16](=[CH2:11])[O:14][Si:21]([CH3:7])([CH3:8])[C:20]([CH3:4])([CH3:5])[CH3:6]>>[CH3:1][O:13][C:15](=[O:9])[CH:17]1[CH2:12][CH2:11][C:16]([O:14][Si:21]([CH3:7])([CH3:8])[C:20]([CH3:4])([CH3:5])[CH3:6])=[CH:10][CH:18]1[N:19]([CH3:2])[CH3:3],1,2,0.06
natcomm_333,O=S(Cl)Cl.O=S([Cl:3])[Cl:4].O[C:12](=[O:1])[c:14]1[cH:7][cH:5][cH:9][c:18]2[c:16]1[o:11][c:17]1[c:15]([C:13](O)=[O:2])[cH:8][cH:6][cH:10][c:19]12>>[O:1]=[C:12]([Cl:3])[c:14]1[cH:7][cH:5][cH:9][c:18]2[c:16]1[o:11][c:17]1[c:15]([C:13](=[O:2])[Cl:4])[cH:8][cH:6][cH:10][c:19]12,1,6,0.05
natcomm_334,CC(=O)O[CH:8]=[O:6].[CH3:1][C:11](=[O:7])[CH:16]([CH3:5])[NH:17][c:15]1[c:13]([CH3:3])[cH:9][c:12]([CH3:2])[cH:10][c:14]1[CH3:4]>>[CH3:1][C:11](=[O:7])[CH:16]([CH3:5])[N:17]([CH:8]=[O:6])[c:15]1[c:13]([CH3:3])[cH:9][c:12]([CH3:2])[cH:10][c:14]1[CH3:4],1,2,0.04
natcomm_335,Cl[C:11](=[O:4])[CH:13]([Cl:5])[Cl:6].[CH3:1][Si:15]([CH3:2])([CH3:3])[O:10][C:14]1=[CH:12][CH2:8][CH2:7][CH2:9]1>>[CH3:1][Si:15]([CH3:2])([CH3:3])[O:10][C:14]12[CH2:9][CH2:7][CH2:8][CH:12]1[C:11](=[O:4])[C:13]2([Cl:5])[Cl:6],1,4,0.02
natcomm_336,Cl[CH2:17][Si:21]([CH3:1])([CH3:2])[CH3:3].[NH2:4][CH2:15][c:19]1[cH:11][cH:7][cH:5][cH:8][cH:12]1.[cH:6]1[cH:9][cH:13][c:20]([CH2:16][NH2:18])[cH:14][cH:10]1>>[CH3:1][Si:21]([CH3:2])([CH3:3])[CH2:17][NH:18][CH2:16][c:20]1[cH:13][cH:9][cH:6][cH:10][cH:14]1.[NH3+:4][CH2:15][c:19]1[cH:11][cH:7][cH:5][cH:8][cH:12]1,1,2,0.05
natcomm_337,C[O:11][c:15]1[cH:9][cH:5][cH:6][cH:10][c:16]1[C:14]#[C:13][c:12]1[cH:7][cH:3][cH:2][cH:4][cH:8]1.I[I:1]>>[I:1][c:14]1[c:13](-[c:12]2[cH:7][cH:3][cH:2][cH:4][cH:8]2)[o:11][c:15]2[cH:9][cH:5][cH:6][cH:10][c:16]12,1,4,0.05
natcomm_338,O=P(Cl)(Cl)[Cl:1].O=[c:11]1[c:14]2[cH:8][cH:4][cH:2][cH:6][c:12]2[nH:10][c:13]2[cH:7][cH:3][cH:5][cH:9][c:15]12>>[Cl:1][c:11]1[c:14]2[cH:8][cH:4][cH:2][cH:6][c:12]2[n:10][c:13]2[cH:7][cH:3][cH:5][cH:9][c:15]12,1,3,0.03
natcomm_339,Cl[CH2:13][CH2:12][OH:1].[cH:2]1[cH:4][cH:8][c:15]([CH:17]([OH:14])[c:16]2[cH:10][cH:6][cH:3][cH:7][cH:11]2)[cH:9][cH:5]1>>[OH:1][CH2:12][CH2:13][O:14][CH:17]([c:15]1[cH:8][cH:4][cH:2][cH:5][cH:9]1)[c:16]1[cH:10][cH:6][cH:3][cH:7][cH:11]1,1,2,0.04
natcomm_340,Cl[Si:15]([CH3:1])([CH3:2])[CH3:3].[CH2:4]1[CH2:8][C:14]2([CH2:9][CH2:7][C:13]1=[O:12])[O:10][CH2:5][CH2:6][O:11]2>>[CH3:1][Si:15]([CH3:2])([CH3:3])[O:12][C:13]1=[CH:4][CH2:8][C:14]2([CH2:9][CH2:7]1)[O:10][CH2:5][CH2:6][O:11]2,1,3,0.03
natcomm_341,CC(=O)O[C:17]([CH3:2])([CH3:3])[CH3:4].[CH3:1][O:12][C:14](=[O:6])[c:16]1[cH:9][cH:7][c:15]([C:13]#[N:11])[cH:8][cH:10]1.[OH2:5]>>[CH3:1][O:12][C:14](=[O:6])[c:16]1[cH:9][cH:7][c:15]([C:13](=[O:5])[NH:11][C:17]([CH3:2])([CH3:3])[CH3:4])[cH:8][cH:10]1,1,3,0.21
natcomm_342,CC(C)(C)OO.[CH2:9]1[CH2:10][CH2:12][NH:17][CH2:11]1.[O:1]=[CH:13][c:14]1[cH:4][cH:6][c:15]2[cH:5][cH:2][cH:3][cH:7][c:16]2[cH:8]1>>[O:1]=[C:13]([c:14]1[cH:4][cH:6][c:15]2[cH:5][cH:2][cH:3][cH:7][c:16]2[cH:8]1)[N:17]1[CH2:11][CH2:9][CH2:10][CH2:12]1,1,2,0.06
natcomm_343,CS(=O)(=O)Cl.O[N:9]=[C:10]([CH3:2])[c:11]1[cH:6][cH:4][cH:5][cH:7][c:12]1[NH:13][CH2:8][CH:3]=[CH2:1]>>[CH2:1]=[CH:3][CH2:8][n:13]1[n:9][c:10]([CH3:2])[c:11]2[cH:6][cH:4][cH:5][cH:7][c:12]21,1,2,0.03
natcomm_344,Cl[CH2:29][O:30][Si:41]([CH3:4])([CH3:5])[C:40]([CH3:1])([CH3:2])[CH3:3].[NH2:6][c:35]1[cH:25][cH:17][cH:27][c:37]2[cH:28][cH:18][cH:26][c:36]([NH2:7])[c:38]12.[cH:8]1[cH:11][cH:19][c:32]([C:39]([SH:31])([c:33]2[cH:21][cH:13][cH:9][cH:14][cH:22]2)[c:34]2[cH:23][cH:15][cH:10][cH:16][cH:24]2)[cH:20][cH:12]1>>[CH3:1][C:40]([CH3:2])([CH3:3])[Si:41]([CH3:4])([CH3:5])[O:30][CH2:29][S:31][C:39]([c:32]1[cH:19][cH:11][cH:8][cH:12][cH:20]1)([c:33]1[cH:21][cH:13][cH:9][cH:14][cH:22]1)[c:34]1[cH:23][cH:15][cH:10][cH:16][cH:24]1.[NH2:6][c:35]1[cH:25][cH:17][cH:27][c:37]2[cH:28][cH:18][cH:26][c:36]([NH3+:7])[c:38]12,1,2,0.36
natcomm_345,Cl[CH2:18][O:19][Si:22]([CH3:5])([CH3:6])[C:21]([CH3:2])([CH3:3])[CH3:4].[CH3:1][CH2:7][CH2:8][CH2:9][CH2:10][CH2:11][CH2:12][CH2:13][CH2:14][CH2:15][CH2:16][CH2:17][SH:20]>>[CH3:1][CH2:7][CH2:8][CH2:9][CH2:10][CH2:11][CH2:12][CH2:13][CH2:14][CH2:15][CH2:16][CH2:17][S:20][CH2:18][O:19][Si:22]([CH3:5])([CH3:6])[C:21]([CH3:2])([CH3:3])[CH3:4],1,2,0.04
natcomm_346,O=[C:6]([CH3:1])[CH2:3]Cl.[NH2:2][C:7]([NH2:4])=[S:5].[OH-]>>[CH3:1][c:6]1[cH:3][s:5][c:7]([NH2:2])[n:4]1,1,5,0.01
natcomm_347,[Br:3][Br:4].[CH3:1][CH2:10][O:11][C:12](=[O:2])[CH:14]=[CH:15][c:13]1[cH:8][cH:6][cH:5][cH:7][cH:9]1>>[CH3:1][CH2:10][O:11][C:12](=[O:2])[CH:14]([Br:3])[CH:15]([Br:4])[c:13]1[cH:8][cH:6][cH:5][cH:7][cH:9]1,1,3,0.03
natcomm_348,O=S(Cl)[Cl:2].O[CH2:8][CH:10]([NH2:1])[c:9]1[cH:6][cH:4][cH:3][cH:5][cH:7]1>>[NH3+:1][CH:10]([CH2:8][Cl:2])[c:9]1[cH:6][cH:4][cH:3][cH:5][cH:7]1,1,3,0.01
natcomm_349,CC(=O)O[C:22]([CH3:1])([CH3:2])[CH3:3].[Cl:5][c:18]1[cH:10][c:17]([C:16]#[N:14])[cH:9][cH:12][c:20]1[O:15][c:21]1[cH:13][cH:8][cH:7][cH:11][c:19]1[Br:6].[OH2:4]>>[CH3:1][C:22]([CH3:2])([CH3:3])[NH:14][C:16](=[O:4])[c:17]1[cH:9][cH:12][c:20]([O:15][c:21]2[cH:13][cH:8][cH:7][cH:11][c:19]2[Br:6])[c:18]([Cl:5])[cH:10]1,1,3,0.51
natcomm_350,CC(=O)O[C:15]([CH3:1])([CH3:2])[CH3:3].[OH2:4].[cH:5]1[cH:6][cH:8][c:14]([CH2:11][CH2:10][C:13]#[N:12])[cH:9][cH:7]1>>[CH3:1][C:15]([CH3:2])([CH3:3])[NH:12][C:13](=[O:4])[CH2:10][CH2:11][c:14]1[cH:8][cH:6][cH:5][cH:7][cH:9]1,1,3,0.10
natcomm_351,CC(=O)O[C:17]([CH3:2])([CH3:3])[CH3:4].[CH3:1][C:13](=[O:5])[NH:11][c:15]1[cH:7][cH:9][c:16]([C:14]#[N:12])[cH:10][cH:8]1.[OH2:6]>>[CH3:1][C:13](=[O:5])[NH:11][c:15]1[cH:7][cH:9][c:16]([C:14](=[O:6])[NH:12][C:17]([CH3:2])([CH3:3])[CH3:4])[cH:10][cH:8]1,1,3,0.38
natcomm_352,Br[c:14]1[cH:5][cH:3][cH:2][cH:4][c:13]1[NH:10][C:12]([CH2:9][CH2:8][CH2:7][CH2:6][CH3:1])=[O:11].O=C([O-])[O-]>>[CH3:1][CH2:6][CH2:7][CH2:8][CH2:9][c:12]1[n:10][c:13]2[cH:4][cH:2][cH:3][cH:5][c:14]2[o:11]1,1,2,0.04
natcomm_353,CC(=O)OC(C)=O.O[C:10](=[O:1])[CH:3]=[CH:4][C:11](=[O:2])[NH:13][c:12]1[cH:8][cH:6][cH:5][cH:7][cH:9]1>>[O:1]=[C:10]1[CH:3]=[CH:4][C:11](=[O:2])[N:13]1[c:12]1[cH:8][cH:6][cH:5][cH:7][cH:9]1,1,2,0.06
natcomm_354,Cl[CH2:23][O:25][Si:33]([CH3:4])([CH3:5])[C:32]([CH3:1])([CH3:2])[CH3:3].[cH:6]1[cH:9][cH:15][c:28]([C:31]([S:27][CH2:24][CH2:21][CH2:22][SH:26])([c:29]2[cH:17][cH:11][cH:7][cH:12][cH:18]2)[c:30]2[cH:19][cH:13][cH:8][cH:14][cH:20]2)[cH:16][cH:10]1>>[CH3:1][C:32]([CH3:2])([CH3:3])[Si:33]([CH3:4])([CH3:5])[O:25][CH2:23][S:26][CH2:22][CH2:21][CH2:24][S:27][C:31]([c:28]1[cH:15][cH:9][cH:6][cH:10][cH:16]1)([c:29]1[cH:17][cH:11][cH:7][cH:12][cH:18]1)[c:30]1[cH:19][cH:13][cH:8][cH:14][cH:20]1,1,2,0.15
natcomm_355,CC(C)(C)[O-].Cl[CH2:9][O:10][Si:13]([CH3:4])([CH3:5])[C:12]([CH3:1])([CH3:2])[CH3:3].[OH:6][CH2:7][CH2:8][SH:11]>>[CH3:1][C:12]([CH3:2])([CH3:3])[Si:13]([CH3:4])([CH3:5])[O:10][CH2:9][S:11][CH2:8][CH2:7][OH:6],1,2,0.02
natcomm_356,O=S(Cl)[Cl:4].O[S:5]([CH3:1])(=[O:2])=[O:3]>>[CH3:1][S:5](=[O:2])(=[O:3])[Cl:4],1,3,0.01
natcomm_357,[CH3:1][O:10][c:14]1[cH:7][cH:6][c:13]([CH2:9][C:12]#[N:5])[cH:8][c:15]1[O:11][CH3:2].[CH3:3][NH:16][CH3:4]>>[CH3:1][O:10][c:14]1[cH:7][cH:6][c:13]([CH2:9][C:12](=[NH:5])[N:16]([CH3:3])[CH3:4])[cH:8][c:15]1[O:11][CH3:2],1,1,0.03
natcomm_358,CC(C)[N-]C(C)C.Cl[Si:28]([CH3:3])([c:25]1[cH:11][cH:7][cH:5][cH:8][cH:12]1)[c:26]1[cH:13][cH:9][cH:6][cH:10][cH:14]1.[CH3:1][CH2:15][CH2:16][CH2:17][CH2:18][CH2:19][CH2:20][CH2:22][CH2:27][C:24](=[O:4])[O:23][CH2:21][CH3:2]>>[CH3:1][CH2:15][CH2:16][CH2:17][CH2:18][CH2:19][CH2:20][CH2:22][CH:27]([C:24](=[O:4])[O:23][CH2:21][CH3:2])[Si:28]([CH3:3])([c:25]1[cH:11][cH:7][cH:5][cH:8][cH:12]1)[c:26]1[cH:13][cH:9][cH:6][cH:10][cH:14]1,1,3,0.14
natcomm_359,Cl[P:38](Cl)Cl.[CH:1]1=[CH:2][c:26]2[cH:12][cH:4][cH:6][cH:14][c:28]2[N-:37][c:27]2[cH:13][cH:5][cH:3][cH:11][c:25]21.[cH:7]1[cH:9][cH:21][c:33]2[c:29]([cH:15]1)[cH:17][cH:19][c:31]([OH:23])[c:35]2-[c:36]1[c:32]([OH:24])[cH:20][cH:18][c:30]2[cH:16][cH:8][cH:10][cH:22][c:34]21>>[CH:1]1=[CH:2][c:26]2[cH:12][cH:4][cH:6][cH:14][c:28]2[N:37]([p:38]2[o:23][c:31]3[cH:19][cH:17][c:29]4[cH:15][cH:7][cH:9][cH:21][c:33]4[c:35]3[c:36]3[c:32]([cH:20][cH:18][c:30]4[cH:16][cH:8][cH:10][cH:22][c:34]43)[o:24]2)[c:27]2[cH:13][cH:5][cH:3][cH:11][c:25]21,1,6,0.30
natcomm_360,F[C:20]([F:5])=[C:19]([CH2:16][CH2:15][CH2:14][CH3:1])[c:21]1[cH:12][cH:6][cH:7][cH:13][c:22]1[NH:23][S:24](=[O:3])(=[O:4])[c:18]1[cH:10][cH:8][c:17]([CH3:2])[cH:9][cH:11]1>>[CH3:1][CH2:14][CH2:15][CH2:16][c:19]1[c:20]([F:5])[n:23]([S:24](=[O:3])(=[O:4])[c:18]2[cH:10][cH:8][c:17]([CH3:2])[cH:9][cH:11]2)[c:22]2[cH:13][cH:7][cH:6][cH:12][c:21]12,1,2,0.07
natcomm_361,[Br:3][Br:4].[CH3:1][C:10]12[CH2:5][CH:8]=[CH:9][CH2:6][C:11]1([CH3:2])[O:7]2>>[CH3:1][C:10]12[CH2:5][CH:8]([Br:3])[CH:9]([Br:4])[CH2:6][C:11]1([CH3:2])[O:7]2,1,3,0.01
natcomm_362,O=S(Cl)Cl.O[C:10](=[O:2])[CH2:8][c:12]1[cH:6][cH:4][c:11]([Cl:3])[cH:5][cH:7]1.[CH3:1][NH2:9]>>[CH3:1][NH:9][C:10](=[O:2])[CH2:8][c:12]1[cH:6][cH:4][c:11]([Cl:3])[cH:5][cH:7]1,1,2,0.02
natcomm_363,Br[c:16]1[cH:8][cH:6][cH:7][cH:9][c:17]1[C:18]([CH2:12][CH2:10][CH3:1])([CH2:13][CH2:11][CH:5]=[C:15]([CH3:2])[CH3:3])[CH:14]=[O:4]>>[CH3:1][CH2:10][CH2:12][C:18]1([CH2:13][CH2:11][CH:5]=[C:15]([CH3:2])[CH3:3])[C:14](=[O:4])[c:16]2[cH:8][cH:6][cH:7][cH:9][c:17]21,1,3,0.06
natcomm_364,CO[CH:8]1O[CH:9](OC)[CH2:5][CH2:4]1.[I:1][c:10]1[cH:6][cH:2][cH:3][cH:7][c:11]1[NH2:12]>>[I:1][c:10]1[cH:6][cH:2][cH:3][cH:7][c:11]1-[n:12]1[cH:8][cH:4][cH:5][cH:9]1,1,8,0.03
natcomm_365,I[c:12]1[cH:8][cH:4][cH:5][cH:9][c:13]1-[n:14]1[cH:10][cH:6][cH:7][cH:11]1.[CH3:1][C:2]#[CH:3]>>[CH3:1][C:2]#[C:3][c:12]1[cH:8][cH:4][cH:5][cH:9][c:13]1-[n:14]1[cH:10][cH:6][cH:7][cH:11]1,1,3,0.03
natcomm_366,Br[c:18]1[cH:8][cH:6][cH:7][c:17]([O:14][CH3:1])[cH:9]1.[CH3:2][C:21]([CH3:3])([CH3:4])[O:15][C:16](=[O:5])[N:20]1[CH2:12][CH2:10][CH2:11][CH2:19][CH2:13]1>>[CH3:1][O:14][c:17]1[cH:7][cH:6][cH:8][c:18]([CH:19]2[CH2:11][CH2:10][CH2:12][N:20]([C:16](=[O:5])[O:15][C:21]([CH3:2])([CH3:3])[CH3:4])[CH2:13]2)[cH:9]1,1,3,0.07
natcomm_367,[CH3:1][CH2:9][C:11](=[O:5])[CH:10]=[CH2:8].[CH3:2][Si:12]([CH3:3])([CH3:4])[C:7]#[CH:6]>>[CH3:1][CH2:9][C:11](=[O:5])[CH2:10][CH2:8][C:6]#[C:7][Si:12]([CH3:2])([CH3:3])[CH3:4],1,3,0.02
natcomm_368,CO[C:14](=[O:2])[c:15]1[cH:6][cH:4][cH:3][cH:5][cH:7]1.[CH3:1][CH2:8][CH2:9][CH2:10][CH2:11][CH2:12][NH2:13]>>[CH3:1][CH2:8][CH2:9][CH2:10][CH2:11][CH2:12][NH:13][C:14](=[O:2])[c:15]1[cH:6][cH:4][cH:3][cH:5][cH:7]1,1,2,0.03
natcomm_369,I[CH3:1].I[CH3:2].[O:3]=[C:12]([OH:10])[c:14]1[cH:9][c:16]2[cH:7][cH:5][cH:4][cH:6][c:15]2[cH:8][c:13]1[OH:11]>>[CH3:1][O:10][C:12](=[O:3])[c:14]1[cH:9][c:16]2[cH:7][cH:5][cH:4][cH:6][c:15]2[cH:8][c:13]1[O:11][CH3:2],1,4,0.04
natcomm_370,[CH2:4]1[CH:7]=[CH:8]1.[CH:1]1=[CH:5][CH2:3][CH:6]=[CH:2]1>>[CH:1]1=[CH:2][CH:6]2[CH2:3][CH:5]1[CH:7]1[CH2:4][CH:8]21,1,2,0.02
natcomm_371,O[OH:2].[CH3:1][S:9][c:8]1[cH:6][cH:4][cH:3][cH:5][cH:7]1>>[CH3:1][S:9](=[O:2])[c:8]1[cH:6][cH:4][cH:3][cH:5][cH:7]1,1,2,0.01
natcomm_372,Cl[C:15]([CH3:3])=[O:5].Cl[C:16]([CH3:4])=[O:6].[CH3:1][O:13][c:19]1[c:20]([O:14][CH3:2])[c:22]2[cH:10][cH:8][cH:18][cH:12][c:24]2[c:23]2[cH:11][cH:17][cH:7][cH:9][c:21]12>>[CH3:1][O:13][c:19]1[c:20]([O:14][CH3:2])[c:22]2[cH:10][cH:8][c:18]([C:16]([CH3:4])=[O:6])[cH:12][c:24]2[c:23]2[cH:11][c:17]([C:15]([CH3:3])=[O:5])[cH:7][cH:9][c:21]12,1,6,0.09
natcomm_373,O=S1(=O)[CH2:9][CH:5]=[CH:6][CH2:10]1.[CH3:1][CH2:7][O:11][C:13](=[O:3])[CH:15]=[CH:16][C:14](=[O:4])[O:12][CH2:8][CH3:2]>>[CH3:1][CH2:7][O:11][C:13](=[O:3])[CH:15]1[CH2:9][CH:5]=[CH:6][CH2:10][CH:16]1[C:14](=[O:4])[O:12][CH2:8][CH3:2],1,4,0.04
natcomm_374,[CH3:1][CH2:7][O:11][C:13](=[O:3])[CH:15]1[CH2:9][CH:5]=[CH:6][CH2:10][CH:16]1[C:14](=[O:4])[O:12][CH2:8][CH3:2]>>[CH3:1][CH2:7][O:11][C:13](=[O:3])[CH:15]1[CH2:9][CH2:5][CH2:6][CH2:10][CH:16]1[C:14](=[O:4])[O:12][CH2:8][CH3:2],1,2,0.04
natcomm_375,O[C:26]([c:22]1[cH:13][cH:5][cH:2][cH:6][cH:14]1)([c:23]1[cH:15][cH:7][cH:3][cH:8][cH:16]1)[c:24]1[cH:17][cH:9][cH:4][cH:10][cH:18]1.[NH2:1][c:21]1[cH:11][cH:19][cH:25][cH:20][cH:12]1>>[NH2:1][c:21]1[cH:11][cH:19][c:25]([C:26]([c:22]2[cH:13][cH:5][cH:2][cH:6][cH:14]2)([c:23]2[cH:15][cH:7][cH:3][cH:8][cH:16]2)[c:24]2[cH:17][cH:9][cH:4][cH:10][cH:18]2)[cH:20][cH:12]1,1,3,0.12
natcomm_376,O=[C:13]([CH3:1])[CH2:8][CH2:9][C:14](=O)[CH3:2].[F:3][c:11]1[cH:6][c:10]([I:4])[cH:5][cH:7][c:12]1[NH2:15]>>[CH3:1][c:13]1[cH:8][cH:9][c:14]([CH3:2])[n:15]1-[c:12]1[cH:7][cH:5][c:10]([I:4])[cH:6][c:11]1[F:3],1,6,0.03
natcomm_377,Cl[S:17](=[O:3])(=[O:4])[c:15]1[cH:7][cH:5][c:14]([CH3:1])[cH:6][cH:8]1.[CH3:2][C:16]1([CH2:11][OH:13])[CH2:9][O:12][CH2:10]1>>[CH3:1][c:14]1[cH:5][cH:7][c:15]([S:17](=[O:3])(=[O:4])[O:13][CH2:11][C:16]2([CH3:2])[CH2:9][O:12][CH2:10]2)[cH:8][cH:6]1,1,2,0.03
natcomm_378,[Br:4][c:13]1[cH:5][cH:7][cH:14][cH:8][cH:6]1.[O:1]=[C:11]1[O:3][C:12](=[O:2])[CH2:10][CH2:9]1>>[O:1]=[C:11]([OH:3])[CH2:9][CH2:10][C:12](=[O:2])[c:14]1[cH:7][cH:5][c:13]([Br:4])[cH:6][cH:8]1,1,3,0.03
natcomm_379,CO[CH:3]([CH3:1])[N:20]1[C:15](=[O:2])[O:14][CH:18]([c:16]2[cH:10][cH:6][cH:4][cH:7][cH:11]2)[CH:19]1[c:17]1[cH:12][cH:8][cH:5][cH:9][cH:13]1>>[CH2:1]=[CH:3][N:20]1[C:15](=[O:2])[O:14][CH:18]([c:16]2[cH:10][cH:6][cH:4][cH:7][cH:11]2)[CH:19]1[c:17]1[cH:12][cH:8][cH:5][cH:9][cH:13]1,1,2,0.06
natcomm_380,I[I:2].[O:1]=[C:7]1[CH2:6][CH2:5][CH2:4][CH:3]=[CH:8]1>>[O:1]=[C:7]1[CH2:6][CH2:5][CH2:4][CH:3]=[C:8]1[I:2],1,3,0.01
natcomm_381,[CH2:1]=[CH:7][C:8](=[O:4])[O:6][CH3:2].[CH3:3][CH:9]=[O:5]>>[CH2:1]=[C:7]([C:8](=[O:4])[O:6][CH3:2])[CH:9]([CH3:3])[OH:5],1,2,0.01
natcomm_382,CC(=O)O[C:10]([CH3:1])=[O:2].[OH:3][CH2:4][CH2:6][O:9][CH2:7][CH2:5][NH2:8]>>[CH3:1][C:10](=[O:2])[NH:8][CH2:5][CH2:7][O:9][CH2:6][CH2:4][OH:3],1,2,0.01
natcomm_383,Cl[CH2:4][C:7](Cl)=[O:1].[CH2:2]([CH2:3][SH:6])[SH:5]>>[O:1]=[C:7]1[CH2:4][S:5][CH2:2][CH2:3][S:6]1,1,4,0.01
natcomm_384,Cl[C:9](=[O:2])[CH2:5][CH3:1].[CH2:3]1[CH2:6][NH:10][CH2:7][CH2:4][O:8]1>>[CH3:1][CH2:5][C:9](=[O:2])[N:10]1[CH2:6][CH2:3][O:8][CH2:4][CH2:7]1,1,2,0.01
natcomm_385,Cl[C:10](=[CH2:1])[Cl:3].[CH3:2][CH2:6][CH2:8][CH2:9][CH2:7][C:4]#[CH:5]>>[CH2:1]=[C:10]([Cl:3])[C:5]#[C:4][CH2:7][CH2:9][CH2:8][CH2:6][CH3:2],1,3,0.02
natcomm_386,C1CC([O:4][S:11](=[O:2])(=[O:3])[c:10]2[cH:7][cH:5][c:9]([CH3:1])[cH:6][cH:8]2)C1>>[CH3:1][c:9]1[cH:5][cH:7][c:10]([S:11](=[O:2])(=[O:3])[OH:4])[cH:8][cH:6]1,1,1,0.02
natcomm_387,[CH3:1][O:20][CH2:19][N:27]([CH2:17][c:23]1[cH:13][cH:9][cH:7][cH:10][cH:14]1)[CH2:18][Si:29]([CH3:2])([CH3:3])[CH3:4].[O:5]=[C:21]1[CH:25]=[CH:26][C:22](=[O:6])[N:28]1[c:24]1[cH:15][cH:11][cH:8][cH:12][cH:16]1>>[CH3:1][O:20][Si:29]([CH3:2])([CH3:3])[CH3:4].[O:5]=[C:21]1[CH:25]2[CH2:18][N:27]([CH2:17][c:23]3[cH:13][cH:9][cH:7][cH:10][cH:14]3)[CH2:19][CH:26]2[C:22](=[O:6])[N:28]1[c:24]1[cH:15][cH:11][cH:8][cH:12][cH:16]1,1,5,0.10
natcomm_388,Cl[c:23]1[n:16][n:15][n:17][n:24]1-[c:22]1[cH:13][cH:5][cH:2][cH:6][cH:14]1.[cH:1]1[cH:3][cH:9][c:20](-[c:21]2[cH:11][cH:7][c:19]([OH:18])[cH:8][cH:12]2)[cH:10][cH:4]1>>[cH:1]1[cH:3][cH:9][c:20](-[c:21]2[cH:11][cH:7][c:19]([O:18][c:23]3[n:16][n:15][n:17][n:24]3-[c:22]3[cH:13][cH:5][cH:2][cH:6][cH:14]3)[cH:8][cH:12]2)[cH:10][cH:4]1,1,2,0.05
natcomm_389,CC(=O)O[C:9]([CH3:1])=[O:3].[CH3:2][CH:10]1[CH2:6][CH2:4][CH2:5][CH2:7][C:11]1=[O:8]>>[CH3:1][C:9](=[O:3])[O:8][C:11]1=[C:10]([CH3:2])[CH2:6][CH2:4][CH2:5][CH2:7]1,1,3,0.18
natcomm_390,[CH3:1][N:23]([CH3:2])[c:17]1[cH:11][cH:12][cH:18][c:21]([C:24]([F:4])([F:5])[F:6])[cH:15]1.[O:3]=[C:22]1[C:19]([Br:9])=[CH:13][C:16]([Br:7])([Br:8])[CH:14]=[C:20]1[Br:10]>>[CH3:1][N:23]([CH3:2])[c:17]1[cH:11][cH:12][c:18]([Br:8])[c:21]([C:24]([F:4])([F:5])[F:6])[cH:15]1.[OH:3][c:22]1[c:19]([Br:9])[cH:13][c:16]([Br:7])[cH:14][c:20]1[Br:10],1,3,0.91
natcomm_391,Br[Br:4].[CH3:1][CH:7]([CH3:2])[C:6](=[O:3])[CH3:5]>>[CH3:1][CH:7]([CH3:2])[C:6](=[O:3])[CH2:5][Br:4],1,3,0.01
natcomm_392,I[CH3:1].[cH:2]1[cH:3][cH:6][c:9]2[c:8]([cH:4]1)[cH:5][cH:7][nH:10]2>>[CH3:1][n:10]1[cH:7][cH:5][c:8]2[cH:4][cH:2][cH:3][cH:6][c:9]21,1,2,0.01
natcomm_393,COC(=O)O[CH3:1].[N:2]#[C:3][CH2:10][c:9]1[cH:7][cH:5][cH:4][cH:6][cH:8]1>>[CH3:1][CH:10]([C:3]#[N:2])[c:9]1[cH:7][cH:5][cH:4][cH:6][cH:8]1,1,3,0.03
natcomm_394,CC(=O)OC(C)=O.O=[C:11]([NH:8][CH2:7][C:10](=[O:1])[OH:9])[c:12]1[cH:5][cH:3][cH:2][cH:4][cH:6]1>>[O:1]=[C:10]1[CH2:7][N:8]=[C:11]([c:12]2[cH:5][cH:3][cH:2][cH:4][cH:6]2)[O:9]1,1,2,0.03
natcomm_395,Cl[C:13](=[O:1])[CH:15]1[CH2:9][CH2:5][CH2:3][CH2:6][CH2:10]1.Cl[C:14](=[O:2])[CH:16]1[CH2:11][CH2:7][CH2:4][CH2:8][CH2:12]1>>[O:1]=[C:13]1[C:15]2([CH2:9][CH2:5][CH2:3][CH2:6][CH2:10]2)[C:14](=[O:2])[C:16]12[CH2:11][CH2:7][CH2:4][CH2:8][CH2:12]2,1,6,0.07
natcomm_396,Br[Br:1].[cH:2]1[cH:4][c:12]2[cH:6][cH:9][c:14]3[cH:8][cH:3][cH:11][c:15]4[cH:10][cH:7][c:13]([cH:5]1)[c:16]2[c:17]34>>[Br:1][c:11]1[cH:3][cH:8][c:14]2[cH:9][cH:6][c:12]3[cH:4][cH:2][cH:5][c:13]4[cH:7][cH:10][c:15]1[c:17]2[c:16]34,1,3,0.63
natcomm_397,NN.O=[CH:6][CH:7]=[CH:9][c:8]1[cH:4][cH:2][cH:1][cH:3][cH:5]1>>[cH:1]1[cH:2][cH:4][c:8]([CH:9]2[CH2:6][CH2:7]2)[cH:5][cH:3]1,1,4,0.02
natcomm_398,Cl[C:12](=[O:1])[c:13]1[cH:8][cH:4][cH:2][cH:5][cH:9]1.[cH:3]1[cH:6][cH:10][cH:14][cH:11][cH:7]1>>[O:1]=[C:12]([c:13]1[cH:8][cH:4][cH:2][cH:5][cH:9]1)[c:14]1[cH:10][cH:6][cH:3][cH:7][cH:11]1,1,3,0.08
natcomm_399,[C:2](#[CH:3])[c:19]1[cH:13][cH:7][cH:4][cH:8][cH:14]1.[O:1]=[C:22]([c:20]1[cH:15][cH:9][cH:5][cH:10][cH:16]1)[c:21]1[cH:17][cH:11][cH:6][cH:12][cH:18]1>>[OH:1][C:22]([C:3]#[C:2][c:19]1[cH:13][cH:7][cH:4][cH:8][cH:14]1)([c:20]1[cH:15][cH:9][cH:5][cH:10][cH:16]1)[c:21]1[cH:17][cH:11][cH:6][cH:12][cH:18]1,1,2,0.15
natcomm_400,CO[C:10](=[O:2])[C:11](=O)[CH2:7][CH3:1].[cH:3]1[cH:4][cH:6][c:13]([NH2:9])[c:12]([NH2:8])[cH:5]1>>[CH3:1][CH2:7][c:11]1[n:9][c:13]2[cH:6][cH:4][cH:3][cH:5][c:12]2[n:8][c:10]1[OH:2],1,4,0.03
natcomm_401,Cl[CH2:9][CH2:8][O:10][CH3:1].[O:2]=[C:11]1[c:13]2[cH:6][cH:4][cH:5][cH:7][c:14]2[C:12](=[O:3])[NH:15]1>>[CH3:1][O:10][CH2:8][CH2:9][N:15]1[C:11](=[O:2])[c:13]2[cH:6][cH:4][cH:5][cH:7][c:14]2[C:12]1=[O:3],1,2,0.03
natcomm_402,[CH3:1][O:13][CH2:10][CH2:9][N:2]1[C:14](=[O:3])[c:16]2[cH:7][cH:5][cH:6][cH:8][c:17]2[C:15]1=[O:4].[NH2:11][NH2:12]>>[CH3:1][O:13][CH2:10][CH2:9][NH2:2].[O:3]=[c:14]1[nH:11][nH:12][c:15](=[O:4])[c:17]2[cH:8][cH:6][cH:5][cH:7][c:16]12,1,4,0.05
natcomm_403,Cl[c:9]1[cH:4][cH:3][c:8]([CH3:2])[cH:5][cH:10]1.[Li:1][O:7][CH:11]=[CH2:6]>>[Li:1][O:7][CH:11]1[CH2:6][c:9]2[cH:4][cH:3][c:8]([CH3:2])[cH:5][c:10]21,1,4,0.02
natcomm_404,CC(C)N(C(=O)O[CH:23]([CH2:17][CH:6]=[CH2:1])[c:22]1[cH:15][cH:11][cH:8][cH:12][cH:16]1)C(C)C.[CH3:2][C:24]1([CH3:3])[O:18][B:20]([c:21]2[cH:13][cH:9][cH:7][cH:10][cH:14]2)[O:19][C:25]1([CH3:4])[CH3:5]>>[CH2:1]=[CH:6][CH2:17][C:23]([B:20]1[O:18][C:24]([CH3:2])([CH3:3])[C:25]([CH3:4])([CH3:5])[O:19]1)([c:21]1[cH:13][cH:9][cH:7][cH:10][cH:14]1)[c:22]1[cH:15][cH:11][cH:8][cH:12][cH:16]1,1,5,0.25
natcomm_405,CC1(C)OB([C:16]([CH2:13][CH:2]=[CH2:1])([c:14]2[cH:9][cH:5][cH:3][cH:6][cH:10]2)[c:15]2[cH:11][cH:7][cH:4][cH:8][cH:12]2)OC1(C)C.O>>[CH2:1]=[CH:2][CH2:13][CH:16]([c:14]1[cH:9][cH:5][cH:3][cH:6][cH:10]1)[c:15]1[cH:11][cH:7][cH:4][cH:8][cH:12]1,1,2,0.08
natcomm_406,[CH2:14]1[CH2:17][CH:25]2[CH2:19][CH2:15][CH2:20][CH:26]([CH2:18]1)[BH:22]2.[OH:1][OH:2].[cH:3]1[cH:5][cH:9][c:23]([CH:27]([CH2:21][CH:16]=[CH2:13])[c:24]2[cH:11][cH:7][cH:4][cH:8][cH:12]2)[cH:10][cH:6]1>>[OH:1][CH2:13][CH2:16][CH2:21][CH:27]([c:23]1[cH:9][cH:5][cH:3][cH:6][cH:10]1)[c:24]1[cH:11][cH:7][cH:4][cH:8][cH:12]1.[OH:2][B:22]1[CH:25]2[CH2:17][CH2:14][CH2:18][CH:26]1[CH2:20][CH2:15][CH2:19]2,1,4,0.15
natcomm_407,O=[O:1].[OH:2][CH2:15][CH2:13][CH2:14][CH:18]([c:16]1[cH:9][cH:5][cH:3][cH:6][cH:10]1)[c:17]1[cH:11][cH:7][cH:4][cH:8][cH:12]1>>[O:1]=[C:15]([OH:2])[CH2:13][CH2:14][CH:18]([c:16]1[cH:9][cH:5][cH:3][cH:6][cH:10]1)[c:17]1[cH:11][cH:7][cH:4][cH:8][cH:12]1,1,4,0.07
natcomm_408,[O:1]=[CH:2][CH:8]1[CH:4]=[CH:3][CH2:6][CH:7]=[CH:5]1>>[O:1]=[CH:2][C:8]1=[CH:5][CH2:7][CH2:6][CH:3]=[CH:4]1,1,2,0.01
natcomm_409,[CH3:1][C:17]([CH:6]=[CH2:13])=[CH2:12].[CH3:2][Si:20]([CH3:3])([CH3:4])[O:15][C:19](=[CH2:14])[C:16](=[O:5])[c:18]1[cH:10][cH:8][cH:7][cH:9][cH:11]1>>[CH3:1][C:17]1=[CH:6][CH2:13][C:19]([O:15][Si:20]([CH3:2])([CH3:3])[CH3:4])([C:16](=[O:5])[c:18]2[cH:10][cH:8][cH:7][cH:9][cH:11]2)[CH2:14][CH2:12]1,1,2,0.07
natcomm_410,Br[CH:8]1[CH2:5][CH2:3][CH:7]([CH3:1])[CH2:4][CH2:6]1.[Cl-:2]>>[CH3:1][CH:7]1[CH2:3][CH2:5][CH:8]([Cl:2])[CH2:6][CH2:4]1,1,2,0.01
natcomm_411,O=[N:1]O.[NH2:2][CH2:4][CH:3]1[CH2:5][CH2:6]1>>[CH:3]1=[CH:4][CH2:6][CH2:5]1.[N:1]#[N:2],1,7,0.01
natcomm_412,[N:1](=[N:2][c:12]1[cH:5][cH:9][cH:14][cH:10][cH:6]1)[c:11]1[cH:3][cH:7][cH:13][cH:8][cH:4]1>>[NH2:1][c:11]1[cH:3][cH:7][c:13](-[c:14]2[cH:9][cH:5][c:12]([NH2:2])[cH:6][cH:10]2)[cH:8][cH:4]1,1,4,0.16
natcomm_413,[cH:1]1[cH:2][cH:4][c:8](=[CH2:6])[c:7](=[CH2:5])[cH:3]1>>[cH:1]1[cH:2][cH:4][c:8]2[c:7]([cH:3]1)[CH2:5][CH2:6]2,1,1,0.01
natcomm_414,CC(C)(C)[O-].Cl[CH2:9][C:7](=[O:3])[O:5][CH2:4][CH3:1].[CH3:2][CH:8]=[O:6]>>[CH3:1][CH2:4][O:5][C:7](=[O:3])[CH:9]1[O:6][CH:8]1[CH3:2],1,4,0.02
natcomm_415,O.[OH:1][N:7]=[C:8]1[CH2:5][CH2:3][CH2:2][CH2:4][CH2:6]1>>[O:1]=[C:8]1[CH2:6][CH2:4][CH2:2][CH2:3][CH2:5][NH:7]1,1,4,0.01
natcomm_416,[CH2:2]1[CH2:3][CH:5]=[CH:7][CH2:6][CH2:4]1.[OH2:1]>>[OH:1][CH:7]1[CH2:5][CH2:3][CH2:2][CH2:4][CH2:6]1,1,2,0.01
natcomm_417,N[NH:7][c:10]1[cH:5][cH:3][cH:4][cH:6][cH:11]1.O=[C:8]([CH3:1])[CH2:9][CH3:2]>>[CH3:1][c:8]1[nH:7][c:10]2[cH:5][cH:3][cH:4][cH:6][c:11]2[c:9]1[CH3:2],1,7,0.03
natcomm_418,O=[S:11]([CH3:1])[CH2:16][C:12](=[O:4])[N:17]([CH3:2])[CH3:3].[cH:5]1[cH:6][c:14]2[c:15]([cH:7][cH:13]1)[O:10][CH2:8][O:9]2>>[CH3:1][S:11][CH:16]([C:12](=[O:4])[N:17]([CH3:2])[CH3:3])[c:13]1[cH:5][cH:6][c:14]2[c:15]([cH:7]1)[O:10][CH2:8][O:9]2,1,4,0.03
natcomm_419,[CH2:1]=[C:13]([CH3:2])[CH3:3].[O:4]=[C:11]([OH:10])[c:12]1[cH:8][cH:6][cH:5][cH:7][cH:9]1>>[CH3:1][C:13]([CH3:2])([CH3:3])[O:10][C:11](=[O:4])[c:12]1[cH:8][cH:6][cH:5][cH:7][cH:9]1,1,2,0.03
natcomm_420,[CH3:2][C:5](=[O:3])[OH:4].[N-]=[N+]=[CH2:1]>>[CH3:1][O:4][C:5]([CH3:2])=[O:3],1,3,0.00
natcomm_421,[CH3:1][c:13]1[cH:10][c:15]([CH3:2])[c:17]([S:18](=[O:3])(=[O:4])[c:14]2[cH:8][cH:6][cH:5][cH:7][cH:9]2)[c:16]([CH3:12])[cH:11]1>>[CH3:1][c:13]1[cH:10][c:15]([CH3:2])[c:17]([S:18](=[O:3])[OH:4])[c:16]([CH2:12][c:14]2[cH:8][cH:6][cH:5][cH:7][cH:9]2)[cH:11]1,1,3,0.04
natcomm_422,OOC(c1ccccc1)=[O:8].[CH3:1][C:9](=[O:2])[CH:10]1[CH2:6][CH2:4][CH2:3][CH2:5][CH2:7]1>>[CH3:1][C:9](=[O:2])[O:8][CH:10]1[CH2:6][CH2:4][CH2:3][CH2:5][CH2:7]1,1,4,0.04
natcomm_423,CCO[C:11](=[O:2])[CH2:5][C:10](=O)[CH2:8][CH3:1].[cH:3]1[cH:4][cH:7][cH:13][c:12]([OH:9])[cH:6]1>>[CH3:1][CH2:8][c:10]1[cH:5][c:11](=[O:2])[o:9][c:12]2[cH:6][cH:3][cH:4][cH:7][c:13]12,1,6,0.68
natcomm_424,O=[C:6]([CH3:1])[CH2:3][CH2:4][C:7](=O)[CH3:2].[SH-:5]>>[CH3:1][c:6]1[cH:3][cH:4][c:7]([CH3:2])[s:5]1,1,6,0.01
natcomm_425,[C-:1]#[N+:23][CH:33]1[CH:32]2[c:27]3[cH:25][nH:24][c:28]4[cH:14][cH:12][cH:13][c:26]([c:29]34)[C:37]([CH3:7])([CH3:8])[CH:34]2[CH2:21][CH2:22][C:36]1([CH3:6])[CH:11]=[CH2:3].[CH2:2]([B:9]1[CH:30]2[CH2:17][CH2:15][CH2:18][CH:31]1[CH2:20][CH2:16][CH2:19]2)[CH:10]=[C:35]([CH3:4])[CH3:5]>>[BH:9]1[CH:30]2[CH2:17][CH2:15][CH2:18][CH:31]1[CH2:20][CH2:16][CH2:19]2.[C-:1]#[N+:23][CH:33]1[CH:32]2[c:27]3[c:25]([C:35]([CH3:4])([CH3:5])[CH:10]=[CH2:2])[nH:24][c:28]4[cH:14][cH:12][cH:13][c:26]([c:29]34)[C:37]([CH3:7])([CH3:8])[CH:34]2[CH2:21][CH2:22][C:36]1([CH3:6])[CH:11]=[CH2:3],1,3,1.68
natcomm_426,[CH3:1][CH2:8][O:11][C:15](=[O:4])[C:18](=[O:14])[C:16](=[O:5])[O:12][CH2:9][CH3:2].[CH3:3][O:13][CH:17]=[CH:7][CH:6]=[CH2:10]>>[CH3:1][CH2:8][O:11][C:15](=[O:4])[C:18]1([C:16](=[O:5])[O:12][CH2:9][CH3:2])[CH2:10][CH:6]=[CH:7][CH:17]([O:13][CH3:3])[O:14]1,1,2,0.03
natcomm_427,Cl[CH2:11][C:15](=[N:12][OH:13])[c:16]1[cH:9][cH:7][cH:6][cH:8][cH:10]1.[CH3:1][C:18]([CH3:2])=[CH:17][O:14][Si:19]([CH3:3])([CH3:4])[CH3:5]>>[CH3:1][C:18]1([CH3:2])[CH2:11][C:15]([c:16]2[cH:9][cH:7][cH:6][cH:8][cH:10]2)=[N:12][O:13][CH:17]1[O:14][Si:19]([CH3:3])([CH3:4])[CH3:5],1,3,0.04
natcomm_428,O=[CH:4][CH:2]=[CH2:6].[cH:1]1[cH:3][cH:7][c:10]([NH2:8])[cH:9][cH:5]1>>[cH:1]1[cH:3][cH:7][c:10]2[n:8][cH:4][cH:2][cH:6][c:9]2[cH:5]1,1,5,0.13
natcomm_429,O[c:24]1[n:19][c:26]2[cH:9][cH:7][cH:6][cH:8][c:25]2[n:18][c:23]1[CH2:14][CH3:1].[CH2:10]1[CH2:11][CH2:15][CH:27]([N+:20]#[C-:22])[CH2:16][CH2:12]1.[CH3:2][O:21][CH2:13][CH2:17][NH2:30].[CH3:3][CH:28]([CH3:4])[CH:29]=[O:5]>>[CH3:1][CH2:14][c:23]1[n:18][c:25]2[cH:8][cH:6][cH:7][cH:9][c:26]2[n:19][c:24]1[N:30]([CH2:17][CH2:13][O:21][CH3:2])[CH:29]([C:22](=[O:5])[NH:20][CH:27]1[CH2:15][CH2:11][CH2:10][CH2:12][CH2:16]1)[CH:28]([CH3:3])[CH3:4],1,6,0.15
natcomm_430,[CH2:1]=[CH:3][CH2:8][O:2][c:9]1[cH:6][cH:4][cH:5][cH:7][cH:10]1>>[CH2:1]=[CH:3][CH2:8][c:10]1[cH:7][cH:5][cH:4][cH:6][c:9]1[OH:2],1,3,0.04
natcomm_431,O=C(C(F)(F)F)[O:11][C:13](=[O:1])[C:16]([F:2])([F:3])[F:4].O=[S:12]([CH3:10])[c:15]1[cH:8][cH:6][c:14]([Cl:5])[cH:7][cH:9]1>>[O:1]=[C:13]([O:11][CH2:10][S:12][c:15]1[cH:8][cH:6][c:14]([Cl:5])[cH:7][cH:9]1)[C:16]([F:2])([F:3])[F:4],1,4,0.12
natcomm_432,[CH2:1]([O:4][CH:5]=[CH2:8])[C:13]([CH3:3])=[CH:14][CH2:10][C:15]1([CH2:9][CH3:2])[O:11][CH2:6][CH2:7][O:12]1>>[CH2:1]=[C:13]([CH3:3])[CH:14]([CH2:8][CH:5]=[O:4])[CH2:10][C:15]1([CH2:9][CH3:2])[O:11][CH2:6][CH2:7][O:12]1,1,2,0.05
natcomm_433,O=C1[CH2:1][C:15](=[CH2:14])[O:2]1.O[C:17]1([C:5]#[C:4][c:16]2[cH:9][cH:7][cH:6][cH:8][cH:10]2)[CH:11]=[CH:12][C:18](=[O:3])[CH:19]=[CH:13]1>>[CH3:1][C:15](=[O:2])[CH2:14][c:19]1[cH:13][c:17]([C:5]#[C:4][c:16]2[cH:9][cH:7][cH:6][cH:8][cH:10]2)[cH:11][cH:12][c:18]1[OH:3],1,6,1.53
natcomm_434,[CH2:1]=[CH:3][CH2:5][CH:4]([OH:2])[CH:6]=[CH2:7]>>[CH2:1]=[CH:3][CH2:5][CH2:7][CH2:6][CH:4]=[O:2],1,3,0.02
natcomm_435,O[C:22](=[O:7])[C:9]#[C:8][CH3:1].[CH3:2][O:19][c:24]1[cH:14][cH:12][c:23]([CH2:17][NH2:27])[cH:13][cH:15]1.[CH3:3][C:28]([CH3:4])([CH3:5])[N+:18]#[C-:21].[O:6]=[CH:26][c:25]1[cH:16][cH:10][cH:11][s:20]1>>[CH3:1][C:8]#[C:9][C:22](=[O:7])[N:27]([CH2:17][c:23]1[cH:12][cH:14][c:24]([O:19][CH3:2])[cH:15][cH:13]1)[CH:26]([C:21](=[O:6])[NH:18][C:28]([CH3:3])([CH3:4])[CH3:5])[c:25]1[cH:16][cH:10][cH:11][s:20]1,1,6,0.11
natcomm_436,O=[CH:33][c:31]1[cH:21][cH:13][cH:7][cH:14][cH:22]1.[OH:1][C:28](=[O:2])[C:35]([F:3])([F:4])[S:26][c:30]1[cH:19][cH:11][cH:6][cH:12][cH:20]1.[cH:5]1[cH:9][cH:17][c:29]([N+:25]#[C-:27])[cH:18][cH:10]1.[cH:8]1[cH:15][cH:23][c:32]([NH2:34])[cH:24][cH:16]1>>[O:1]=[C:27]([NH:25][c:29]1[cH:17][cH:9][cH:5][cH:10][cH:18]1)[CH:33]([c:31]1[cH:21][cH:13][cH:7][cH:14][cH:22]1)[N:34]([C:28](=[O:2])[C:35]([F:3])([F:4])[S:26][c:30]1[cH:19][cH:11][cH:6][cH:12][cH:20]1)[c:32]1[cH:23][cH:15][cH:8][cH:16][cH:24]1,1,6,1.02
natcomm_437,[CH2:9]1[CH2:10][CH2:13][CH:21]([N+:14]#[C-:18])[CH2:12]1.[N:1]#[C:5][CH2:11][C:17](=[O:2])[OH:15].[O:3]=[CH:22][C:19](=[O:4])[c:20]1[cH:8][cH:6][cH:7][s:16]1>>[N:1]#[C:5][CH2:11][C:17](=[O:2])[O:15][CH:22]([C:18](=[O:3])[NH:14][CH:21]1[CH2:12][CH2:9][CH2:10][CH2:13]1)[C:19](=[O:4])[c:20]1[cH:8][cH:6][cH:7][s:16]1,1,4,0.06
natcomm_438,C[Si](C)(C)[CH2:9][C:10](=[CH2:1])[CH3:2].Cl.[O:3]=[CH:12][c:11]1[cH:7][cH:5][cH:4][cH:6][cH:8]1>>[CH2:1]=[C:10]([CH3:2])[CH2:9][CH:12]([OH:3])[c:11]1[cH:7][cH:5][cH:4][cH:6][cH:8]1,1,2,0.03
natcomm_439,C[Si](C)(C)[CH2:9][CH:3]=[CH2:1].[O:2]=[CH:11][c:10]1[cH:7][cH:5][cH:4][cH:6][cH:8]1>>[CH2:1]=[CH:3][CH2:9][CH:11]([OH:2])[c:10]1[cH:7][cH:5][cH:4][cH:6][cH:8]1,1,2,0.03
natcomm_440,[N:1]#[C:12][c:15]1[s:10][c:14]2[cH:4][cH:2][cH:3][cH:5][c:16]2[c:17]1[O:9][CH2:6][CH2:7][CH2:13][C:11]#[N:8]>>[NH2:1][c:12]1[n:8][c:11]2[c:13]([c:17]3[c:15]1[s:10][c:14]1[cH:4][cH:2][cH:3][cH:5][c:16]13)[CH2:7][CH2:6][O:9]2,1,6,0.05
natcomm_441,Br[CH2:1][CH2:8][CH2:10][CH3:2].[cH:3]1[cH:4][cH:6][cH:9][cH:7][cH:5]1>>[CH3:1][CH2:8][CH:10]([CH3:2])[c:9]1[cH:6][cH:4][cH:3][cH:5][cH:7]1,1,5,0.08
natcomm_442,[CH3:1][C:12]1([CH3:2])[C:9]2([OH:3])[CH2:7][CH2:5][CH:10]1[CH2:8][C:11]2=[CH2:6].[OH2:4]>>[CH3:1][C:12]1([CH3:2])[C:9](=[O:3])[C:11]2([CH2:6][OH:4])[CH2:7][CH2:5][CH:10]1[CH2:8]2,1,3,0.03
natcomm_443,[CH2:1]([O:5][C:14](=[NH:13])[C:17]([Cl:6])([Cl:7])[Cl:8])[CH:9]=[C:16]([CH3:4])[CH2:12][CH2:11][CH:10]=[C:15]([CH3:2])[CH3:3]>>[CH2:1]=[CH:9][C:16]([CH3:4])([CH2:12][CH2:11][CH:10]=[C:15]([CH3:2])[CH3:3])[NH:13][C:14](=[O:5])[C:17]([Cl:6])([Cl:7])[Cl:8],1,2,0.24
natcomm_444,[CH3:1][CH2:8][O:12][c:14]1[o:2][c:17](-[c:15]2[cH:6][cH:4][cH:3][cH:5][cH:7]2)[n:11][c:16]1[C:18]1=[N:19][CH2:10][CH2:9][O:13]1>>[CH3:1][CH2:8][O:12][C:14](=[O:2])[c:16]1[n:11][c:17](-[c:15]2[cH:6][cH:4][cH:3][cH:5][cH:7]2)[n:19]2[c:18]1[O:13][CH2:9][CH2:10]2,1,2,0.07
natcomm_445,Cc1ccc(S(=O)(=O)O[CH:15]2[CH2:9][C:16]([CH3:1])([CH3:2])[CH2:8][C:12]3=[CH:4][c:13]4[cH:5][o:10][cH:6][c:14]4[CH2:7][C:11]32[OH:3])cc1>>[CH3:1][C:16]1([CH3:2])[CH2:8][C:12]2=[CH:4][c:13]3[cH:5][o:10][cH:6][c:14]3[CH2:7][C:11](=[O:3])[CH:15]2[CH2:9]1,1,3,0.19
natcomm_446,[CH3:1][C:9]([CH3:2])=[C:8]1[O:3][CH2:6][O:7][CH2:4][CH2:5]1>>[CH3:1][C:9]1([CH3:2])[CH2:6][O:7][CH2:4][CH2:5][C:8]1=[O:3],1,2,0.01
natcomm_447,O=[C:14]1[CH2:10][CH2:8][CH2:9][CH2:11][CH2:16]1.[O:1]=[C:13]([CH:2]=[CH:17][c:15]1[cH:6][cH:4][cH:3][cH:5][cH:7]1)[CH3:12]>>[O:1]=[C:13]1[CH:2]=[C:14]2[CH2:10][CH2:8][CH2:9][CH2:11][CH:16]2[CH:17]([c:15]2[cH:6][cH:4][cH:3][cH:5][cH:7]2)[CH2:12]1,1,7,0.41
natcomm_448,CC(=O)O[C:11]([CH3:1])=[O:2].C[N+:14]1([O-])[CH2:9][CH2:7][CH2:8][CH:13]1[c:12]1[cH:5][cH:3][cH:4][n:10][cH:6]1>>[CH3:1][C:11](=[O:2])[N:14]1[CH2:9][CH2:7][CH2:8][CH:13]1[c:12]1[cH:5][cH:3][cH:4][n:10][cH:6]1,1,4,0.04
natcomm_449,O=[CH:4][CH2:10][CH2:5][CH:9]=[O:2].[O:1]=[CH:3][CH2:8][CH2:6][CH:11]=[O:7]>>[O:1]=[CH:3][C:8]1=[CH:4][CH:10]2[CH2:5][CH:9]([OH:2])[O:7][CH:11]2[CH2:6]1,1,7,0.11
natcomm_450,[CH3:1][C:16]([CH3:2])=[CH:5][C:20]([CH3:3])([CH3:4])[CH:19]=[C:21]([c:17]1[cH:12][cH:8][cH:6][cH:9][cH:13]1)[c:18]1[cH:14][cH:10][cH:7][cH:11][cH:15]1>>[CH3:1][C:16]([CH3:2])=[CH:5][CH:19]1[C:20]([CH3:3])([CH3:4])[C:21]1([c:17]1[cH:12][cH:8][cH:6][cH:9][cH:13]1)[c:18]1[cH:14][cH:10][cH:7][cH:11][cH:15]1,1,3,0.13
natcomm_451,O=C1[C:28]([c:32]2[cH:17][cH:7][cH:2][cH:8][cH:18]2)=[C:29]([c:33]2[cH:19][cH:9][cH:3][cH:10][cH:20]2)[C:30]([c:34]2[cH:21][cH:11][cH:4][cH:12][cH:22]2)=[C:31]1[c:35]1[cH:23][cH:13][cH:5][cH:14][cH:24]1.[CH:1]1=[N:27][CH:37]1[c:36]1[cH:25][cH:15][cH:6][cH:16][cH:26]1>>[CH:1]1=[N:27][C:28]([c:32]2[cH:17][cH:7][cH:2][cH:8][cH:18]2)=[C:29]([c:33]2[cH:19][cH:9][cH:3][cH:10][cH:20]2)[C:30]([c:34]2[cH:21][cH:11][cH:4][cH:12][cH:22]2)=[C:31]([c:35]2[cH:23][cH:13][cH:5][cH:14][cH:24]2)[CH:37]1[c:36]1[cH:25][cH:15][cH:6][cH:16][cH:26]1,1,5,2.70
natcomm_452,[CH3:1][O:10][N:16]=[CH:15][CH2:7][NH:9][C:11](=[O:2])[CH:14]1[CH2:8][c:12]2[cH:5][cH:3][cH:4][cH:6][c:13]21>>[CH3:1][O:10][N:16]1[CH2:8][c:12]2[cH:5][cH:3][cH:4][cH:6][c:13]2[CH:14]2[C:11](=[O:2])[NH:9][CH2:7][CH:15]21,1,3,0.03
natcomm_453,C[Si](C)(C)[CH2:11][c:15]1[cH:9][cH:5][cH:6][cH:10][c:16]1[C:13](Cl)=[O:1].[cH:2]1[cH:3][cH:7][c:14]([CH:17]=[O:12])[cH:8][cH:4]1>>[O:1]=[C:13]1[O:12][CH:17]([c:14]2[cH:7][cH:3][cH:2][cH:4][cH:8]2)[CH2:11][c:15]2[cH:9][cH:5][cH:6][cH:10][c:16]21,1,4,0.06
natcomm_454,O=C1[C:32]([c:27]2[cH:16][cH:6][cH:1][cH:7][cH:17]2)=[C:34]([c:29]2[cH:20][cH:10][cH:3][cH:11][cH:21]2)[C:36]([c:31]2[cH:24][cH:14][cH:5][cH:15][cH:25]2)=[C:35]1[c:30]1[cH:22][cH:12][cH:4][cH:13][cH:23]1.[cH:2]1[cH:8][cH:18][c:28]([C:33]#[N:26])[cH:19][cH:9]1>>[cH:1]1[cH:6][cH:16][c:27](-[c:32]2[n:26][c:33](-[c:28]3[cH:18][cH:8][cH:2][cH:9][cH:19]3)[c:35](-[c:30]3[cH:22][cH:12][cH:4][cH:13][cH:23]3)[c:36](-[c:31]3[cH:24][cH:14][cH:5][cH:15][cH:25]3)[c:34]2-[c:29]2[cH:20][cH:10][cH:3][cH:11][cH:21]2)[cH:17][cH:7]1,1,4,1.67
natcomm_455,c1n[c:14](-[c:13]2[cH:7][cH:3][cH:2][cH:6][c:12]2[O:10][CH2:8][C:11]#[CH:5])[n:9][cH:4][cH:1]1>>[cH:1]1[cH:4][n:9][c:14]2[c:11]([cH:5]1)[CH2:8][O:10][c:12]1[cH:6][cH:2][cH:3][cH:7][c:13]1-2,1,4,0.04
natcomm_456,C[Si](C)(C)[c:14]1[cH:8][cH:6][cH:5][cH:7][c:13]1OS(=O)(=O)C(F)(F)F.[CH3:1][O:10][C:11](=[O:3])[CH2:9][C:12]([CH3:2])=[O:4].[F-]>>[CH3:1][O:10][C:11](=[O:3])[CH2:9][c:13]1[cH:7][cH:5][cH:6][cH:8][c:14]1[C:12]([CH3:2])=[O:4],1,5,0.04
natcomm_457,CO[CH:4](OC)[CH2:5][C:9]1([CH3:2])[O:7][CH:10]1[C:8](=[O:3])[O:6][CH3:1]>>[CH3:1][O:6][C:8](=[O:3])[c:10]1[o:7][cH:4][cH:5][c:9]1[CH3:2],1,6,0.03
natcomm_458,O[C:21]([c:19]1[cH:11][cH:3][cH:1][cH:4][cH:12]1)([C:22](O)([c:20]1[cH:13][cH:5][cH:2][cH:6][cH:14]1)[c:24]1[cH:16][cH:8][cH:10][cH:18][cH:26]1)[c:23]1[cH:15][cH:7][cH:9][cH:17][cH:25]1>>[cH:1]1[cH:3][cH:11][c:19](-[c:21]2[c:22](-[c:20]3[cH:13][cH:5][cH:2][cH:6][cH:14]3)[c:24]3[cH:16][cH:8][cH:10][cH:18][c:26]3[c:25]3[cH:17][cH:9][cH:7][cH:15][c:23]23)[cH:12][cH:4]1,1,5,1.51
natcomm_459,[CH3:1][C:12](=[O:2])[O:11][CH:15]=[CH:8][CH:5]=[CH2:9].[CH:3]1=[CH:4][CH:7]=[CH:14][CH2:10][CH:13]=[CH:6]1>>[CH3:1][C:12](=[O:2])[O:11][CH:15]1[CH:8]=[CH:5][CH2:9][CH:13]2[CH:6]=[CH:3][CH:4]=[CH:7][CH:14]1[CH2:10]2,1,2,0.04
natcomm_460,[CH3:1][C:17]([CH3:2])([CH3:3])[O:12][C:14](=[O:6])[N:16]([CH2:9][CH2:10][C:18]([CH3:4])=[CH2:11])[c:15]1[o:5][cH:13][cH:8][cH:7]1>>[CH3:1][C:17]([CH3:2])([CH3:3])[O:12][C:14](=[O:6])[N:16]1[CH2:9][CH2:10][C:18]2([CH3:4])[CH2:11][C:13](=[O:5])[CH2:8][CH:7]=[C:15]12,1,5,0.53
natcomm_461,C[Si](C)(C)O[CH:3]=[C:16]1[CH2:13][CH2:11][CH2:9][CH2:7][CH2:5][CH2:6][CH2:8][CH2:10][CH2:12][CH2:14][C:17]1(O)[CH2:4][C:15]([CH3:1])=[CH2:2]>>[CH3:1][c:15]1[cH:2][cH:3][c:16]2[c:17]([cH:4]1)[CH2:14][CH2:12][CH2:10][CH2:8][CH2:6][CH2:5][CH2:7][CH2:9][CH2:11][CH2:13]2,1,5,0.09
natcomm_462,O[C:34]([c:30]1[cH:19][cH:7][cH:2][cH:8][cH:20]1)([c:38]1[cH:26][cH:14][cH:16][cH:28][cH:40]1)[C:41]#[C:33][c:29]1[cH:17][cH:5][cH:1][cH:6][cH:18]1.O[C:35]([c:31]1[cH:21][cH:9][cH:3][cH:10][cH:22]1)([c:39]1[cH:27][cH:15][cH:13][cH:25][cH:37]1)[C:42]#[C:36][c:32]1[cH:23][cH:11][cH:4][cH:12][cH:24]1>>[cH:1]1[cH:5][cH:17][c:29](-[c:33]2[c:37]3[cH:25][cH:13][cH:15][cH:27][c:39]3[c:35](-[c:31]3[cH:21][cH:9][cH:3][cH:10][cH:22]3)[c:42]3[c:36](-[c:32]4[cH:23][cH:11][cH:4][cH:12][cH:24]4)[c:40]4[cH:28][cH:16][cH:14][cH:26][c:38]4[c:34](-[c:30]4[cH:19][cH:7][cH:2][cH:8][cH:20]4)[c:41]23)[cH:18][cH:6]1,1,7,33.91
natcomm_463,[CH2:2]1[CH2:3][CH2:4][CH2:7][O:10]1.[Li:1][CH2:6][CH2:9][CH2:8][CH3:5]>>[CH2:2]=[CH2:3].[CH3:5][CH2:8][CH2:9][CH3:6].[Li:1][O:10][CH:7]=[CH2:4],1,6,0.01
natcomm_464,Cl.[Li][O:2][CH:18]=[c:16]1[cH:8][c:13]([CH3:1])[cH:5][cH:6][c:14]1=[CH2:11].[cH:3]1[cH:4][cH:9][c:17]2[c:15]([cH:7]1)[CH2:10][CH2:12][N:20]=[CH:19]2>>[CH3:1][c:13]1[cH:5][cH:6][c:14]2[c:16]([cH:8]1)[CH:18]([OH:2])[N:20]1[CH2:12][CH2:10][c:15]3[cH:7][cH:3][cH:4][cH:9][c:17]3[CH:19]1[CH2:11]2,1,3,0.07
natcomm_465,O[CH:8]1[CH2:6][CH:9]2[CH2:5][CH2:4][C:7]1([CH3:1])[C:10]2([CH3:2])[CH3:3]>>[CH2:1]=[C:7]1[CH:8]2[CH2:4][CH2:5][CH:9]([CH2:6]2)[C:10]1([CH3:2])[CH3:3],1,4,0.16
natcomm_466,[O:1]=[C:6]1[CH2:4][CH:2]=[CH:3][CH2:5]1>>[O:1]=[C:6]1[CH2:4][CH2:2][CH2:3][CH2:5]1,1,2,0.01
natcomm_467,Cl[CH:9]1[CH2:5][CH2:3][CH2:4][CH2:6][C:8]1=[O:2].[CH3:1][OH:7]>>[CH3:1][O:7][C:8](=[O:2])[CH:9]1[CH2:5][CH2:3][CH2:4][CH2:6]1,1,4,0.01
natcomm_468,[CH3:1][Si:18]([CH3:2])([CH3:3])[O:12][C:17]1=[CH:16][CH2:9][CH2:8][CH2:10]1.[O:4]=[C:13]1[CH:5]=[CH:6][C:14](=[O:11])[CH:15]=[CH:7]1>>[CH3:1][Si:18]([CH3:2])([CH3:3])[O:12][C:17]12[CH2:10][CH2:8][CH2:9][CH:16]1[c:15]1[cH:7][c:13]([OH:4])[cH:5][cH:6][c:14]1[O:11]2,1,3,0.12
natcomm_469,O[C:10]1([CH3:2])[CH2:7][CH2:4][CH2:6][CH2:9]1.[N-]=[N+]=[N:11][CH2:8][CH2:5][CH2:3][CH3:1]>>[CH3:1][CH2:3][CH2:5][CH2:8][N:11]1[CH2:9][CH2:6][CH2:4][CH2:7][CH:10]1[CH3:2],1,6,0.18
natcomm_470,O=[C:11]1[CH2:7][CH2:5][CH2:8][CH:12]([CH3:1])[CH:13]1[CH3:2].[O:3]=[C:10]([CH:4]=[CH2:9])[CH3:6]>>[CH3:1][CH:12]1[CH2:8][CH2:5][CH2:7][C:11]2=[CH:4][C:10](=[O:3])[CH2:6][CH2:9][C:13]21[CH3:2],1,7,1.15
natcomm_471,O=[C:22]1[C:23](=O)[c:25]2[cH:14][cH:10][cH:16][c:26]3[cH:15][cH:9][cH:13][c:24]1[c:27]23.OC(=[CH:20][C:18]([CH3:1])=[O:3])[CH2:21][C:19]([CH3:2])=[O:4].[CH:5]1=[CH:6][CH:8]2[CH:12]=[CH:11][CH:7]1[CH2:17]2>>[CH3:1][C:18](=[O:3])[c:20]1[cH:11][cH:12][c:21]([C:19]([CH3:2])=[O:4])[c:23]2[c:22]1-[c:24]1[cH:13][cH:9][cH:15][c:26]3[cH:16][cH:10][cH:14][c:25]-2[c:27]13.[CH:5]1=[CH:7][CH2:17][CH:8]=[CH:6]1,1,13,125.99
natcomm_472,[O:1]=[CH:13][c:14]1[cH:9][cH:5][cH:3][cH:6][cH:10]1.[O:2]=[CH:16][c:15]1[cH:11][cH:7][cH:4][cH:8][cH:12]1>>[O:1]=[C:13]([c:14]1[cH:9][cH:5][cH:3][cH:6][cH:10]1)[CH:16]([OH:2])[c:15]1[cH:11][cH:7][cH:4][cH:8][cH:12]1,1,2,0.10
natcomm_473,O[C:7]([CH3:2])([CH3:3])[C:6]([CH3:1])([CH3:4])[OH:5]>>[CH3:1][C:6](=[O:5])[C:7]([CH3:2])([CH3:3])[CH3:4],1,3,0.02
natcomm_474,O=[C:16]([CH3:2])[CH2:18][C:14](=[O:4])[O:12][CH3:1].O=[CH:17][c:15]1[cH:8][cH:6][cH:5][cH:7][cH:9]1.[O:3]=[C:13]([NH2:10])[NH2:11]>>[CH3:1][O:12][C:14](=[O:4])[CH:18]1[CH:16]([CH3:2])[NH:10][C:13](=[O:3])[NH:11][CH:17]1[c:15]1[cH:8][cH:6][cH:5][cH:7][cH:9]1,1,7,0.14
natcomm_475,O=[C:11]([CH3:3])[CH2:9][CH3:2].[CH3:1][O:6][C:8](=[O:5])[CH2:12][C:10]#[N:4].[SH-:7]>>[CH3:1][O:6][C:8](=[O:5])[c:12]1[c:10]([NH2:4])[s:7][c:9]([CH3:2])[c:11]1[CH3:3],1,8,0.03
natcomm_476,O=[C:17]([CH2:10][CH3:1])[CH2:19][C:15](=[O:8])[O:13][CH:21]([CH3:3])[CH3:4].O=[C:18]([CH2:11][CH3:2])[CH2:20][C:16](=[O:9])[O:14][CH:22]([CH3:5])[CH3:6].O=[CH:23][CH3:7].[NH3:12]>>[CH3:1][CH2:10][C:17]1=[C:19]([C:15](=[O:8])[O:13][CH:21]([CH3:3])[CH3:4])[CH:23]([CH3:7])[C:20]([C:16](=[O:9])[O:14][CH:22]([CH3:5])[CH3:6])=[C:18]([CH2:11][CH3:2])[NH:12]1,1,11,1.59
natcomm_477,O=[CH2:9].[CH3:1][CH2:6][CH2:11][C:10]([CH3:4])=[O:5].[CH3:2][CH2:7][NH:12][CH2:8][CH3:3]>>[CH3:1][CH2:6][CH:11]([CH2:9][N:12]([CH2:7][CH3:2])[CH2:8][CH3:3])[C:10]([CH3:4])=[O:5],1,4,0.04
natcomm_478,I[c:20]1[cH:9][cH:7][c:19]([O:15][C:17]([CH3:2])=[O:3])[cH:8][cH:10]1.[CH3:1][CH2:14][C:22]#[C:23][c:25]1[cH:13][c:21]([N+:26](=[O:5])[O-:6])[cH:11][cH:12][c:24]1[OH:16].[O+:4]#[C-:18]>>[CH3:1][CH2:14][c:22]1[o:16][c:24]2[cH:12][cH:11][c:21]([N+:26](=[O:5])[O-:6])[cH:13][c:25]2[c:23]1[C:18](=[O:4])[c:20]1[cH:9][cH:7][c:19]([O:15][C:17]([CH3:2])=[O:3])[cH:8][cH:10]1,1,4,1.24
natcomm_479,CO[C:16]([CH2:9][CH3:1])=[C:17]([c:13]1[cH:7][cH:5][c:12]([Cl:4])[cH:6][cH:8]1)[C:15]#[N:3].[NH2:2][C:14]([NH2:10])=[NH:11]>>[CH3:1][CH2:9][c:16]1[n:11][c:14]([NH2:2])[n:10][c:15]([NH2:3])[c:17]1-[c:13]1[cH:7][cH:5][c:12]([Cl:4])[cH:6][cH:8]1,1,3,0.33
natcomm_480,O=[C:10]([CH3:2])[C:5]#[CH:6].[CH3:1][O:8][C:9](=[O:4])[CH:11]=[C:12]([CH3:3])[NH2:7]>>[CH3:1][O:8][C:9](=[O:4])[c:11]1[cH:6][cH:5][c:10]([CH3:2])[n:7][c:12]1[CH3:3],1,5,0.03
natcomm_481,[CH2:1]=[CH2:2].[CH3:3][O:13][c:17]1[cH:5][cH:9][c:19]([C:15]#[C:16][c:20]2[cH:11][cH:7][c:18]([O:14][CH3:4])[cH:8][cH:12]2)[cH:10][cH:6]1>>[CH2:1]=[C:15]([C:16](=[CH2:2])[c:20]1[cH:11][cH:7][c:18]([O:14][CH3:4])[cH:8][cH:12]1)[c:19]1[cH:9][cH:5][c:17]([O:13][CH3:3])[cH:6][cH:10]1,1,3,0.09
natcomm_482,C=C[CH2:7][CH2:8][CH2:6][CH3:1].[CH3:2][C:9](=[O:3])[CH:5]=[CH2:4]>>[CH3:1][CH2:6][CH2:8][CH2:7][CH:4]=[CH:5][C:9]([CH3:2])=[O:3],1,3,0.03
natcomm_483,C=[CH:1][CH2:3][O:7][CH2:5][C:9]#[C:10][CH2:6][O:8][CH2:4][CH:2]=C>>[CH:1]1=[C:9]([C:10]2=[CH:2][CH2:4][O:8][CH2:6]2)[CH2:5][O:7][CH2:3]1,1,4,0.11
natcomm_484,F[c:12]1[cH:6][cH:3][cH:4][cH:7][c:13]1I.[CH3:1][CH2:8][C:10]#[CH:5].[O+:2]#[C-:11].[SH-:9]>>[CH3:1][CH2:8][c:10]1[cH:5][c:11](=[O:2])[c:13]2[cH:7][cH:4][cH:3][cH:6][c:12]2[s:9]1,1,6,0.03
natcomm_485,O=[C:13]=[O:3].[CH2:1]=[C:12]1[CH2:6][CH2:4][CH2:5][CH2:8][C:15]1=[CH2:9].[CH3:2][CH2:7][CH:14]1[CH2:10][O:11]1>>[CH2:1]=[C:12]1[CH2:6][CH2:4][CH2:5][CH2:8][C:15]12[CH2:9][C:13](=[O:3])[O:11][CH:14]([CH2:7][CH3:2])[CH2:10]2,1,5,0.05
natcomm_486,[CH3:1][c:7]1[o:2][c:6]([CH3:4])[cH:3][cH:5]1>>[CH3:1][C:7]1=[CH:3][C:6](=[O:2])[CH2:4][CH2:5]1,1,6,0.02
natcomm_487,[CH3:1][c:7]1[o:2][c:6]([CH3:5])[cH:3][cH:4]1>>[CH3:1][CH:7]1[CH:4]=[CH:3][C:6](=[O:2])[CH2:5]1,1,4,0.01
natcomm_488,[CH2:5]1[CH2:6][CH:12]=[CH:14][CH2:8][CH2:7][CH:13]=[CH:11]1.n1n[cH:16][c:10]([C:4]#[N:2])[c:9]([C:3]#[N:1])[cH:15]1>>[N:1]#[C:3][C:9]1=[C:10]([C:4]#[N:2])[CH:16]2[CH:13]3[CH2:7][CH2:8][CH:14]2[CH:12]2[CH2:6][CH2:5][CH:11]3[CH:15]12,1,6,0.19
natcomm_489,O=[CH:15][CH3:1].[CH3:2][NH:17][CH:16]1[CH2:11][CH2:9][CH2:10][C:13]1([OH:3])[C:18](=[CH2:12])[c:14]1[cH:7][cH:5][cH:4][cH:6][cH:8]1>>[CH3:1][CH:15]1[CH2:12][C:18]2([c:14]3[cH:7][cH:5][cH:4][cH:6][cH:8]3)[C:13](=[O:3])[CH2:10][CH2:9][CH2:11][CH:16]2[N:17]1[CH3:2],1,5,0.10
natcomm_490,C=CCO[C:9]1([O:2][CH2:7][CH:3]=[CH2:1])[CH2:6][CH2:4][CH2:5][CH2:8][CH2:10]1>>[CH2:1]=[CH:3][CH2:7][CH:10]1[CH2:8][CH2:5][CH2:4][CH2:6][C:9]1=[O:2],1,4,0.04
natcomm_491,N1=[CH:11][c:16]2[cH:5][cH:3][cH:2][cH:4][c:13]2[CH2:1]N1.N1=[CH:12][c:15]2[cH:9][cH:7][cH:6][cH:8][c:14]2[CH2:10]N1>>[CH2:1]=[C:13]1[CH:4]=[CH:2][CH:3]=[CH:5][C:16]12[CH2:11][CH2:10][c:14]1[cH:8][cH:6][cH:7][cH:9][c:15]1[CH2:12]2,1,8,1.22
