r_id,npf,proved,cost,seconds
recon3d_1,[NH2:1][C:32](=[O:3])[c:33]1[cH:18][cH:16][cH:20][n+:46]([CH:44]2[O:28][CH:38]([CH2:23][O:30][P:49](=[O:6])([O-:10])[O:31][P:48](=[O:5])([O-:9])[O:29][CH2:22][CH:37]3[O:27][CH:43]([n:45]4[cH:19][n:25][c:35]5[c:34]([NH2:2])[n:24][cH:17][n:26][c:36]54)[CH:41]([O:13][P:47](=[O:4])([O-:7])[O-:8])[CH:39]3[OH:11])[CH:40]([OH:12])[CH:42]2[OH:14])[cH:21]1.[OH2:15]>>[NH2:1][C:32](=[O:3])[c:33]1[cH:18][cH:16][cH:20][n+:46]([CH:44]2[O:28][CH:38]([CH2:23][O:30][P:49](=[O:6])([O-:10])[O:31][P:48](=[O:5])([O-:9])[O:29][CH2:22][CH:37]3[O:27][CH:43]([n:45]4[cH:19][n:25][c:35]5[c:34]([NH2:2])[n:24][cH:17][n:26][c:36]54)[CH:41]([OH:13])[CH:39]3[OH:11])[CH:40]([OH:12])[CH:42]2[OH:14])[cH:21]1.[O:4]=[P:47]([O-:7])([O-:8])[OH:15],1,2,1.24
recon3d_2,[NH3+:1][C@@H:19]([CH2:14][S:20](=[O:6])(=[O:7])[O-:11])[C:18](=[O:5])[O-:10].[O:2]=[C:15]([O-:8])[CH2:12][CH2:13][C:17](=[O:4])[C:16](=[O:3])[O-:9]>>[NH3+:1][C@@H:19]([CH2:13][CH2:12][C:15](=[O:2])[O-:8])[C:18](=[O:5])[O-:10].[O:3]=[C:16]([O-:9])[C:17](=[O:4])[CH2:14][S:20](=[O:6])(=[O:7])[O-:11],1,4,0.04
recon3d_3,[CH2:1]([C:12](=[O:4])[c:15]1[cH:11][cH:9][cH:8][cH:10][c:14]1[NH2:2])[C@H:16]([NH3+:3])[C:13](=[O:5])[O-:7].[OH2:6]>>[CH3:1][C@H:16]([NH3+:3])[C:13](=[O:5])[O-:7].[NH2:2][c:14]1[cH:10][cH:8][cH:9][cH:11][c:15]1[C:12](=[O:4])[O-:6],1,3,0.11
recon3d_4,[CH3:1][c:21]1[cH:14][n:27]([C@H:26]2[CH2:16][CH:24]([OH:12])[C@@H:25]([CH2:15][O:19][P:30](=[O:6])([O-:11])[O:20][P:29](=[O:5])([O:9][P:28](=[O:4])([O-:7])[O-:8])[O-:10])[O:18]2)[c:23](=[O:3])[nH:17][c:22]1=[O:2].[OH2:13]>>[CH3:1][c:21]1[cH:14][n:27]([C@H:26]2[CH2:16][CH:24]([OH:12])[C@@H:25]([CH2:15][O:19][P:30](=[O:6])([O-:11])[O:20][P:29](=[O:5])([O-:9])[O-:10])[O:18]2)[c:23](=[O:3])[nH:17][c:22]1=[O:2].[O:4]=[P:28]([O-:7])([O-:8])[OH:13],1,2,0.45
recon3d_5,[CH3:3][C:55]([CH3:4])=[CH:26][CH2:33][CH2:38][C@@H:68]([CH3:5])[CH:63]1[CH2:37][CH2:42][C@@:77]2([CH2:25][OH:12])[C:56]3=[C:57]([CH2:35][CH2:44][C@:79]12[CH3:9])[C@@:78]1([CH3:8])[CH2:43][CH2:41][C@H:73]([OH:24])[C:76]([CH3:6])([CH3:7])[CH:62]1[CH2:36][CH2:34]3.[NH2:10][C:54](=[O:13])[C:58]1=[CH:32][N:75]([C@@H:70]2[O:48][C@H:71]([CH2:39][O:51][P:81](=[O:15])([O-:19])[O:53][P:82](=[O:16])([O-:20])[O:52][CH2:40][C@H:72]3[O:49][C@@H:69]([n:74]4[cH:30][n:46][c:60]5[c:59]([NH2:11])[n:45][cH:28][n:47][c:61]54)[C@H:67]([O:50][P:80](=[O:14])([O-:17])[O-:18])[C@@H:66]3[OH:23])[C@@H:65]([OH:22])[C@H:64]2[OH:21])[CH:31]=[CH:27][CH2:29]1.[O:1]=[O:2]>>[CH3:3][C:55]([CH3:4])=[CH:26][CH2:33][CH2:38][C@@H:68]([CH3:5])[CH:63]1[CH2:37][CH2:42][C@@:77]2([CH:25]=[O:12])[C:56]3=[C:57]([CH2:35][CH2:44][C@:79]12[CH3:9])[C@@:78]1([CH3:8])[CH2:43][CH2:41][C@H:73]([OH:24])[C:76]([CH3:6])([CH3:7])[CH:62]1[CH2:36][CH2:34]3.[NH2:10][C:54](=[O:13])[c:58]1[cH:29][cH:27][cH:31][n+:75]([C@@H:70]2[O:48][C@H:71]([CH2:39][O:51][P:81](=[O:15])([O-:19])[O:53][P:82](=[O:16])([O-:20])[O:52][CH2:40][C@H:72]3[O:49][C@@H:69]([n:74]4[cH:30][n:46][c:60]5[c:59]([NH2:11])[n:45][cH:28][n:47][c:61]54)[C@H:67]([O:50][P:80](=[O:14])([O-:17])[O-:18])[C@@H:66]3[OH:23])[C@@H:65]([OH:22])[C@H:64]2[OH:21])[cH:32]1.[OH2:1].[OH2:2],1,3,1.43
recon3d_6,[CH3:1][O:49][c:61]1[cH:29][c:27]([C:16](=[O:13])[O-:14])[cH:28][c:60]([CH2:48]/[CH:26]=[C:59](\[CH3:12])[CH2:47][CH2:38]/[CH:25]=[C:58](\[CH3:11])[CH2:46][CH2:37]/[CH:24]=[C:57](\[CH3:10])[CH2:45][CH2:36]/[CH:23]=[C:56](\[CH3:9])[CH2:44][CH2:35]/[CH:22]=[C:55](\[CH3:8])[CH2:43][CH2:34]/[CH:21]=[C:54](\[CH3:7])[CH2:42][CH2:33]/[CH:20]=[C:53](\[CH3:6])[CH2:41][CH2:32]/[CH:19]=[C:52](\[CH3:5])[CH2:40][CH2:31]/[CH:18]=[C:51](\[CH3:4])[CH2:39][CH2:30][CH:17]=[C:50]([CH3:2])[CH3:3])[c:62]1[OH:15]>>[CH3:1][O:49][c:61]1[cH:29][cH:27][cH:28][c:60]([CH2:48]/[CH:26]=[C:59](\[CH3:12])[CH2:47][CH2:38]/[CH:25]=[C:58](\[CH3:11])[CH2:46][CH2:37]/[CH:24]=[C:57](\[CH3:10])[CH2:45][CH2:36]/[CH:23]=[C:56](\[CH3:9])[CH2:44][CH2:35]/[CH:22]=[C:55](\[CH3:8])[CH2:43][CH2:34]/[CH:21]=[C:54](\[CH3:7])[CH2:42][CH2:33]/[CH:20]=[C:53](\[CH3:6])[CH2:41][CH2:32]/[CH:19]=[C:52](\[CH3:5])[CH2:40][CH2:31]/[CH:18]=[C:51](\[CH3:4])[CH2:39][CH2:30][CH:17]=[C:50]([CH3:2])[CH3:3])[c:62]1[OH:15].[O:13]=[C:16]=[O:14],1,2,4.58
recon3d_7,[CH3:1][CH2:36][CH2:37][CH2:38][CH2:39][CH2:40][CH2:41][CH2:42][CH2:46][C@H:73]([OH:7])[CH2:48][C:75](=[O:9])[S:72][CH2:45][CH2:43][NH:60][C:74](=[O:8])[CH2:47][CH2:44][NH:61][C:77](=[O:11])[C@H:97]([OH:28])[C:101]([CH3:2])([CH3:3])[CH2:53][O:69][P:106](=[O:16])([O-:22])[O:71][P:105](=[O:15])([O-:21])[O:68][CH2:52][C@H:96]1[O:64][C@@H:93]([n:100]2[cH:35][n:57][c:82]3[c:80]([NH2:6])[n:55][cH:33][n:59][c:84]32)[C@H:89]([OH:27])[C@@H:90]1[O:65][P:102](=[O:12])([O-:17])[O-:18].[NH2:4][C:76](=[O:10])[c:78]1[cH:31][n+:98]([C@@H:91]2[O:62][C@H:94]([CH2:50][O:66][P:103](=[O:13])([O-:19])[O:70][P:104](=[O:14])([O-:20])[O:67][CH2:51][C@H:95]3[O:63][C@@H:92]([n:99]4[cH:34][n:56][c:81]5[c:79]([NH2:5])[n:54][cH:32][n:58][c:83]54)[C@H:86]([OH:24])[C@@H:88]3[OH:26])[CH:87]([OH:25])[C@H:85]2[OH:23])[cH:30][cH:29][cH:49]1>>[CH3:1][CH2:36][CH2:37][CH2:38][CH2:39][CH2:40][CH2:41][CH2:42][CH2:46][C:73](=[O:7])[CH2:48][C:75](=[O:9])[S:72][CH2:45][CH2:43][NH:60][C:74](=[O:8])[CH2:47][CH2:44][NH:61][C:77](=[O:11])[C@H:97]([OH:28])[C:101]([CH3:2])([CH3:3])[CH2:53][O:69][P:106](=[O:16])([O-:22])[O:71][P:105](=[O:15])([O-:21])[O:68][CH2:52][C@H:96]1[O:64][C@@H:93]([n:100]2[cH:35][n:57][c:82]3[c:80]([NH2:6])[n:55][cH:33][n:59][c:84]32)[C@H:89]([OH:27])[C@@H:90]1[O:65][P:102](=[O:12])([O-:17])[O-:18].[NH2:4][C:76](=[O:10])[C:78]1=[CH:31][N:98]([C@@H:91]2[O:62][C@H:94]([CH2:50][O:66][P:103](=[O:13])([O-:19])[O:70][P:104](=[O:14])([O-:20])[O:67][CH2:51][C@H:95]3[O:63][C@@H:92]([n:99]4[cH:34][n:56][c:81]5[c:79]([NH2:5])[n:54][cH:32][n:58][c:83]54)[CH:86]([OH:24])[CH:88]3[OH:26])[CH:87]([OH:25])[CH:85]2[OH:23])[CH:30]=[CH:29][CH2:49]1,1,2,43.97
recon3d_8,[NH2:1][c:38]1[n:25][cH:18][n:29][c:42]2[c:40]1[n:27][cH:20][n:51]2[CH:49]1[CH2:24][CH:44]([OH:15])[CH:45]([CH2:22][O:34][P:56](=[O:6])([O-:13])[O:37][P:57](=[O:7])([O-:14])[O-:36])[O:31]1.[NH2:2][c:39]1[n:26][cH:19][n:30][c:43]2[c:41]1[n:28][cH:21][n:52]2[CH:50]1[O:32][CH:46]([CH2:23][O:33][P:55](=[O:5])([O-:12])[O:35][P:53](=[O:3])([O:8][P:54](=[O:4])([O-:10])[O-:11])[O-:9])[CH:47]([OH:16])[CH:48]1[OH:17]>>[NH2:1][c:38]1[n:25][cH:18][n:29][c:42]2[c:40]1[n:27][cH:20][n:51]2[CH:49]1[CH2:24][CH:44]([OH:15])[CH:45]([CH2:22][O:34][P:56](=[O:6])([O-:13])[O:37][P:57](=[O:7])([O-:14])[O:36][P:54](=[O:4])([O-:10])[O-:11])[O:31]1.[NH2:2][c:39]1[n:26][cH:19][n:30][c:43]2[c:41]1[n:28][cH:21][n:52]2[CH:50]1[O:32][CH:46]([CH2:23][O:33][P:55](=[O:5])([O-:12])[O:35][P:53](=[O:3])([O-:8])[O-:9])[CH:47]([OH:16])[CH:48]1[OH:17],1,2,2.33
recon3d_9,[NH2:1][C:31](=[O:5])[c:32]1[cH:17][n+:44]([C@@H:40]2[O:26][C@H:42]([CH2:21][O:28][P:46](=[O:6])([O-:8])[O:30][P:47](=[O:7])([O-:9])[O:29][CH2:22][C@H:43]3[O:27][C@@H:41]([n:45]4[cH:19][n:24][c:34]5[c:33]([NH2:2])[n:23][cH:18][n:25][c:35]54)[C@H:37]([OH:11])[C@@H:39]3[OH:13])[C@@H:38]([OH:12])[C@H:36]2[OH:10])[cH:16][cH:15][cH:20]1.[O:3]=[CH:14][O-:4]>>[NH2:1][C:31](=[O:5])[C:32]1=[CH:17][N:44]([C@@H:40]2[O:26][C@H:42]([CH2:21][O:28][P:46](=[O:6])([O-:8])[O:30][P:47](=[O:7])([O-:9])[O:29][CH2:22][C@H:43]3[O:27][C@@H:41]([n:45]4[cH:19][n:24][c:34]5[c:33]([NH2:2])[n:23][cH:18][n:25][c:35]54)[C@H:37]([OH:11])[C@@H:39]3[OH:13])[C@@H:38]([OH:12])[C@H:36]2[OH:10])[CH:16]=[CH:15][CH2:20]1.[O:3]=[C:14]=[O:4],1,2,1.54
recon3d_10,[NH2:1][c:38]1[n:25][cH:19][n:29][c:42]2[c:40]1[n:27][cH:21][n:52]2[C@@H:48]1[O:31][C@H:50]([CH2:23][O:34][P:56](=[O:5])([O-:13])[O:36][P:55](=[O:4])([O:11][P:54](=[O:3])([O-:9])[O-:10])[O-:12])[C@@H:46]([OH:18])[C@H:44]1[OH:16].[NH2:2][c:39]1[n:26][cH:20][n:30][c:43]2[c:41]1[n:28][cH:22][n:53]2[C@@H:49]1[O:32][C@H:51]([CH2:24][O:35][P:57](=[O:6])([O-:14])[O:37][S:58](=[O:7])(=[O:8])[O-:15])[C@@H:47]([OH:33])[C@H:45]1[OH:17]>>[NH2:1][c:38]1[n:25][cH:19][n:29][c:42]2[c:40]1[n:27][cH:21][n:52]2[C@@H:48]1[O:31][C@H:50]([CH2:23][O:34][P:56](=[O:5])([O-:13])[O:36][P:55](=[O:4])([O-:11])[O-:12])[C@@H:46]([OH:18])[C@H:44]1[OH:16].[NH2:2][c:39]1[n:26][cH:20][n:30][c:43]2[c:41]1[n:28][cH:22][n:53]2[C@@H:49]1[O:32][C@H:51]([CH2:24][O:35][P:57](=[O:6])([O-:14])[O:37][S:58](=[O:7])(=[O:8])[O-:15])[C@@H:47]([O:33][P:54](=[O:3])([O-:9])[O-:10])[C@H:45]1[OH:17],1,2,1.26
recon3d_11,[CH3:1][CH2:12][CH2:15][CH2:16][CH2:13]/[CH:7]=[CH:9]\[CH2:19][C@H:24]([O:20][OH:4])/[CH:23]=[CH:22]/[CH:10]=[CH:6]\[CH2:11]/[CH:5]=[CH:8]\[CH2:14][CH2:17][CH2:18][C:21](=[O:2])[O-:3]>>[CH3:1][CH2:12][CH2:15][CH2:16][CH2:13]/[CH:7]=[CH:9]\[CH2:19][C@@H:24]1[O:20][CH:23]1[CH:22]([OH:4])/[CH:10]=[CH:6]\[CH2:11]/[CH:5]=[CH:8]\[CH2:14][CH2:17][CH2:18][C:21](=[O:2])[OH:3],1,3,0.12
recon3d_12,[NH3+:1][C@H:16]1[CH:10]([OH:5])[O:11][C@H:14]([CH2:9][O:12][P:17](=[O:2])([O-:3])[O-:4])[C@@H:13]([OH:6])[C@@H:15]1[OH:7].[OH2:8]>>[NH4+:1].[O:2]=[P:17]([O-:3])([O-:4])[O:12][CH2:9][C@H:14]1[O:11][C:16]([OH:8])([CH2:10][OH:5])[C@@H:15]([OH:7])[C@@H:13]1[OH:6],1,6,0.02
recon3d_13,[NH2:1][c:9]1[nH:6][c:10](=[O:3])[c:12]2[n:5][cH:4][nH:7][c:11]2[n:8]1.[OH2:2]>>[NH4+:1].[O:2]=[c:9]1[nH:6][c:10](=[O:3])[c:12]2[n:5][cH:4][nH:7][c:11]2[nH:8]1,1,2,0.02
recon3d_14,[CH3:1][CH2:30][CH2:33][CH2:34][CH2:31]/[CH:23]=[CH:24]\[CH2:37][CH:53]([OH:5])[CH2:38][CH2:32]/[CH:27]=[CH:26]/[CH:22]=[CH:25]\[CH:65]([OH:18])[CH2:40][CH2:35][CH2:36][C:52](=[O:4])[O-:10].[NH2:2][C:54](=[O:6])[c:55]1[cH:21][n+:68]([C@@H:63]2[O:46][C@H:66]([CH2:41][O:49][P:71](=[O:8])([O-:13])[O:51][P:72](=[O:9])([O-:14])[O:50][CH2:42][C@H:67]3[O:47][C@@H:64]([n:69]4[cH:29][n:44][c:57]5[c:56]([NH2:3])[n:43][cH:28][n:45][c:58]54)[C@H:62]([O:48][P:70](=[O:7])([O-:11])[O-:12])[C@@H:61]3[OH:17])[C@@H:60]([OH:16])[C@H:59]2[OH:15])[cH:20][cH:19][cH:39]1>>[CH3:1][CH2:30][CH2:33][CH2:34][CH2:31]/[CH:23]=[CH:24]\[CH2:37][C:53](=[O:5])[CH2:38][CH2:32]/[CH:27]=[CH:26]/[CH:22]=[CH:25]\[C@H:65]([OH:18])[CH2:40][CH2:35][CH2:36][C:52](=[O:4])[O-:10].[NH2:2][C:54](=[O:6])[C:55]1=[CH:21][N:68]([C@@H:63]2[O:46][C@H:66]([CH2:41][O:49][P:71](=[O:8])([O-:13])[O:51][P:72](=[O:9])([O-:14])[O:50][CH2:42][C@H:67]3[O:47][C@@H:64]([n:69]4[cH:29][n:44][c:57]5[c:56]([NH2:3])[n:43][cH:28][n:45][c:58]54)[C@H:62]([O:48][P:70](=[O:7])([O-:11])[O-:12])[C@@H:61]3[OH:17])[C@@H:60]([OH:16])[C@H:59]2[OH:15])[CH:20]=[CH:19][CH2:39]1,1,2,4.29
recon3d_15,[NH3+:1][C@H:7]([C:6]([O-:2])=[O:3])[CH2:8][CH2:9][C:10](=[O:4])[O-:5]>>[NH3+:1][CH2:7][CH2:8][CH2:9][C:10](=[O:4])[O-:5].[O:2]=[C:6]=[O:3],1,2,0.01
recon3d_16,[NH2:1][c:28]1[n:20][cH:16][n:22][c:30]2[c:29]1[n:21][cH:17][n:40]2[C@@H:37]1[O:24][C@H:39]([CH2:19][O:26][P:43](=[O:4])([O-:7])[O:27][P:41](=[O:2])([O:5][P:42](=[O:3])([O-:14])[O-:15])[O-:6])[C@@H:35]([OH:12])[C@H:33]1[OH:10].[OH:8][C@@H:31]1[C@@H:32]([OH:9])[C@H:36]([OH:13])[O:23][C@H:38]([CH2:18][OH:25])[C@H:34]1[OH:11]>>[NH2:1][c:28]1[n:20][cH:16][n:22][c:30]2[c:29]1[n:21][cH:17][n:40]2[C@@H:37]1[O:24][C@H:39]([CH2:19][O:26][P:43](=[O:4])([O-:7])[O:27][P:41](=[O:2])([O-:5])[O-:6])[C@@H:35]([OH:12])[C@H:33]1[OH:10].[O:3]=[P:42]([OH:14])([OH:15])[O:25][CH2:18][C@H:38]1[O:23][C@@H:36]([OH:13])[C@H:32]([OH:9])[C@@H:31]([OH:8])[C@@H:34]1[OH:11],1,2,1.15
recon3d_17,[NH2:1][C:48](=[O:4])[c:49]1[cH:25][cH:22][cH:28][n+:70]([CH:67]2[O:41][CH:57]([CH2:31][O:44][P:74](=[O:8])([O-:15])[O:47][P:75](=[O:9])([O-:16])[O:45][CH2:32][CH:58]3[O:40][CH:66]([n:69]4[cH:27][n:36][c:53]5[c:51]([NH2:3])[n:34][cH:24][n:38][c:55]54)[CH:64]([OH:42])[CH:61]3[OH:19])[CH:60]([OH:18])[CH:63]2[OH:21])[cH:29]1.[NH2:2][c:50]1[n:33][cH:23][n:37][c:54]2[c:52]1[n:35][cH:26][n:68]2[CH:65]1[O:39][CH:56]([CH2:30][O:43][P:73](=[O:7])([O-:14])[O:46][P:72](=[O:6])([O:12][P:71](=[O:5])([O-:10])[O-:11])[O-:13])[CH:59]([OH:17])[CH:62]1[OH:20]>>[NH2:1][C:48](=[O:4])[c:49]1[cH:25][cH:22][cH:28][n+:70]([CH:67]2[O:41][CH:57]([CH2:31][O:44][P:74](=[O:8])([O-:15])[O:47][P:75](=[O:9])([O-:16])[O:45][CH2:32][CH:58]3[O:40][CH:66]([n:69]4[cH:27][n:36][c:53]5[c:51]([NH2:3])[n:34][cH:24][n:38][c:55]54)[CH:64]([O:42][P:71](=[O:5])([O-:10])[O-:11])[CH:61]3[OH:19])[CH:60]([OH:18])[CH:63]2[OH:21])[cH:29]1.[NH2:2][c:50]1[n:33][cH:23][n:37][c:54]2[c:52]1[n:35][cH:26][n:68]2[CH:65]1[O:39][CH:56]([CH2:30][O:43][P:73](=[O:7])([O-:14])[O:46][P:72](=[O:6])([O-:12])[O-:13])[CH:59]([OH:17])[CH:62]1[OH:20],1,2,2.82
recon3d_18,[CH3:2][CH2:63][CH2:41][CH2:39][CH2:37]/[CH:26]=[CH:24]\[CH2:35]/[CH:22]=[CH:20]\[CH2:33]/[CH:19]=[CH:21]\[CH2:34]/[CH:23]=[CH:25]\[CH2:36][CH2:38][CH2:40][C:53](=[O:5])[O-:14].[NH2:3][C:54](=[O:6])[C:55]1=[CH:32][N:69]([C@@H:65]2[O:47][C@H:66]([CH2:42][O:50][P:71](=[O:8])([O-:12])[O:52][P:72](=[O:9])([O-:13])[O:51][CH2:43][C@H:67]3[O:48][C@@H:64]([n:68]4[cH:30][n:45][c:57]5[c:56]([NH2:4])[n:44][cH:28][n:46][c:58]54)[C@H:62]([O:49][P:70](=[O:7])([O-:10])[O-:11])[C@@H:61]3[OH:17])[C@@H:60]([OH:16])[C@H:59]2[OH:15])[CH:31]=[CH:27][CH2:29]1.[O:1]=[O:18]>>[CH3:2][C@H:63]([OH:18])[CH2:41][CH2:39][CH2:37]/[CH:26]=[CH:24]\[CH2:35]/[CH:22]=[CH:20]\[CH2:33]/[CH:19]=[CH:21]\[CH2:34]/[CH:23]=[CH:25]\[CH2:36][CH2:38][CH2:40][C:53](=[O:5])[OH:14].[NH2:3][C:54](=[O:6])[c:55]1[cH:29][cH:27][cH:31][n+:69]([C@@H:65]2[O:47][C@H:66]([CH2:42][O:50][P:71](=[O:8])([O-:12])[O:52][P:72](=[O:9])([O-:13])[O:51][CH2:43][C@H:67]3[O:48][C@@H:64]([n:68]4[cH:30][n:45][c:57]5[c:56]([NH2:4])[n:44][cH:28][n:46][c:58]54)[C@H:62]([O:49][P:70](=[O:7])([O-:10])[O-:11])[C@@H:61]3[OH:17])[C@@H:60]([OH:16])[C@H:59]2[OH:15])[cH:32]1.[OH2:1],1,4,2.57
recon3d_19,[CH3:1][CH:50]([C:88](=[O:13])[S:84][CH2:46][CH2:42][NH:70][C:86](=[O:11])[CH2:48][CH2:44][NH:72][C:90](=[O:15])[C@H:114]([OH:35])[C:119]([CH3:3])([CH3:4])[CH2:61][O:80][P:127](=[O:21])([O-:29])[O:82][P:125](=[O:19])([O-:27])[O:78][CH2:58][C@H:112]1[O:74][C@@H:109]([n:117]2[cH:40][n:66][c:94]3[c:92]([NH2:9])[n:64][cH:38][n:68][c:96]32)[C@H:103]([OH:32])[C@@H:105]1[O:76][P:123](=[O:17])([O-:23])[O-:24])[C:89](=[O:14])[CH2:51][CH2:56][C@@H:108]([CH3:2])[C@H:111]1[CH2:57][CH2:52][CH:101]2[CH:98]3[CH:100]([CH2:60][C@H:116]([OH:37])[C@@:122]21[CH3:8])[C@@:121]1([CH3:7])[CH2:63][CH2:53][C@@H:102]([OH:31])[CH2:54][CH:99]1[CH2:55][C@H:107]3[OH:34].[CH3:5][C:120]([CH3:6])([CH2:62][O:81][P:128](=[O:22])([O-:30])[O:83][P:126](=[O:20])([O-:28])[O:79][CH2:59][C@H:113]1[O:75][C@@H:110]([n:118]2[cH:41][n:67][c:95]3[c:93]([NH2:10])[n:65][cH:39][n:69][c:97]32)[C@H:104]([OH:33])[C@@H:106]1[O:77][P:124](=[O:18])([O-:25])[O-:26])[C@@H:115]([OH:36])[C:91](=[O:16])[NH:73][CH2:45][CH2:49][C:87](=[O:12])[NH:71][CH2:43][CH2:47][SH:85]>>[CH3:1][CH2:50][C:88](=[O:13])[S:84][CH2:46][CH2:42][NH:70][C:86](=[O:11])[CH2:48][CH2:44][NH:72][C:90](=[O:15])[C@H:114]([OH:35])[C:119]([CH3:3])([CH3:4])[CH2:61][O:80][P:127](=[O:21])([O-:29])[O:82][P:125](=[O:19])([O-:27])[O:78][CH2:58][C@H:112]1[O:74][C@@H:109]([n:117]2[cH:40][n:66][c:94]3[c:92]([NH2:9])[n:64][cH:38][n:68][c:96]32)[C@H:103]([OH:32])[C@@H:105]1[O:76][P:123](=[O:17])([O-:23])[O-:24].[CH3:2][C@H:108]([CH2:56][CH2:51][C:89](=[O:14])[S:85][CH2:47][CH2:43][NH:71][C:87](=[O:12])[CH2:49][CH2:45][NH:73][C:91](=[O:16])[C@H:115]([OH:36])[C:120]([CH3:5])([CH3:6])[CH2:62][O:81][P:128](=[O:22])([O-:30])[O:83][P:126](=[O:20])([O-:28])[O:79][CH2:59][C@H:113]1[O:75][C@@H:110]([n:118]2[cH:41][n:67][c:95]3[c:93]([NH2:10])[n:65][cH:39][n:69][c:97]32)[C@H:104]([OH:33])[C@@H:106]1[O:77][P:124](=[O:18])([O-:25])[O-:26])[C@H:111]1[CH2:57][CH2:52][CH:101]2[CH:98]3[CH:100]([CH2:60][C@H:116]([OH:37])[C@@:122]21[CH3:8])[C@@:121]1([CH3:7])[CH2:63][CH2:53][C@@H:102]([OH:31])[CH2:54][CH:99]1[CH2:55][C@H:107]3[OH:34],1,3,15.47
recon3d_20,[CH3:1][C@H:65]([CH2:35][CH2:29][C:51](=[O:7])[S:23][CH2:26][CH2:27][NH:44][C:52](=[O:8])[CH2:30][CH2:28][NH:45][C:53](=[O:9])[C@H:69]([OH:21])[C:72]([CH3:2])([CH3:3])[CH2:39][O:49][P:77](=[O:12])([O-:17])[O:50][P:76](=[O:11])([O-:16])[O:48][CH2:37][C@H:68]1[O:46][C@@H:66]([n:71]2[cH:25][n:42][c:55]3[c:54]([NH2:6])[n:41][cH:24][n:43][c:56]32)[C@H:62]([OH:19])[C@@H:63]1[O:47][P:75](=[O:10])([O-:14])[O-:15])[C@H:67]1[CH2:36][CH2:31][CH:60]2[CH:57]3[CH:59]([CH2:38][C@H:70]([OH:22])[C@@:74]21[CH3:5])[C@@:73]1([CH3:4])[CH2:40][CH2:32][C@@H:61]([OH:18])[CH2:33][CH:58]1[CH2:34][C@H:64]3[OH:20].[OH2:13]>>[CH3:1][C@H:65]([CH2:35][CH2:29][C:51](=[O:7])[O-:13])[C@H:67]1[CH2:36][CH2:31][CH:60]2[CH:57]3[CH:59]([CH2:38][C@H:70]([OH:22])[C@@:74]21[CH3:5])[C@@:73]1([CH3:4])[CH2:40][CH2:32][C@@H:61]([OH:18])[CH2:33][CH:58]1[CH2:34][C@H:64]3[OH:20].[CH3:2][C:72]([CH3:3])([CH2:39][O:49][P:77](=[O:12])([O-:17])[O:50][P:76](=[O:11])([O-:16])[O:48][CH2:37][C@H:68]1[O:46][C@@H:66]([n:71]2[cH:25][n:42][c:55]3[c:54]([NH2:6])[n:41][cH:24][n:43][c:56]32)[C@H:62]([OH:19])[C@@H:63]1[O:47][P:75](=[O:10])([O-:14])[O-:15])[C@@H:69]([OH:21])[C:53](=[O:9])[NH:45][CH2:28][CH2:30][C:52](=[O:8])[NH:44][CH2:27][CH2:26][SH:23],1,2,0.51
recon3d_21,[CH3:1][C:59](=[O:6])[CH2:38][C:61](=[O:8])[O-:19].[CH3:2][C:80]([CH3:3])([CH2:41][O:56][P:86](=[O:15])([O-:24])[O:57][P:85](=[O:14])([O-:23])[O:55][CH2:40][C@H:76]1[O:51][C@@H:74]([n:79]2[cH:33][n:45][c:66]3[c:64]([NH2:5])[n:43][cH:31][n:47][c:68]32)[C@H:70]([OH:26])[C@@H:72]1[O:52][P:81](=[O:10])([O-:16])[O-:17])[C@@H:77]([OH:28])[C:62](=[O:9])[NH:49][CH2:35][CH2:37][C:60](=[O:7])[NH:48][CH2:34][CH2:36][SH:58].[NH2:4][c:63]1[n:42][cH:30][n:46][c:67]2[c:65]1[n:44][cH:32][n:78]2[C@@H:73]1[O:50][C@H:75]([CH2:39][O:54][P:84](=[O:13])([O-:22])[O:29][P:82](=[O:11])([O-:18])[O:53][P:83](=[O:12])([O-:20])[O-:21])[C@@H:71]([OH:27])[C@H:69]1[OH:25]>>[CH3:1][C:59](=[O:6])[CH2:38][C:61](=[O:8])[S:58][CH2:36][CH2:34][NH:48][C:60](=[O:7])[CH2:37][CH2:35][NH:49][C:62](=[O:9])[C@H:77]([OH:28])[C:80]([CH3:2])([CH3:3])[CH2:41][O:56][P:86](=[O:15])([O-:24])[O:57][P:85](=[O:14])([O-:23])[O:55][CH2:40][C@H:76]1[O:51][C@@H:74]([n:79]2[cH:33][n:45][c:66]3[c:64]([NH2:5])[n:43][cH:31][n:47][c:68]32)[C@H:70]([OH:26])[C@@H:72]1[O:52][P:81](=[O:10])([O-:16])[O-:17].[NH2:4][c:63]1[n:42][cH:30][n:46][c:67]2[c:65]1[n:44][cH:32][n:78]2[C@@H:73]1[O:50][C@H:75]([CH2:39][O:54][P:84](=[O:13])([O-:22])[OH:29])[C@@H:71]([OH:27])[C@H:69]1[OH:25].[O:11]=[P:82]([O-:18])([O-:19])[O:53][P:83](=[O:12])([O-:20])[O-:21],1,4,3.12
recon3d_22,[O:2]=[S:7]([O-:3])[O-:4].[O:5]=[O:6].[OH2:1]>>[O:1]=[S:7](=[O:2])([O-:3])[O-:4].[OH:5][OH:6],1,1,0.01
recon3d_23,[Ca+2:1]>>[Ca+2:1],1,0,0.00
recon3d_24,[O:1]=[c:10]1[nH:6][c:12](=[O:3])[c:14]2[n:9][cH:11][nH:8][c:13]2[nH:7]1.[O:4]=[O:5].[OH2:2]>>[O:1]=[c:10]1[nH:6][c:12](=[O:3])[c:14]2[nH:9][c:11](=[O:2])[nH:8][c:13]2[nH:7]1.[OH:4][OH:5],1,2,0.03
recon3d_25,[O:1]=[C:9]([O-:2])[C@H:10]1[CH2:7][CH2:5][CH2:6][NH2+:8]1.[O:3]=[O:4]>>[O:1]=[C:9]([O-:2])[C:10]1=[N:8][CH2:6][CH2:5][CH2:7]1.[OH:3][OH:4],1,1,0.02
recon3d_26,[CH3:2][C@:67]12[CH2:34][CH2:28][CH:53]3[c:49]4[cH:23][cH:47][c:46]([OH:13])[cH:22][c:48]4[CH2:27][CH2:29][CH:54]3[CH:55]1[CH2:30][CH2:33][C@@H:64]2[OH:18].[NH2:3][C:44](=[O:5])[C:45]1=[CH:26][N:66]([C@@H:61]2[O:38][C@H:62]([CH2:31][O:41][P:69](=[O:7])([O-:11])[O:43][P:70](=[O:8])([O-:12])[O:42][CH2:32][C@H:63]3[O:39][C@@H:60]([n:65]4[cH:24][n:36][c:51]5[c:50]([NH2:4])[n:35][cH:20][n:37][c:52]54)[C@H:59]([O:40][P:68](=[O:6])([O-:9])[O-:10])[C@@H:58]3[OH:17])[C@@H:57]([OH:16])[C@H:56]2[OH:15])[CH:25]=[CH:19][CH2:21]1.[O:1]=[O:14]>>[CH3:2][C@:67]12[CH2:34][CH2:28][CH:53]3[c:49]4[cH:23][c:47]([OH:14])[c:46]([OH:13])[cH:22][c:48]4[CH2:27][CH2:29][CH:54]3[CH:55]1[CH2:30][CH2:33][C@@H:64]2[OH:18].[NH2:3][C:44](=[O:5])[c:45]1[cH:21][cH:19][cH:25][n+:66]([C@@H:61]2[O:38][C@H:62]([CH2:31][O:41][P:69](=[O:7])([O-:11])[O:43][P:70](=[O:8])([O-:12])[O:42][CH2:32][C@H:63]3[O:39][C@@H:60]([n:65]4[cH:24][n:36][c:51]5[c:50]([NH2:4])[n:35][cH:20][n:37][c:52]54)[C@H:59]([O:40][P:68](=[O:6])([O-:9])[O-:10])[C@@H:58]3[OH:17])[C@@H:57]([OH:16])[C@H:56]2[OH:15])[cH:26]1.[OH2:1],1,4,3.78
recon3d_27,[O:1]=[c:28]1[nH:22][cH:16][n:21][c:30]2[c:29]1[n:20][cH:17][n:40]2[C@@H:36]1[O:23][C@H:37]([CH2:18][O:26][P:43](=[O:4])([O-:9])[O:27][P:42](=[O:3])([O:7][P:41](=[O:2])([O-:5])[O-:6])[O-:8])[C@@H:33]([OH:12])[C@H:32]1[OH:11].[OH:10][CH:31]1[O:24][C@H:38]([CH2:19][OH:25])[C@@H:34]([OH:13])[C@H:35]([OH:14])[C@H:39]1[OH:15]>>[O:1]=[c:28]1[nH:22][cH:16][n:21][c:30]2[c:29]1[n:20][cH:17][n:40]2[C@@H:36]1[O:23][C@H:37]([CH2:18][O:26][P:43](=[O:4])([O-:9])[O:27][P:42](=[O:3])([O-:7])[O-:8])[C@@H:33]([OH:12])[C@H:32]1[OH:11].[O:2]=[P:41]([O-:5])([O-:6])[O:25][CH2:19][C@H:38]1[O:24][CH:31]([OH:10])[C@H:39]([OH:15])[C@@H:35]([OH:14])[C@@H:34]1[OH:13],1,2,1.33
recon3d_28,[OH:6][C@@H:14]([CH2:8][SH:10])[C@@H:15]([OH:7])[CH2:9][SH:11].[SeH:1][CH2:2][CH:13]([NH3+:3])[C:12](=[O:4])[O-:5]>>[CH3:2][C@H:13]([NH3+:3])[C:12](=[O:4])[O-:5].[OH:6][C@H:14]1[CH2:8][S:10][S:11][CH2:9][C@@H:15]1[OH:7].[SeH-:1],1,3,0.01
recon3d_29,[CH3:2][CH2:34][CH2:37][CH2:38][CH2:35]/[CH:22]=[CH:20]\[CH2:33]/[CH:21]=[CH:24]\[CH2:41]/[CH:59]=[CH:26]\[CH2:25]/[CH:19]=[CH:23]\[CH2:36][CH2:39][CH2:40][C:53](=[O:5])[O-:14].[NH2:3][C:54](=[O:6])[C:55]1=[CH:32][N:69]([C@@H:65]2[O:47][C@H:66]([CH2:42][O:50][P:71](=[O:8])([O-:12])[O:52][P:72](=[O:9])([O-:13])[O:51][CH2:43][C@H:67]3[O:48][C@@H:64]([n:68]4[cH:30][n:45][c:57]5[c:56]([NH2:4])[n:44][cH:28][n:46][c:58]54)[C@H:63]([O:49][P:70](=[O:7])([O-:10])[O-:11])[C@@H:62]3[OH:18])[C@@H:61]([OH:17])[C@H:60]2[OH:16])[CH:31]=[CH:27][CH2:29]1.[O:1]=[O:15]>>[CH3:2][CH2:34][CH2:37][CH2:38][CH2:35]/[CH:22]=[CH:20]\[CH2:33]/[CH:21]=[CH:24]\[CH2:41][CH:59]([OH:15])/[CH:26]=[CH:25]/[CH:19]=[CH:23]\[CH2:36][CH2:39][CH2:40][C:53](=[O:5])[OH:14].[NH2:3][C:54](=[O:6])[c:55]1[cH:29][cH:27][cH:31][n+:69]([C@@H:65]2[O:47][C@H:66]([CH2:42][O:50][P:71](=[O:8])([O-:12])[O:52][P:72](=[O:9])([O-:13])[O:51][CH2:43][C@H:67]3[O:48][C@@H:64]([n:68]4[cH:30][n:45][c:57]5[c:56]([NH2:4])[n:44][cH:28][n:46][c:58]54)[C@H:63]([O:49][P:70](=[O:7])([O-:10])[O-:11])[C@@H:62]3[OH:18])[C@@H:61]([OH:17])[C@H:60]2[OH:16])[cH:32]1.[OH2:1],1,4,2.69
recon3d_30,[NH2:1][c:28]1[n:20][cH:15][n:22][c:30]2[c:29]1[n:21][cH:16][n:36]2[C@@H:33]1[O:23][C@H:35]([CH2:19][O:25][P:39](=[O:6])([O-:12])[O:26][P:38](=[O:5])([O:10][P:37](=[O:4])([O-:8])[O-:9])[O-:11])[C@@H:32]([OH:14])[C@H:31]1[OH:13].[NH3+:2][C@@H:34]([CH2:18][CH2:17][OH:24])[C:27](=[O:3])[O-:7]>>[NH2:1][c:28]1[n:20][cH:15][n:22][c:30]2[c:29]1[n:21][cH:16][n:36]2[C@@H:33]1[O:23][C@H:35]([CH2:19][O:25][P:39](=[O:6])([O-:12])[O:26][P:38](=[O:5])([O-:10])[O-:11])[C@@H:32]([OH:14])[C@H:31]1[OH:13].[NH3+:2][C@@H:34]([CH2:18][CH2:17][O:24][P:37](=[O:4])([O-:8])[O-:9])[C:27](=[O:3])[O-:7],1,2,1.11
recon3d_31,[CH3:1][N+:50]([CH3:2])([CH3:3])[CH2:25][CH:34]=[O:6].[NH2:4][C:35](=[O:7])[c:36]1[cH:19][n+:48]([C@@H:44]2[O:29][C@H:46]([CH2:23][O:31][P:51](=[O:8])([O-:11])[O:33][P:52](=[O:9])([O-:12])[O:32][CH2:24][C@H:47]3[O:30][C@@H:45]([n:49]4[cH:21][n:27][c:38]5[c:37]([NH2:5])[n:26][cH:20][n:28][c:39]54)[C@H:41]([OH:14])[C@@H:43]3[OH:16])[C@@H:42]([OH:15])[C@H:40]2[OH:13])[cH:18][cH:17][cH:22]1.[OH2:10]>>[CH3:1][N+:50]([CH3:2])([CH3:3])[CH2:25][C:34](=[O:6])[O-:10].[NH2:4][C:35](=[O:7])[C:36]1=[CH:19][N:48]([C@@H:44]2[O:29][C@H:46]([CH2:23][O:31][P:51](=[O:8])([O-:11])[O:33][P:52](=[O:9])([O-:12])[O:32][CH2:24][C@H:47]3[O:30][C@@H:45]([n:49]4[cH:21][n:27][c:38]5[c:37]([NH2:5])[n:26][cH:20][n:28][c:39]54)[C@H:41]([OH:14])[C@@H:43]3[OH:16])[C@@H:42]([OH:15])[C@H:40]2[OH:13])[CH:18]=[CH:17][CH2:22]1,1,3,1.62
recon3d_32,[CH3:1][CH:55]([CH3:2])[CH2:30][CH2:27][CH2:34][C@@H:65]([CH3:3])[C@H:68]1[CH2:35][CH2:32][CH:59]2[CH:56]3[CH:58]([CH2:38][C@H:71]([OH:21])[C@@:75]21[CH3:5])[C@@:74]1([CH3:4])[CH2:39][CH2:28][C@@H:49]([OH:8])[CH2:31][CH:57]1[CH2:33][C@H:64]3[OH:20].[NH2:6][C:50](=[O:9])[c:51]1[cH:24][n+:72]([C@@H:66]2[O:43][C@H:69]([CH2:36][O:46][P:77](=[O:11])([O-:15])[O:48][P:78](=[O:12])([O-:16])[O:47][CH2:37][C@H:70]3[O:44][C@@H:67]([n:73]4[cH:26][n:41][c:53]5[c:52]([NH2:7])[n:40][cH:25][n:42][c:54]54)[C@H:63]([O:45][P:76](=[O:10])([O-:13])[O-:14])[C@@H:62]3[OH:19])[C@@H:61]([OH:18])[C@H:60]2[OH:17])[cH:23][cH:22][cH:29]1>>[CH3:1][CH:55]([CH3:2])[CH2:30][CH2:27][CH2:34][C@@H:65]([CH3:3])[C@H:68]1[CH2:35][CH2:32][CH:59]2[CH:56]3[CH:58]([CH2:38][C@H:71]([OH:21])[C@@:75]21[CH3:5])[C@@:74]1([CH3:4])[CH2:39][CH2:28][C:49](=[O:8])[CH2:31][CH:57]1[CH2:33][C@H:64]3[OH:20].[NH2:6][C:50](=[O:9])[C:51]1=[CH:24][N:72]([C@@H:66]2[O:43][C@H:69]([CH2:36][O:46][P:77](=[O:11])([O-:15])[O:48][P:78](=[O:12])([O-:16])[O:47][CH2:37][C@H:70]3[O:44][C@@H:67]([n:73]4[cH:26][n:41][c:53]5[c:52]([NH2:7])[n:40][cH:25][n:42][c:54]54)[C@H:63]([O:45][P:76](=[O:10])([O-:13])[O-:14])[C@@H:62]3[OH:19])[C@@H:61]([OH:18])[C@H:60]2[OH:17])[CH:23]=[CH:22][CH2:29]1,1,2,6.96
recon3d_33,[CH3:1][CH2:26][CH2:30][CH2:28]/[CH:22]=[CH:23]/[CH2:29][CH2:31][CH2:32][CH2:33][CH2:34][CH2:35][CH2:39][C:57](=[O:6])[S:21][CH2:27][CH2:36][NH:47][C:56](=[O:5])[CH2:38][CH2:37][NH:48][C:58](=[O:7])[C@H:67]([OH:18])[C:69]([CH3:2])([CH3:3])[CH2:43][O:54][P:73](=[O:11])([OH:15])[O:55][P:72](=[O:10])([OH:14])[O:53][CH2:42][C@H:66]1[O:50][C@@H:65]([n:68]2[cH:25][n:45][c:60]3[c:59]([NH2:4])[n:44][cH:24][n:46][c:61]32)[C@H:63]([OH:17])[C@@H:64]1[O:51][P:70](=[O:8])([OH:12])[OH:13].[O:9]=[P:71]([O-:19])([O-:20])[O:52][CH2:41][C@H:62]([OH:16])[CH2:40][OH:49]>>[CH3:1][CH2:26][CH2:30][CH2:28]/[CH:22]=[CH:23]\[CH2:29][CH2:31][CH2:32][CH2:33][CH2:34][CH2:35][CH2:39][C:57](=[O:6])[O:49][CH2:40][C@@H:62]([OH:16])[CH2:41][O:52][P:71](=[O:9])([OH:19])[OH:20].[CH3:2][C:69]([CH3:3])([CH2:43][O:54][P:73](=[O:11])([O-:15])[O:55][P:72](=[O:10])([O-:14])[O:53][CH2:42][C@H:66]1[O:50][C@@H:65]([n:68]2[cH:25][n:45][c:60]3[c:59]([NH2:4])[n:44][cH:24][n:46][c:61]32)[C@H:63]([OH:17])[C@@H:64]1[O:51][P:70](=[O:8])([O-:12])[O-:13])[C@@H:67]([OH:18])[C:58](=[O:7])[NH:48][CH2:37][CH2:38][C:56](=[O:5])[NH:47][CH2:36][CH2:27][SH:21],1,2,2.17
recon3d_34,[NH2:1][c:22]1[n:17][c:25]2[c:24]([n:16][cH:14][nH:30]2)[c:23](=[O:2])[nH:18]1.[O:3]=[P:31]([O-:6])([O-:7])[O:20][CH2:15][C@H:29]1[O:19][C@H:28]([O:13][P:33](=[O:5])([O-:10])[O:21][P:32](=[O:4])([O-:8])[O-:9])[C@H:26]([OH:11])[C@@H:27]1[OH:12]>>[NH2:1][c:22]1[n:17][c:25]2[c:24]([n:16][cH:14][n:30]2[C@@H:28]2[O:19][C@H:29]([CH2:15][O:20][P:31](=[O:3])([O-:6])[O-:7])[C@H:27]([OH:12])[C@H:26]2[OH:11])[c:23](=[O:2])[nH:18]1.[O:4]=[P:32]([O-:8])([O-:9])[O:21][P:33](=[O:5])([O-:10])[OH:13],1,2,0.10
recon3d_35,[NH3+:1][C@H:8]([C:7](=[O:2])[O-:3])[CH2:9][S:10](=[O:4])(=[O:5])[O-:6]>>[NH3+:1][CH2:8][CH2:9][S:10](=[O:4])(=[O:5])[O-:6].[O:2]=[C:7]=[O:3],1,2,0.02
recon3d_36,[CH3:1][CH2:24][CH2:26][CH2:27][CH2:28][CH2:29][CH2:30][CH2:31][CH2:32][CH2:33][CH2:34][CH2:35][CH2:39][C:57](=[O:6])[S:21][CH2:25][CH2:36][NH:47][C:56](=[O:5])[CH2:38][CH2:37][NH:48][C:58](=[O:7])[C@H:67]([OH:18])[C:69]([CH3:2])([CH3:3])[CH2:43][O:54][P:73](=[O:11])([O-:15])[O:55][P:72](=[O:10])([O-:14])[O:53][CH2:42][C@H:65]1[O:50][C@@H:66]([n:68]2[cH:23][n:45][c:60]3[c:59]([NH2:4])[n:44][cH:22][n:46][c:61]32)[C@H:63]([OH:17])[C@@H:64]1[O:51][P:70](=[O:8])([O-:12])[O-:13].[O:9]=[P:71]([O-:19])([O-:20])[O:52][CH2:41][C@H:62]([OH:16])[CH2:40][OH:49]>>[CH3:1][CH2:24][CH2:26][CH2:27][CH2:28][CH2:29][CH2:30][CH2:31][CH2:32][CH2:33][CH2:34][CH2:35][CH2:39][C:57](=[O:6])[O:49][CH2:40][C@@H:62]([OH:16])[CH2:41][O:52][P:71](=[O:9])([OH:19])[OH:20].[CH3:2][C:69]([CH3:3])([CH2:43][O:54][P:73](=[O:11])([O-:15])[O:55][P:72](=[O:10])([O-:14])[O:53][CH2:42][C@@H:65]1[O:50][C@@H:66]([n:68]2[cH:23][n:45][c:60]3[c:59]([NH2:4])[n:44][cH:22][n:46][c:61]32)[C@H:63]([OH:17])[C@@H:64]1[O:51][P:70](=[O:8])([O-:12])[O-:13])[C@@H:67]([OH:18])[C:58](=[O:7])[NH:48][CH2:37][CH2:38][C:56](=[O:5])[NH:47][CH2:36][CH2:25][SH:21],1,2,1.85
recon3d_37,[CH3:1][C:21]([CH3:2])([CH2:15][OH:7])[C@@H:20]([OH:8])[C:19](=[O:6])[NH:17][CH2:13][CH2:14][C:18](=[O:5])[NH:16][C@H:12]([C:10]([O-:3])=[O:4])[CH2:11][SH:9]>>[CH3:1][C:21]([CH3:2])([CH2:15][OH:7])[C@@H:20]([OH:8])[C:19](=[O:6])[NH:17][CH2:13][CH2:14][C:18](=[O:5])[NH:16][CH2:12][CH2:11][SH:9].[O:3]=[C:10]=[O:4],1,2,0.30
recon3d_38,[NH2:1][C:37](=[O:5])[c:39]1[cH:19][n+:52]([C@@H:47]2[O:31][C@H:50]([CH2:26][O:33][P:54](=[O:7])([O-:11])[O:35][P:55](=[O:8])([O-:12])[O:34][CH2:27][C@H:51]3[O:32][C@@H:48]([n:53]4[cH:21][n:29][c:41]5[c:40]([NH2:2])[n:28][cH:20][n:30][c:42]54)[C@H:44]([OH:14])[C@@H:46]3[OH:16])[C@@H:45]([OH:15])[C@H:43]2[OH:13])[cH:18][cH:17][cH:24]1.[NH3+:3][C@@H:49]([CH2:25][CH2:22][CH2:23][CH:36]=[O:4])[C:38](=[O:6])[O-:10].[OH2:9]>>[NH2:1][C:37](=[O:5])[C:39]1=[CH:19][N:52]([C@@H:47]2[O:31][C@H:50]([CH2:26][O:33][P:54](=[O:7])([O-:11])[O:35][P:55](=[O:8])([O-:12])[O:34][CH2:27][C@H:51]3[O:32][C@@H:48]([n:53]4[cH:21][n:29][c:41]5[c:40]([NH2:2])[n:28][cH:20][n:30][c:42]54)[C@H:44]([OH:14])[C@@H:46]3[OH:16])[C@@H:45]([OH:15])[C@H:43]2[OH:13])[CH:18]=[CH:17][CH2:24]1.[NH3+:3][C@@H:49]([CH2:25][CH2:22][CH2:23][C:36](=[O:4])[O-:9])[C:38](=[O:6])[O-:10],1,3,1.23
recon3d_39,[O:1]=[P:16]([O-:2])([O-:3])[O:9][CH2:15][C@H:14]1[O:8][CH:13]([OH:7])[C@H:11]([OH:5])[C@@H:10]([OH:4])[C@@H:12]1[OH:6]>>[O:1]=[P:16]([O-:2])([O-:3])[O:9][C@@H:15]1[C@@H:13]([OH:7])[C@H:11]([OH:5])[C@@H:10]([OH:4])[C@H:12]([OH:6])[C@@H:14]1[OH:8],1,3,0.05
recon3d_40,[NH2:2][C:43](=[O:4])[C:44]1=[CH:30][N:67]([C@@H:63]2[O:37][C@H:64]([CH2:31][O:40][P:69](=[O:6])([O-:10])[O:42][P:70](=[O:7])([O-:11])[O:41][CH2:32][C@H:65]3[O:38][C@@H:62]([n:66]4[cH:28][n:34][c:50]5[c:45]([NH2:3])[n:33][cH:19][n:35][c:55]54)[C@H:61]([O:39][P:68](=[O:5])([O-:8])[O-:9])[C@@H:60]3[OH:14])[C@@H:59]([OH:13])[C@H:58]2[OH:12])[CH:29]=[CH:18][CH2:20]1.[O:1]=[O:36].[cH:15]1[cH:17][cH:26][c:51]2[c:48]([cH:22]1)[cH:23][c:47]1[c:54]3[c:52]2[cH:27][cH:25][c:49]2[cH:24][cH:16][cH:21][c:46]([c:53]23)[cH:56][cH:57]1>>[NH2:2][C:43](=[O:4])[c:44]1[cH:20][cH:18][cH:29][n+:67]([C@@H:63]2[O:37][C@H:64]([CH2:31][O:40][P:69](=[O:6])([O-:10])[O:42][P:70](=[O:7])([O-:11])[O:41][CH2:32][C@H:65]3[O:38][C@@H:62]([n:66]4[cH:28][n:34][c:50]5[c:45]([NH2:3])[n:33][cH:19][n:35][c:55]54)[C@H:61]([O:39][P:68](=[O:5])([O-:8])[O-:9])[C@@H:60]3[OH:14])[C@@H:59]([OH:13])[C@H:58]2[OH:12])[cH:30]1.[OH2:1].[cH:15]1[cH:17][cH:26][c:51]2[c:48]([cH:22]1)[cH:23][c:47]1[c:54]3[c:52]2[cH:27][cH:25][c:49]2[cH:24][cH:16][cH:21][c:46]([c:53]23)[CH:56]2[O:36][CH:57]12,1,4,5.24
recon3d_41,[NH2:1][C:34](=[O:3])[c:36]1[cH:17][n+:49]([C@@H:45]2[O:29][C@H:47]([CH2:23][O:31][P:51](=[O:5])([O-:8])[O:33][P:52](=[O:6])([O-:9])[O:32][CH2:24][C@H:48]3[O:30][C@@H:46]([n:50]4[cH:19][n:27][c:38]5[c:37]([NH2:2])[n:26][cH:18][n:28][c:39]54)[C@H:42]([OH:11])[C@@H:44]3[OH:13])[C@@H:43]([OH:12])[C@H:41]2[OH:10])[cH:15][cH:14][cH:21]1.[O:4]=[C:35]([O-:7])[C@@H:40]1[CH2:22][CH2:20][CH2:16][NH2+:25]1>>[NH2:1][C:34](=[O:3])[C:36]1=[CH:17][N:49]([C@@H:45]2[O:29][C@H:47]([CH2:23][O:31][P:51](=[O:5])([O-:8])[O:33][P:52](=[O:6])([O-:9])[O:32][CH2:24][C@H:48]3[O:30][C@@H:46]([n:50]4[cH:19][n:27][c:38]5[c:37]([NH2:2])[n:26][cH:18][n:28][c:39]54)[C@H:42]([OH:11])[C@@H:44]3[OH:13])[C@@H:43]([OH:12])[C@H:41]2[OH:10])[CH:15]=[CH:14][CH2:21]1.[O:4]=[C:35]([O-:7])[CH:40]1[CH2:22][CH2:20][CH:16]=[N:25]1,1,2,1.92
recon3d_42,[NH2:1][C:36](=[O:3])[c:39]1[cH:21][n+:54]([C@@H:48]2[O:31][C@H:51]([CH2:26][O:33][P:56](=[O:6])([O-:9])[O:35][P:57](=[O:7])([O-:10])[O:34][CH2:27][C@H:52]3[O:32][C@@H:49]([n:55]4[cH:23][n:29][c:41]5[c:40]([NH2:2])[n:28][cH:22][n:30][c:42]54)[C@H:45]([OH:14])[C@@H:47]3[OH:16])[C@@H:46]([OH:15])[C@H:44]2[OH:13])[cH:20][cH:19][cH:24]1.[O:4]=[C:37]([O-:8])[C@@H:43]([OH:12])[C@@H:38]([OH:5])[C@H:53]([OH:18])[C@@H:50]([OH:17])[CH2:25][OH:11]>>[NH2:1][C:36](=[O:3])[C:39]1=[CH:21][N:54]([C@@H:48]2[O:31][C@H:51]([CH2:26][O:33][P:56](=[O:6])([O-:9])[O:35][P:57](=[O:7])([O-:10])[O:34][CH2:27][C@H:52]3[O:32][C@@H:49]([n:55]4[cH:23][n:29][c:41]5[c:40]([NH2:2])[n:28][cH:22][n:30][c:42]54)[C@H:45]([OH:14])[C@@H:47]3[OH:16])[C@@H:46]([OH:15])[C@H:44]2[OH:13])[CH:20]=[CH:19][CH2:24]1.[O:4]=[C:37]([O-:8])[C@@H:43]([OH:12])[C:38](=[O:5])[C@H:53]([OH:18])[C@@H:50]([OH:17])[CH2:25][OH:11],1,2,1.70
recon3d_43,[CH3:1]/[CH:46]=[C:47](\[CH3:2])[C:39](=[O:7])[S:37][CH2:23][CH2:21][NH:30][C:38](=[O:6])[CH2:24][CH2:22][NH:31][C:40](=[O:8])[C@H:50]([OH:18])[C:52]([CH3:3])([CH3:4])[CH2:26][O:35][P:55](=[O:11])([O-:15])[O:36][P:54](=[O:10])([O-:14])[O:34][CH2:25][C@H:49]1[O:32][C@@H:48]([n:51]2[cH:20][n:28][c:42]3[c:41]([NH2:5])[n:27][cH:19][n:29][c:43]32)[C@H:44]([OH:16])[C@@H:45]1[O:33][P:53](=[O:9])([O-:12])[O-:13].[OH2:17]>>[CH3:1][C@H:46]([OH:17])[C@H:47]([CH3:2])[C:39](=[O:7])[S:37][CH2:23][CH2:21][NH:30][C:38](=[O:6])[CH2:24][CH2:22][NH:31][C:40](=[O:8])[C@H:50]([OH:18])[C:52]([CH3:3])([CH3:4])[CH2:26][O:35][P:55](=[O:11])([O-:15])[O:36][P:54](=[O:10])([O-:14])[O:34][CH2:25][C@H:49]1[O:32][C@@H:48]([n:51]2[cH:20][n:28][c:42]3[c:41]([NH2:5])[n:27][cH:19][n:29][c:43]32)[C@H:44]([OH:16])[C@@H:45]1[O:33][P:53](=[O:9])([O-:12])[O-:13],1,2,0.36
recon3d_44,[Ca+2:1].[NH2:2][c:23]1[n:17][cH:14][n:19][c:25]2[c:24]1[n:18][cH:15][n:30]2[C@@H:28]1[O:20][C@H:29]([CH2:16][O:21][P:33](=[O:5])([O-:10])[O:22][P:32](=[O:4])([O:8][P:31](=[O:3])([O-:6])[O-:7])[O-:9])[C@@H:27]([OH:12])[C@H:26]1[OH:11].[OH2:13]>>[Ca+2:1].[NH2:2][c:23]1[n:17][cH:14][n:19][c:25]2[c:24]1[n:18][cH:15][n:30]2[C@@H:28]1[O:20][C@H:29]([CH2:16][O:21][P:33](=[O:5])([O-:10])[O:22][P:32](=[O:4])([O-:8])[O-:9])[C@@H:27]([OH:12])[C@H:26]1[OH:11].[O:3]=[P:31]([O-:6])([O-:7])[OH:13],1,2,0.52
recon3d_45,[CH3:1][CH:50]([CH3:2])[CH2:22][CH2:27][CH2:34][C@@H:64]([CH3:3])[C@H:67]1[CH2:35][CH2:31][CH:58]2[C:52]3=[CH:24][CH2:29][CH:56]4[CH2:33][C@@H:59]([OH:16])[CH2:32][CH2:38][C@:72]4([CH3:4])[CH:57]3[CH2:30][CH2:39][C@@:73]21[CH3:5].[NH2:6][C:49](=[O:8])[c:51]1[cH:23][n+:70]([C@@H:65]2[O:43][C@H:68]([CH2:36][O:46][P:75](=[O:10])([O-:14])[O:48][P:76](=[O:11])([O-:15])[O:47][CH2:37][C@H:69]3[O:44][C@@H:66]([n:71]4[cH:26][n:41][c:54]5[c:53]([NH2:7])[n:40][cH:25][n:42][c:55]54)[C@H:63]([O:45][P:74](=[O:9])([O-:12])[O-:13])[C@@H:62]3[OH:19])[C@@H:61]([OH:18])[C@H:60]2[OH:17])[cH:21][cH:20][cH:28]1>>[CH3:1][C:50]([CH3:2])=[CH:22][CH2:27][CH2:34][C@@H:64]([CH3:3])[C@H:67]1[CH2:35][CH2:31][CH:58]2[C:52]3=[CH:24][CH2:29][CH:56]4[CH2:33][C@@H:59]([OH:16])[CH2:32][CH2:38][C@:72]4([CH3:4])[CH:57]3[CH2:30][CH2:39][C@@:73]21[CH3:5].[NH2:6][C:49](=[O:8])[C:51]1=[CH:23][N:70]([C@@H:65]2[O:43][C@H:68]([CH2:36][O:46][P:75](=[O:10])([O-:14])[O:48][P:76](=[O:11])([O-:15])[O:47][CH2:37][C@H:69]3[O:44][C@@H:66]([n:71]4[cH:26][n:41][c:54]5[c:53]([NH2:7])[n:40][cH:25][n:42][c:55]54)[C@H:63]([O:45][P:74](=[O:9])([O-:12])[O-:13])[C@@H:62]3[OH:19])[C@@H:61]([OH:18])[C@H:60]2[OH:17])[CH:21]=[CH:20][CH2:28]1,1,3,3.35
recon3d_46,[O:1]=[C:10]([CH2:7][CH2:5][CH2:4][CH2:6][NH3+:8])[C:9](=[O:2])[O-:3]>>[O:2]=[C:9]([OH:3])[C:10]1=[N:8][CH2:6][CH2:4][CH2:5][CH2:7]1.[OH2:1],1,2,0.01
recon3d_47,[CH3:1][CH2:21][CH2:23][CH2:24][CH2:25][CH2:26][CH2:27][CH2:28][CH2:29][CH2:30][CH2:31][CH2:32][CH2:33][CH2:34][CH2:35][CH2:36][CH2:37][CH2:38][CH2:39][CH2:40][CH2:41][CH2:44][C:58](=[O:5])[S:18][CH2:22][CH2:42][NH:51][C:59](=[O:6])[CH2:45][CH2:43][NH:52][C:60](=[O:7])[C@H:68]([OH:17])[C:70]([CH3:2])([CH3:3])[CH2:47][O:56][P:73](=[O:10])([OH:14])[O:57][P:72](=[O:9])([OH:13])[O:55][CH2:46][C@H:67]1[O:53][C@@H:66]([n:69]2[cH:20][n:49][c:62]3[c:61]([NH2:4])[n:48][cH:19][n:50][c:63]32)[C@H:64]([OH:16])[C@@H:65]1[O:54][P:71](=[O:8])([OH:11])[OH:12].[OH2:15]>>[CH3:1][CH2:21][CH2:23][CH2:24][CH2:25][CH2:26][CH2:27][CH2:28][CH2:29][CH2:30][CH2:31][CH2:32][CH2:33][CH2:34][CH2:35][CH2:36][CH2:37][CH2:38][CH2:39][CH2:40][CH2:41][CH2:44][C:58](=[O:5])[OH:15].[CH3:2][C:70]([CH3:3])([CH2:47][O:56][P:73](=[O:10])([O-:14])[O:57][P:72](=[O:9])([O-:13])[O:55][CH2:46][C@H:67]1[O:53][C@@H:66]([n:69]2[cH:20][n:49][c:62]3[c:61]([NH2:4])[n:48][cH:19][n:50][c:63]32)[C@H:64]([OH:16])[C@@H:65]1[O:54][P:71](=[O:8])([O-:11])[O-:12])[C@@H:68]([OH:17])[C:60](=[O:7])[NH:52][CH2:43][CH2:45][C:59](=[O:6])[NH:51][CH2:42][CH2:22][SH:18],1,2,0.67
recon3d_48,[NH2:1][c:34]1[n:22][cH:14][n:24][c:36]2[c:35]1[n:23][cH:15][n:44]2[CH:43]1[O:27][CH:38]([CH2:20][O:29][P:47](=[O:6])([O-:10])[O:13][P:46](=[O:5])([O-:9])[O:28][P:45](=[O:4])([O-:7])[O-:8])[CH:40]([OH:11])[CH:41]1[OH:12].[O:2]=[C:32]1[NH:25][CH:37]2[CH2:19][S:31][CH:39]([CH2:21][CH2:17][CH2:16][CH2:18][C:33](=[O:3])[O-:30])[CH:42]2[NH:26]1>>[NH2:1][c:34]1[n:22][cH:14][n:24][c:36]2[c:35]1[n:23][cH:15][n:44]2[CH:43]1[O:27][CH:38]([CH2:20][O:29][P:47](=[O:6])([O-:10])[O:30][C:33](=[O:3])[CH2:18][CH2:16][CH2:17][CH2:21][CH:39]2[S:31][CH2:19][CH:37]3[NH:25][C:32](=[O:2])[NH:26][CH:42]32)[CH:40]([OH:11])[CH:41]1[OH:12].[O:4]=[P:45]([O-:7])([O-:8])[O:28][P:46](=[O:5])([O-:9])[OH:13],1,2,0.13
recon3d_49,[NH:1]([CH:13]([CH2:14][C:21](=[O:4])[O-:8])[C:20](=[O:3])[O-:7])[C:22](=[O:5])[c:23]1[n:17][cH:15][n:29]([C@@H:27]2[O:18][C@H:28]([CH2:16][O:19][P:30](=[O:6])([O-:9])[O-:10])[C@@H:26]([OH:12])[C@H:25]2[OH:11])[c:24]1[NH2:2]>>[NH2:1][C:22](=[O:5])[c:23]1[n:17][cH:15][n:29]([C@@H:27]2[O:18][C@H:28]([CH2:16][O:19][P:30](=[O:6])([O-:9])[O-:10])[C@@H:26]([OH:12])[C@H:25]2[OH:11])[c:24]1[NH2:2].[O:3]=[C:20]([O-:7])/[CH:13]=[CH:14]/[C:21](=[O:4])[O-:8],1,2,0.93
recon3d_50,[CH2:1]([SH:8])[C:9](=[O:2])[C:10](=[O:3])[O-:6].[O:4]=[S:11]([O-:5])[O-:7]>>[CH3:1][C:9](=[O:2])[C:10](=[O:3])[O-:6].[O:4]=[S:11](=[O:5])([O-:7])[SH:8],1,3,0.01
recon3d_51,[OH:1][CH2:2][C@H:34]1[O:19][C@H:29]([O:22][P:39](=[O:7])([O-:9])[O:23][P:38](=[O:6])([O-:8])[O:21][CH2:15][C@H:35]2[O:20][C@@H:33]([n:37]3[cH:14][n:16][c:27]4[c:26](=[O:5])[nH:18][c:25]([NH2:3])[n:17][c:28]43)[C@H:30]([OH:10])[C@@H:32]2[OH:12])[C@@H:31]([OH:11])[C@@H:36]([OH:13])[C@@H:24]1[OH:4]>>[CH3:2][C@H:34]1[O:19][C@H:29]([O:22][P:39](=[O:7])([O-:9])[O:23][P:38](=[O:6])([O-:8])[O:21][CH2:15][C@H:35]2[O:20][C@@H:33]([n:37]3[cH:14][n:16][c:27]4[c:26](=[O:5])[nH:18][c:25]([NH2:3])[n:17][c:28]43)[C@H:30]([OH:10])[C@@H:32]2[OH:12])[C@@H:31]([OH:11])[C@@H:36]([OH:13])[C:24]1=[O:4].[OH2:1],1,3,1.81
recon3d_52,[CH3:1][C:44](=[O:8])[C@H:59]1[CH2:29][CH2:28][CH:52]2[CH:50]3[CH2:26][CH:25]=[C:46]4[CH2:20][C@@H:42]([OH:6])[CH2:23][CH2:32][C@:64]4([CH3:2])[CH:51]3[CH2:27][CH2:33][C@@:65]21[CH3:3].[NH2:4][C:43](=[O:7])[c:45]1[cH:19][n+:62]([C@@H:57]2[O:37][C@H:60]([CH2:30][O:39][P:66](=[O:9])([O-:11])[O:41][P:67](=[O:10])([O-:12])[O:40][CH2:31][C@H:61]3[O:38][C@@H:58]([n:63]4[cH:22][n:35][c:48]5[c:47]([NH2:5])[n:34][cH:21][n:36][c:49]54)[C@H:54]([OH:14])[C@@H:56]3[OH:16])[C@@H:55]([OH:15])[C@H:53]2[OH:13])[cH:18][cH:17][cH:24]1>>[CH3:1][C:44](=[O:8])[C@H:59]1[CH2:29][CH2:28][CH:52]2[CH:50]3[CH2:26][CH2:25][C:46]4=[CH:20][C:42](=[O:6])[CH2:23][CH2:32][C@:64]4([CH3:2])[CH:51]3[CH2:27][CH2:33][C@@:65]21[CH3:3].[NH2:4][C:43](=[O:7])[C:45]1=[CH:19][N:62]([C@@H:57]2[O:37][C@H:60]([CH2:30][O:39][P:66](=[O:9])([O-:11])[O:41][P:67](=[O:10])([O-:12])[O:40][CH2:31][C@H:61]3[O:38][C@@H:58]([n:63]4[cH:22][n:35][c:48]5[c:47]([NH2:5])[n:34][cH:21][n:36][c:49]54)[C@H:54]([OH:14])[C@@H:56]3[OH:16])[C@@H:55]([OH:15])[C@H:53]2[OH:13])[CH:18]=[CH:17][CH2:24]1,1,4,4.31
recon3d_53,[NH3+:3][C@@H:29]([CH2:19][c:27]1[cH:15][cH:13][c:21]([OH:5])[c:23]([OH:7])[cH:17]1)[C:25](=[O:9])[O-:11].[NH3+:4][C@@H:30]([CH2:20][c:28]1[cH:16][cH:14][c:22]([OH:6])[c:24]([OH:8])[cH:18]1)[C:26](=[O:10])[O-:12].[O:1]=[O:2]>>[NH3+:3][C@@H:29]([CH2:19][C:27]1=[CH:17][C:23](=[O:7])[C:21](=[O:5])[CH:13]=[CH:15]1)[C:25](=[O:9])[O-:11].[NH3+:4][C@@H:30]([CH2:20][C:28]1=[CH:18][C:24](=[O:8])[C:22](=[O:6])[CH:14]=[CH:16]1)[C:26](=[O:10])[O-:12].[OH2:1].[OH2:2],1,1,1.59
recon3d_54,[NH2:1][C:38](=[O:4])[CH2:22][CH2:19][CH2:20][CH2:24][CH:44]([CH2:25][CH2:21][SH:36])[SH:37].[NH2:2][C:39](=[O:5])[c:40]1[cH:16][n+:53]([C@@H:49]2[O:31][C@H:51]([CH2:26][O:33][P:55](=[O:6])([O-:8])[O:35][P:56](=[O:7])([O-:9])[O:34][CH2:27][C@H:52]3[O:32][C@@H:50]([n:54]4[cH:18][n:29][c:42]5[c:41]([NH2:3])[n:28][cH:17][n:30][c:43]54)[C@H:46]([OH:11])[C@@H:48]3[OH:13])[C@@H:47]([OH:12])[C@H:45]2[OH:10])[cH:15][cH:14][cH:23]1>>[NH2:1][C:38](=[O:4])[CH2:22][CH2:19][CH2:20][CH2:24][CH:44]1[CH2:25][CH2:21][S:36][S:37]1.[NH2:2][C:39](=[O:5])[C:40]1=[CH:16][N:53]([C@@H:49]2[O:31][C@H:51]([CH2:26][O:33][P:55](=[O:6])([O-:8])[O:35][P:56](=[O:7])([O-:9])[O:34][CH2:27][C@H:52]3[O:32][C@@H:50]([n:54]4[cH:18][n:29][c:42]5[c:41]([NH2:3])[n:28][cH:17][n:30][c:43]54)[C@H:46]([OH:11])[C@@H:48]3[OH:13])[C@@H:47]([OH:12])[C@H:45]2[OH:10])[CH:15]=[CH:14][CH2:23]1,1,2,1.74
recon3d_55,[NH2:1][c:30]1[n:21][cH:17][n:23][c:32]2[c:31]1[n:22][cH:18][n:41]2[C@@H:38]1[O:24][C@H:39]([CH2:19][O:26][P:42](=[O:2])([O:6][P:45](=[O:5])([O-:12])[O:29][P:44](=[O:4])([O-:10])[O-:11])[O-:7])[C@@H:36]([OH:15])[C@H:34]1[OH:13].[O:3]=[P:43]([O-:8])([O-:9])[O:27][CH2:20][C@H:40]1[O:25][C@H:33]([OH:28])[C@H:35]([OH:14])[C@@H:37]1[OH:16]>>[NH2:1][c:30]1[n:21][cH:17][n:23][c:32]2[c:31]1[n:22][cH:18][n:41]2[C@@H:38]1[O:24][C@H:39]([CH2:19][O:26][P:42](=[O:2])([O-:6])[O-:7])[C@@H:36]([OH:15])[C@H:34]1[OH:13].[O:3]=[P:43]([O-:8])([O-:9])[O:27][CH2:20][C@H:40]1[O:25][C@H:33]([O:28][P:45](=[O:5])([O-:12])[O:29][P:44](=[O:4])([O-:10])[O-:11])[C@H:35]([OH:14])[C@@H:37]1[OH:16],1,2,1.68
recon3d_56,[NH2:1][c:32]1[n:25][c:38]2[c:36]([n:23][cH:17][n:47]2[C@H:45]2[CH2:20][C@H:42]([OH:14])[C@@H:44]([CH2:19][OH:29])[O:28]2)[c:34](=[O:3])[nH:26]1.[NH2:2][c:33]1[n:21][cH:15][n:24][c:37]2[c:35]1[n:22][cH:16][n:46]2[C@@H:41]1[O:27][C@H:43]([CH2:18][O:30][P:50](=[O:6])([O-:11])[O:31][P:49](=[O:5])([O-:9])[O:10][P:48](=[O:4])([O-:7])[O-:8])[C@@H:40]([OH:13])[C@H:39]1[OH:12]>>[NH2:1][c:32]1[n:25][c:38]2[c:36]([n:23][cH:17][n:47]2[C@H:45]2[CH2:20][C@H:42]([OH:14])[C@@H:44]([CH2:19][O:29][P:48](=[O:4])([O-:7])[O-:8])[O:28]2)[c:34](=[O:3])[nH:26]1.[NH2:2][c:33]1[n:21][cH:15][n:24][c:37]2[c:35]1[n:22][cH:16][n:46]2[C@@H:41]1[O:27][C@H:43]([CH2:18][O:30][P:50](=[O:6])([O-:11])[O:31][P:49](=[O:5])([O-:9])[O-:10])[C@@H:40]([OH:13])[C@H:39]1[OH:12],1,2,1.24
recon3d_57,[CH3:2][CH2:36][CH2:39][CH2:41][CH2:65]/[CH:26]=[CH:24]\[CH2:35]/[CH:22]=[CH:20]\[CH2:33]/[CH:19]=[CH:21]\[CH2:34]/[CH:23]=[CH:25]\[CH2:37][CH2:38][CH2:40][C:53](=[O:5])[O-:14].[NH2:3][C:54](=[O:6])[C:55]1=[CH:32][N:69]([C@@H:64]2[O:47][C@H:66]([CH2:42][O:50][P:71](=[O:8])([O-:12])[O:52][P:72](=[O:9])([O-:13])[O:51][CH2:43][C@H:67]3[O:48][C@@H:63]([n:68]4[cH:30][n:45][c:57]5[c:56]([NH2:4])[n:44][cH:28][n:46][c:58]54)[C@H:62]([O:49][P:70](=[O:7])([O-:10])[O-:11])[C@@H:61]3[OH:17])[C@@H:60]([OH:16])[C@H:59]2[OH:15])[CH:31]=[CH:27][CH2:29]1.[O:1]=[O:18]>>[CH3:2][CH2:36][CH2:39][CH2:41][C@@H:65]([OH:18])/[CH:26]=[CH:24]\[CH2:35]/[CH:22]=[CH:20]\[CH2:33]/[CH:19]=[CH:21]\[CH2:34]/[CH:23]=[CH:25]\[CH2:37][CH2:38][CH2:40][C:53](=[O:5])[OH:14].[NH2:3][C:54](=[O:6])[c:55]1[cH:29][cH:27][cH:31][n+:69]([C@@H:64]2[O:47][C@H:66]([CH2:42][O:50][P:71](=[O:8])([O-:12])[O:52][P:72](=[O:9])([O-:13])[O:51][CH2:43][C@H:67]3[O:48][C@@H:63]([n:68]4[cH:30][n:45][c:57]5[c:56]([NH2:4])[n:44][cH:28][n:46][c:58]54)[C@H:62]([O:49][P:70](=[O:7])([O-:10])[O-:11])[C@@H:61]3[OH:17])[C@@H:60]([OH:16])[C@H:59]2[OH:15])[cH:32]1.[OH2:1],1,4,3.25
recon3d_58,[CH3:1][S:38][CH2:21][CH2:20][C@H:35]([NH3+:3])[C:28](=[O:4])[O-:8].[NH2:2][c:29]1[n:23][cH:18][n:25][c:31]2[c:30]1[n:24][cH:19][n:37]2[C@@H:34]1[O:26][C@H:36]([CH2:22][O:11][P:40](=[O:6])([O-:12])[O:27][P:41](=[O:7])([O-:13])[O:17][P:39](=[O:5])([O-:9])[O-:10])[C@@H:33]([OH:15])[C@H:32]1[OH:14].[OH2:16]>>[CH3:1][S+:38]([CH2:21][CH2:20][C@H:35]([NH3+:3])[C:28](=[O:4])[O-:8])[CH2:22][C@H:36]1[O:26][C@@H:34]([n:37]2[cH:19][n:24][c:30]3[c:29]([NH2:2])[n:23][cH:18][n:25][c:31]32)[C@H:32]([OH:14])[C@@H:33]1[OH:15].[O:5]=[P:39]([O-:9])([O-:10])[OH:16].[O:6]=[P:40]([O-:11])([O-:12])[O:27][P:41](=[O:7])([O-:13])[OH:17],1,4,0.10
recon3d_59,[O:1]=[c:18]1[cH:12][cH:13][n:24]([C@@H:22]2[O:16][C@H:23]([CH2:14][O:17][P:26](=[O:4])([O:7][P:25](=[O:3])([O-:5])[O-:6])[O-:8])[CH:21]([OH:10])[CH:20]2[OH:9])[c:19](=[O:2])[nH:15]1.[OH2:11]>>[O:1]=[c:18]1[cH:12][cH:13][n:24]([C@@H:22]2[O:16][C@H:23]([CH2:14][O:17][P:26](=[O:4])([O-:7])[O-:8])[CH:21]([OH:10])[CH:20]2[OH:9])[c:19](=[O:2])[nH:15]1.[O:3]=[P:25]([O-:5])([O-:6])[OH:11],1,2,0.05
recon3d_60,[CH3:2][C@:67]12[CH2:34][CH2:29][CH:54]3[c:48]4[cH:23][cH:22][c:47]([OH:14])[cH:49][c:50]4[CH2:28][CH2:30][CH:55]3[CH:56]1[CH2:31][CH2:27][C:45]2=[O:6].[NH2:3][C:44](=[O:5])[C:46]1=[CH:26][N:66]([C@@H:62]2[O:38][C@H:63]([CH2:32][O:41][P:69](=[O:8])([O-:12])[O:43][P:70](=[O:9])([O-:13])[O:42][CH2:33][C@H:64]3[O:39][C@@H:61]([n:65]4[cH:24][n:36][c:52]5[c:51]([NH2:4])[n:35][cH:20][n:37][c:53]54)[C@H:60]([O:40][P:68](=[O:7])([O-:10])[O-:11])[C@@H:59]3[OH:18])[C@@H:58]([OH:17])[C@H:57]2[OH:16])[CH:25]=[CH:19][CH2:21]1.[O:1]=[O:15]>>[CH3:2][C@@:67]12[CH2:34][CH2:29][CH:54]3[c:48]4[cH:23][cH:22][c:47]([OH:14])[c:49]([OH:15])[c:50]4[CH2:28][CH2:30][CH:55]3[CH:56]1[CH2:31][CH2:27][C:45]2=[O:6].[NH2:3][C:44](=[O:5])[c:46]1[cH:21][cH:19][cH:25][n+:66]([C@@H:62]2[O:38][C@H:63]([CH2:32][O:41][P:69](=[O:8])([O-:12])[O:43][P:70](=[O:9])([O-:13])[O:42][CH2:33][C@H:64]3[O:39][C@@H:61]([n:65]4[cH:24][n:36][c:52]5[c:51]([NH2:4])[n:35][cH:20][n:37][c:53]54)[C@H:60]([O:40][P:68](=[O:7])([O-:10])[O-:11])[C@@H:59]3[OH:18])[C@@H:58]([OH:17])[C@H:57]2[OH:16])[cH:26]1.[OH2:1],1,4,3.14
recon3d_61,[NH2:1][c:22]1[n:17][c:25]2[c:24]([n:16][cH:14][n:30]2[C@@H:28]2[O:19][C@H:29]([CH2:15][O:20][P:33](=[O:5])([O-:11])[O:21][P:32](=[O:4])([O:7][P:31](=[O:3])([O-:6])[O-:8])[O-:9])[CH:27]([OH:13])[CH:26]2[OH:12])[c:23](=[O:2])[nH:18]1.[OH2:10]>>[NH2:1][c:22]1[n:17][c:25]2[c:24]([n:16][cH:14][n:30]2[C@@H:28]2[O:19][C@H:29]([CH2:15][O:20][P:33](=[O:5])([O-:11])[O:21][P:32](=[O:4])([O-:9])[O-:10])[CH:27]([OH:13])[CH:26]2[OH:12])[c:23](=[O:2])[nH:18]1.[O:3]=[P:31]([O-:6])([O-:7])[O-:8],1,2,0.44
recon3d_62,[CH3:1][CH2:37][CH2:39][CH2:40][CH2:41][CH2:42][CH2:48][C:77](=[O:8])[S:32][CH2:38][CH2:43][NH:62][C:78](=[O:9])[CH2:49][CH2:45][NH:64][C:81](=[O:12])[CH:97]([OH:30])[C:101]([CH3:2])([CH3:3])[CH2:54][O:72][P:107](=[O:18])([O-:26])[O:74][P:105](=[O:16])([O-:24])[O:70][CH2:52][CH:89]1[O:66][CH:95]([n:99]2[cH:35][n:58][c:85]3[c:83]([NH2:6])[n:56][cH:33][n:60][c:87]32)[CH:91]([OH:28])[CH:93]1[O:68][P:103](=[O:14])([O-:20])[O-:21].[CH3:4][C:102]([CH3:5])([CH2:55][O:73][P:108](=[O:19])([O-:27])[O:75][P:106](=[O:17])([O-:25])[O:71][CH2:53][CH:90]1[O:67][CH:96]([n:100]2[cH:36][n:59][c:86]3[c:84]([NH2:7])[n:57][cH:34][n:61][c:88]32)[CH:92]([OH:29])[CH:94]1[O:69][P:104](=[O:15])([O-:22])[O-:23])[CH:98]([OH:31])[C:82](=[O:13])[NH:65][CH2:46][CH2:50][C:79](=[O:10])[NH:63][CH2:44][CH2:47][S:76][C:80](=[O:11])[CH3:51]>>[CH3:1][CH2:37][CH2:39][CH2:40][CH2:41][CH2:42][CH2:48][C:77](=[O:8])[CH2:51][C:80](=[O:11])[S:76][CH2:47][CH2:44][NH:63][C:79](=[O:10])[CH2:50][CH2:46][NH:65][C:82](=[O:13])[CH:98]([OH:31])[C:102]([CH3:4])([CH3:5])[CH2:55][O:73][P:108](=[O:19])([O-:27])[O:75][P:106](=[O:17])([O-:25])[O:71][CH2:53][CH:90]1[O:67][CH:96]([n:100]2[cH:36][n:59][c:86]3[c:84]([NH2:7])[n:57][cH:34][n:61][c:88]32)[CH:92]([OH:29])[CH:94]1[O:69][P:104](=[O:15])([O-:22])[O-:23].[CH3:2][C:101]([CH3:3])([CH2:54][O:72][P:107](=[O:18])([O-:26])[O:74][P:105](=[O:16])([O-:24])[O:70][CH2:52][CH:89]1[O:66][CH:95]([n:99]2[cH:35][n:58][c:85]3[c:83]([NH2:6])[n:56][cH:33][n:60][c:87]32)[CH:91]([OH:28])[CH:93]1[O:68][P:103](=[O:14])([O-:20])[O-:21])[CH:97]([OH:30])[C:81](=[O:12])[NH:64][CH2:45][CH2:49][C:78](=[O:9])[NH:62][CH2:43][CH2:38][SH:32],1,3,5.26
recon3d_63,[CH3:1][C:14]([NH:2][C@H:19]1[CH:15]([OH:8])[O:12][C@H:18]([CH2:11][O:13][P:20](=[O:4])([O-:6])[O-:7])[C@@H:16]([OH:9])[C@@H:17]1[OH:10])=[O:3].[OH2:5]>>[CH3:1][C:14](=[O:3])[O-:5].[NH3+:2][C@H:19]1[CH:15]([OH:8])[O:12][C@H:18]([CH2:11][O:13][P:20](=[O:4])([O-:6])[O-:7])[C@@H:16]([OH:9])[C@@H:17]1[OH:10],1,2,0.04
recon3d_64,[NH2:1][c:31]1[cH:17][cH:18][n:44]([C@@H:40]2[O:26][C@H:42]([CH2:20][OH:28])[C@@H:38]([OH:14])[C@H:36]2[OH:12])[c:33](=[O:3])[n:23]1.[NH2:2][c:32]1[n:22][cH:16][n:25][c:35]2[c:34]1[n:24][cH:19][n:45]2[C@@H:41]1[O:27][C@H:43]([CH2:21][O:29][P:48](=[O:6])([O-:11])[O:30][P:47](=[O:5])([O:9][P:46](=[O:4])([O-:7])[O-:8])[O-:10])[C@@H:39]([OH:15])[C@H:37]1[OH:13]>>[NH2:1][c:31]1[cH:17][cH:18][n:44]([C@@H:40]2[O:26][C@H:42]([CH2:20][O:28][P:46](=[O:4])([O-:7])[O-:8])[C@@H:38]([OH:14])[C@H:36]2[OH:12])[c:33](=[O:3])[n:23]1.[NH2:2][c:32]1[n:22][cH:16][n:25][c:35]2[c:34]1[n:24][cH:19][n:45]2[C@@H:41]1[O:27][C@H:43]([CH2:21][O:29][P:48](=[O:6])([O-:11])[O:30][P:47](=[O:5])([O-:9])[O-:10])[C@@H:39]([OH:15])[C@H:37]1[OH:13],1,2,1.03
recon3d_65,[CH3:1][CH2:36][CH2:37][CH2:38][CH2:39][CH2:40][CH2:41][CH2:42][CH2:43][CH2:44][CH2:45][CH2:46][CH2:50][C@H:77]([OH:7])[CH2:52][C:79](=[O:9])[S:76][CH2:49][CH2:47][NH:64][C:78](=[O:8])[CH2:51][CH2:48][NH:65][C:81](=[O:11])[C@H:101]([OH:28])[C:105]([CH3:2])([CH3:3])[CH2:57][O:73][P:110](=[O:16])([O-:22])[O:75][P:109](=[O:15])([O-:21])[O:72][CH2:56][C@H:100]1[O:68][C@@H:97]([n:104]2[cH:35][n:61][c:86]3[c:84]([NH2:6])[n:59][cH:33][n:63][c:88]32)[C@H:93]([OH:27])[C@@H:94]1[O:69][P:106](=[O:12])([O-:17])[O-:18].[NH2:4][C:80](=[O:10])[c:82]1[cH:31][n+:102]([C@@H:95]2[O:66][C@H:98]([CH2:54][O:70][P:107](=[O:13])([O-:19])[O:74][P:108](=[O:14])([O-:20])[O:71][CH2:55][C@H:99]3[O:67][C@@H:96]([n:103]4[cH:34][n:60][c:85]5[c:83]([NH2:5])[n:58][cH:32][n:62][c:87]54)[C@H:90]([OH:24])[C@@H:92]3[OH:26])[CH:91]([OH:25])[C@H:89]2[OH:23])[cH:30][cH:29][cH:53]1>>[CH3:1][CH2:36][CH2:37][CH2:38][CH2:39][CH2:40][CH2:41][CH2:42][CH2:43][CH2:44][CH2:45][CH2:46][CH2:50][C:77](=[O:7])[CH2:52][C:79](=[O:9])[S:76][CH2:49][CH2:47][NH:64][C:78](=[O:8])[CH2:51][CH2:48][NH:65][C:81](=[O:11])[C@H:101]([OH:28])[C:105]([CH3:2])([CH3:3])[CH2:57][O:73][P:110](=[O:16])([O-:22])[O:75][P:109](=[O:15])([O-:21])[O:72][CH2:56][C@H:100]1[O:68][C@@H:97]([n:104]2[cH:35][n:61][c:86]3[c:84]([NH2:6])[n:59][cH:33][n:63][c:88]32)[C@H:93]([OH:27])[C@@H:94]1[O:69][P:106](=[O:12])([O-:17])[O-:18].[NH2:4][C:80](=[O:10])[C:82]1=[CH:31][N:102]([C@@H:95]2[O:66][C@H:98]([CH2:54][O:70][P:107](=[O:13])([O-:19])[O:74][P:108](=[O:14])([O-:20])[O:71][CH2:55][C@H:99]3[O:67][C@@H:96]([n:103]4[cH:34][n:60][c:85]5[c:83]([NH2:5])[n:58][cH:32][n:62][c:87]54)[CH:90]([OH:24])[CH:92]3[OH:26])[CH:91]([OH:25])[CH:89]2[OH:23])[CH:30]=[CH:29][CH2:53]1,1,2,24.20
recon3d_66,[K+:1].[NH2:2][c:23]1[n:17][cH:14][n:19][c:25]2[c:24]1[n:18][cH:15][n:30]2[CH:29]1[O:20][CH:26]([CH2:16][O:21][P:33](=[O:5])([O-:10])[O:22][P:32](=[O:4])([O:8][P:31](=[O:3])([O-:6])[O-:7])[O-:9])[CH:27]([OH:11])[CH:28]1[OH:12].[OH2:13]>>[K+:1].[NH2:2][c:23]1[n:17][cH:14][n:19][c:25]2[c:24]1[n:18][cH:15][n:30]2[CH:29]1[O:20][CH:26]([CH2:16][O:21][P:33](=[O:5])([O-:10])[O:22][P:32](=[O:4])([O-:8])[O-:9])[CH:27]([OH:11])[CH:28]1[OH:12].[O:3]=[P:31]([O-:6])([O-:7])[OH:13],1,2,0.52
recon3d_67,[NH2:1][c:37]1[n:26][cH:20][n:28][c:41]2[c:40]1[n:27][cH:23][n:51]2[C@@H:47]1[O:31][C@H:49]([CH2:25][O:32][P:54](=[O:6])([O-:13])[O:34][P:52](=[O:4])([O:9][P:53](=[O:5])([O-:11])[O-:12])[O-:10])[C@@H:45]([OH:19])[C@H:43]1[OH:17].[O:2]=[c:38]1[cH:21][cH:22][n:50]([C@@H:46]2[O:30][C@H:48]([CH2:24][O:33][P:55](=[O:7])([O-:14])[O:36][P:56](=[O:8])([O-:15])[O-:35])[C@@H:44]([OH:18])[C@H:42]2[OH:16])[c:39](=[O:3])[nH:29]1>>[NH2:1][c:37]1[n:26][cH:20][n:28][c:41]2[c:40]1[n:27][cH:23][n:51]2[C@@H:47]1[O:31][C@H:49]([CH2:25][O:32][P:54](=[O:6])([O-:13])[O:34][P:52](=[O:4])([O-:9])[O-:10])[C@@H:45]([OH:19])[C@H:43]1[OH:17].[O:2]=[c:38]1[cH:21][cH:22][n:50]([C@@H:46]2[O:30][C@H:48]([CH2:24][O:33][P:55](=[O:7])([O-:14])[O:36][P:56](=[O:8])([O-:15])[O:35][P:53](=[O:5])([O-:11])[O-:12])[C@@H:44]([OH:18])[C@H:42]2[OH:16])[c:39](=[O:3])[nH:29]1,1,2,2.28
recon3d_68,[CH3:1][CH2:28][CH2:29][CH2:33][CH2:36][C:62](=[O:18])/[CH:21]=[CH:20]/[C@H:60]1[C@H:63]([OH:19])[CH2:37][C:52](=[O:6])[C@@H:68]1[CH2:40][CH2:34][CH2:31][CH2:30][CH2:32][CH2:35][C:50](=[O:4])[O-:10].[NH2:2][C:51](=[O:5])[C:53]1=[CH:27][N:70]([C@@H:65]2[O:44][C@H:66]([CH2:38][O:47][P:72](=[O:8])([O-:13])[O:49][P:73](=[O:9])([O-:14])[O:48][CH2:39][C@H:67]3[O:45][C@@H:64]([n:69]4[cH:25][n:42][c:55]5[c:54]([NH2:3])[n:41][cH:23][n:43][c:56]54)[C@H:61]([O:46][P:71](=[O:7])([O-:11])[O-:12])[C@@H:59]3[OH:17])[C@@H:58]([OH:16])[C@H:57]2[OH:15])[CH:26]=[CH:22][CH2:24]1>>[CH3:1][CH2:28][CH2:29][CH2:33][CH2:36][C@H:62]([OH:18])/[CH:21]=[CH:20]/[C@H:60]1[C@H:63]([OH:19])[CH2:37][C:52](=[O:6])[C@@H:68]1[CH2:40][CH2:34][CH2:31][CH2:30][CH2:32][CH2:35][C:50](=[O:4])[O-:10].[NH2:2][C:51](=[O:5])[c:53]1[cH:24][cH:22][cH:26][n+:70]([C@@H:65]2[O:44][C@H:66]([CH2:38][O:47][P:72](=[O:8])([O-:13])[O:49][P:73](=[O:9])([O-:14])[O:48][CH2:39][C@H:67]3[O:45][C@@H:64]([n:69]4[cH:25][n:42][c:55]5[c:54]([NH2:3])[n:41][cH:23][n:43][c:56]54)[C@H:61]([O:46][P:71](=[O:7])([O-:11])[O-:12])[C@@H:59]3[OH:17])[C@@H:58]([OH:16])[C@H:57]2[OH:15])[cH:27]1,1,2,2.64
recon3d_69,[NH2:1][c:34]1[cH:19][cH:20][n:47]([C@@H:43]2[O:28][C@H:45]([CH2:22][O:30][P:51](=[O:6])([O-:12])[O-:32])[C@@H:41]([OH:16])[C@H:39]2[OH:14])[c:36](=[O:3])[n:25]1.[NH2:2][c:35]1[n:24][cH:18][n:27][c:38]2[c:37]1[n:26][cH:21][n:48]2[C@@H:44]1[O:29][C@H:46]([CH2:23][O:31][P:52](=[O:7])([O-:13])[O:33][P:50](=[O:5])([O:10][P:49](=[O:4])([O-:8])[O-:9])[O-:11])[C@@H:42]([OH:17])[C@H:40]1[OH:15]>>[NH2:1][c:34]1[cH:19][cH:20][n:47]([C@@H:43]2[O:28][C@H:45]([CH2:22][O:30][P:51](=[O:6])([O-:12])[O:32][P:49](=[O:4])([O-:8])[O-:9])[C@@H:41]([OH:16])[C@H:39]2[OH:14])[c:36](=[O:3])[n:25]1.[NH2:2][c:35]1[n:24][cH:18][n:27][c:38]2[c:37]1[n:26][cH:21][n:48]2[C@@H:44]1[O:29][C@H:46]([CH2:23][O:31][P:52](=[O:7])([O-:13])[O:33][P:50](=[O:5])([O-:10])[O-:11])[C@@H:42]([OH:17])[C@H:40]1[OH:15],1,2,1.90
recon3d_70,[NH2:1][c:37]1[cH:21][cH:22][n:50]([C@@H:46]2[O:30][C@H:48]([CH2:24][O:33][P:55](=[O:7])([O-:14])[O:36][P:56](=[O:8])([O-:15])[O-:35])[C@@H:44]([OH:18])[C@H:42]2[OH:16])[c:39](=[O:3])[n:27]1.[NH2:2][c:38]1[n:26][cH:20][n:29][c:41]2[c:40]1[n:28][cH:23][n:51]2[C@@H:47]1[O:31][C@H:49]([CH2:25][O:32][P:54](=[O:6])([O-:13])[O:34][P:52](=[O:4])([O-:9])[O:10][P:53](=[O:5])([O-:11])[O-:12])[C@@H:45]([OH:19])[C@H:43]1[OH:17]>>[NH2:1][c:37]1[cH:21][cH:22][n:50]([C@@H:46]2[O:30][C@H:48]([CH2:24][O:33][P:55](=[O:7])([O-:14])[O:36][P:56](=[O:8])([O-:15])[O:35][P:53](=[O:5])([O-:11])[O-:12])[C@@H:44]([OH:18])[C@H:42]2[OH:16])[c:39](=[O:3])[n:27]1.[NH2:2][c:38]1[n:26][cH:20][n:29][c:41]2[c:40]1[n:28][cH:23][n:51]2[C@@H:47]1[O:31][C@H:49]([CH2:25][O:32][P:54](=[O:6])([O-:13])[O:34][P:52](=[O:4])([O-:9])[O-:10])[C@@H:45]([OH:19])[C@H:43]1[OH:17],1,2,4.00
recon3d_71,[CH3:1][CH2:37][CH2:38][CH2:39][CH2:40][CH2:41][CH2:50][C:80]([CH2:2][C:79](=[O:11])[S:75][CH2:46][CH2:42][NH:61][C:77](=[O:9])[CH2:48][CH2:44][NH:63][C:81](=[O:13])[C@H:97]([OH:31])[C:101]([CH3:3])([CH3:4])[CH2:53][O:71][P:107](=[O:19])([O-:27])[O:73][P:105](=[O:17])([O-:25])[O:69][CH2:51][C@H:95]1[O:65][C@@H:93]([n:99]2[cH:35][n:57][c:85]3[c:83]([NH2:7])[n:55][cH:33][n:59][c:87]32)[C@H:89]([OH:29])[C@@H:91]1[O:67][P:103](=[O:15])([O-:21])[O-:22])=[O:12].[CH3:5][C:102]([CH3:6])([CH2:54][O:72][P:108](=[O:20])([O-:28])[O:74][P:106](=[O:18])([O-:26])[O:70][CH2:52][C@H:96]1[O:66][C@@H:94]([n:100]2[cH:36][n:58][c:86]3[c:84]([NH2:8])[n:56][cH:34][n:60][c:88]32)[C@H:90]([OH:30])[C@@H:92]1[O:68][P:104](=[O:16])([O-:23])[O-:24])[C@@H:98]([OH:32])[C:82](=[O:14])[NH:64][CH2:45][CH2:49][C:78](=[O:10])[NH:62][CH2:43][CH2:47][SH:76]>>[CH3:1][CH2:37][CH2:38][CH2:39][CH2:40][CH2:41][CH2:50][C:80](=[O:12])[S:76][CH2:47][CH2:43][NH:62][C:78](=[O:10])[CH2:49][CH2:45][NH:64][C:82](=[O:14])[C@H:98]([OH:32])[C:102]([CH3:5])([CH3:6])[CH2:54][O:72][P:108](=[O:20])([O-:28])[O:74][P:106](=[O:18])([O-:26])[O:70][CH2:52][C@H:96]1[O:66][C@@H:94]([n:100]2[cH:36][n:58][c:86]3[c:84]([NH2:8])[n:56][cH:34][n:60][c:88]32)[C@H:90]([OH:30])[C@@H:92]1[O:68][P:104](=[O:16])([O-:23])[O-:24].[CH3:2][C:79](=[O:11])[S:75][CH2:46][CH2:42][NH:61][C:77](=[O:9])[CH2:48][CH2:44][NH:63][C:81](=[O:13])[C@H:97]([OH:31])[C:101]([CH3:3])([CH3:4])[CH2:53][O:71][P:107](=[O:19])([O-:27])[O:73][P:105](=[O:17])([O-:25])[O:69][CH2:51][C@H:95]1[O:65][C@@H:93]([n:99]2[cH:35][n:57][c:85]3[c:83]([NH2:7])[n:55][cH:33][n:59][c:87]32)[C@H:89]([OH:29])[C@@H:91]1[O:67][P:103](=[O:15])([O-:21])[O-:22],1,3,5.90
recon3d_72,[CH3:1][C@:62]12[CH2:31][CH2:22][C@H:41]([OH:5])[CH2:19][C:45]1=[CH:25][CH2:26][CH:49]1[CH:50]2[CH2:27][CH2:32][C@:63]2([CH3:2])[C:43](=[O:7])[CH2:23][CH2:28][CH:51]12.[NH2:3][C:42](=[O:6])[c:44]1[cH:18][n+:60]([C@@H:56]2[O:36][C@H:58]([CH2:29][O:38][P:64](=[O:8])([O-:10])[O:40][P:65](=[O:9])([O-:11])[O:39][CH2:30][C@H:59]3[O:37][C@@H:57]([n:61]4[cH:21][n:34][c:47]5[c:46]([NH2:4])[n:33][cH:20][n:35][c:48]54)[C@H:53]([OH:13])[C@@H:55]3[OH:15])[C@@H:54]([OH:14])[C@H:52]2[OH:12])[cH:17][cH:16][cH:24]1>>[CH3:1][C@:62]12[CH2:31][CH2:22][C:41](=[O:5])[CH:19]=[C:45]1[CH2:25][CH2:26][CH:49]1[CH:50]2[CH2:27][CH2:32][C@:63]2([CH3:2])[C:43](=[O:7])[CH2:23][CH2:28][CH:51]12.[NH2:3][C:42](=[O:6])[C:44]1=[CH:18][N:60]([C@@H:56]2[O:36][C@H:58]([CH2:29][O:38][P:64](=[O:8])([O-:10])[O:40][P:65](=[O:9])([O-:11])[O:39][CH2:30][C@H:59]3[O:37][C@@H:57]([n:61]4[cH:21][n:34][c:47]5[c:46]([NH2:4])[n:33][cH:20][n:35][c:48]54)[C@H:53]([OH:13])[C@@H:55]3[OH:15])[C@@H:54]([OH:14])[C@H:52]2[OH:12])[CH:17]=[CH:16][CH2:24]1,1,4,3.38
recon3d_73,[OH:1][C@@H:18]([CH3:2])[CH2:19][C:40](=[O:7])[S:38][CH2:24][CH2:22][NH:31][C:39](=[O:6])[CH2:25][CH2:23][NH:32][C:41](=[O:8])[C@H:49]([OH:17])[C:51]([CH3:3])([CH3:4])[CH2:27][O:36][P:54](=[O:11])([O-:15])[O:37][P:53](=[O:10])([O-:14])[O:35][CH2:26][C@H:48]1[O:33][C@@H:47]([n:50]2[cH:21][n:29][c:43]3[c:42]([NH2:5])[n:28][cH:20][n:30][c:44]32)[C@H:45]([OH:16])[C@@H:46]1[O:34][P:52](=[O:9])([O-:12])[O-:13]>>[CH3:2]/[CH:18]=[CH:19]/[C:40](=[O:7])[S:38][CH2:24][CH2:22][NH:31][C:39](=[O:6])[CH2:25][CH2:23][NH:32][C:41](=[O:8])[C@H:49]([OH:17])[C:51]([CH3:3])([CH3:4])[CH2:27][O:36][P:54](=[O:11])([O-:15])[O:37][P:53](=[O:10])([O-:14])[O:35][CH2:26][C@H:48]1[O:33][C@@H:47]([n:50]2[cH:21][n:29][c:43]3[c:42]([NH2:5])[n:28][cH:20][n:30][c:44]32)[C@H:45]([OH:16])[C@@H:46]1[O:34][P:52](=[O:9])([O-:12])[O-:13].[OH2:1],1,2,0.26
recon3d_74,[NH2:1][c:22]1[n:16][cH:13][n:18][c:24]2[c:23]1[n:17][cH:14][n:29]2[C@@H:27]1[O:19][C@H:28]([CH2:15][O:20][P:32](=[O:4])([O-:9])[O:21][P:31](=[O:3])([O:7][P:30](=[O:2])([O-:5])[O-:6])[O-:8])[C@@H:26]([OH:11])[C@H:25]1[OH:10].[OH2:12]>>[NH2:1][c:22]1[n:16][cH:13][n:18][c:24]2[c:23]1[n:17][cH:14][n:29]2[C@@H:27]1[O:19][C@H:28]([CH2:15][O:20][P:32](=[O:4])([O-:9])[O:21][P:31](=[O:3])([O-:7])[O-:8])[C@@H:26]([OH:11])[C@H:25]1[OH:10].[O:2]=[P:30]([O-:5])([O-:6])[OH:12],1,2,0.77
recon3d_75,[CH3:1][CH2:20][CH2:21][CH2:22][CH2:23][CH2:24][CH2:29]/[CH:50]=[CH:30]/[C:45](=[O:6])[S:43][CH2:27][CH2:25][NH:36][C:44](=[O:5])[CH2:28][CH2:26][NH:37][C:46](=[O:7])[C@H:55]([OH:17])[C:57]([CH3:2])([CH3:3])[CH2:32][O:41][P:60](=[O:10])([O-:14])[O:42][P:59](=[O:9])([O-:13])[O:40][CH2:31][C@H:54]1[O:38][C@@H:53]([n:56]2[cH:19][n:34][c:48]3[c:47]([NH2:4])[n:33][cH:18][n:35][c:49]32)[C@H:51]([OH:16])[C@@H:52]1[O:39][P:58](=[O:8])([O-:11])[O-:12].[OH2:15]>>[CH3:1][CH2:20][CH2:21][CH2:22][CH2:23][CH2:24][CH2:29][C@H:50]([OH:15])[CH2:30][C:45](=[O:6])[S:43][CH2:27][CH2:25][NH:36][C:44](=[O:5])[CH2:28][CH2:26][NH:37][C:46](=[O:7])[C@H:55]([OH:17])[C:57]([CH3:2])([CH3:3])[CH2:32][O:41][P:60](=[O:10])([O-:14])[O:42][P:59](=[O:9])([O-:13])[O:40][CH2:31][C@H:54]1[O:38][C@@H:53]([n:56]2[cH:19][n:34][c:48]3[c:47]([NH2:4])[n:33][cH:18][n:35][c:49]32)[C@H:51]([OH:16])[C@@H:52]1[O:39][P:58](=[O:8])([O-:11])[O-:12],1,2,0.36
recon3d_76,[O:1]=[C:10]([O-:2])[c:12]1[cH:11][c:17](=[O:3])[nH:14][c:18](=[O:4])[n:23]1[CH:22]1[O:15][CH:19]([CH2:13][O:16][P:24](=[O:5])([O-:6])[O-:7])[CH:20]([OH:8])[CH:21]1[OH:9]>>[O:1]=[C:10]=[O:2].[O:3]=[c:17]1[cH:11][cH:12][n:23]([CH:22]2[O:15][CH:19]([CH2:13][O:16][P:24](=[O:5])([O-:6])[O-:7])[CH:20]([OH:8])[CH:21]2[OH:9])[c:18](=[O:4])[nH:14]1,1,2,0.05
recon3d_77,[CH3:1][N+:50]([CH3:2])([CH3:3])[CH2:25][CH:34]=[O:6].[NH2:4][C:35](=[O:7])[c:36]1[cH:19][n+:48]([CH:46]2[O:29][CH:40]([CH2:23][O:31][P:51](=[O:8])([O-:11])[O:33][P:52](=[O:9])([O-:12])[O:32][CH2:24][CH:41]3[O:30][CH:47]([n:49]4[cH:21][n:27][c:38]5[c:37]([NH2:5])[n:26][cH:20][n:28][c:39]54)[CH:45]([OH:16])[CH:43]3[OH:14])[CH:42]([OH:13])[CH:44]2[OH:15])[cH:18][cH:17][cH:22]1.[OH2:10]>>[CH3:1][N+:50]([CH3:2])([CH3:3])[CH2:25][C:34](=[O:6])[O-:10].[NH2:4][C:35](=[O:7])[C:36]1=[CH:19][N:48]([CH:46]2[O:29][CH:40]([CH2:23][O:31][P:51](=[O:8])([O-:11])[O:33][P:52](=[O:9])([O-:12])[O:32][CH2:24][CH:41]3[O:30][CH:47]([n:49]4[cH:21][n:27][c:38]5[c:37]([NH2:5])[n:26][cH:20][n:28][c:39]54)[CH:45]([OH:16])[CH:43]3[OH:14])[CH:42]([OH:13])[CH:44]2[OH:15])[CH:18]=[CH:17][CH2:22]1,1,3,0.97
recon3d_78,[CH3:1][C@:62]12[CH2:31][CH2:25][CH:48]3[c:44]4[cH:20][cH:17][c:41]([OH:9])[cH:19][c:43]4[CH2:24][CH2:26][CH:49]3[CH:50]1[CH2:27][CH2:30][C:59]2=[O:14].[NH2:2][C:40](=[O:4])[C:42]1=[CH:23][N:61]([C@@H:56]2[O:36][C@H:58]([CH2:29][O:38][P:64](=[O:6])([O-:8])[O:39][P:63](=[O:5])([O-:7])[O:37][CH2:28][C@H:57]3[O:35][C@@H:55]([n:60]4[cH:21][n:33][c:46]5[c:45]([NH2:3])[n:32][cH:16][n:34][c:47]54)[C@H:51]([OH:10])[C@@H:53]3[OH:12])[C@@H:54]([OH:13])[C@H:52]2[OH:11])[CH:22]=[CH:15][CH2:18]1>>[CH3:1][C@:62]12[CH2:31][CH2:25][CH:48]3[c:44]4[cH:20][cH:17][c:41]([OH:9])[cH:19][c:43]4[CH2:24][CH2:26][CH:49]3[CH:50]1[CH2:27][CH2:30][C@@H:59]2[OH:14].[NH2:2][C:40](=[O:4])[c:42]1[cH:18][cH:15][cH:22][n+:61]([C@@H:56]2[O:36][C@H:58]([CH2:29][O:38][P:64](=[O:6])([O-:8])[O:39][P:63](=[O:5])([O-:7])[O:37][CH2:28][C@H:57]3[O:35][C@@H:55]([n:60]4[cH:21][n:33][c:46]5[c:45]([NH2:3])[n:32][cH:16][n:34][c:47]54)[C@H:51]([OH:10])[C@@H:53]3[OH:12])[C@@H:54]([OH:13])[C@H:52]2[OH:11])[cH:23]1,1,2,3.35
recon3d_79,[CH3:1][CH2:30][CH2:32][CH2:34][CH2:37][C@H:62]([OH:17])/[CH:23]=[CH:22]/[C@@H:59]1[C@@H:60]([CH2:36]/[CH:21]=[CH:20]\[CH2:31][CH2:33][CH2:35][C:50](=[O:4])[O-:9])[C@@H:66]([OH:19])[CH2:38][C:63]1=[O:18].[NH2:2][C:51](=[O:5])[C:52]1=[CH:29][N:70]([C@@H:65]2[O:44][C@H:67]([CH2:39][O:47][P:72](=[O:7])([O-:12])[O:49][P:73](=[O:8])([O-:13])[O:48][CH2:40][C@H:68]3[O:45][C@@H:64]([n:69]4[cH:27][n:42][c:54]5[c:53]([NH2:3])[n:41][cH:25][n:43][c:55]54)[C@H:61]([O:46][P:71](=[O:6])([O-:10])[O-:11])[C@@H:58]3[OH:16])[C@@H:57]([OH:15])[C@H:56]2[OH:14])[CH:28]=[CH:24][CH2:26]1>>[CH3:1][CH2:30][CH2:32][CH2:34][CH2:37][C@H:62]([OH:17])/[CH:23]=[CH:22]/[C@@H:59]1[C@@H:60]([CH2:36]/[CH:21]=[CH:20]\[CH2:31][CH2:33][CH2:35][C:50](=[O:4])[O-:9])[C@@H:66]([OH:19])[CH2:38][C@H:63]1[OH:18].[NH2:2][C:51](=[O:5])[c:52]1[cH:26][cH:24][cH:28][n+:70]([C@@H:65]2[O:44][C@H:67]([CH2:39][O:47][P:72](=[O:7])([O-:12])[O:49][P:73](=[O:8])([O-:13])[O:48][CH2:40][C@H:68]3[O:45][C@@H:64]([n:69]4[cH:27][n:42][c:54]5[c:53]([NH2:3])[n:41][cH:25][n:43][c:55]54)[C@H:61]([O:46][P:71](=[O:6])([O-:10])[O-:11])[C@@H:58]3[OH:16])[C@@H:57]([OH:15])[C@H:56]2[OH:14])[cH:29]1,1,2,2.68
recon3d_80,[CH3:1][S+:29]([CH2:15][CH2:20][C@H:44]([NH3+:4])[C:30](=[O:5])[O-:6])[CH2:21][C@H:45]1[O:28][C@@H:43]([n:47]2[cH:14][n:25][c:36]3[c:35]([NH2:3])[n:24][cH:11][n:26][c:37]32)[C@H:41]([OH:8])[C@@H:42]1[OH:9].[CH3:2][C@:48]12[CH2:23][CH2:17][CH:38]3[c:34]4[cH:13][c:33]([OH:27])[c:31]([OH:7])[cH:12][c:32]4[CH2:16][CH2:18][CH:39]3[CH:40]1[CH2:19][CH2:22][C@@H:46]2[OH:10]>>[CH3:1][O:27][c:33]1[cH:13][c:34]2[c:32]([cH:12][c:31]1[OH:7])[CH2:16][CH2:18][CH:39]1[CH:38]2[CH2:17][CH2:23][C@@:48]2([CH3:2])[CH:40]1[CH2:19][CH2:22][C@@H:46]2[OH:10].[NH2:3][c:35]1[n:24][cH:11][n:26][c:37]2[c:36]1[n:25][cH:14][n:47]2[C@@H:43]1[O:28][C@H:45]([CH2:21][S:29][CH2:15][CH2:20][C@H:44]([NH3+:4])[C:30](=[O:5])[O-:6])[C@@H:42]([OH:9])[C@H:41]1[OH:8],1,2,0.22
recon3d_81,[CH3:1][C:21]([CH3:2])=[CH:10][CH2:11][CH2:14]/[C:24]([CH3:3])=[CH:26]/[CH2:16][CH2:19]/[C:30]([CH3:7])=[CH:23]/[CH2:13][CH2:15]/[CH:25]=[C:31](\[CH3:8])[CH2:20][CH2:12]/[CH:22]=[C:28](\[CH3:4])[CH2:18][CH2:17][C@@H:27]1[O:9][C:29]1([CH3:5])[CH3:6]>>[CH3:1][C:21]([CH3:2])=[CH:10][CH2:11][CH2:14][CH:24]([CH3:3])[CH:26]1[CH2:16][CH2:19][C:30]2([CH3:7])[C:23]3=[C:22]([CH2:12][CH2:20][C:31]12[CH3:8])[C:28]1([CH3:4])[CH2:18][CH2:17][C@@H:27]([OH:9])[C:29]([CH3:5])([CH3:6])[CH:25]1[CH2:15][CH2:13]3,1,10,5.62
recon3d_82,[CH3:1][C:50]([CH3:2])=[CH:20][CH2:28][CH2:34][C@@H:64]([CH3:3])[C@H:67]1[CH2:35][CH2:31][CH:58]2[C:56]3=[CH:29][CH:21]=[C:51]4[CH2:33][C@@H:59]([OH:16])[CH2:32][CH2:38][C@:72]4([CH3:4])[CH:57]3[CH2:30][CH2:39][C@@:73]21[CH3:5].[NH2:6][C:49](=[O:8])[C:52]1=[CH:27][N:71]([C@@H:66]2[O:43][C@H:68]([CH2:36][O:46][P:75](=[O:10])([O-:14])[O:48][P:76](=[O:11])([O-:15])[O:47][CH2:37][C@H:69]3[O:44][C@@H:65]([n:70]4[cH:25][n:41][c:54]5[c:53]([NH2:7])[n:40][cH:23][n:42][c:55]54)[C@H:63]([O:45][P:74](=[O:9])([O-:12])[O-:13])[C@@H:62]3[OH:19])[C@@H:61]([OH:18])[C@H:60]2[OH:17])[CH:26]=[CH:22][CH2:24]1>>[CH3:1][C:50]([CH3:2])=[CH:20][CH2:28][CH2:34][C@@H:64]([CH3:3])[C@H:67]1[CH2:35][CH2:31][CH:58]2[CH:56]3[CH2:29][CH:21]=[C:51]4[CH2:33][C@@H:59]([OH:16])[CH2:32][CH2:38][C@:72]4([CH3:4])[CH:57]3[CH2:30][CH2:39][C@@:73]21[CH3:5].[NH2:6][C:49](=[O:8])[c:52]1[cH:24][cH:22][cH:26][n+:71]([C@@H:66]2[O:43][C@H:68]([CH2:36][O:46][P:75](=[O:10])([O-:14])[O:48][P:76](=[O:11])([O-:15])[O:47][CH2:37][C@H:69]3[O:44][C@@H:65]([n:70]4[cH:25][n:41][c:54]5[c:53]([NH2:7])[n:40][cH:23][n:42][c:55]54)[C@H:63]([O:45][P:74](=[O:9])([O-:12])[O-:13])[C@@H:62]3[OH:19])[C@@H:61]([OH:18])[C@H:60]2[OH:17])[cH:27]1,1,3,3.84
recon3d_83,[CH3:6][C:100]([CH3:7])([CH2:51][O:69][P:106](=[O:22])([O-:30])[O:71][P:104](=[O:20])([O-:28])[O:67][CH2:49][C@H:94]1[O:63][C@@H:92]([n:98]2[cH:38][n:55][c:84]3[c:82]([NH2:9])[n:53][cH:36][n:57][c:86]32)[C@H:88]([OH:32])[C@@H:90]1[O:65][P:102](=[O:18])([O-:25])[O-:26])[C@@H:96]([OH:34])[C:80](=[O:16])[NH:61][CH2:42][CH2:46][C:76](=[O:12])[NH:59][CH2:40][CH2:44][SH:73].[O-:1][C:78](=[O:14])[CH2:47][C@@:74]([CH3:2])([CH2:3][C:77](=[O:13])[S:72][CH2:43][CH2:39][NH:58][C:75](=[O:11])[CH2:45][CH2:41][NH:60][C:79](=[O:15])[C@H:95]([OH:33])[C:99]([CH3:4])([CH3:5])[CH2:50][O:68][P:105](=[O:21])([O-:29])[O:70][P:103](=[O:19])([O-:27])[O:66][CH2:48][C@H:93]1[O:62][C@@H:91]([n:97]2[cH:37][n:54][c:83]3[c:81]([NH2:8])[n:52][cH:35][n:56][c:85]32)[C@H:87]([OH:31])[C@@H:89]1[O:64][P:101](=[O:17])([O-:23])[O-:24])[OH:10]>>[CH3:2][C:74](=[O:10])[CH2:47][C:78](=[O:14])[S:73][CH2:44][CH2:40][NH:59][C:76](=[O:12])[CH2:46][CH2:42][NH:61][C:80](=[O:16])[C@H:96]([OH:34])[C:100]([CH3:6])([CH3:7])[CH2:51][O:69][P:106](=[O:22])([O-:30])[O:71][P:104](=[O:20])([O-:28])[O:67][CH2:49][C@H:94]1[O:63][C@@H:92]([n:98]2[cH:38][n:55][c:84]3[c:82]([NH2:9])[n:53][cH:36][n:57][c:86]32)[C@H:88]([OH:32])[C@@H:90]1[O:65][P:102](=[O:18])([O-:25])[O-:26].[CH3:3][C:77](=[O:13])[S:72][CH2:43][CH2:39][NH:58][C:75](=[O:11])[CH2:45][CH2:41][NH:60][C:79](=[O:15])[C@H:95]([OH:33])[C:99]([CH3:4])([CH3:5])[CH2:50][O:68][P:105](=[O:21])([O-:29])[O:70][P:103](=[O:19])([O-:27])[O:66][CH2:48][C@H:93]1[O:62][C@@H:91]([n:97]2[cH:37][n:54][c:83]3[c:81]([NH2:8])[n:52][cH:35][n:56][c:85]32)[C@H:87]([OH:31])[C@@H:89]1[O:64][P:101](=[O:17])([O-:23])[O-:24].[OH2:1],1,4,6.50
recon3d_84,[NH:1]([CH2:8][C:10](=[O:3])[O-:5])[C:11](=[O:4])[C@@H:12]([NH3+:2])[CH2:9][SH:7].[OH2:6]>>[NH3+:1][CH2:8][C:10](=[O:3])[O-:5].[NH3+:2][C@@H:12]([CH2:9][SH:7])[C:11](=[O:4])[O-:6],1,2,0.01
recon3d_85,[CH3:1][CH2:20][CH2:25]/[CH:46]=[CH:26]/[C:41](=[O:6])[S:39][CH2:23][CH2:21][NH:32][C:40](=[O:5])[CH2:24][CH2:22][NH:33][C:42](=[O:7])[C@H:51]([OH:17])[C:53]([CH3:2])([CH3:3])[CH2:28][O:37][P:56](=[O:10])([O-:14])[O:38][P:55](=[O:9])([O-:13])[O:36][CH2:27][C@H:50]1[O:34][C@@H:49]([n:52]2[cH:19][n:30][c:44]3[c:43]([NH2:4])[n:29][cH:18][n:31][c:45]32)[C@H:47]([OH:16])[C@@H:48]1[O:35][P:54](=[O:8])([O-:11])[O-:12].[OH2:15]>>[CH3:1][CH2:20][CH2:25][C@H:46]([OH:15])[CH2:26][C:41](=[O:6])[S:39][CH2:23][CH2:21][NH:32][C:40](=[O:5])[CH2:24][CH2:22][NH:33][C:42](=[O:7])[C@H:51]([OH:17])[C:53]([CH3:2])([CH3:3])[CH2:28][O:37][P:56](=[O:10])([O-:14])[O:38][P:55](=[O:9])([O-:13])[O:36][CH2:27][C@H:50]1[O:34][C@@H:49]([n:52]2[cH:19][n:30][c:44]3[c:43]([NH2:4])[n:29][cH:18][n:31][c:45]32)[C@H:47]([OH:16])[C@@H:48]1[O:35][P:54](=[O:8])([O-:11])[O-:12],1,2,0.24
recon3d_86,[NH2:1][C:37](=[O:4])[c:38]1[cH:19][n+:50]([C@@H:46]2[O:30][C@H:48]([CH2:25][O:33][P:53](=[O:6])([O-:10])[O:35][P:54](=[O:7])([O-:11])[O:34][CH2:26][C@H:49]3[O:31][C@@H:47]([n:51]4[cH:21][n:28][c:40]5[c:39]([NH2:2])[n:27][cH:20][n:29][c:41]54)[C@H:43]([OH:14])[C@@H:45]3[OH:16])[C@@H:44]([OH:15])[C@H:42]2[OH:13])[cH:18][cH:17][cH:24]1.[OH:3][C@H:36]([CH2:22][OH:12])[CH2:23][O:32][P:52](=[O:5])([O-:8])[O-:9]>>[NH2:1][C:37](=[O:4])[C:38]1=[CH:19][N:50]([C@@H:46]2[O:30][C@H:48]([CH2:25][O:33][P:53](=[O:6])([O-:10])[O:35][P:54](=[O:7])([O-:11])[O:34][CH2:26][C@H:49]3[O:31][C@@H:47]([n:51]4[cH:21][n:28][c:40]5[c:39]([NH2:2])[n:27][cH:20][n:29][c:41]54)[C@H:43]([OH:14])[C@@H:45]3[OH:16])[C@@H:44]([OH:15])[C@H:42]2[OH:13])[CH:18]=[CH:17][CH2:24]1.[O:3]=[C:36]([CH2:22][OH:12])[CH2:23][O:32][P:52](=[O:5])([O-:8])[O-:9],1,2,2.11
recon3d_87,[CH3:1][CH2:20][CH2:21][CH2:22][CH2:23][CH2:24][CH2:25][CH2:26][CH2:31]/[CH:52]=[CH:32]/[C:47](=[O:6])[S:45][CH2:29][CH2:27][NH:38][C:46](=[O:5])[CH2:30][CH2:28][NH:39][C:48](=[O:7])[C@H:57]([OH:17])[C:59]([CH3:2])([CH3:3])[CH2:34][O:43][P:62](=[O:10])([O-:14])[O:44][P:61](=[O:9])([O-:13])[O:42][CH2:33][C@H:56]1[O:40][C@@H:55]([n:58]2[cH:19][n:36][c:50]3[c:49]([NH2:4])[n:35][cH:18][n:37][c:51]32)[C@H:53]([OH:16])[C@@H:54]1[O:41][P:60](=[O:8])([O-:11])[O-:12].[OH2:15]>>[CH3:1][CH2:20][CH2:21][CH2:22][CH2:23][CH2:24][CH2:25][CH2:26][CH2:31][C@H:52]([OH:15])[CH2:32][C:47](=[O:6])[S:45][CH2:29][CH2:27][NH:38][C:46](=[O:5])[CH2:30][CH2:28][NH:39][C:48](=[O:7])[C@H:57]([OH:17])[C:59]([CH3:2])([CH3:3])[CH2:34][O:43][P:62](=[O:10])([O-:14])[O:44][P:61](=[O:9])([O-:13])[O:42][CH2:33][C@H:56]1[O:40][C@@H:55]([n:58]2[cH:19][n:36][c:50]3[c:49]([NH2:4])[n:35][cH:18][n:37][c:51]32)[C@H:53]([OH:16])[C@@H:54]1[O:41][P:60](=[O:8])([O-:11])[O-:12],1,2,0.36
recon3d_88,[CH3:1][C@:65]12[CH2:33][CH2:23][C@@H:44]([OH:5])[CH2:27][CH:51]1[CH2:26][CH2:25][CH:50]1[CH:52]2[CH2:28][CH2:34][C@@:66]2([CH3:2])[CH:53]1[CH2:29][CH2:32][C@@H:62]2[OH:17].[NH2:3][C:45](=[O:6])[c:46]1[cH:20][n+:63]([C@@H:58]2[O:38][C@H:60]([CH2:30][O:41][P:68](=[O:8])([O-:12])[O:43][P:69](=[O:9])([O-:13])[O:42][CH2:31][C@H:61]3[O:39][C@@H:59]([n:64]4[cH:22][n:36][c:48]5[c:47]([NH2:4])[n:35][cH:21][n:37][c:49]54)[C@H:57]([O:40][P:67](=[O:7])([O-:10])[O-:11])[C@@H:56]3[OH:16])[C@@H:55]([OH:15])[C@H:54]2[OH:14])[cH:19][cH:18][cH:24]1>>[CH3:1][C@:65]12[CH2:33][CH2:23][C:44](=[O:5])[CH2:27][CH:51]1[CH2:26][CH2:25][CH:50]1[CH:52]2[CH2:28][CH2:34][C@@:66]2([CH3:2])[CH:53]1[CH2:29][CH2:32][C@@H:62]2[OH:17].[NH2:3][C:45](=[O:6])[C:46]1=[CH:20][N:63]([C@@H:58]2[O:38][C@H:60]([CH2:30][O:41][P:68](=[O:8])([O-:12])[O:43][P:69](=[O:9])([O-:13])[O:42][CH2:31][C@H:61]3[O:39][C@@H:59]([n:64]4[cH:22][n:36][c:48]5[c:47]([NH2:4])[n:35][cH:21][n:37][c:49]54)[C@H:57]([O:40][P:67](=[O:7])([O-:10])[O-:11])[C@@H:56]3[OH:16])[C@@H:55]([OH:15])[C@H:54]2[OH:14])[CH:19]=[CH:18][CH2:24]1,1,2,3.50
recon3d_89,[NH2:1][C:51](=[O:5])[c:52]1[cH:20][n+:66]([C@@H:61]2[O:45][C@H:64]([CH2:40][O:47][P:68](=[O:6])([O-:9])[O:49][P:69](=[O:7])([O-:10])[O:48][CH2:41][C@H:65]3[O:46][C@@H:62]([n:67]4[cH:30][n:43][c:54]5[c:53]([NH2:2])[n:42][cH:29][n:44][c:55]54)[C@H:57]([OH:12])[C@@H:59]3[OH:14])[C@@H:58]([OH:13])[C@H:56]2[OH:11])[cH:19][cH:18][cH:37]1.[OH:3][CH2:17][CH2:31][CH2:33][CH2:34][CH2:32]/[CH:21]=[CH:22]\[CH2:39][C@@H:63]([OH:16])/[CH:28]=[CH:26]/[CH:24]=[CH:23]/[CH:25]=[CH:27]/[C@@H:60]([OH:15])[CH2:38][CH2:35][CH2:36][C:50](=[O:4])[O-:8]>>[NH2:1][C:51](=[O:5])[C:52]1=[CH:20][N:66]([C@@H:61]2[O:45][C@H:64]([CH2:40][O:47][P:68](=[O:6])([O-:9])[O:49][P:69](=[O:7])([O-:10])[O:48][CH2:41][C@H:65]3[O:46][C@@H:62]([n:67]4[cH:30][n:43][c:54]5[c:53]([NH2:2])[n:42][cH:29][n:44][c:55]54)[C@H:57]([OH:12])[C@@H:59]3[OH:14])[C@@H:58]([OH:13])[C@H:56]2[OH:11])[CH:19]=[CH:18][CH2:37]1.[O:3]=[CH:17][CH2:31][CH2:33][CH2:34][CH2:32]/[CH:21]=[CH:22]\[CH2:39][C@@H:63]([OH:16])/[CH:28]=[CH:26]/[CH:24]=[CH:23]/[CH:25]=[CH:27]/[C@@H:60]([OH:15])[CH2:38][CH2:35][CH2:36][C:50](=[O:4])[O-:8],1,2,3.46
recon3d_90,[NH2:1][c:46]1[n:32][cH:26][n:36][c:50]2[c:48]1[n:34][cH:28][n:60]2[C@@H:56]1[O:38][C@H:58]([CH2:30][O:41][P:66](=[O:9])([O-:17])[O:43][P:64](=[O:7])([O-:15])[O:24][P:63](=[O:6])([O-:13])[O-:14])[C@@H:54]([OH:21])[C@H:52]1[OH:19].[NH2:2][c:47]1[n:33][cH:27][n:37][c:51]2[c:49]1[n:35][cH:29][n:61]2[C@@H:57]1[O:39][C@H:59]([CH2:31][O:42][P:67](=[O:10])([O-:18])[O:44][P:65](=[O:8])([O-:16])[O:25][P:62](=[O:5])([O-:11])[O-:12])[C@@H:55]([OH:22])[C@H:53]1[OH:20].[NH4+:3].[O:4]=[C:45]([OH:23])[O-:40]>>[NH2:1][c:46]1[n:32][cH:26][n:36][c:50]2[c:48]1[n:34][cH:28][n:60]2[C@@H:56]1[O:38][C@H:58]([CH2:30][O:41][P:66](=[O:9])([O-:17])[O:43][P:64](=[O:7])([O-:15])[OH:24])[C@@H:54]([OH:21])[C@H:52]1[OH:19].[NH2:2][c:47]1[n:33][cH:27][n:37][c:51]2[c:49]1[n:35][cH:29][n:61]2[C@@H:57]1[O:39][C@H:59]([CH2:31][O:42][P:67](=[O:10])([O-:18])[O:44][P:65](=[O:8])([O-:16])[OH:25])[C@@H:55]([OH:22])[C@H:53]1[OH:20].[NH3+:3][C:45](=[O:4])[O:40][P:63](=[O:6])([O-:13])[O-:14].[O:5]=[P:62]([O-:11])([O-:12])[OH:23],1,6,0.48
recon3d_91,[CH3:1][C:13](=[O:2])[NH:10][C@H:18]1[CH:14]([OH:12])[O:11][C@H:17]([CH2:9][O:6][P:19](=[O:3])([O-:4])[O-:5])[C@@H:15]([OH:7])[C@@H:16]1[OH:8]>>[CH3:1][C:13](=[O:2])[NH:10][C@H:18]1[CH:14]([O:12][P:19](=[O:3])([O-:4])[O-:5])[O:11][C@H:17]([CH2:9][OH:6])[C@@H:15]([OH:7])[C@@H:16]1[OH:8],1,2,0.05
recon3d_92,[CH3:1][C@@H:6]([OH:3])[C@H:7]([NH3+:2])[C:8](=[O:4])[O-:5]>>[CH3:1][CH:6]=[O:3].[NH3+:2][CH2:7][C:8](=[O:4])[O-:5],1,2,0.01
recon3d_93,[CH3:1][S+:23]([CH2:16][CH2:17][C@H:33]([NH3+:4])[C:25](=[O:6])[O-:7])[CH2:18][C@H:34]1[O:22][C@@H:32]([n:35]2[cH:13][n:20][c:28]3[c:27]([NH2:3])[n:19][cH:11][n:21][c:29]32)[C@H:30]([OH:8])[C@@H:31]1[OH:9].[NH2:2][C:24](=[O:5])[c:26]1[cH:12][cH:10][cH:14][n:36][cH:15]1>>[CH3:1][n+:36]1[cH:14][cH:10][cH:12][c:26]([C:24]([NH2:2])=[O:5])[cH:15]1.[NH2:3][c:27]1[n:19][cH:11][n:21][c:29]2[c:28]1[n:20][cH:13][n:35]2[C@@H:32]1[O:22][C@H:34]([CH2:18][S:23][CH2:16][CH2:17][C@H:33]([NH3+:4])[C:25](=[O:6])[O-:7])[C@@H:31]([OH:9])[C@H:30]1[OH:8],1,2,0.15
recon3d_94,[CH3:1][C@:65]12[CH2:33][CH2:29][C:54](=[O:14])[CH2:30][CH:51]1[CH2:26][CH2:25][CH:50]1[CH:52]2[CH2:27][CH2:34][C@:66]2([CH3:2])[C:45](=[O:6])[CH2:24][CH2:28][CH:53]12.[NH2:3][C:44](=[O:5])[C:46]1=[CH:23][N:64]([C@@H:60]2[O:38][C@H:61]([CH2:31][O:41][P:68](=[O:8])([O-:12])[O:43][P:69](=[O:9])([O-:13])[O:42][CH2:32][C@H:62]3[O:39][C@@H:59]([n:63]4[cH:21][n:36][c:48]5[c:47]([NH2:4])[n:35][cH:19][n:37][c:49]54)[C@H:58]([O:40][P:67](=[O:7])([O-:10])[O-:11])[C@@H:57]3[OH:17])[C@@H:56]([OH:16])[C@H:55]2[OH:15])[CH:22]=[CH:18][CH2:20]1>>[CH3:1][C@:65]12[CH2:33][CH2:29][C@@H:54]([OH:14])[CH2:30][CH:51]1[CH2:26][CH2:25][CH:50]1[CH:52]2[CH2:27][CH2:34][C@:66]2([CH3:2])[C:45](=[O:6])[CH2:24][CH2:28][CH:53]12.[NH2:3][C:44](=[O:5])[c:46]1[cH:20][cH:18][cH:22][n+:64]([C@@H:60]2[O:38][C@H:61]([CH2:31][O:41][P:68](=[O:8])([O-:12])[O:43][P:69](=[O:9])([O-:13])[O:42][CH2:32][C@H:62]3[O:39][C@@H:59]([n:63]4[cH:21][n:36][c:48]5[c:47]([NH2:4])[n:35][cH:19][n:37][c:49]54)[C@H:58]([O:40][P:67](=[O:7])([O-:10])[O-:11])[C@@H:57]3[OH:17])[C@@H:56]([OH:16])[C@H:55]2[OH:15])[cH:23]1,1,2,0.55
recon3d_95,[NH2:1][C:8](=[O:3])[CH2:7][C@H:10]([NH3+:2])[C:9](=[O:4])[O-:6].[OH2:5]>>[NH3+:2][C@@H:10]([CH2:7][C:8](=[O:3])[O-:5])[C:9](=[O:4])[O-:6].[NH4+:1],1,2,0.01
recon3d_96,[CH3:1][CH2:20][CH2:21][CH2:22][CH2:23][CH2:24][CH2:25][CH2:26][CH2:27][CH2:28][CH2:29][CH2:30][CH2:35]/[CH:56]=[CH:36]/[C:51](=[O:6])[S:49][CH2:33][CH2:31][NH:42][C:50](=[O:5])[CH2:34][CH2:32][NH:43][C:52](=[O:7])[C@H:61]([OH:17])[C:63]([CH3:2])([CH3:3])[CH2:38][O:47][P:66](=[O:10])([O-:14])[O:48][P:65](=[O:9])([O-:13])[O:46][CH2:37][C@H:60]1[O:44][C@@H:59]([n:62]2[cH:19][n:40][c:54]3[c:53]([NH2:4])[n:39][cH:18][n:41][c:55]32)[C@H:57]([OH:16])[C@@H:58]1[O:45][P:64](=[O:8])([O-:11])[O-:12].[OH2:15]>>[CH3:1][CH2:20][CH2:21][CH2:22][CH2:23][CH2:24][CH2:25][CH2:26][CH2:27][CH2:28][CH2:29][CH2:30][CH2:35][C@H:56]([OH:15])[CH2:36][C:51](=[O:6])[S:49][CH2:33][CH2:31][NH:42][C:50](=[O:5])[CH2:34][CH2:32][NH:43][C:52](=[O:7])[C@H:61]([OH:17])[C:63]([CH3:2])([CH3:3])[CH2:38][O:47][P:66](=[O:10])([O-:14])[O:48][P:65](=[O:9])([O-:13])[O:46][CH2:37][C@H:60]1[O:44][C@@H:59]([n:62]2[cH:19][n:40][c:54]3[c:53]([NH2:4])[n:39][cH:18][n:41][c:55]32)[C@H:57]([OH:16])[C@@H:58]1[O:45][P:64](=[O:8])([O-:11])[O-:12],1,2,0.43
recon3d_97,[CH3:1][C@:66]12[CH2:33][CH2:26][C:44](=[O:5])[CH:19]=[C:47]1[CH2:28][CH2:29][CH:52]1[CH:53]2[C:61](=[O:17])[CH2:34][C@@:67]2([CH3:2])[CH:54]1[CH2:30][CH2:35][C@:68]2([OH:18])[C:46](=[O:7])[CH2:27][OH:12].[NH2:3][C:45](=[O:6])[C:48]1=[CH:25][N:65]([C@@H:60]2[O:40][C@H:63]([CH2:32][O:42][P:70](=[O:9])([O-:11])[O:43][P:69](=[O:8])([O-:10])[O:41][CH2:31][C@H:62]3[O:39][C@@H:59]([n:64]4[cH:23][n:37][c:50]5[c:49]([NH2:4])[n:36][cH:21][n:38][c:51]54)[C@H:55]([OH:13])[C@@H:57]3[OH:15])[C@@H:58]([OH:16])[C@H:56]2[OH:14])[CH:24]=[CH:20][CH2:22]1>>[CH3:1][C@:66]12[CH2:33][CH2:26][C:44](=[O:5])[CH:19]=[C:47]1[CH2:28][CH2:29][CH:52]1[CH:53]2[C@@H:61]([OH:17])[CH2:34][C@@:67]2([CH3:2])[CH:54]1[CH2:30][CH2:35][C@:68]2([OH:18])[C:46](=[O:7])[CH2:27][OH:12].[NH2:3][C:45](=[O:6])[c:48]1[cH:22][cH:20][cH:24][n+:65]([C@@H:60]2[O:40][C@H:63]([CH2:32][O:42][P:70](=[O:9])([O-:11])[O:43][P:69](=[O:8])([O-:10])[O:41][CH2:31][C@H:62]3[O:39][C@@H:59]([n:64]4[cH:23][n:37][c:50]5[c:49]([NH2:4])[n:36][cH:21][n:38][c:51]54)[C@H:55]([OH:13])[C@@H:57]3[OH:15])[C@@H:58]([OH:16])[C@H:56]2[OH:14])[cH:25]1,1,2,2.87
recon3d_98,[OH:1][C@@H:18]([CH3:2])[CH2:19][C:40](=[O:7])[S:38][CH2:24][CH2:22][NH:31][C:39](=[O:6])[CH2:25][CH2:23][NH:32][C:41](=[O:8])[C@H:49]([OH:17])[C:51]([CH3:3])([CH3:4])[CH2:27][O:36][P:54](=[O:11])([O-:15])[O:37][P:53](=[O:10])([O-:14])[O:35][CH2:26][C@H:48]1[O:33][C@@H:47]([n:50]2[cH:21][n:29][c:43]3[c:42]([NH2:5])[n:28][cH:20][n:30][c:44]32)[C@H:45]([OH:16])[C@@H:46]1[O:34][P:52](=[O:9])([O-:12])[O-:13]>>[CH3:2]/[CH:18]=[CH:19]/[C:40](=[O:7])[S:38][CH2:24][CH2:22][NH:31][C:39](=[O:6])[CH2:25][CH2:23][NH:32][C:41](=[O:8])[C@H:49]([OH:17])[C:51]([CH3:3])([CH3:4])[CH2:27][O:36][P:54](=[O:11])([O-:15])[O:37][P:53](=[O:10])([O-:14])[O:35][CH2:26][C@H:48]1[O:33][C@@H:47]([n:50]2[cH:21][n:29][c:43]3[c:42]([NH2:5])[n:28][cH:20][n:30][c:44]32)[C@H:45]([OH:16])[C@@H:46]1[O:34][P:52](=[O:9])([O-:12])[O-:13].[OH2:1],1,2,0.28
recon3d_99,[NH2:1][c:38]1[n:29][c:44]2[c:42]([n:27][cH:22][n:54]2[C@@H:50]2[O:32][C@H:52]([CH2:24][O:34][P:58](=[O:7])([O-:14])[O:37][P:59](=[O:8])([O-:15])[O-:36])[C@@H:48]([OH:19])[C@H:46]2[OH:17])[c:40](=[O:3])[nH:30]1.[NH2:2][c:39]1[n:25][cH:20][n:28][c:43]2[c:41]1[n:26][cH:21][n:53]2[C@@H:49]1[O:31][C@H:51]([CH2:23][O:33][P:57](=[O:6])([O-:13])[O:35][P:55](=[O:4])([O:9][P:56](=[O:5])([O-:11])[O-:12])[O-:10])[C@@H:47]([OH:18])[C@H:45]1[OH:16]>>[NH2:1][c:38]1[n:29][c:44]2[c:42]([n:27][cH:22][n:54]2[C@@H:50]2[O:32][C@H:52]([CH2:24][O:34][P:58](=[O:7])([O-:14])[O:37][P:59](=[O:8])([O-:15])[O:36][P:56](=[O:5])([O-:11])[O-:12])[C@@H:48]([OH:19])[C@H:46]2[OH:17])[c:40](=[O:3])[nH:30]1.[NH2:2][c:39]1[n:25][cH:20][n:28][c:43]2[c:41]1[n:26][cH:21][n:53]2[C@@H:49]1[O:31][C@H:51]([CH2:23][O:33][P:57](=[O:6])([O-:13])[O:35][P:55](=[O:4])([O-:9])[O-:10])[C@@H:47]([OH:18])[C@H:45]1[OH:16],1,2,3.38
recon3d_100,[CH3:1][CH2:30][CH2:32][CH2:34][CH2:36][CH:56]([OH:14])/[CH:22]=[CH:23]/[CH:64]1[CH:57]([OH:15])[CH2:37][C:58](=[O:16])[CH:65]1[CH2:40]/[CH:21]=[CH:20]\[CH2:31][CH2:33][CH2:35][C:50](=[O:4])[O-:9].[NH2:2][C:51](=[O:5])[C:52]1=[CH:29][N:70]([CH:68]2[O:45][CH:59]([CH2:38][O:47][P:72](=[O:7])([O-:12])[O:49][P:73](=[O:8])([O-:13])[O:48][CH2:39][CH:60]3[O:44][CH:67]([n:69]4[cH:27][n:42][c:54]5[c:53]([NH2:3])[n:41][cH:25][n:43][c:55]54)[CH:66]([O:46][P:71](=[O:6])([O-:10])[O-:11])[CH:62]3[OH:18])[CH:61]([OH:17])[CH:63]2[OH:19])[CH:28]=[CH:24][CH2:26]1>>[CH3:1][CH2:30][CH2:32][CH2:34][CH2:36][CH:56]([OH:14])/[CH:22]=[CH:23]/[CH:64]1[CH:57]([OH:15])[CH2:37][CH:58]([OH:16])[CH:65]1[CH2:40]/[CH:21]=[CH:20]\[CH2:31][CH2:33][CH2:35][C:50](=[O:4])[O-:9].[NH2:2][C:51](=[O:5])[c:52]1[cH:26][cH:24][cH:28][n+:70]([CH:68]2[O:45][CH:59]([CH2:38][O:47][P:72](=[O:7])([O-:12])[O:49][P:73](=[O:8])([O-:13])[O:48][CH2:39][CH:60]3[O:44][CH:67]([n:69]4[cH:27][n:42][c:54]5[c:53]([NH2:3])[n:41][cH:25][n:43][c:55]54)[CH:66]([O:46][P:71](=[O:6])([O-:10])[O-:11])[CH:62]3[OH:18])[CH:61]([OH:17])[CH:63]2[OH:19])[cH:29]1,1,2,2.53
recon3d_101,[NH3+:1][CH2:9][CH2:10][C:13](=[O:3])[O-:6].[O:2]=[C:16]([CH2:12][CH2:11][C:14](=[O:4])[O-:7])[C:15](=[O:5])[O-:8]>>[NH3+:1][C@@H:16]([CH2:12][CH2:11][C:14](=[O:4])[O-:7])[C:15](=[O:5])[O-:8].[O:2]=[CH:9][CH2:10][C:13](=[O:3])[O-:6],1,6,0.06
recon3d_102,[CH3:1][C:50]([CH3:2])=[CH:20][CH2:28][CH2:34][C@@H:64]([CH3:3])[C@H:67]1[CH2:35][CH2:31][CH:58]2[C:56]3=[CH:29][CH:21]=[C:51]4[CH2:33][C@@H:59]([OH:16])[CH2:32][CH2:38][C@:72]4([CH3:4])[CH:57]3[CH2:30][CH2:39][C@@:73]21[CH3:5].[NH2:6][C:49](=[O:8])[C:52]1=[CH:27][N:71]([C@@H:66]2[O:43][C@H:68]([CH2:36][O:46][P:75](=[O:10])([O-:14])[O:48][P:76](=[O:11])([O-:15])[O:47][CH2:37][C@H:69]3[O:44][C@@H:65]([n:70]4[cH:25][n:41][c:54]5[c:53]([NH2:7])[n:40][cH:23][n:42][c:55]54)[C@H:63]([O:45][P:74](=[O:9])([O-:12])[O-:13])[C@@H:62]3[OH:19])[C@@H:61]([OH:18])[C@H:60]2[OH:17])[CH:26]=[CH:22][CH2:24]1>>[CH3:1][C:50]([CH3:2])=[CH:20][CH2:28][CH2:34][C@@H:64]([CH3:3])[C@H:67]1[CH2:35][CH2:31][CH:58]2[CH:56]3[CH2:29][CH:21]=[C:51]4[CH2:33][C@@H:59]([OH:16])[CH2:32][CH2:38][C@:72]4([CH3:4])[CH:57]3[CH2:30][CH2:39][C@@:73]21[CH3:5].[NH2:6][C:49](=[O:8])[c:52]1[cH:24][cH:22][cH:26][n+:71]([C@@H:66]2[O:43][C@H:68]([CH2:36][O:46][P:75](=[O:10])([O-:14])[O:48][P:76](=[O:11])([O-:15])[O:47][CH2:37][C@H:69]3[O:44][C@@H:65]([n:70]4[cH:25][n:41][c:54]5[c:53]([NH2:7])[n:40][cH:23][n:42][c:55]54)[C@H:63]([O:45][P:74](=[O:9])([O-:12])[O-:13])[C@@H:62]3[OH:19])[C@@H:61]([OH:18])[C@H:60]2[OH:17])[cH:27]1,1,3,4.44
recon3d_103,[CH3:1][CH:62]([CH2:34][CH2:32][C:56](=[O:9])[S:24][CH2:27][CH2:28][NH:46][C:55](=[O:8])[CH2:31][CH2:29][NH:48][C:57](=[O:10])[CH:69]([OH:22])[C:76]([CH3:2])([CH3:3])[CH2:41][O:52][P:81](=[O:13])([O-:17])[O:53][P:80](=[O:12])([O-:16])[O:51][CH2:35][CH:64]1[O:49][CH:68]([n:75]2[cH:26][n:44][c:59]3[c:58]([NH2:6])[n:43][cH:25][n:45][c:60]32)[CH:65]([OH:21])[CH:66]1[O:50][P:79](=[O:11])([O-:14])[O-:15])[CH:73]1[CH2:39][CH2:40][CH:74]2[CH:67]3[CH:63]([OH:20])[CH2:37][CH:70]4[CH2:36][CH:61]([OH:19])[CH2:33][CH2:42][C@:77]4([CH3:4])[CH:71]3[CH2:38][CH:72]([OH:23])[C@:78]12[CH3:5].[O:7]=[C:54]([O-:18])[CH2:30][NH3+:47]>>[CH3:1][CH:62]([CH2:34][CH2:32][C:56](=[O:9])[NH:47][CH2:30][C:54](=[O:7])[OH:18])[CH:73]1[CH2:39][CH2:40][CH:74]2[CH:67]3[CH:63]([OH:20])[CH2:37][CH:70]4[CH2:36][CH:61]([OH:19])[CH2:33][CH2:42][C@:77]4([CH3:4])[CH:71]3[CH2:38][CH:72]([OH:23])[C@:78]12[CH3:5].[CH3:2][C:76]([CH3:3])([CH2:41][O:52][P:81](=[O:13])([O-:17])[O:53][P:80](=[O:12])([O-:16])[O:51][CH2:35][CH:64]1[O:49][CH:68]([n:75]2[cH:26][n:44][c:59]3[c:58]([NH2:6])[n:43][cH:25][n:45][c:60]32)[CH:65]([OH:21])[CH:66]1[O:50][P:79](=[O:11])([O-:14])[O-:15])[CH:69]([OH:22])[C:57](=[O:10])[NH:48][CH2:29][CH2:31][C:55](=[O:8])[NH:46][CH2:28][CH2:27][SH:24],1,2,0.61
recon3d_104,[CH3:2][CH2:34][CH2:37][CH2:38][CH2:35]/[CH:23]=[CH:22]/[CH2:33]/[CH:21]=[CH:19]/[CH2:20]/[CH:26]=[CH:59]/[CH2:41]/[CH:25]=[CH:24]/[CH2:36][CH2:39][CH2:40][C:53](=[O:5])[O-:14].[NH2:3][C:54](=[O:6])[C:55]1=[CH:32][N:69]([CH:67]2[O:48][CH:60]([CH2:42][O:50][P:71](=[O:8])([O-:12])[O:52][P:72](=[O:9])([O-:13])[O:51][CH2:43][CH:61]3[O:47][CH:66]([n:68]4[cH:30][n:45][c:57]5[c:56]([NH2:4])[n:44][cH:28][n:46][c:58]54)[CH:65]([O:49][P:70](=[O:7])([O-:10])[O-:11])[CH:63]3[OH:17])[CH:62]([OH:16])[CH:64]2[OH:18])[CH:31]=[CH:27][CH2:29]1.[O:1]=[O:15]>>[CH3:2][CH2:34][CH2:37][CH2:38][CH2:35]/[CH:23]=[CH:22]/[CH2:33]/[CH:21]=[CH:19]/[CH:20]=[CH:26]/[CH:59]([OH:15])[CH2:41]/[CH:25]=[CH:24]/[CH2:36][CH2:39][CH2:40][C:53](=[O:5])[OH:14].[NH2:3][C:54](=[O:6])[c:55]1[cH:29][cH:27][cH:31][n+:69]([CH:67]2[O:48][CH:60]([CH2:42][O:50][P:71](=[O:8])([O-:12])[O:52][P:72](=[O:9])([O-:13])[O:51][CH2:43][CH:61]3[O:47][CH:66]([n:68]4[cH:30][n:45][c:57]5[c:56]([NH2:4])[n:44][cH:28][n:46][c:58]54)[CH:65]([O:49][P:70](=[O:7])([O-:10])[O-:11])[CH:63]3[OH:17])[CH:62]([OH:16])[CH:64]2[OH:18])[cH:32]1.[OH2:1],1,4,3.06
recon3d_105,[O:1]=[c:21]1[cH:13][cH:14][n:26]([C@H:25]2[CH2:16][C@H:23]([OH:11])[C@@H:24]([CH2:15][O:19][P:27](=[O:3])([O:6][P:29](=[O:5])([O-:10])[O:20][P:28](=[O:4])([O-:8])[O-:9])[O-:7])[O:18]2)[c:22](=[O:2])[nH:17]1.[OH2:12]>>[O:1]=[c:21]1[cH:13][cH:14][n:26]([C@H:25]2[CH2:16][C@H:23]([OH:11])[C@@H:24]([CH2:15][O:19][P:27](=[O:3])([O-:6])[O-:7])[O:18]2)[c:22](=[O:2])[nH:17]1.[O:4]=[P:28]([O-:8])([O-:9])[O:20][P:29](=[O:5])([O-:10])[OH:12],1,2,0.37
recon3d_106,[CH3:1][CH2:33][CH2:35][CH2:36][CH2:34]/[CH:19]=[CH:20]/[CH2:39][C@@H:58]([OH:14])/[CH:25]=[CH:23]/[CH:21]=[CH:22]/[CH:24]=[CH:26]/[C:59](=[O:15])[CH2:40][CH2:37][CH2:38][C:52](=[O:4])[O-:9].[NH2:2][C:53](=[O:5])[C:54]1=[CH:32][N:69]([C@@H:65]2[O:46][C@H:66]([CH2:41][O:49][P:71](=[O:7])([O-:12])[O:51][P:72](=[O:8])([O-:13])[O:50][CH2:42][C@H:67]3[O:47][C@@H:64]([n:68]4[cH:30][n:44][c:56]5[c:55]([NH2:3])[n:43][cH:28][n:45][c:57]54)[C@H:63]([O:48][P:70](=[O:6])([O-:10])[O-:11])[C@@H:62]3[OH:18])[C@@H:61]([OH:17])[C@H:60]2[OH:16])[CH:31]=[CH:27][CH2:29]1>>[CH3:1][CH2:33][CH2:35][CH2:36][CH2:34]/[CH:19]=[CH:20]\[CH2:39][CH:58]([OH:14])/[CH:25]=[CH:23]/[CH:21]=[CH:22]/[CH:24]=[CH:26]/[CH:59]([OH:15])[CH2:40][CH2:37][CH2:38][C:52](=[O:4])[O-:9].[NH2:2][C:53](=[O:5])[c:54]1[cH:29][cH:27][cH:31][n+:69]([C@@H:65]2[O:46][C@H:66]([CH2:41][O:49][P:71](=[O:7])([O-:12])[O:51][P:72](=[O:8])([O-:13])[O:50][CH2:42][C@H:67]3[O:47][C@@H:64]([n:68]4[cH:30][n:44][c:56]5[c:55]([NH2:3])[n:43][cH:28][n:45][c:57]54)[C@H:63]([O:48][P:70](=[O:6])([O-:10])[O-:11])[C@@H:62]3[OH:18])[C@@H:61]([OH:17])[C@H:60]2[OH:16])[cH:32]1,1,2,2.33
recon3d_107,[NH2:2][C:46](=[O:6])[C:48]1=[CH:29][N:69]([C@@H:64]2[O:41][C@H:67]([CH2:34][O:43][P:71](=[O:9])([O-:12])[O:44][P:70](=[O:8])([O-:11])[O:42][CH2:33][C@H:66]3[O:40][C@@H:63]([n:68]4[cH:27][n:36][c:53]5[c:52]([NH2:4])[n:35][cH:23][n:37][c:54]54)[C@H:57]([OH:15])[C@@H:61]3[OH:19])[C@@H:62]([OH:20])[C@H:58]2[OH:16])[CH:28]=[CH:22][CH2:24]1.[NH3+:1][C@H:30]([CH2:31][C:47](=[O:7])[c:50]1[cH:26][cH:21][cH:25][c:49]([O:38][C@H:55]2[O:39][C@@H:65]([CH2:32][OH:13])[C@@H:60]([OH:18])[C@@H:56]([OH:14])[C@H:59]2[OH:17])[c:51]1[NH2:3])[C:45](=[O:5])[O-:10]>>[NH2:2][C:46](=[O:6])[c:48]1[cH:24][cH:22][cH:28][n+:69]([C@@H:64]2[O:41][C@H:67]([CH2:34][O:43][P:71](=[O:9])([O-:12])[O:44][P:70](=[O:8])([O-:11])[O:42][CH2:33][C@H:66]3[O:40][C@@H:63]([n:68]4[cH:27][n:36][c:53]5[c:52]([NH2:4])[n:35][cH:23][n:37][c:54]54)[C@H:57]([OH:15])[C@@H:61]3[OH:19])[C@@H:62]([OH:20])[C@H:58]2[OH:16])[cH:29]1.[NH2:3][c:51]1[c:49]([O:38][C@@H:55]2[O:39][C@H:65]([CH2:32][OH:13])[C@@H:60]([OH:18])[C@H:56]([OH:14])[C@H:59]2[OH:17])[cH:25][cH:21][cH:26][c:50]1[C:47](=[O:7])[CH2:31][CH2:30][C:45](=[O:5])[O-:10].[NH4+:1],1,3,4.05
recon3d_108,[O:1]=[C:9]([O-:3])[C@H:10]([O:6][P:11](=[O:2])([O-:4])[O-:5])[CH2:7][OH:8]>>[O:1]=[C:9]([O-:3])[C@H:10]([OH:6])[CH2:7][O:8][P:11](=[O:2])([O-:4])[O-:5],1,2,0.01
recon3d_109,[NH2:1][c:19]1[n:14][cH:11][n:16][c:21]2[c:20]1[n:15][cH:12][n:26]2[CH:25]1[O:17][CH:22]([CH2:13][O:18][P:28](=[O:3])([O:6][P:27](=[O:2])([O-:4])[O-:5])[O-:7])[CH:23]([OH:8])[CH:24]1[OH:9].[OH2:10]>>[NH2:1][c:19]1[n:14][cH:11][n:16][c:21]2[c:20]1[n:15][cH:12][n:26]2[CH:25]1[O:17][CH:22]([CH2:13][O:18][P:28](=[O:3])([O-:6])[O-:7])[CH:23]([OH:8])[CH:24]1[OH:9].[O:2]=[P:27]([O-:4])([O-:5])[OH:10],1,2,0.05
recon3d_110,[NH2:1][c:34]1[n:24][cH:18][n:26][c:38]2[c:37]1[n:25][cH:21][n:48]2[C@@H:44]1[O:29][C@H:46]([CH2:23][O:31][P:52](=[O:7])([O-:13])[O:33][P:50](=[O:5])([O:10][P:49](=[O:4])([O-:8])[O-:9])[O-:11])[C@@H:42]([OH:17])[C@H:40]1[OH:15].[O:2]=[c:35]1[cH:19][cH:20][n:47]([C@@H:43]2[O:28][C@H:45]([CH2:22][O:30][P:51](=[O:6])([O-:12])[O-:32])[C@@H:41]([OH:16])[C@H:39]2[OH:14])[c:36](=[O:3])[nH:27]1>>[NH2:1][c:34]1[n:24][cH:18][n:26][c:38]2[c:37]1[n:25][cH:21][n:48]2[C@@H:44]1[O:29][C@H:46]([CH2:23][O:31][P:52](=[O:7])([O-:13])[O:33][P:50](=[O:5])([O-:10])[O-:11])[C@@H:42]([OH:17])[C@H:40]1[OH:15].[O:2]=[c:35]1[cH:19][cH:20][n:47]([C@@H:43]2[O:28][C@H:45]([CH2:22][O:30][P:51](=[O:6])([O-:12])[O:32][P:49](=[O:4])([O-:8])[O-:9])[C@@H:41]([OH:16])[C@H:39]2[OH:14])[c:36](=[O:3])[nH:27]1,1,2,1.55
recon3d_111,[CH3:2][N:40]1[C:47](=[O:6])[CH2:33][N:36]=[C:49]([c:52]2[cH:26][cH:20][cH:19][cH:21][cH:27]2)[c:54]2[cH:29][c:50]([Cl:18])[cH:24][cH:28][c:53]21.[NH2:3][C:48](=[O:7])[C:51]1=[CH:32][N:67]([CH:65]2[O:42][CH:58]([CH2:34][O:44][P:69](=[O:9])([O-:13])[O:46][P:70](=[O:10])([O-:14])[O:45][CH2:35][CH:59]3[O:41][CH:64]([n:66]4[cH:30][n:38][c:56]5[c:55]([NH2:4])[n:37][cH:23][n:39][c:57]54)[CH:63]([O:43][P:68](=[O:8])([O-:11])[O-:12])[CH:61]3[OH:16])[CH:60]([OH:15])[CH:62]2[OH:17])[CH:31]=[CH:22][CH2:25]1.[O:1]=[O:5]>>[CH2:2]=[O:5].[NH2:3][C:48](=[O:7])[c:51]1[cH:25][cH:22][cH:31][n+:67]([CH:65]2[O:42][CH:58]([CH2:34][O:44][P:69](=[O:9])([O-:13])[O:46][P:70](=[O:10])([O-:14])[O:45][CH2:35][CH:59]3[O:41][CH:64]([n:66]4[cH:30][n:38][c:56]5[c:55]([NH2:4])[n:37][cH:23][n:39][c:57]54)[CH:63]([O:43][P:68](=[O:8])([O-:11])[O-:12])[CH:61]3[OH:16])[CH:60]([OH:15])[CH:62]2[OH:17])[cH:32]1.[O:6]=[C:47]1[CH2:33][N:36]=[C:49]([c:52]2[cH:26][cH:20][cH:19][cH:21][cH:27]2)[c:54]2[cH:29][c:50]([Cl:18])[cH:24][cH:28][c:53]2[NH:40]1.[OH2:1],1,5,2.32
recon3d_112,[CH3:1][CH:55]([CH3:2])[CH2:29][CH2:26][CH2:34][C@@H:65]([CH3:3])[C@H:68]1[CH2:35][CH2:32][CH:59]2[CH:56]3[CH:58]([CH2:31][CH2:39][C@@:74]21[CH3:5])[C@@:73]1([CH3:4])[CH2:38][CH2:27][C@@H:49]([OH:8])[CH2:30][CH:57]1[CH2:33][C@H:64]3[OH:20].[NH2:6][C:50](=[O:9])[c:51]1[cH:23][n+:71]([C@@H:66]2[O:43][C@H:69]([CH2:36][O:46][P:76](=[O:11])([O-:15])[O:48][P:77](=[O:12])([O-:16])[O:47][CH2:37][C@H:70]3[O:44][C@@H:67]([n:72]4[cH:25][n:41][c:53]5[c:52]([NH2:7])[n:40][cH:24][n:42][c:54]54)[C@H:63]([O:45][P:75](=[O:10])([O-:13])[O-:14])[C@@H:62]3[OH:19])[C@@H:61]([OH:18])[C@H:60]2[OH:17])[cH:22][cH:21][cH:28]1>>[CH3:1][CH:55]([CH3:2])[CH2:29][CH2:26][CH2:34][C@@H:65]([CH3:3])[C@H:68]1[CH2:35][CH2:32][CH:59]2[CH:56]3[CH:58]([CH2:31][CH2:39][C@@:74]21[CH3:5])[C@@:73]1([CH3:4])[CH2:38][CH2:27][C:49](=[O:8])[CH2:30][CH:57]1[CH2:33][C@H:64]3[OH:20].[NH2:6][C:50](=[O:9])[C:51]1=[CH:23][N:71]([C@@H:66]2[O:43][C@H:69]([CH2:36][O:46][P:76](=[O:11])([O-:15])[O:48][P:77](=[O:12])([O-:16])[O:47][CH2:37][C@H:70]3[O:44][C@@H:67]([n:72]4[cH:25][n:41][c:53]5[c:52]([NH2:7])[n:40][cH:24][n:42][c:54]54)[C@H:63]([O:45][P:75](=[O:10])([O-:13])[O-:14])[C@@H:62]3[OH:19])[C@@H:61]([OH:18])[C@H:60]2[OH:17])[CH:22]=[CH:21][CH2:28]1,1,2,4.27
recon3d_113,[NH3+:1][CH2:6][CH2:8][CH2:7][NH3+:2].[O:4]=[O:5].[OH2:3]>>[NH3+:2][CH2:7][CH2:8][CH:6]=[O:3].[NH4+:1].[OH:4][OH:5],1,3,0.01
recon3d_114,[NH2:2][C:43](=[O:4])[C:44]1=[CH:30][N:67]([C@@H:63]2[O:37][C@H:64]([CH2:31][O:40][P:69](=[O:6])([O-:10])[O:42][P:70](=[O:7])([O-:11])[O:41][CH2:32][C@H:65]3[O:38][C@@H:62]([n:66]4[cH:28][n:34][c:52]5[c:47]([NH2:3])[n:33][cH:19][n:35][c:55]54)[C@H:61]([O:39][P:68](=[O:5])([O-:8])[O-:9])[C@@H:60]3[OH:14])[C@@H:59]([OH:13])[C@H:58]2[OH:12])[CH:29]=[CH:18][CH2:20]1.[O:1]=[O:36].[cH:15]1[cH:16][cH:56][cH:57][c:46]2[c:45]1[cH:26][c:50]1[cH:25][cH:23][c:48]3[cH:21][cH:17][cH:22][c:49]4[cH:24][cH:27][c:51]2[c:54]1[c:53]34>>[CH:15]1=[CH:16][CH:56]2[O:36][CH:57]2[c:46]2[c:45]1[cH:26][c:50]1[cH:25][cH:23][c:48]3[cH:21][cH:17][cH:22][c:49]4[cH:24][cH:27][c:51]2[c:54]1[c:53]34.[NH2:2][C:43](=[O:4])[c:44]1[cH:20][cH:18][cH:29][n+:67]([C@@H:63]2[O:37][C@H:64]([CH2:31][O:40][P:69](=[O:6])([O-:10])[O:42][P:70](=[O:7])([O-:11])[O:41][CH2:32][C@H:65]3[O:38][C@@H:62]([n:66]4[cH:28][n:34][c:52]5[c:47]([NH2:3])[n:33][cH:19][n:35][c:55]54)[C@H:61]([O:39][P:68](=[O:5])([O-:8])[O-:9])[C@@H:60]3[OH:14])[C@@H:59]([OH:13])[C@H:58]2[OH:12])[cH:30]1.[OH2:1],1,4,5.46
recon3d_115,[NH2:1][c:35]1[n:27][c:41]2[c:39]([n:25][cH:19][n:50]2[C@H:48]2[CH2:22][C@H:45]([OH:16])[C@@H:47]([CH2:21][O:32][P:54](=[O:7])([O-:13])[O-:34])[O:30]2)[c:37](=[O:3])[nH:28]1.[NH2:2][c:36]1[n:23][cH:17][n:26][c:40]2[c:38]1[n:24][cH:18][n:49]2[C@@H:44]1[O:29][C@H:46]([CH2:20][O:31][P:53](=[O:6])([O-:12])[O:33][P:51](=[O:4])([O:8][P:52](=[O:5])([O-:10])[O-:11])[O-:9])[C@@H:43]([OH:15])[C@H:42]1[OH:14]>>[NH2:1][c:35]1[n:27][c:41]2[c:39]([n:25][cH:19][n:50]2[C@H:48]2[CH2:22][C@H:45]([OH:16])[C@@H:47]([CH2:21][O:32][P:54](=[O:7])([O-:13])[O:34][P:52](=[O:5])([O-:10])[O-:11])[O:30]2)[c:37](=[O:3])[nH:28]1.[NH2:2][c:36]1[n:23][cH:17][n:26][c:40]2[c:38]1[n:24][cH:18][n:49]2[C@@H:44]1[O:29][C@H:46]([CH2:20][O:31][P:53](=[O:6])([O-:12])[O:33][P:51](=[O:4])([O-:8])[O-:9])[C@@H:43]([OH:15])[C@H:42]1[OH:14],1,2,0.95
recon3d_116,[CH3:1][C:71](=[O:8])[S:32][CH2:37][CH2:38][NH:56][C:72](=[O:9])[CH2:43][CH2:40][NH:58][C:75](=[O:12])[C@H:91]([OH:30])[C:95]([CH3:2])([CH3:3])[CH2:48][O:66][P:101](=[O:18])([O-:26])[O:68][P:99](=[O:16])([O-:24])[O:64][CH2:46][C@H:89]1[O:60][C@@H:87]([n:93]2[cH:35][n:52][c:79]3[c:77]([NH2:6])[n:50][cH:33][n:54][c:81]32)[C@H:83]([OH:28])[C@@H:85]1[O:62][P:97](=[O:14])([O-:20])[O-:21].[CH3:4][C:96]([CH3:5])([CH2:49][O:67][P:102](=[O:19])([O-:27])[O:69][P:100](=[O:17])([O-:25])[O:65][CH2:47][C@H:90]1[O:61][C@@H:88]([n:94]2[cH:36][n:53][c:80]3[c:78]([NH2:7])[n:51][cH:34][n:55][c:82]32)[C@H:84]([OH:29])[C@@H:86]1[O:63][P:98](=[O:15])([O-:22])[O-:23])[C@@H:92]([OH:31])[C:76](=[O:13])[NH:59][CH2:41][CH2:44][C:73](=[O:10])[NH:57][CH2:39][CH2:42][S:70][C:74](=[O:11])[CH3:45]>>[CH3:1][C:71](=[O:8])[CH2:45][C:74](=[O:11])[S:70][CH2:42][CH2:39][NH:57][C:73](=[O:10])[CH2:44][CH2:41][NH:59][C:76](=[O:13])[C@H:92]([OH:31])[C:96]([CH3:4])([CH3:5])[CH2:49][O:67][P:102](=[O:19])([O-:27])[O:69][P:100](=[O:17])([O-:25])[O:65][CH2:47][C@H:90]1[O:61][C@@H:88]([n:94]2[cH:36][n:53][c:80]3[c:78]([NH2:7])[n:51][cH:34][n:55][c:82]32)[C@H:84]([OH:29])[C@@H:86]1[O:63][P:98](=[O:15])([O-:22])[O-:23].[CH3:2][C:95]([CH3:3])([CH2:48][O:66][P:101](=[O:18])([O-:26])[O:68][P:99](=[O:16])([O-:24])[O:64][CH2:46][C@H:89]1[O:60][C@@H:87]([n:93]2[cH:35][n:52][c:79]3[c:77]([NH2:6])[n:50][cH:33][n:54][c:81]32)[C@H:83]([OH:28])[C@@H:85]1[O:62][P:97](=[O:14])([O-:20])[O-:21])[C@@H:91]([OH:30])[C:75](=[O:12])[NH:58][CH2:40][CH2:43][C:72](=[O:9])[NH:56][CH2:38][CH2:37][SH:32],1,3,3.38
recon3d_117,[NH2:1][C:10](=[NH2+:2])[NH:4][CH2:7][CH2:9][CH2:8][CH2:6][NH3+:3].[OH2:5]>>[NH2:1][C:10]([NH2:2])=[O:5].[NH3+:3][CH2:6][CH2:8][CH2:9][CH2:7][NH3+:4],1,2,0.02
recon3d_118,[NH2:2][C:43](=[O:4])[C:44]1=[CH:30][N:67]([C@@H:63]2[O:37][C@H:64]([CH2:31][O:40][P:69](=[O:6])([O-:10])[O:42][P:70](=[O:7])([O-:11])[O:41][CH2:32][C@H:65]3[O:38][C@@H:62]([n:66]4[cH:28][n:34][c:52]5[c:47]([NH2:3])[n:33][cH:19][n:35][c:55]54)[C@H:61]([O:39][P:68](=[O:5])([O-:8])[O-:9])[C@@H:60]3[OH:14])[C@@H:59]([OH:13])[C@H:58]2[OH:12])[CH:29]=[CH:18][CH2:20]1.[O:1]=[O:36].[cH:15]1[cH:16][cH:56][cH:57][c:45]2[cH:26][c:50]3[cH:25][cH:23][c:48]4[cH:21][cH:17][cH:22][c:49]5[cH:24][cH:27][c:51]([c:46]12)[c:54]3[c:53]45>>[CH:15]1=[CH:16][CH:56]2[O:36][CH:57]2[c:45]2[cH:26][c:50]3[cH:25][cH:23][c:48]4[cH:21][cH:17][cH:22][c:49]5[cH:24][cH:27][c:51]([c:46]21)[c:54]3[c:53]45.[NH2:2][C:43](=[O:4])[c:44]1[cH:20][cH:18][cH:29][n+:67]([C@@H:63]2[O:37][C@H:64]([CH2:31][O:40][P:69](=[O:6])([O-:10])[O:42][P:70](=[O:7])([O-:11])[O:41][CH2:32][C@H:65]3[O:38][C@@H:62]([n:66]4[cH:28][n:34][c:52]5[c:47]([NH2:3])[n:33][cH:19][n:35][c:55]54)[C@H:61]([O:39][P:68](=[O:5])([O-:8])[O-:9])[C@@H:60]3[OH:14])[C@@H:59]([OH:13])[C@H:58]2[OH:12])[cH:30]1.[OH2:1],1,4,5.82
recon3d_119,[NH2:1][c:31]1[n:22][cH:16][n:24][c:35]2[c:34]1[n:23][cH:19][n:45]2[C@@H:41]1[O:27][C@H:43]([CH2:21][O:29][P:48](=[O:6])([O-:11])[O:30][P:47](=[O:5])([O:9][P:46](=[O:4])([O-:7])[O-:8])[O-:10])[C@@H:39]([OH:15])[C@H:37]1[OH:13].[O:2]=[c:32]1[cH:17][cH:18][n:44]([C@@H:40]2[O:26][C@H:42]([CH2:20][OH:28])[C@@H:38]([OH:14])[C@H:36]2[OH:12])[c:33](=[O:3])[nH:25]1>>[NH2:1][c:31]1[n:22][cH:16][n:24][c:35]2[c:34]1[n:23][cH:19][n:45]2[C@@H:41]1[O:27][C@H:43]([CH2:21][O:29][P:48](=[O:6])([O-:11])[O:30][P:47](=[O:5])([O-:9])[O-:10])[C@@H:39]([OH:15])[C@H:37]1[OH:13].[O:2]=[c:32]1[cH:17][cH:18][n:44]([C@@H:40]2[O:26][C@H:42]([CH2:20][O:28][P:46](=[O:4])([O-:7])[O-:8])[C@@H:38]([OH:14])[C@H:36]2[OH:12])[c:33](=[O:3])[nH:25]1,1,2,1.81
recon3d_120,[CH3:1][S+:28]([CH2:17][CH2:19][C@H:41]([NH3+:4])[C:30](=[O:6])[O-:7])[CH2:20][C@H:42]1[O:27][C@@H:40]([n:43]2[cH:15][n:22][c:36]3[c:33]([NH2:3])[n:21][cH:10][n:23][c:37]32)[C@H:38]([OH:8])[C@@H:39]1[OH:9].[CH3:2][C:29](=[O:5])[NH:24][CH2:16][CH2:18][c:32]1[cH:12][nH:25][c:34]2[cH:13][cH:11][c:31]([OH:26])[cH:14][c:35]12>>[CH3:1][O:26][c:31]1[cH:11][cH:13][c:34]2[nH:25][cH:12][c:32]([CH2:18][CH2:16][NH:24][C:29]([CH3:2])=[O:5])[c:35]2[cH:14]1.[NH2:3][c:33]1[n:21][cH:10][n:23][c:37]2[c:36]1[n:22][cH:15][n:43]2[C@@H:40]1[O:27][C@H:42]([CH2:20][S:28][CH2:17][CH2:19][C@H:41]([NH3+:4])[C:30](=[O:6])[O-:7])[C@@H:39]([OH:9])[C@H:38]1[OH:8],1,2,0.23
recon3d_121,[CH3:1][CH2:31][CH2:34][CH2:35][CH2:32]/[CH:20]=[CH:21]\[CH2:38][C:58](=[O:14])[CH2:39][CH2:33]/[CH:24]=[CH:23]/[CH:19]=[CH:22]\[C@H:65]([OH:18])[CH2:40][CH2:36][CH2:37][C:52](=[O:4])[O-:9].[NH2:2][C:53](=[O:5])[C:54]1=[CH:30][N:69]([C@@H:64]2[O:46][C@H:66]([CH2:41][O:49][P:71](=[O:7])([O-:12])[O:51][P:72](=[O:8])([O-:13])[O:50][CH2:42][C@H:67]3[O:47][C@@H:63]([n:68]4[cH:28][n:44][c:56]5[c:55]([NH2:3])[n:43][cH:26][n:45][c:57]54)[C@H:62]([O:48][P:70](=[O:6])([O-:10])[O-:11])[C@@H:61]3[OH:17])[C@@H:60]([OH:16])[C@H:59]2[OH:15])[CH:29]=[CH:25][CH2:27]1>>[CH3:1][CH2:31][CH2:34][CH2:35][CH2:32]/[CH:20]=[CH:21]\[CH2:38][C@H:58]([OH:14])[CH2:39][CH2:33]/[CH:24]=[CH:23]/[CH:19]=[CH:22]\[C@H:65]([OH:18])[CH2:40][CH2:36][CH2:37][C:52](=[O:4])[O-:9].[NH2:2][C:53](=[O:5])[c:54]1[cH:27][cH:25][cH:29][n+:69]([C@@H:64]2[O:46][C@H:66]([CH2:41][O:49][P:71](=[O:7])([O-:12])[O:51][P:72](=[O:8])([O-:13])[O:50][CH2:42][C@H:67]3[O:47][C@@H:63]([n:68]4[cH:28][n:44][c:56]5[c:55]([NH2:3])[n:43][cH:26][n:45][c:57]54)[C@H:62]([O:48][P:70](=[O:6])([O-:10])[O-:11])[C@@H:61]3[OH:17])[C@@H:60]([OH:16])[C@H:59]2[OH:15])[cH:30]1,1,2,2.88
recon3d_122,[NH2:1][C:32](=[O:3])[c:33]1[cH:18][cH:16][cH:20][n+:46]([C@@H:42]2[O:28][C@H:44]([CH2:23][OH:29])[C@@H:40]([OH:15])[C@H:38]2[OH:13])[cH:21]1.[NH2:2][c:34]1[n:24][cH:17][n:26][c:36]2[c:35]1[n:25][cH:19][n:45]2[C@@H:41]1[O:27][C@H:43]([CH2:22][O:30][P:49](=[O:6])([O-:11])[O:31][P:48](=[O:5])([O:9][P:47](=[O:4])([O-:7])[O-:8])[O-:10])[C@@H:39]([OH:14])[C@H:37]1[OH:12]>>[NH2:1][C:32](=[O:3])[c:33]1[cH:18][cH:16][cH:20][n+:46]([C@@H:42]2[O:28][C@H:44]([CH2:23][O:29][P:47](=[O:4])([O-:7])[O-:8])[C@@H:40]([OH:15])[C@H:38]2[OH:13])[cH:21]1.[NH2:2][c:34]1[n:24][cH:17][n:26][c:36]2[c:35]1[n:25][cH:19][n:45]2[C@@H:41]1[O:27][C@H:43]([CH2:22][O:30][P:49](=[O:6])([O-:11])[O:31][P:48](=[O:5])([O-:9])[O-:10])[C@@H:39]([OH:14])[C@H:37]1[OH:12],1,2,1.18
recon3d_123,[NH2:1][C:34](=[O:3])[c:35]1[cH:16][n+:49]([CH:47]2[O:29][CH:41]([CH2:22][O:31][P:51](=[O:6])([O-:8])[O:33][P:52](=[O:7])([O-:9])[O:32][CH2:23][CH:42]3[O:30][CH:48]([n:50]4[cH:20][n:25][c:39]5[c:36]([NH2:2])[n:24][cH:17][n:26][c:40]54)[CH:46]([OH:13])[CH:44]3[OH:11])[CH:43]([OH:10])[CH:45]2[OH:12])[cH:15][cH:14][cH:21]1.[O:4]=[C:37]1[CH2:19][CH2:18][NH:27][C:38](=[O:5])[NH:28]1>>[NH2:1][C:34](=[O:3])[C:35]1=[CH:16][N:49]([CH:47]2[O:29][CH:41]([CH2:22][O:31][P:51](=[O:6])([O-:8])[O:33][P:52](=[O:7])([O-:9])[O:32][CH2:23][CH:42]3[O:30][CH:48]([n:50]4[cH:20][n:25][c:39]5[c:36]([NH2:2])[n:24][cH:17][n:26][c:40]54)[CH:46]([OH:13])[CH:44]3[OH:11])[CH:43]([OH:10])[CH:45]2[OH:12])[CH:15]=[CH:14][CH2:21]1.[O:4]=[c:37]1[cH:19][cH:18][nH:27][c:38](=[O:5])[nH:28]1,1,3,1.84
recon3d_124,[NH2:1][C:34](=[O:4])[c:35]1[cH:18][n+:47]([C@@H:43]2[O:29][C@H:45]([CH2:23][O:31][P:49](=[O:5])([O-:9])[O:33][P:50](=[O:6])([O-:10])[O:32][CH2:24][C@H:46]3[O:30][C@@H:44]([n:48]4[cH:20][n:27][c:37]5[c:36]([NH2:2])[n:26][cH:19][n:28][c:38]54)[C@H:40]([OH:13])[C@@H:42]3[OH:15])[C@@H:41]([OH:14])[C@H:39]2[OH:12])[cH:17][cH:16][cH:22]1.[NH3+:3][CH2:21][CH2:25][S:51](=[O:8])[O-:11].[OH2:7]>>[NH2:1][C:34](=[O:4])[C:35]1=[CH:18][N:47]([C@@H:43]2[O:29][C@H:45]([CH2:23][O:31][P:49](=[O:5])([O-:9])[O:33][P:50](=[O:6])([O-:10])[O:32][CH2:24][C@H:46]3[O:30][C@@H:44]([n:48]4[cH:20][n:27][c:37]5[c:36]([NH2:2])[n:26][cH:19][n:28][c:38]54)[C@H:40]([OH:13])[C@@H:42]3[OH:15])[C@@H:41]([OH:14])[C@H:39]2[OH:12])[CH:17]=[CH:16][CH2:22]1.[NH3+:3][CH2:21][CH2:25][S:51](=[O:7])(=[O:8])[O-:11],1,2,1.06
recon3d_125,[CH3:1][C:43](=[O:9])[S:20][CH2:23][CH2:24][NH:34][C:42](=[O:8])[CH2:27][CH2:25][NH:35][C:44](=[O:10])[CH:52]([OH:19])[C:54]([CH3:2])([CH3:3])[CH2:29][O:40][P:58](=[O:13])([O-:17])[O:41][P:57](=[O:12])([O-:16])[O:39][CH2:28][CH:48]1[O:37][CH:51]([n:53]2[cH:22][n:32][c:46]3[c:45]([NH2:7])[n:31][cH:21][n:33][c:47]32)[CH:49]([OH:18])[CH:50]1[O:38][P:56](=[O:11])([O-:14])[O-:15].[CH3:4][N+:55]([CH3:5])([CH3:6])[CH2:30][CH2:26][OH:36]>>[CH3:1][C:43](=[O:9])[O:36][CH2:26][CH2:30][N+:55]([CH3:4])([CH3:5])[CH3:6].[CH3:2][C:54]([CH3:3])([CH2:29][O:40][P:58](=[O:13])([O-:17])[O:41][P:57](=[O:12])([O-:16])[O:39][CH2:28][CH:48]1[O:37][CH:51]([n:53]2[cH:22][n:32][c:46]3[c:45]([NH2:7])[n:31][cH:21][n:33][c:47]32)[CH:49]([OH:18])[CH:50]1[O:38][P:56](=[O:11])([O-:14])[O-:15])[CH:52]([OH:19])[C:44](=[O:10])[NH:35][CH2:25][CH2:27][C:42](=[O:8])[NH:34][CH2:24][CH2:23][SH:20],1,2,0.22
recon3d_126,[CH3:1][CH2:31][CH2:34][CH2:35][CH2:32]/[CH:21]=[CH:23]\[CH2:40][C@@H:65]([OH:18])/[CH:24]=[CH:20]/[CH:19]=[CH:22]/[CH:33]=[CH:38]/[C:53](=[O:5])[CH2:39][CH2:36][CH2:37][C:52](=[O:4])[O-:10].[NH2:2][C:54](=[O:6])[C:55]1=[CH:30][N:69]([C@@H:64]2[O:46][C@H:66]([CH2:41][O:49][P:71](=[O:8])([O-:13])[O:51][P:72](=[O:9])([O-:14])[O:50][CH2:42][C@H:67]3[O:47][C@@H:63]([n:68]4[cH:28][n:44][c:57]5[c:56]([NH2:3])[n:43][cH:26][n:45][c:58]54)[C@H:62]([O:48][P:70](=[O:7])([O-:11])[O-:12])[C@@H:61]3[OH:17])[C@@H:60]([OH:16])[C@H:59]2[OH:15])[CH:29]=[CH:25][CH2:27]1>>[CH3:1][CH2:31][CH2:34][CH2:35][CH2:32]/[CH:21]=[CH:23]/[CH2:40][C@@H:65]([OH:18])/[CH:24]=[CH:20]/[CH:19]=[CH:22]/[CH2:33][CH2:38][C:53](=[O:5])[CH2:39][CH2:36][CH2:37][C:52](=[O:4])[O-:10].[NH2:2][C:54](=[O:6])[c:55]1[cH:27][cH:25][cH:29][n+:69]([C@@H:64]2[O:46][C@H:66]([CH2:41][O:49][P:71](=[O:8])([O-:13])[O:51][P:72](=[O:9])([O-:14])[O:50][CH2:42][C@H:67]3[O:47][C@@H:63]([n:68]4[cH:28][n:44][c:57]5[c:56]([NH2:3])[n:43][cH:26][n:45][c:58]54)[C@H:62]([O:48][P:70](=[O:7])([O-:11])[O-:12])[C@@H:61]3[OH:17])[C@@H:60]([OH:16])[C@H:59]2[OH:15])[cH:30]1,1,3,2.65
recon3d_127,[CH3:1][C:59](=[O:18])[C@H:62]1[CH2:31][CH2:30][CH:54]2[CH:52]3[CH2:28][CH2:27][C:47]4=[CH:19][C:45](=[O:6])[CH2:26][CH2:34][C@:67]4([CH3:2])[CH:53]3[CH2:29][CH2:35][C@@:68]21[CH3:3].[NH2:4][C:46](=[O:7])[C:48]1=[CH:25][N:66]([C@@H:61]2[O:39][C@H:63]([CH2:32][O:42][P:70](=[O:9])([O-:13])[O:44][P:71](=[O:10])([O-:14])[O:43][CH2:33][C@H:64]3[O:40][C@@H:60]([n:65]4[cH:23][n:37][c:50]5[c:49]([NH2:5])[n:36][cH:21][n:38][c:51]54)[C@H:58]([O:41][P:69](=[O:8])([O-:11])[O-:12])[C@@H:57]3[OH:17])[C@@H:56]([OH:16])[C@H:55]2[OH:15])[CH:24]=[CH:20][CH2:22]1>>[CH3:1][C@H:59]([OH:18])[C@H:62]1[CH2:31][CH2:30][CH:54]2[CH:52]3[CH2:28][CH2:27][C:47]4=[CH:19][C:45](=[O:6])[CH2:26][CH2:34][C@:67]4([CH3:2])[CH:53]3[CH2:29][CH2:35][C@@:68]21[CH3:3].[NH2:4][C:46](=[O:7])[c:48]1[cH:22][cH:20][cH:24][n+:66]([C@@H:61]2[O:39][C@H:63]([CH2:32][O:42][P:70](=[O:9])([O-:13])[O:44][P:71](=[O:10])([O-:14])[O:43][CH2:33][C@H:64]3[O:40][C@@H:60]([n:65]4[cH:23][n:37][c:50]5[c:49]([NH2:5])[n:36][cH:21][n:38][c:51]54)[C@H:58]([O:41][P:69](=[O:8])([O-:11])[O-:12])[C@@H:57]3[OH:17])[C@@H:56]([OH:16])[C@H:55]2[OH:15])[cH:25]1,1,2,0.88
recon3d_128,[NH2:1][c:15]1[n:11][c:18]2[c:17]([n:10][cH:8][n:23]2[C@@H:21]2[O:13][C@H:22]([CH2:9][O:14][P:24](=[O:3])([O-:4])[O-:5])[C@@H:20]([OH:7])[C@H:19]2[OH:6])[c:16](=[O:2])[nH:12]1>>[NH2:1][c:15]1[n:11][c:18]2[c:17]([n:10][cH:8][n:23]2[C@@H:21]2[O:13][C@H:22]([CH2:9][O:14][P:24](=[O:3])([O-:4])[O-:5])[C@@H:20]([OH:7])[C@H:19]2[OH:6])[c:16](=[O:2])[nH:12]1,1,0,0.04
recon3d_129,[CH3:2][C@:67]12[CH2:34][CH2:28][CH:53]3[c:47]4[cH:23][cH:22][c:46]([OH:13])[cH:48][c:49]4[CH2:27][CH2:29][CH:54]3[CH:55]1[CH2:30][CH2:33][C@@H:64]2[OH:18].[NH2:3][C:44](=[O:5])[C:45]1=[CH:26][N:66]([C@@H:61]2[O:38][C@H:62]([CH2:31][O:41][P:69](=[O:7])([O-:11])[O:43][P:70](=[O:8])([O-:12])[O:42][CH2:32][C@H:63]3[O:39][C@@H:60]([n:65]4[cH:24][n:36][c:51]5[c:50]([NH2:4])[n:35][cH:20][n:37][c:52]54)[C@H:59]([O:40][P:68](=[O:6])([O-:9])[O-:10])[C@@H:58]3[OH:17])[C@@H:57]([OH:16])[C@H:56]2[OH:15])[CH:25]=[CH:19][CH2:21]1.[O:1]=[O:14]>>[CH3:2][C@:67]12[CH2:34][CH2:28][CH:53]3[c:47]4[cH:23][cH:22][c:46]([OH:13])[c:48]([OH:14])[c:49]4[CH2:27][CH2:29][CH:54]3[CH:55]1[CH2:30][CH2:33][C@@H:64]2[OH:18].[NH2:3][C:44](=[O:5])[c:45]1[cH:21][cH:19][cH:25][n+:66]([C@@H:61]2[O:38][C@H:62]([CH2:31][O:41][P:69](=[O:7])([O-:11])[O:43][P:70](=[O:8])([O-:12])[O:42][CH2:32][C@H:63]3[O:39][C@@H:60]([n:65]4[cH:24][n:36][c:51]5[c:50]([NH2:4])[n:35][cH:20][n:37][c:52]54)[C@H:59]([O:40][P:68](=[O:6])([O-:9])[O-:10])[C@@H:58]3[OH:17])[C@@H:57]([OH:16])[C@H:56]2[OH:15])[cH:26]1.[OH2:1],1,4,3.09
recon3d_130,[NH2:1][c:47]1[n:32][c:48]([OH:16])[c:50]2[c:49]([n:33]1)[NH:37][CH2:30][CH:59]([CH2:31][NH:60][c:46]1[cH:24][cH:22][c:45]([C:43](=[O:4])[NH:38][CH:54]([CH2:28][CH2:27][C:42](=[O:3])[O-:9])[C:44](=[O:5])[O-:10])[cH:23][cH:25]1)[N:62]2[CH:20]=[O:19].[NH2:2][c:51]1[n:34][cH:21][n:36][c:53]2[c:52]1[n:35][cH:26][n:61]2[CH:58]1[O:39][CH:55]([CH2:29][O:40][P:65](=[O:8])([O-:15])[O:41][P:64](=[O:7])([O:13][P:63](=[O:6])([O-:11])[O-:12])[O-:14])[CH:56]([OH:17])[CH:57]1[OH:18]>>[NH2:1][c:47]1[n:32][c:48]([OH:16])[c:50]2[c:49]([n:33]1)[NH:37][CH2:30][CH:59]1[CH2:31][N:60]([c:46]3[cH:24][cH:22][c:45]([C:43](=[O:4])[NH:38][CH:54]([CH2:28][CH2:27][C:42](=[O:3])[O-:9])[C:44](=[O:5])[O-:10])[cH:23][cH:25]3)[CH:20]=[N+:62]21.[NH2:2][c:51]1[n:34][cH:21][n:36][c:53]2[c:52]1[n:35][cH:26][n:61]2[CH:58]1[O:39][CH:55]([CH2:29][O:40][P:65](=[O:8])([O-:15])[O:41][P:64](=[O:7])([O-:13])[O-:14])[CH:56]([OH:17])[CH:57]1[OH:18].[O:6]=[P:63]([O-:11])([O-:12])[OH:19],1,4,1.60
recon3d_131,[CH3:1][C@:65]12[CH2:33][CH2:24][C:44](=[O:5])[CH:21]=[C:48]1[CH2:27][CH2:28][CH:52]1[CH:53]2[CH2:29][CH2:34][C@:66]2([CH3:2])[C@@H:46]([OH:7])[CH2:25][CH2:30][CH:54]12.[NH2:3][C:45](=[O:6])[c:47]1[cH:20][n+:63]([C@@H:59]2[O:38][C@H:61]([CH2:31][O:41][P:68](=[O:9])([O-:13])[O:43][P:69](=[O:10])([O-:14])[O:42][CH2:32][C@H:62]3[O:39][C@@H:60]([n:64]4[cH:23][n:36][c:50]5[c:49]([NH2:4])[n:35][cH:22][n:37][c:51]54)[C@H:58]([O:40][P:67](=[O:8])([O-:11])[O-:12])[C@@H:57]3[OH:17])[C@@H:56]([OH:16])[C@H:55]2[OH:15])[cH:19][cH:18][cH:26]1>>[CH3:1][C@:65]12[CH2:33][CH2:24][C:44](=[O:5])[CH:21]=[C:48]1[CH2:27][CH2:28][CH:52]1[CH:53]2[CH2:29][CH2:34][C@:66]2([CH3:2])[C:46](=[O:7])[CH2:25][CH2:30][CH:54]12.[NH2:3][C:45](=[O:6])[C:47]1=[CH:20][N:63]([C@@H:59]2[O:38][C@H:61]([CH2:31][O:41][P:68](=[O:9])([O-:13])[O:43][P:69](=[O:10])([O-:14])[O:42][CH2:32][C@H:62]3[O:39][C@@H:60]([n:64]4[cH:23][n:36][c:50]5[c:49]([NH2:4])[n:35][cH:22][n:37][c:51]54)[C@H:58]([O:40][P:67](=[O:8])([O-:11])[O-:12])[C@@H:57]3[OH:17])[C@@H:56]([OH:16])[C@H:55]2[OH:15])[CH:19]=[CH:18][CH2:26]1,1,2,3.43
recon3d_132,[NH2:1][c:22]1[n:16][cH:13][n:18][c:24]2[c:23]1[n:17][cH:14][n:29]2[CH:28]1[O:19][CH:25]([CH2:15][O:20][P:32](=[O:4])([O-:9])[O:21][P:31](=[O:3])([O:7][P:30](=[O:2])([O-:5])[O-:6])[O-:8])[CH:26]([OH:10])[CH:27]1[OH:11].[OH2:12]>>[NH2:1][c:22]1[n:16][cH:13][n:18][c:24]2[c:23]1[n:17][cH:14][n:29]2[CH:28]1[O:19][CH:25]([CH2:15][O:20][P:32](=[O:4])([O-:9])[O:21][P:31](=[O:3])([O-:7])[O-:8])[CH:26]([OH:10])[CH:27]1[OH:11].[O:2]=[P:30]([O-:5])([O-:6])[OH:12],1,2,0.56
recon3d_133,[CH3:1][C:44](=[O:5])[NH:37][C@@H:55]([CH2:31][CH2:30][C:23](=[O:4])[O:22][P:62](=[O:8])([O-:13])[O-:14])[C:46](=[O:7])[O-:12].[NH2:2][C:45](=[O:6])[C:47]1=[CH:29][N:61]([C@@H:57]2[O:38][C@H:58]([CH2:32][O:41][P:64](=[O:10])([O-:17])[O:43][P:65](=[O:11])([O-:18])[O:42][CH2:33][C@H:59]3[O:39][C@@H:56]([n:60]4[cH:27][n:35][c:49]5[c:48]([NH2:3])[n:34][cH:25][n:36][c:50]54)[C@H:54]([O:40][P:63](=[O:9])([O-:15])[O-:16])[C@@H:53]3[OH:21])[C@@H:52]([OH:20])[C@H:51]2[OH:19])[CH:28]=[CH:24][CH2:26]1>>[CH3:1][C:44](=[O:5])[NH:37][C@@H:55]([CH2:31][CH2:30][CH:23]=[O:4])[C:46](=[O:7])[O-:12].[NH2:2][C:45](=[O:6])[c:47]1[cH:26][cH:24][cH:28][n+:61]([C@@H:57]2[O:38][C@H:58]([CH2:32][O:41][P:64](=[O:10])([O-:17])[O:43][P:65](=[O:11])([O-:18])[O:42][CH2:33][C@H:59]3[O:39][C@@H:56]([n:60]4[cH:27][n:35][c:49]5[c:48]([NH2:3])[n:34][cH:25][n:36][c:50]54)[C@H:54]([O:40][P:63](=[O:9])([O-:15])[O-:16])[C@@H:53]3[OH:21])[C@@H:52]([OH:20])[C@H:51]2[OH:19])[cH:29]1.[O:8]=[P:62]([O-:13])([O-:14])[OH:22],1,3,1.44
recon3d_134,[NH3+:1]/[C:13](=[C:11]([C:7]([O-:2])=[O:3])/[CH:10]=[CH:9]\[CH:8]=[O:4])[C:12](=[O:5])[O-:6]>>[NH3+:1]/[C:13](=[CH:11]/[CH:10]=[CH:9]\[CH:8]=[O:4])[C:12](=[O:5])[O-:6].[O:2]=[C:7]=[O:3],1,2,0.11
recon3d_135,[CH3:1][CH2:31][CH2:34][CH2:35][CH2:32]/[CH:21]=[CH:23]/[CH2:40][C@@H:65]([OH:18])/[CH:24]=[CH:20]/[CH:19]=[CH:22]/[CH2:33][CH2:38][C:58](=[O:14])[CH2:39][CH2:36][CH2:37][C:52](=[O:4])[O-:9].[NH2:2][C:53](=[O:5])[C:54]1=[CH:30][N:69]([C@@H:64]2[O:46][C@H:66]([CH2:41][O:49][P:71](=[O:7])([O-:12])[O:51][P:72](=[O:8])([O-:13])[O:50][CH2:42][C@H:67]3[O:47][C@@H:63]([n:68]4[cH:28][n:44][c:56]5[c:55]([NH2:3])[n:43][cH:26][n:45][c:57]54)[C@H:62]([O:48][P:70](=[O:6])([O-:10])[O-:11])[C@@H:61]3[OH:17])[C@@H:60]([OH:16])[C@H:59]2[OH:15])[CH:29]=[CH:25][CH2:27]1>>[CH3:1][CH2:31][CH2:34][CH2:35][CH2:32]/[CH:21]=[CH:23]/[CH2:40][C@@H:65]([OH:18])/[CH:24]=[CH:20]/[CH:19]=[CH:22]/[CH2:33][CH2:38][C@H:58]([OH:14])[CH2:39][CH2:36][CH2:37][C:52](=[O:4])[O-:9].[NH2:2][C:53](=[O:5])[c:54]1[cH:27][cH:25][cH:29][n+:69]([C@@H:64]2[O:46][C@H:66]([CH2:41][O:49][P:71](=[O:7])([O-:12])[O:51][P:72](=[O:8])([O-:13])[O:50][CH2:42][C@H:67]3[O:47][C@@H:63]([n:68]4[cH:28][n:44][c:56]5[c:55]([NH2:3])[n:43][cH:26][n:45][c:57]54)[C@H:62]([O:48][P:70](=[O:6])([O-:10])[O-:11])[C@@H:61]3[OH:17])[C@@H:60]([OH:16])[C@H:59]2[OH:15])[cH:30]1,1,2,2.41
recon3d_136,[NH3+:1][C@@H:7]([CH2:3][SH:2])[C:8](=[O:5])[O-:6].[OH2:4]>>[CH3:3][C:7](=[O:4])[C:8](=[O:5])[O-:6].[NH4+:1].[SH-:2],1,5,0.01
recon3d_137,[CH3:2][CH2:34][CH2:37][CH2:38][CH2:35]/[CH:22]=[CH:19]\[CH2:25]/[CH:26]=[CH:59]\[CH2:41]/[CH:24]=[CH:21]\[CH2:33]/[CH:20]=[CH:23]\[CH2:36][CH2:39][CH2:40][C:53](=[O:5])[O-:14].[NH2:3][C:54](=[O:6])[C:55]1=[CH:32][N:69]([C@@H:65]2[O:47][C@H:66]([CH2:42][O:50][P:71](=[O:8])([O-:12])[O:52][P:72](=[O:9])([O-:13])[O:51][CH2:43][C@H:67]3[O:48][C@@H:64]([n:68]4[cH:30][n:45][c:57]5[c:56]([NH2:4])[n:44][cH:28][n:46][c:58]54)[C@H:63]([O:49][P:70](=[O:7])([O-:10])[O-:11])[C@@H:62]3[OH:18])[C@@H:61]([OH:17])[C@H:60]2[OH:16])[CH:31]=[CH:27][CH2:29]1.[O:1]=[O:15]>>[CH3:2][CH2:34][CH2:37][CH2:38][CH2:35]/[CH:22]=[CH:19]\[CH:25]=[CH:26]\[CH:59]([OH:15])[CH2:41]/[CH:24]=[CH:21]\[CH2:33]/[CH:20]=[CH:23]\[CH2:36][CH2:39][CH2:40][C:53](=[O:5])[OH:14].[NH2:3][C:54](=[O:6])[c:55]1[cH:29][cH:27][cH:31][n+:69]([C@@H:65]2[O:47][C@H:66]([CH2:42][O:50][P:71](=[O:8])([O-:12])[O:52][P:72](=[O:9])([O-:13])[O:51][CH2:43][C@H:67]3[O:48][C@@H:64]([n:68]4[cH:30][n:45][c:57]5[c:56]([NH2:4])[n:44][cH:28][n:46][c:58]54)[C@H:63]([O:49][P:70](=[O:7])([O-:10])[O-:11])[C@@H:62]3[OH:18])[C@@H:61]([OH:17])[C@H:60]2[OH:16])[cH:32]1.[OH2:1],1,4,3.13
recon3d_138,[CH3:1][CH:45]([C:74]([CH3:2])=[O:11])[C:75](=[O:12])[S:71][CH2:42][CH2:38][NH:57][C:73](=[O:10])[CH2:44][CH2:40][NH:59][C:77](=[O:14])[C@H:93]([OH:32])[C:97]([CH3:5])([CH3:6])[CH2:49][O:67][P:103](=[O:20])([O-:28])[O:69][P:101](=[O:18])([O-:26])[O:65][CH2:47][C@H:91]1[O:61][C@@H:89]([n:95]2[cH:36][n:53][c:81]3[c:79]([NH2:8])[n:51][cH:34][n:55][c:83]32)[C@H:85]([OH:30])[C@@H:87]1[O:63][P:99](=[O:16])([O-:23])[O-:24].[CH3:3][C:96]([CH3:4])([CH2:48][O:66][P:102](=[O:19])([O-:27])[O:68][P:100](=[O:17])([O-:25])[O:64][CH2:46][C@H:90]1[O:60][C@@H:88]([n:94]2[cH:35][n:52][c:80]3[c:78]([NH2:7])[n:50][cH:33][n:54][c:82]32)[C@H:84]([OH:29])[C@@H:86]1[O:62][P:98](=[O:15])([O-:21])[O-:22])[C@@H:92]([OH:31])[C:76](=[O:13])[NH:58][CH2:39][CH2:43][C:72](=[O:9])[NH:56][CH2:37][CH2:41][SH:70]>>[CH3:1][CH2:45][C:75](=[O:12])[S:71][CH2:42][CH2:38][NH:57][C:73](=[O:10])[CH2:44][CH2:40][NH:59][C:77](=[O:14])[C@H:93]([OH:32])[C:97]([CH3:5])([CH3:6])[CH2:49][O:67][P:103](=[O:20])([O-:28])[O:69][P:101](=[O:18])([O-:26])[O:65][CH2:47][C@H:91]1[O:61][C@@H:89]([n:95]2[cH:36][n:53][c:81]3[c:79]([NH2:8])[n:51][cH:34][n:55][c:83]32)[C@H:85]([OH:30])[C@@H:87]1[O:63][P:99](=[O:16])([O-:23])[O-:24].[CH3:2][C:74](=[O:11])[S:70][CH2:41][CH2:37][NH:56][C:72](=[O:9])[CH2:43][CH2:39][NH:58][C:76](=[O:13])[C@H:92]([OH:31])[C:96]([CH3:3])([CH3:4])[CH2:48][O:66][P:102](=[O:19])([O-:27])[O:68][P:100](=[O:17])([O-:25])[O:64][CH2:46][C@H:90]1[O:60][C@@H:88]([n:94]2[cH:35][n:52][c:80]3[c:78]([NH2:7])[n:50][cH:33][n:54][c:82]32)[C@H:84]([OH:29])[C@@H:86]1[O:62][P:98](=[O:15])([O-:21])[O-:22],1,3,6.07
recon3d_139,[CH3:1][CH2:16][OH:4].[NH2:2][C:34](=[O:5])[c:35]1[cH:19][n+:47]([C@@H:43]2[O:28][C@H:45]([CH2:23][O:31][P:50](=[O:7])([O-:11])[O:33][P:51](=[O:8])([O-:12])[O:32][CH2:24][C@H:46]3[O:29][C@@H:44]([n:48]4[cH:21][n:26][c:37]5[c:36]([NH2:3])[n:25][cH:20][n:27][c:38]54)[C@H:42]([O:30][P:49](=[O:6])([O-:9])[O-:10])[C@@H:41]3[OH:15])[C@@H:40]([OH:14])[C@H:39]2[OH:13])[cH:18][cH:17][cH:22]1>>[CH3:1][CH:16]=[O:4].[NH2:2][C:34](=[O:5])[C:35]1=[CH:19][N:47]([C@@H:43]2[O:28][C@H:45]([CH2:23][O:31][P:50](=[O:7])([O-:11])[O:33][P:51](=[O:8])([O-:12])[O:32][CH2:24][C@H:46]3[O:29][C@@H:44]([n:48]4[cH:21][n:26][c:37]5[c:36]([NH2:3])[n:25][cH:20][n:27][c:38]54)[C@H:42]([O:30][P:49](=[O:6])([O-:9])[O-:10])[C@@H:41]3[OH:15])[C@@H:40]([OH:14])[C@H:39]2[OH:13])[CH:18]=[CH:17][CH2:22]1,1,2,0.65
recon3d_140,[CH3:1]/[C:52](=[CH:20]\[CH2:35][C:55]1=[C:54]([CH3:2])[C:56](=[O:14])[c:59]2[cH:26][cH:21][cH:22][cH:27][c:60]2[C:57]1=[O:15])[CH2:34][CH2:31][CH2:37][C@H:65]([CH3:6])[CH2:40][CH2:33][CH2:39][C@H:64]([CH3:5])[CH2:38][CH2:32][CH2:36][CH:63]([CH3:3])[CH3:4].[NH2:7][C:51](=[O:9])[C:53]1=[CH:30][N:75]([C@@H:71]2[O:47][C@H:73]([CH2:42][O:49][P:77](=[O:11])([O-:13])[O:50][P:76](=[O:10])([O-:12])[O:48][CH2:41][C@H:72]3[O:46][C@@H:70]([n:74]4[cH:28][n:44][c:61]5[c:58]([NH2:8])[n:43][cH:24][n:45][c:62]54)[C@H:66]([OH:16])[C@@H:68]3[OH:18])[C@@H:69]([OH:19])[C@H:67]2[OH:17])[CH:29]=[CH:23][CH2:25]1>>[CH3:1]/[C:52](=[CH:20]\[CH2:35][c:55]1[c:54]([CH3:2])[c:56]([OH:14])[c:59]2[cH:26][cH:21][cH:22][cH:27][c:60]2[c:57]1[OH:15])[CH2:34][CH2:31][CH2:37][C@H:65]([CH3:6])[CH2:40][CH2:33][CH2:39][C@H:64]([CH3:5])[CH2:38][CH2:32][CH2:36][CH:63]([CH3:3])[CH3:4].[NH2:7][C:51](=[O:9])[c:53]1[cH:25][cH:23][cH:29][n+:75]([C@@H:71]2[O:47][C@H:73]([CH2:42][O:49][P:77](=[O:11])([O-:13])[O:50][P:76](=[O:10])([O-:12])[O:48][CH2:41][C@H:72]3[O:46][C@@H:70]([n:74]4[cH:28][n:44][c:61]5[c:58]([NH2:8])[n:43][cH:24][n:45][c:62]54)[C@H:66]([OH:16])[C@@H:68]3[OH:18])[C@@H:69]([OH:19])[C@H:67]2[OH:17])[cH:30]1,1,1,4.70
recon3d_141,[CH3:1][C:45](=[O:8])[C@@:66]1([OH:17])[CH2:34][CH2:29][CH:53]2[CH:51]3[CH2:27][CH:26]=[C:47]4[CH2:21][C@@H:43]([OH:6])[CH2:24][CH2:32][C@:64]4([CH3:2])[CH:52]3[CH2:28][CH2:33][C@@:65]21[CH3:3].[NH2:4][C:44](=[O:7])[c:46]1[cH:20][n+:62]([C@@H:58]2[O:38][C@H:60]([CH2:30][O:40][P:67](=[O:9])([O-:11])[O:42][P:68](=[O:10])([O-:12])[O:41][CH2:31][C@H:61]3[O:39][C@@H:59]([n:63]4[cH:23][n:36][c:49]5[c:48]([NH2:5])[n:35][cH:22][n:37][c:50]54)[C@H:55]([OH:14])[C@@H:57]3[OH:16])[C@@H:56]([OH:15])[C@H:54]2[OH:13])[cH:19][cH:18][cH:25]1>>[CH3:1][C:45](=[O:8])[C@@:66]1([OH:17])[CH2:34][CH2:29][CH:53]2[CH:51]3[CH2:27][CH2:26][C:47]4=[CH:21][C:43](=[O:6])[CH2:24][CH2:32][C@:64]4([CH3:2])[CH:52]3[CH2:28][CH2:33][C@@:65]21[CH3:3].[NH2:4][C:44](=[O:7])[C:46]1=[CH:20][N:62]([C@@H:58]2[O:38][C@H:60]([CH2:30][O:40][P:67](=[O:9])([O-:11])[O:42][P:68](=[O:10])([O-:12])[O:41][CH2:31][C@H:61]3[O:39][C@@H:59]([n:63]4[cH:23][n:36][c:49]5[c:48]([NH2:5])[n:35][cH:22][n:37][c:50]54)[C@H:55]([OH:14])[C@@H:57]3[OH:16])[C@@H:56]([OH:15])[C@H:54]2[OH:13])[CH:19]=[CH:18][CH2:25]1,1,4,4.01
recon3d_142,[CH3:2][C@:68]12[CH2:36][CH2:31][CH:62]3[CH:58]([CH2:30][CH2:27][C:48]4=[CH:19][C:46](=[O:5])[CH2:26][CH2:35][C@@:67]43[CH3:34])[CH:64]1[CH2:33][CH2:32][CH:63]2[OH:18].[NH2:3][C:47](=[O:6])[C:49]1=[CH:25][N:66]([CH:61]2[O:41][CH:53]([CH2:28][O:43][P:70](=[O:8])([O-:12])[O:45][P:71](=[O:9])([O-:13])[O:44][CH2:29][CH:54]3[O:40][CH:60]([n:65]4[cH:23][n:38][c:51]5[c:50]([NH2:4])[n:37][cH:21][n:39][c:52]54)[CH:59]([O:42][P:69](=[O:7])([O-:10])[O-:11])[CH:56]3[OH:16])[CH:55]([OH:15])[CH:57]2[OH:17])[CH:24]=[CH:20][CH2:22]1.[O:1]=[O:14]>>[CH3:2][C@:68]12[CH2:36][CH2:31][CH:62]3[CH:58]([CH2:30][CH2:27][C:48]4=[CH:19][C:46](=[O:5])[CH2:26][CH2:35][C@@:67]43[CH2:34][OH:14])[CH:64]1[CH2:33][CH2:32][CH:63]2[OH:18].[NH2:3][C:47](=[O:6])[c:49]1[cH:22][cH:20][cH:24][n+:66]([CH:61]2[O:41][CH:53]([CH2:28][O:43][P:70](=[O:8])([O-:12])[O:45][P:71](=[O:9])([O-:13])[O:44][CH2:29][CH:54]3[O:40][CH:60]([n:65]4[cH:23][n:38][c:51]5[c:50]([NH2:4])[n:37][cH:21][n:39][c:52]54)[CH:59]([O:42][P:69](=[O:7])([O-:10])[O-:11])[CH:56]3[OH:16])[CH:55]([OH:15])[CH:57]2[OH:17])[cH:25]1.[OH2:1],1,4,3.16
recon3d_143,[CH3:1][C:51]([CH3:2])=[CH:24][CH2:29][CH2:34][C@@H:64]([CH3:3])[C@H:67]1[CH2:35][CH2:26][CH:53]2[C:54]3=[C:55]([CH2:32][CH2:39][C@@:74]21[CH3:6])[C@@:75]1([CH3:7])[CH2:40][CH2:38][C@H:70]([OH:21])[C:73]([CH3:4])([CH3:5])[CH:59]1[CH2:33][CH2:31]3.[NH2:8][C:50](=[O:10])[c:52]1[cH:25][n+:71]([C@@H:65]2[O:44][C@H:68]([CH2:36][O:47][P:77](=[O:12])([O-:16])[O:49][P:78](=[O:13])([O-:17])[O:48][CH2:37][C@H:69]3[O:45][C@@H:66]([n:72]4[cH:28][n:42][c:57]5[c:56]([NH2:9])[n:41][cH:27][n:43][c:58]54)[C@H:63]([O:46][P:76](=[O:11])([O-:14])[O-:15])[C@@H:62]3[OH:20])[C@@H:61]([OH:19])[C@H:60]2[OH:18])[cH:23][cH:22][cH:30]1>>[CH3:1][C:51]([CH3:2])=[CH:24][CH2:29][CH2:34][C@@H:64]([CH3:3])[C@H:67]1[CH2:35][CH:26]=[C:53]2[C:54]3=[C:55]([CH2:32][CH2:39][C@@:74]21[CH3:6])[C@@:75]1([CH3:7])[CH2:40][CH2:38][C@H:70]([OH:21])[C:73]([CH3:4])([CH3:5])[CH:59]1[CH2:33][CH2:31]3.[NH2:8][C:50](=[O:10])[C:52]1=[CH:25][N:71]([C@@H:65]2[O:44][C@H:68]([CH2:36][O:47][P:77](=[O:12])([O-:16])[O:49][P:78](=[O:13])([O-:17])[O:48][CH2:37][C@H:69]3[O:45][C@@H:66]([n:72]4[cH:28][n:42][c:57]5[c:56]([NH2:9])[n:41][cH:27][n:43][c:58]54)[C@H:63]([O:46][P:76](=[O:11])([O-:14])[O-:15])[C@@H:62]3[OH:20])[C@@H:61]([OH:19])[C@H:60]2[OH:18])[CH:23]=[CH:22][CH2:30]1,1,3,2.70
recon3d_144,[CH3:1][C:51]([CH3:2])=[CH:26][C:40](=[O:7])[S:38][CH2:23][CH2:21][NH:31][C:39](=[O:6])[CH2:24][CH2:22][NH:32][C:41](=[O:8])[C@H:49]([OH:17])[C:52]([CH3:3])([CH3:4])[CH2:27][O:36][P:55](=[O:11])([O-:15])[O:37][P:54](=[O:10])([O-:14])[O:35][CH2:25][C@H:48]1[O:33][C@@H:47]([n:50]2[cH:20][n:29][c:43]3[c:42]([NH2:5])[n:28][cH:19][n:30][c:44]32)[C@H:45]([OH:16])[C@@H:46]1[O:34][P:53](=[O:9])([O-:12])[O-:13].[OH2:18]>>[CH3:1][C:51]([CH3:2])([OH:18])[CH2:26][C:40](=[O:7])[S:38][CH2:23][CH2:21][NH:31][C:39](=[O:6])[CH2:24][CH2:22][NH:32][C:41](=[O:8])[C@H:49]([OH:17])[C:52]([CH3:3])([CH3:4])[CH2:27][O:36][P:55](=[O:11])([O-:15])[O:37][P:54](=[O:10])([O-:14])[O:35][CH2:25][C@H:48]1[O:33][C@@H:47]([n:50]2[cH:20][n:29][c:43]3[c:42]([NH2:5])[n:28][cH:19][n:30][c:44]32)[C@H:45]([OH:16])[C@@H:46]1[O:34][P:53](=[O:9])([O-:12])[O-:13],1,2,0.18
recon3d_145,[O:1]=[C:12]([O:4][P:15](=[O:3])([O-:7])[O-:8])[C@@H:13]([CH2:9][O:10][P:14](=[O:2])([O-:5])[O-:6])[OH:11]>>[O:1]=[C:12]([O-:4])[C@@H:13]([CH2:9][O:10][P:14](=[O:2])([O-:5])[O-:6])[O:11][P:15](=[O:3])([O-:7])[O-:8],1,2,0.03
recon3d_146,[O:1]=[P:26]([O:5][CH:21]1[CH:20]([OH:14])[C@@H:23]([O:17][P:27](=[O:2])([O-:8])[O-:9])[CH:22]([OH:16])[C@@H:25]([O:19][P:29](=[O:4])([O-:12])[O-:13])[C@@H:24]1[O:18][P:28](=[O:3])([O-:10])[O-:11])([O-:6])[O-:7].[OH2:15]>>[O:1]=[P:26]([O-:5])([O-:6])[O-:7].[O:2]=[P:27]([O-:8])([O-:9])[O:17][C@@H:23]1[CH:20]([OH:14])[CH:21]([OH:15])[C@@H:24]([O:18][P:28](=[O:3])([O-:10])[O-:11])[C@H:25]([O:19][P:29](=[O:4])([O-:12])[O-:13])[CH:22]1[OH:16],1,2,0.31
recon3d_147,[CH3:1][C@@H:37]([OH:10])[CH:21]=[O:9].[NH2:2][C:32](=[O:4])[C:33]1=[CH:20][N:47]([C@@H:43]2[O:28][C@H:45]([CH2:23][O:30][P:49](=[O:6])([O-:8])[O:31][P:48](=[O:5])([O-:7])[O:29][CH2:22][C@H:44]3[O:27][C@@H:42]([n:46]4[cH:18][n:25][c:35]5[c:34]([NH2:3])[n:24][cH:16][n:26][c:36]54)[C@H:38]([OH:11])[C@@H:40]3[OH:13])[C@@H:41]([OH:14])[C@H:39]2[OH:12])[CH:19]=[CH:15][CH2:17]1>>[CH3:1][CH:37]([OH:10])[CH2:21][OH:9].[NH2:2][C:32](=[O:4])[c:33]1[cH:17][cH:15][cH:19][n+:47]([C@@H:43]2[O:28][C@H:45]([CH2:23][O:30][P:49](=[O:6])([O-:8])[O:31][P:48](=[O:5])([O-:7])[O:29][CH2:22][C@H:44]3[O:27][C@@H:42]([n:46]4[cH:18][n:25][c:35]5[c:34]([NH2:3])[n:24][cH:16][n:26][c:36]54)[C@H:38]([OH:11])[C@@H:40]3[OH:13])[C@@H:41]([OH:14])[C@H:39]2[OH:12])[cH:20]1,1,2,0.26
recon3d_148,[NH2:2][C:55](=[O:5])[C:56]1=[CH:31][N:69]([C@@H:65]2[O:48][C@H:66]([CH2:43][O:51][P:71](=[O:7])([O-:12])[O:53][P:72](=[O:8])([O-:13])[O:52][CH2:44][C@H:67]3[O:49][C@@H:64]([n:68]4[cH:29][n:46][c:58]5[c:57]([NH2:3])[n:45][cH:27][n:47][c:59]54)[C@H:63]([O:50][P:70](=[O:6])([O-:10])[O-:11])[C@@H:62]3[OH:17])[C@@H:61]([OH:16])[C@H:60]2[OH:15])[CH:30]=[CH:26][CH2:28]1.[O:1]=[O:14].[O:4]=[C:54]([O-:9])[CH2:42][CH2:41][CH2:37]/[CH:25]=[CH:23]\[CH2:34]/[CH:21]=[CH:19]\[CH2:32]/[CH:18]=[CH:20]\[CH2:33]/[CH:22]=[CH:24]\[CH2:36][CH2:39][CH2:40][CH2:38][CH3:35]>>[NH2:2][C:55](=[O:5])[c:56]1[cH:28][cH:26][cH:30][n+:69]([C@@H:65]2[O:48][C@H:66]([CH2:43][O:51][P:71](=[O:7])([O-:12])[O:53][P:72](=[O:8])([O-:13])[O:52][CH2:44][C@H:67]3[O:49][C@@H:64]([n:68]4[cH:29][n:46][c:58]5[c:57]([NH2:3])[n:45][cH:27][n:47][c:59]54)[C@H:63]([O:50][P:70](=[O:6])([O-:10])[O-:11])[C@@H:62]3[OH:17])[C@@H:61]([OH:16])[C@H:60]2[OH:15])[cH:31]1.[O:4]=[C:54]([O-:9])[CH2:42][CH2:41][CH2:37]/[CH:25]=[CH:23]\[CH2:34]/[CH:21]=[CH:19]\[CH2:32]/[CH:18]=[CH:20]\[CH2:33]/[CH:22]=[CH:24]\[CH2:36][CH2:39][CH2:40][CH2:38][CH2:35][OH:14].[OH2:1],1,4,0.96
recon3d_149,[CH3:1][C:85]([CH3:2])([CH2:45][O:60][P:91](=[O:13])([O-:22])[O:61][P:90](=[O:12])([O-:21])[O:59][CH2:44][C@H:81]1[O:55][C@@H:79]([n:84]2[cH:38][n:49][c:71]3[c:69]([NH2:4])[n:47][cH:32][n:51][c:73]32)[C@H:75]([OH:25])[C@@H:77]1[O:56][P:86](=[O:8])([O-:14])[O-:15])[C@@H:82]([OH:27])[C:65](=[O:7])[NH:53][CH2:40][CH2:42][C:63](=[O:5])[NH:52][CH2:39][CH2:41][SH:62].[NH2:3][c:68]1[n:46][cH:31][n:50][c:72]2[c:70]1[n:48][cH:37][n:83]2[C@@H:78]1[O:54][C@H:80]([CH2:43][O:58][P:89](=[O:11])([O-:20])[O:28][P:87](=[O:9])([O-:17])[O:57][P:88](=[O:10])([O-:18])[O-:19])[C@@H:76]([OH:26])[C@H:74]1[OH:24].[O:6]=[C:64]([O-:16])/[CH:29]=[CH:30]/[c:67]1[cH:35][cH:33][c:66]([OH:23])[cH:34][cH:36]1>>[CH3:1][C:85]([CH3:2])([CH2:45][O:60][P:91](=[O:13])([O-:22])[O:61][P:90](=[O:12])([O-:21])[O:59][CH2:44][C@H:81]1[O:55][C@@H:79]([n:84]2[cH:38][n:49][c:71]3[c:69]([NH2:4])[n:47][cH:32][n:51][c:73]32)[C@H:75]([OH:25])[C@@H:77]1[O:56][P:86](=[O:8])([O-:14])[O-:15])[C@@H:82]([OH:27])[C:65](=[O:7])[NH:53][CH2:40][CH2:42][C:63](=[O:5])[NH:52][CH2:39][CH2:41][S:62][C:64](=[O:6])/[CH:29]=[CH:30]/[c:67]1[cH:35][cH:33][c:66]([OH:23])[cH:34][cH:36]1.[NH2:3][c:68]1[n:46][cH:31][n:50][c:72]2[c:70]1[n:48][cH:37][n:83]2[C@@H:78]1[O:54][C@H:80]([CH2:43][O:58][P:89](=[O:11])([O-:20])[OH:28])[C@@H:76]([OH:26])[C@H:74]1[OH:24].[O:9]=[P:87]([O-:16])([O-:17])[O:57][P:88](=[O:10])([O-:18])[O-:19],1,4,3.46
recon3d_150,[NH2:1][c:35]1[n:27][c:41]2[c:39]([n:25][cH:20][n:51]2[C@@H:47]2[O:30][C@H:49]([CH2:22][O:32][P:55](=[O:7])([O-:13])[O-:34])[C@@H:45]([OH:17])[C@H:43]2[OH:15])[c:37](=[O:3])[nH:28]1.[NH2:2][c:36]1[n:23][cH:18][n:26][c:40]2[c:38]1[n:24][cH:19][n:50]2[C@@H:46]1[O:29][C@H:48]([CH2:21][O:31][P:54](=[O:6])([O-:12])[O:33][P:52](=[O:4])([O:8][P:53](=[O:5])([O-:10])[O-:11])[O-:9])[C@@H:44]([OH:16])[C@H:42]1[OH:14]>>[NH2:1][c:35]1[n:27][c:41]2[c:39]([n:25][cH:20][n:51]2[C@@H:47]2[O:30][C@H:49]([CH2:22][O:32][P:55](=[O:7])([O-:13])[O:34][P:53](=[O:5])([O-:10])[O-:11])[C@@H:45]([OH:17])[C@H:43]2[OH:15])[c:37](=[O:3])[nH:28]1.[NH2:2][c:36]1[n:23][cH:18][n:26][c:40]2[c:38]1[n:24][cH:19][n:50]2[C@@H:46]1[O:29][C@H:48]([CH2:21][O:31][P:54](=[O:6])([O-:12])[O:33][P:52](=[O:4])([O-:8])[O-:9])[C@@H:44]([OH:16])[C@H:42]1[OH:14],1,2,1.74
recon3d_151,[CH2:1]([O:13][P:29](=[O:7])([O-:11])[O:20][P:30](=[O:8])([O-:12])[O:19][P:28](=[O:6])([O-:9])[O-:10])[C@@H:21]([OH:3])[C@@H:22]([OH:4])[C:27]1=[N:17][c:25]2[c:24]([n:15][c:23]([NH2:2])[nH:18][c:26]2=[O:5])[NH:16][CH2:14]1>>[CH3:1][C:21](=[O:3])[C:22](=[O:4])[CH:27]1[CH2:14][NH:16][c:24]2[n:15][c:23]([NH2:2])[nH:18][c:26](=[O:5])[c:25]2[NH:17]1.[O:6]=[P:28]([O-:9])([O-:10])[O:19][P:30](=[O:8])([O-:12])[O:20][P:29](=[O:7])([O-:11])[OH:13],1,5,0.73
recon3d_152,[NH2:1][C:38](=[O:4])[c:39]1[cH:17][n+:55]([CH:53]2[O:32][CH:47]([CH2:26][O:34][P:57](=[O:5])([O-:8])[O:36][P:58](=[O:6])([O-:9])[O:35][CH2:27][CH:48]3[O:33][CH:54]([n:56]4[cH:23][n:29][c:45]5[c:42]([NH2:2])[n:28][cH:18][n:30][c:46]54)[CH:52]([OH:14])[CH:50]3[OH:12])[CH:49]([OH:11])[CH:51]2[OH:13])[cH:16][cH:15][cH:24]1.[O:3]=[CH:37][CH2:25][c:41]1[cH:20][nH:31][c:43]2[cH:21][cH:19][c:40]([OH:10])[cH:22][c:44]12.[OH2:7]>>[NH2:1][C:38](=[O:4])[C:39]1=[CH:17][N:55]([CH:53]2[O:32][CH:47]([CH2:26][O:34][P:57](=[O:5])([O-:8])[O:36][P:58](=[O:6])([O-:9])[O:35][CH2:27][CH:48]3[O:33][CH:54]([n:56]4[cH:23][n:29][c:45]5[c:42]([NH2:2])[n:28][cH:18][n:30][c:46]54)[CH:52]([OH:14])[CH:50]3[OH:12])[CH:49]([OH:11])[CH:51]2[OH:13])[CH:16]=[CH:15][CH2:24]1.[O:3]=[C:37]([O-:7])[CH2:25][c:41]1[cH:20][nH:31][c:43]2[cH:21][cH:19][c:40]([OH:10])[cH:22][c:44]12,1,3,2.05
recon3d_153,[NH3+:1][C@@H:12]([CH2:2][S:9][S:11][CH2:10][C@H:15]([NH3+:3])[C:14](=[O:6])[O-:8])[C:13](=[O:5])[O-:7].[OH2:4]>>[CH3:2][C:12](=[O:4])[C:13](=[O:5])[O-:7].[NH3+:3][C@@H:15]([CH2:10][S:11][SH:9])[C:14](=[O:6])[O-:8].[NH4+:1],1,5,0.03
recon3d_154,[NH3+:1][C@@H:8]([C@@H:6]([CH3:2])[OH:4])[C:7](=[O:3])[O-:5]>>[CH3:2][CH2:6][C:8](=[O:4])[C:7](=[O:3])[O-:5].[NH4+:1],1,5,0.01
recon3d_155,[CH3:2][CH:56]([CH3:30])[CH2:31][CH2:29][CH2:36][C@@H:67]([CH3:3])[C@H:61]1[CH2:33][CH2:32][CH:60]2[CH:57]3[CH:59]([CH2:40][C@H:73]([OH:22])[C@@:77]21[CH3:5])[C@@:76]1([CH3:4])[CH2:41][CH2:34][C@@H:62]([OH:17])[CH2:35][CH:58]1[CH2:37][C@H:68]3[OH:21].[NH2:6][C:51](=[O:8])[C:52]1=[CH:28][N:75]([C@@H:70]2[O:45][C@H:71]([CH2:38][O:48][P:79](=[O:10])([O-:14])[O:50][P:80](=[O:11])([O-:15])[O:49][CH2:39][C@H:72]3[O:46][C@@H:69]([n:74]4[cH:26][n:43][c:54]5[c:53]([NH2:7])[n:42][cH:24][n:44][c:55]54)[C@H:66]([O:47][P:78](=[O:9])([O-:12])[O-:13])[C@@H:65]3[OH:20])[C@@H:64]([OH:19])[C@H:63]2[OH:18])[CH:27]=[CH:23][CH2:25]1.[O:1]=[O:16]>>[CH3:2][CH:56]([CH2:30][OH:16])[CH2:31][CH2:29][CH2:36][C@@H:67]([CH3:3])[CH:61]1[CH2:33][CH2:32][CH:60]2[CH:57]3[CH:59]([CH2:40][C@H:73]([OH:22])[C@@:77]21[CH3:5])[C@@:76]1([CH3:4])[CH2:41][CH2:34][C@@H:62]([OH:17])[CH2:35][CH:58]1[CH2:37][C@H:68]3[OH:21].[NH2:6][C:51](=[O:8])[c:52]1[cH:25][cH:23][cH:27][n+:75]([C@@H:70]2[O:45][C@H:71]([CH2:38][O:48][P:79](=[O:10])([O-:14])[O:50][P:80](=[O:11])([O-:15])[O:49][CH2:39][C@H:72]3[O:46][C@@H:69]([n:74]4[cH:26][n:43][c:54]5[c:53]([NH2:7])[n:42][cH:24][n:44][c:55]54)[C@H:66]([O:47][P:78](=[O:9])([O-:12])[O-:13])[C@@H:65]3[OH:20])[C@@H:64]([OH:19])[C@H:63]2[OH:18])[cH:28]1.[OH2:1],1,4,1.11
recon3d_156,[CH3:1][c:33]1[cH:18][c:40]2[n:26][c:35]3[c:39](=[O:5])[nH:29][c:38](=[O:4])[n:25][c:37]-3[n:52]([CH2:23][CH:45]([OH:13])[CH:47]([OH:14])[CH:44]([OH:12])[CH2:21][O:31][P:53](=[O:6])([O-:8])[O:9][P:54](=[O:7])([O-:11])[O:32][CH2:22][CH:46]3[O:30][CH:50]([n:51]4[cH:20][n:27][c:41]5[c:36]([NH2:3])[n:24][cH:17][n:28][c:42]54)[CH:49]([OH:16])[CH:48]3[OH:15])[c:43]2[cH:19][c:34]1[CH3:2].[OH2:10]>>[CH3:1][c:33]1[cH:18][c:40]2[n:26][c:35]3[c:39](=[O:5])[nH:29][c:38](=[O:4])[n:25][c:37]-3[n:52]([CH2:23][CH:45]([OH:13])[CH:47]([OH:14])[CH:44]([OH:12])[CH2:21][O:31][P:53](=[O:6])([O-:8])[O-:9])[c:43]2[cH:19][c:34]1[CH3:2].[NH2:3][c:36]1[n:24][cH:17][n:28][c:42]2[c:41]1[n:27][cH:20][n:51]2[CH:50]1[O:30][CH:46]([CH2:22][O:32][P:54](=[O:7])([O-:10])[O-:11])[CH:48]([OH:15])[CH:49]1[OH:16],1,2,0.22
recon3d_157,[NH:1]([CH:11]([CH2:10][C:17](=[O:4])[O-:7])[C:18](=[O:5])[O-:8])[C:16](=[NH2+:2])[NH:15][CH2:13][CH2:12][CH2:14][C@H:20]([NH3+:3])[C:19](=[O:6])[O-:9]>>[NH2:1][C:16](=[NH2+:2])[NH:15][CH2:13][CH2:12][CH2:14][C@H:20]([NH3+:3])[C:19](=[O:6])[O-:9].[O:4]=[C:17]([O-:7])/[CH:10]=[CH:11]/[C:18](=[O:5])[O-:8],1,2,0.26
recon3d_158,[NH2:1][c:35]1[n:23][cH:16][n:27][c:39]2[c:37]1[n:25][cH:18][n:48]2[C@@H:43]1[O:29][C@H:45]([CH2:20][O:31][P:52](=[O:5])([O-:11])[O:33][P:50](=[O:3])([O:7][P:51](=[O:4])([O-:9])[O-:10])[O-:8])[C@@H:42]([OH:14])[C@H:41]1[OH:13].[NH2:2][c:36]1[n:24][cH:17][n:28][c:40]2[c:38]1[n:26][cH:19][n:49]2[C@H:47]1[CH2:22][C@H:44]([OH:15])[C@@H:46]([CH2:21][O:32][P:53](=[O:6])([O-:12])[O-:34])[O:30]1>>[NH2:1][c:35]1[n:23][cH:16][n:27][c:39]2[c:37]1[n:25][cH:18][n:48]2[C@@H:43]1[O:29][C@H:45]([CH2:20][O:31][P:52](=[O:5])([O-:11])[O:33][P:50](=[O:3])([O-:7])[O-:8])[C@@H:42]([OH:14])[C@H:41]1[OH:13].[NH2:2][c:36]1[n:24][cH:17][n:28][c:40]2[c:38]1[n:26][cH:19][n:49]2[C@H:47]1[CH2:22][C@H:44]([OH:15])[C@@H:46]([CH2:21][O:32][P:53](=[O:6])([O-:12])[O:34][P:51](=[O:4])([O-:9])[O-:10])[O:30]1,1,2,1.10
recon3d_159,[CH3:1][C@H:6]([NH3+:2])[C:5](=[O:3])[O-:4]>>[CH3:1][C@@H:6]([NH3+:2])[C:5](=[O:3])[O-:4],1,0,0.00
recon3d_160,[CH3:1][CH2:21][CH2:23][CH2:25][CH2:27][CH2:26][CH2:24][CH2:22][CH2:17]/[CH:18]=[CH:32]/[C:47](=[O:6])[S:45][CH2:30][CH2:28][NH:38][C:46](=[O:5])[CH2:31][CH2:29][NH:39][C:48](=[O:7])[C@H:56]([OH:16])[C:58]([CH3:2])([CH3:3])[CH2:34][O:43][P:61](=[O:10])([O-:14])[O:44][P:60](=[O:9])([O-:13])[O:42][CH2:33][C@H:55]1[O:40][C@@H:54]([n:57]2[cH:20][n:36][c:50]3[c:49]([NH2:4])[n:35][cH:19][n:37][c:51]32)[C@H:52]([OH:15])[C@@H:53]1[O:41][P:59](=[O:8])([O-:11])[O-:12]>>[CH3:1][CH2:21][CH2:23][CH2:25][CH2:27][CH2:26][CH2:24][CH2:22]/[CH:17]=[CH:18]\[CH2:32][C:47](=[O:6])[S:45][CH2:30][CH2:28][NH:38][C:46](=[O:5])[CH2:31][CH2:29][NH:39][C:48](=[O:7])[C@H:56]([OH:16])[C:58]([CH3:2])([CH3:3])[CH2:34][O:43][P:61](=[O:10])([O-:14])[O:44][P:60](=[O:9])([O-:13])[O:42][CH2:33][C@H:55]1[O:40][C@@H:54]([n:57]2[cH:20][n:36][c:50]3[c:49]([NH2:4])[n:35][cH:19][n:37][c:51]32)[C@H:52]([OH:15])[C@@H:53]1[O:41][P:59](=[O:8])([O-:11])[O-:12],1,2,1.51
recon3d_161,[NH2:2][C:42](=[O:6])[C:45]1=[CH:29][N:62]([C@@H:57]2[O:36][C@H:59]([CH2:31][O:39][P:64](=[O:10])([O-:15])[O:41][P:65](=[O:11])([O-:16])[O:40][CH2:32][C@H:60]3[O:37][C@@H:56]([n:61]4[cH:27][n:34][c:50]5[c:49]([NH2:4])[n:33][cH:23][n:35][c:51]54)[C@H:55]([O:38][P:63](=[O:9])([O-:13])[O-:14])[C@@H:54]3[OH:20])[C@@H:53]([OH:19])[C@H:52]2[OH:18])[CH:28]=[CH:22][CH2:24]1.[NH2:3][c:48]1[cH:46][cH:25][cH:21][cH:26][c:47]1[C:43](=[O:7])[CH2:30][C@H:58]([NH3+:5])[C:44](=[O:8])[O-:12].[O:1]=[O:17]>>[NH2:2][C:42](=[O:6])[c:45]1[cH:24][cH:22][cH:28][n+:62]([C@@H:57]2[O:36][C@H:59]([CH2:31][O:39][P:64](=[O:10])([O-:15])[O:41][P:65](=[O:11])([O-:16])[O:40][CH2:32][C@H:60]3[O:37][C@@H:56]([n:61]4[cH:27][n:34][c:50]5[c:49]([NH2:4])[n:33][cH:23][n:35][c:51]54)[C@H:55]([O:38][P:63](=[O:9])([O-:13])[O-:14])[C@@H:54]3[OH:20])[C@@H:53]([OH:19])[C@H:52]2[OH:18])[cH:29]1.[NH2:3][c:48]1[c:46]([OH:17])[cH:25][cH:21][cH:26][c:47]1[C:43](=[O:7])[CH2:30][C@H:58]([NH3+:5])[C:44](=[O:8])[O-:12].[OH2:1],1,4,1.93
recon3d_162,[NH2:1][CH:7]([C:6](=[O:2])[O-:3])[CH2:8][S:9](=[O:4])[O-:5]>>[NH3+:1][CH2:7][CH2:8][S:9](=[O:4])[O-:5].[O:2]=[C:6]=[O:3],1,2,0.01
recon3d_163,[CH3:1][C@H:67]([OH:10])[C@H:77]([CH3:2])[C:68](=[O:11])[S:64][CH2:39][CH2:37][NH:52][C:65](=[O:8])[CH2:40][CH2:38][NH:53][C:69](=[O:12])[C@H:90]([OH:29])[C:94]([CH3:3])([CH3:4])[CH2:45][O:61][P:99](=[O:17])([O-:23])[O:63][P:98](=[O:16])([O-:22])[O:60][CH2:44][C@H:89]1[O:56][C@@H:86]([n:93]2[cH:36][n:49][c:74]3[c:72]([NH2:7])[n:47][cH:34][n:51][c:76]32)[C@H:82]([OH:28])[C@@H:83]1[O:57][P:95](=[O:13])([O-:18])[O-:19].[NH2:5][C:66](=[O:9])[c:70]1[cH:32][n+:91]([C@@H:84]2[O:54][C@H:87]([CH2:42][O:58][P:96](=[O:14])([O-:20])[O:62][P:97](=[O:15])([O-:21])[O:59][CH2:43][C@H:88]3[O:55][C@@H:85]([n:92]4[cH:35][n:48][c:73]5[c:71]([NH2:6])[n:46][cH:33][n:50][c:75]54)[C@H:79]([OH:25])[C@@H:81]3[OH:27])[CH:80]([OH:26])[C@H:78]2[OH:24])[cH:31][cH:30][cH:41]1>>[CH3:1][C:67](=[O:10])[CH:77]([CH3:2])[C:68](=[O:11])[S:64][CH2:39][CH2:37][NH:52][C:65](=[O:8])[CH2:40][CH2:38][NH:53][C:69](=[O:12])[C@H:90]([OH:29])[C:94]([CH3:3])([CH3:4])[CH2:45][O:61][P:99](=[O:17])([O-:23])[O:63][P:98](=[O:16])([O-:22])[O:60][CH2:44][C@H:89]1[O:56][C@@H:86]([n:93]2[cH:36][n:49][c:74]3[c:72]([NH2:7])[n:47][cH:34][n:51][c:76]32)[C@H:82]([OH:28])[C@@H:83]1[O:57][P:95](=[O:13])([O-:18])[O-:19].[NH2:5][C:66](=[O:9])[C:70]1=[CH:32][N:91]([C@@H:84]2[O:54][C@H:87]([CH2:42][O:58][P:96](=[O:14])([O-:20])[O:62][P:97](=[O:15])([O-:21])[O:59][CH2:43][C@H:88]3[O:55][C@@H:85]([n:92]4[cH:35][n:48][c:73]5[c:71]([NH2:6])[n:46][cH:33][n:50][c:75]54)[CH:79]([OH:25])[CH:81]3[OH:27])[CH:80]([OH:26])[CH:78]2[OH:24])[CH:31]=[CH:30][CH2:41]1,1,2,6.83
recon3d_164,[CH3:1][C:11]([NH:3][C@@H:13]([CH2:10][CH2:9][CH2:8][NH3+:2])[C:12](=[O:5])[O-:7])=[O:4].[OH2:6]>>[CH3:1][C:11](=[O:4])[O-:6].[NH3+:2][CH2:8][CH2:9][CH2:10][C@H:13]([NH3+:3])[C:12](=[O:5])[O-:7],1,2,0.01
recon3d_165,[O:1]=[C:14]([O-:2])[C@H:17]1[O:20][C@H:28]([O:23][P:37](=[O:6])([O-:8])[O:24][P:36](=[O:5])([O-:7])[O:22][CH2:18][C@H:33]2[O:21][C@@H:27]([n:35]3[cH:16][cH:15][c:25](=[O:3])[nH:19][c:26]3=[O:4])[C@H:34]([OH:13])[C@H:30]2[OH:10])[C@@H:31]([OH:11])[C@@H:29]([OH:9])[C@@H:32]1[OH:12]>>[O:1]=[C:14]=[O:2].[O:3]=[c:25]1[cH:15][cH:16][n:35]([CH:27]2[O:21][C@H:33]([CH2:18][O:22][P:36](=[O:5])([O-:7])[O:24][P:37](=[O:6])([O-:8])[O:23][C@H:28]3[O:20][CH2:17][C@@H:32]([OH:12])[C@H:29]([OH:9])[C@H:31]3[OH:11])[C@@H:30]([OH:10])[C@H:34]2[OH:13])[c:26](=[O:4])[nH:19]1,1,2,1.25
recon3d_166,[O:1]=[C:10]([O-:2])[C:11](=[O:3])[CH2:4][c:12]1[cH:8][cH:6][cH:5][cH:7][cH:9]1>>[O:1]=[C:10]([OH:2])/[C:11]([OH:3])=[CH:4]/[c:12]1[cH:8][cH:6][cH:5][cH:7][cH:9]1,1,1,0.08
recon3d_167,[CH3:1][CH2:11][CH2:14][CH2:15][CH2:12]/[CH:5]=[CH:8]\[CH2:19][C@H:23]([O:20][OH:4])/[CH:24]=[CH:10]/[CH:9]=[CH:22]\[CH2:18]/[CH:7]=[CH:6]\[CH2:13][CH2:16][CH2:17][C:21](=[O:2])[O-:3]>>[CH3:1][CH2:11][CH2:14][CH2:15][CH2:12]/[CH:5]=[CH:8]\[CH2:19][C@@H:23]1[O:20][C@@H:24]1/[CH:10]=[CH:9]/[CH:22]([OH:4])[CH2:18]/[CH:7]=[CH:6]\[CH2:13][CH2:16][CH2:17][C:21](=[O:2])[O-:3],1,3,0.07
recon3d_168,[NH2:1][c:34]1[cH:18][cH:19][n:46]([C@H:45]2[CH2:23][C@H:42]([OH:16])[C@@H:44]([CH2:22][O:31][P:51](=[O:7])([O-:13])[O-:33])[O:29]2)[c:36](=[O:3])[n:25]1.[NH2:2][c:35]1[n:24][cH:17][n:27][c:38]2[c:37]1[n:26][cH:20][n:47]2[C@@H:41]1[O:28][C@H:43]([CH2:21][O:30][P:50](=[O:6])([O-:12])[O:32][P:48](=[O:4])([O:8][P:49](=[O:5])([O-:10])[O-:11])[O-:9])[C@@H:40]([OH:15])[C@H:39]1[OH:14]>>[NH2:1][c:34]1[cH:18][cH:19][n:46]([C@H:45]2[CH2:23][C@H:42]([OH:16])[C@@H:44]([CH2:22][O:31][P:51](=[O:7])([O-:13])[O:33][P:49](=[O:5])([O-:10])[O-:11])[O:29]2)[c:36](=[O:3])[n:25]1.[NH2:2][c:35]1[n:24][cH:17][n:27][c:38]2[c:37]1[n:26][cH:20][n:47]2[C@@H:41]1[O:28][C@H:43]([CH2:21][O:30][P:50](=[O:6])([O-:12])[O:32][P:48](=[O:4])([O-:8])[O-:9])[C@@H:40]([OH:15])[C@H:39]1[OH:14],1,2,0.95
recon3d_169,[CH3:1][CH2:20][CH2:21][CH2:22][CH2:23][CH2:24][CH2:25][CH2:26][CH2:27][CH2:28][CH2:29][CH2:30][CH2:35]/[CH:56]=[CH:36]/[C:51](=[O:6])[S:49][CH2:33][CH2:31][NH:42][C:50](=[O:5])[CH2:34][CH2:32][NH:43][C:52](=[O:7])[C@H:61]([OH:17])[C:63]([CH3:2])([CH3:3])[CH2:38][O:47][P:66](=[O:10])([O-:14])[O:48][P:65](=[O:9])([O-:13])[O:46][CH2:37][C@H:60]1[O:44][C@@H:59]([n:62]2[cH:19][n:40][c:54]3[c:53]([NH2:4])[n:39][cH:18][n:41][c:55]32)[C@H:57]([OH:16])[C@@H:58]1[O:45][P:64](=[O:8])([O-:11])[O-:12].[OH2:15]>>[CH3:1][CH2:20][CH2:21][CH2:22][CH2:23][CH2:24][CH2:25][CH2:26][CH2:27][CH2:28][CH2:29][CH2:30][CH2:35][C@H:56]([OH:15])[CH2:36][C:51](=[O:6])[S:49][CH2:33][CH2:31][NH:42][C:50](=[O:5])[CH2:34][CH2:32][NH:43][C:52](=[O:7])[C@H:61]([OH:17])[C:63]([CH3:2])([CH3:3])[CH2:38][O:47][P:66](=[O:10])([O-:14])[O:48][P:65](=[O:9])([O-:13])[O:46][CH2:37][C@H:60]1[O:44][C@@H:59]([n:62]2[cH:19][n:40][c:54]3[c:53]([NH2:4])[n:39][cH:18][n:41][c:55]32)[C@H:57]([OH:16])[C@@H:58]1[O:45][P:64](=[O:8])([O-:11])[O-:12],1,2,0.43
recon3d_170,[O:1]=[C:13]([O:4][P:15](=[O:2])([O-:5])[O-:6])[C@H:14]([OH:9])[CH2:11][O:12][P:16](=[O:3])([O-:7])[O-:8].[OH2:10]>>[O:1]=[C:13]([O-:4])[C@H:14]([OH:9])[CH2:11][O:12][P:16](=[O:3])([O-:7])[O-:8].[O:2]=[P:15]([O-:5])([O-:6])[OH:10],1,2,0.02
recon3d_171,[NH2:1][c:15]1[n:11][c:18]2[c:17]([n:10][cH:8][n:23]2[C@@H:21]2[O:13][CH:22]3[CH2:9][O:14][P:24](=[O:3])([O-:4])[O:5][CH:20]3[CH:19]2[OH:6])[c:16](=[O:2])[nH:12]1.[OH2:7]>>[NH2:1][c:15]1[n:11][c:18]2[c:17]([n:10][cH:8][n:23]2[C@@H:21]2[O:13][C@H:22]([CH2:9][O:14][P:24](=[O:3])([O-:4])[O-:5])[CH:20]([OH:7])[CH:19]2[OH:6])[c:16](=[O:2])[nH:12]1,1,2,0.05
recon3d_172,[CH3:1][CH2:32][CH2:34][CH2:35][CH2:33]/[CH:26]=[CH:27]\[CH2:40][C@@H:63]([OH:18])/[CH:29]=[CH:25]/[CH:23]=[CH:22]/[CH:24]=[CH:28]\[C@@H:53]([OH:5])[CH2:38][CH2:36][CH2:37][C:52](=[O:4])[O-:10].[NH2:2][C:54](=[O:6])[c:55]1[cH:21][n+:68]([C@@H:64]2[O:46][C@H:66]([CH2:41][O:49][P:71](=[O:8])([O-:13])[O:51][P:72](=[O:9])([O-:14])[O:50][CH2:42][C@H:67]3[O:47][C@@H:65]([n:69]4[cH:31][n:44][c:57]5[c:56]([NH2:3])[n:43][cH:30][n:45][c:58]54)[C@H:62]([O:48][P:70](=[O:7])([O-:11])[O-:12])[C@@H:61]3[OH:17])[C@@H:60]([OH:16])[C@H:59]2[OH:15])[cH:20][cH:19][cH:39]1>>[CH3:1][CH2:32][CH2:34][CH2:35][CH2:33]/[CH:26]=[CH:27]/[CH2:40][C@H:63]([OH:18])/[CH:29]=[CH:25]/[CH:23]=[CH:22]/[CH:24]=[CH:28]/[C:53](=[O:5])[CH2:38][CH2:36][CH2:37][C:52](=[O:4])[O-:10].[NH2:2][C:54](=[O:6])[C:55]1=[CH:21][N:68]([C@@H:64]2[O:46][C@H:66]([CH2:41][O:49][P:71](=[O:8])([O-:13])[O:51][P:72](=[O:9])([O-:14])[O:50][CH2:42][C@H:67]3[O:47][C@@H:65]([n:69]4[cH:31][n:44][c:57]5[c:56]([NH2:3])[n:43][cH:30][n:45][c:58]54)[C@H:62]([O:48][P:70](=[O:7])([O-:11])[O-:12])[C@@H:61]3[OH:17])[C@@H:60]([OH:16])[C@H:59]2[OH:15])[CH:20]=[CH:19][CH2:39]1,1,2,3.90
recon3d_173,[NH2:1][c:34]1[cH:18][cH:19][n:47]([C@@H:42]2[O:28][C@H:44]([CH2:21][O:30][P:51](=[O:7])([O-:13])[O-:32])[C@@H:41]([OH:16])[C@H:40]2[OH:15])[c:37](=[O:4])[n:24]1.[NH2:2][c:35]1[n:26][c:39]2[c:38]([n:25][cH:20][n:48]2[C@H:46]2[CH2:23][C@H:43]([OH:17])[C@@H:45]([CH2:22][O:31][P:52](=[O:8])([O-:14])[O:33][P:50](=[O:6])([O:11][P:49](=[O:5])([O-:9])[O-:10])[O-:12])[O:29]2)[c:36](=[O:3])[nH:27]1>>[NH2:1][c:34]1[cH:18][cH:19][n:47]([C@@H:42]2[O:28][C@H:44]([CH2:21][O:30][P:51](=[O:7])([O-:13])[O:32][P:49](=[O:5])([O-:9])[O-:10])[C@@H:41]([OH:16])[C@H:40]2[OH:15])[c:37](=[O:4])[n:24]1.[NH2:2][c:35]1[n:26][c:39]2[c:38]([n:25][cH:20][n:48]2[C@H:46]2[CH2:23][C@H:43]([OH:17])[C@@H:45]([CH2:22][O:31][P:52](=[O:8])([O-:14])[O:33][P:50](=[O:6])([O-:11])[O-:12])[O:29]2)[c:36](=[O:3])[nH:27]1,1,2,1.48
recon3d_174,[CH3:1][C@:55]12[CH2:28][CH2:21][CH:40]([OH:31])[CH2:25][CH:51]1[CH2:24][CH2:23][CH:49]1[CH:52]2[CH2:26][CH2:29][C@:56]2([CH3:2])[C:37](=[O:4])[CH2:20][CH2:27][CH:53]12.[O:3]=[C:36]([O-:12])[CH:43]1[O:32][CH:42]([O:9][P:57](=[O:7])([O-:10])[O:35][P:58](=[O:8])([O-:11])[O:34][CH2:22][CH:41]2[O:33][CH:50]([n:54]3[cH:19][cH:18][c:38](=[O:5])[nH:30][c:39]3=[O:6])[CH:48]([OH:17])[CH:44]2[OH:13])[CH:45]([OH:14])[CH:47]([OH:16])[CH:46]1[OH:15]>>[CH3:1][C@:55]12[CH2:28][CH2:21][CH:40]([O:31][CH:42]3[O:32][CH:43]([C:36](=[O:3])[OH:12])[CH:46]([OH:15])[CH:47]([OH:16])[CH:45]3[OH:14])[CH2:25][CH:51]1[CH2:24][CH2:23][CH:49]1[CH:52]2[CH2:26][CH2:29][C@:56]2([CH3:2])[C:37](=[O:4])[CH2:20][CH2:27][CH:53]12.[O:5]=[c:38]1[cH:18][cH:19][n:54]([CH:50]2[O:33][CH:41]([CH2:22][O:34][P:58](=[O:8])([O-:11])[O:35][P:57](=[O:7])([O-:9])[O-:10])[CH:44]([OH:13])[CH:48]2[OH:17])[c:39](=[O:6])[nH:30]1,1,2,1.80
recon3d_175,[NH2:1][c:21]1[n:14][cH:11][n:16][c:23]2[c:22]1[n:15][cH:12][n:28]2[C@@H:27]1[O:17][C@H:24]([CH2:13][O:19][P:31](=[O:4])([O-:8])[O:10][P:30](=[O:3])([O-:7])[O:18][P:29](=[O:2])([O-:5])[O-:6])[C@@H:25]([OH:20])[C@H:26]1[OH:9]>>[NH2:1][c:21]1[n:14][cH:11][n:16][c:23]2[c:22]1[n:15][cH:12][n:28]2[C@@H:27]1[O:17][CH:24]2[CH2:13][O:19][P:31](=[O:4])([O-:8])[O:20][CH:25]2[C@H:26]1[OH:9].[O:2]=[P:29]([O-:5])([O-:6])[O:18][P:30](=[O:3])([O-:7])[OH:10],1,2,0.06
recon3d_176,[O:1]=[c:33]1[cH:20][cH:21][n:49]([C@@H:44]2[O:27][C@H:46]([CH2:23][O:30][P:51](=[O:4])([O-:8])[O:32][P:52](=[O:5])([O-:9])[O:31][C@H:36]3[O:26][C@H:45]([CH2:22][OH:10])[C@@H:39]([OH:14])[C@H:37]([OH:12])[C@H:40]3[OH:15])[C@@H:41]([OH:16])[C@H:38]2[OH:13])[c:34](=[O:2])[nH:25]1.[O:3]=[P:50]([O-:6])([O-:7])[O:29][C@H:35]1[O:28][C@H:47]([CH2:24][OH:11])[C@H:42]([OH:17])[C@H:43]([OH:18])[C@H:48]1[OH:19]>>[O:1]=[c:33]1[cH:20][cH:21][n:49]([C@@H:44]2[O:27][C@H:46]([CH2:23][O:30][P:51](=[O:4])([O-:8])[O:32][P:52](=[O:5])([O-:9])[O:31][C@H:36]3[O:26][C@H:45]([CH2:22][OH:10])[C@H:39]([OH:14])[C@H:37]([OH:12])[C@H:40]3[OH:15])[C@@H:41]([OH:16])[C@H:38]2[OH:13])[c:34](=[O:2])[nH:25]1.[O:3]=[P:50]([O-:6])([O-:7])[O:29][CH:35]1[O:28][C@H:47]([CH2:24][OH:11])[C@@H:42]([OH:17])[C@H:43]([OH:18])[C@H:48]1[OH:19],1,0,0.23
recon3d_177,[NH2:1][c:35]1[n:23][cH:15][n:27][c:39]2[c:37]1[n:25][cH:17][n:47]2[C@H:45]1[CH2:21][C@H:41]([OH:13])[C@@H:43]([CH2:19][O:31][P:51](=[O:5])([O-:11])[O-:33])[O:29]1.[NH2:2][c:36]1[n:24][cH:16][n:28][c:40]2[c:38]1[n:26][cH:18][n:48]2[C@H:46]1[CH2:22][C@H:42]([OH:14])[C@@H:44]([CH2:20][O:32][P:52](=[O:6])([O-:12])[O:34][P:50](=[O:4])([O:9][P:49](=[O:3])([O-:7])[O-:8])[O-:10])[O:30]1>>[NH2:1][c:35]1[n:23][cH:15][n:27][c:39]2[c:37]1[n:25][cH:17][n:47]2[C@H:45]1[CH2:21][C@H:41]([OH:13])[C@@H:43]([CH2:19][O:31][P:51](=[O:5])([O-:11])[O:33][P:49](=[O:3])([O-:7])[O-:8])[O:29]1.[NH2:2][c:36]1[n:24][cH:16][n:28][c:40]2[c:38]1[n:26][cH:18][n:48]2[C@H:46]1[CH2:22][C@H:42]([OH:14])[C@@H:44]([CH2:20][O:32][P:52](=[O:6])([O-:12])[O:34][P:50](=[O:4])([O-:9])[O-:10])[O:30]1,1,2,1.73
recon3d_178,[CH3:1][C@H:65]([OH:7])[CH2:40][C:67](=[O:9])[S:64][CH2:38][CH2:36][NH:52][C:66](=[O:8])[CH2:39][CH2:37][NH:53][C:69](=[O:11])[C@H:89]([OH:28])[C:93]([CH3:2])([CH3:3])[CH2:45][O:61][P:98](=[O:16])([O-:22])[O:63][P:97](=[O:15])([O-:21])[O:60][CH2:44][C@H:88]1[O:56][C@@H:85]([n:92]2[cH:35][n:49][c:74]3[c:72]([NH2:6])[n:47][cH:33][n:51][c:76]32)[C@H:81]([OH:27])[C@@H:82]1[O:57][P:94](=[O:12])([O-:17])[O-:18].[NH2:4][C:68](=[O:10])[c:70]1[cH:31][n+:90]([C@@H:83]2[O:54][C@H:86]([CH2:42][O:58][P:95](=[O:13])([O-:19])[O:62][P:96](=[O:14])([O-:20])[O:59][CH2:43][C@H:87]3[O:55][C@@H:84]([n:91]4[cH:34][n:48][c:73]5[c:71]([NH2:5])[n:46][cH:32][n:50][c:75]54)[C@H:78]([OH:24])[C@@H:80]3[OH:26])[CH:79]([OH:25])[C@H:77]2[OH:23])[cH:30][cH:29][cH:41]1>>[CH3:1][C:65](=[O:7])[CH2:40][C:67](=[O:9])[S:64][CH2:38][CH2:36][NH:52][C:66](=[O:8])[CH2:39][CH2:37][NH:53][C:69](=[O:11])[C@H:89]([OH:28])[C:93]([CH3:2])([CH3:3])[CH2:45][O:61][P:98](=[O:16])([O-:22])[O:63][P:97](=[O:15])([O-:21])[O:60][CH2:44][C@H:88]1[O:56][C@@H:85]([n:92]2[cH:35][n:49][c:74]3[c:72]([NH2:6])[n:47][cH:33][n:51][c:76]32)[C@H:81]([OH:27])[C@@H:82]1[O:57][P:94](=[O:12])([O-:17])[O-:18].[NH2:4][C:68](=[O:10])[C:70]1=[CH:31][N:90]([C@@H:83]2[O:54][C@H:86]([CH2:42][O:58][P:95](=[O:13])([O-:19])[O:62][P:96](=[O:14])([O-:20])[O:59][CH2:43][C@H:87]3[O:55][C@@H:84]([n:91]4[cH:34][n:48][c:73]5[c:71]([NH2:5])[n:46][cH:32][n:50][c:75]54)[CH:78]([OH:24])[CH:80]3[OH:26])[CH:79]([OH:25])[CH:77]2[OH:23])[CH:30]=[CH:29][CH2:41]1,1,2,7.27
recon3d_179,[CH3:1][C:47](=[CH2:24])[C:39](=[O:6])[S:37][CH2:22][CH2:20][NH:30][C:38](=[O:5])[CH2:23][CH2:21][NH:31][C:40](=[O:7])[C@H:49]([OH:17])[C:51]([CH3:2])([CH3:3])[CH2:26][O:35][P:54](=[O:10])([O-:14])[O:36][P:53](=[O:9])([O-:13])[O:34][CH2:25][C@H:48]1[O:32][C@@H:46]([n:50]2[cH:19][n:28][c:42]3[c:41]([NH2:4])[n:27][cH:18][n:29][c:43]32)[C@H:44]([OH:16])[C@@H:45]1[O:33][P:52](=[O:8])([O-:11])[O-:12].[OH2:15]>>[CH3:1][C@@H:47]([CH2:24][OH:15])[C:39](=[O:6])[S:37][CH2:22][CH2:20][NH:30][C:38](=[O:5])[CH2:23][CH2:21][NH:31][C:40](=[O:7])[C@H:49]([OH:17])[C:51]([CH3:2])([CH3:3])[CH2:26][O:35][P:54](=[O:10])([O-:14])[O:36][P:53](=[O:9])([O-:13])[O:34][CH2:25][C@H:48]1[O:32][C@@H:46]([n:50]2[cH:19][n:28][c:42]3[c:41]([NH2:4])[n:27][cH:18][n:29][c:43]32)[C@H:44]([OH:16])[C@@H:45]1[O:33][P:52](=[O:8])([O-:11])[O-:12],1,2,0.24
recon3d_180,[CH3:1][C:19]([CH3:2])=[CH:7][CH2:9][CH2:15][C@@H:25]([CH3:3])[C@H:26]1[CH2:16][CH2:12][CH:23]2[C:20]3=[C:22]([CH2:11][CH2:18][C@@:28]21[CH3:5])[C@@:27]1([CH3:4])[CH2:17][CH2:13][C@H:24]([OH:6])[CH2:14][CH:21]1[CH2:10][CH2:8]3>>[CH3:1][C:19]([CH3:2])=[CH:7][CH2:9][CH2:15][C@@H:25]([CH3:3])[C@H:26]1[CH2:16][CH2:12][CH:23]2[C:20]3=[CH:8][CH2:10][CH:21]4[CH2:14][C@@H:24]([OH:6])[CH2:13][CH2:17][C@:27]4([CH3:4])[CH:22]3[CH2:11][CH2:18][C@@:28]21[CH3:5],1,2,1.22
recon3d_181,[CH3:1][C:52]([CH3:2])([CH2:27][O:36][P:55](=[O:10])([O-:15])[O:37][P:54](=[O:9])([O-:14])[O:35][CH2:26][C@H:49]1[O:33][C@@H:48]([n:51]2[cH:19][n:29][c:44]3[c:43]([NH2:3])[n:28][cH:18][n:30][c:45]32)[C@H:46]([OH:16])[C@@H:47]1[O:34][P:53](=[O:8])([O-:12])[O-:13])[C@@H:50]([OH:17])[C:42](=[O:7])[NH:32][CH2:21][CH2:24][C:40](=[O:5])[NH:31][CH2:20][CH2:22][S:38][C:41](=[O:6])[C@H:23]([CH3:25])[C:39](=[O:4])[O-:11]>>[CH3:1][C:52]([CH3:2])([CH2:27][O:36][P:55](=[O:10])([O-:15])[O:37][P:54](=[O:9])([O-:14])[O:35][CH2:26][C@H:49]1[O:33][C@@H:48]([n:51]2[cH:19][n:29][c:44]3[c:43]([NH2:3])[n:28][cH:18][n:30][c:45]32)[C@H:46]([OH:16])[C@@H:47]1[O:34][P:53](=[O:8])([O-:12])[O-:13])[C@@H:50]([OH:17])[C:42](=[O:7])[NH:32][CH2:21][CH2:24][C:40](=[O:5])[NH:31][CH2:20][CH2:22][S:38][C:41](=[O:6])[CH2:25][CH2:23][C:39](=[O:4])[O-:11],1,4,1.35
recon3d_182,[NH2:1][c:21]1[n:15][c:24]2[c:23]([n:14][cH:12][n:29]2[C@@H:28]2[O:17][C@H:25]([CH2:13][O:19][P:32](=[O:5])([O-:9])[O:11][P:31](=[O:4])([O-:8])[O:18][P:30](=[O:3])([O-:6])[O-:7])[C@@H:26]([OH:20])[C@H:27]2[OH:10])[c:22](=[O:2])[nH:16]1>>[NH2:1][c:21]1[n:15][c:24]2[c:23]([n:14][cH:12][n:29]2[C@@H:28]2[O:17][CH:25]3[CH2:13][O:19][P:32](=[O:5])([O-:9])[O:20][CH:26]3[C@H:27]2[OH:10])[c:22](=[O:2])[nH:16]1.[O:3]=[P:30]([O-:6])([O-:7])[O:18][P:31](=[O:4])([O-:8])[OH:11],1,2,0.06
recon3d_183,[OH2:2].[nH:1]1[cH:9][n:13][c:18]2[c:17]([n:12][cH:10][n:23]2[C@@H:21]2[O:14][C@H:22]([CH2:11][O:15][P:24](=[O:4])([O-:5])[O-:6])[CH:20]([OH:8])[CH:19]2[OH:7])[c:16]1=[O:3]>>[NH2:1][C:16](=[O:3])[c:17]1[n:12][cH:10][n:23]([C@@H:21]2[O:14][C@H:22]([CH2:11][O:15][P:24](=[O:4])([O-:5])[O-:6])[C@@H:20]([OH:8])[C@H:19]2[OH:7])[c:18]1[NH:13][CH:9]=[O:2],1,2,0.04
recon3d_184,[NH3+:1][C@@H:13]([CH2:10][CH2:2][S:9][CH2:11][C@H:15]([NH3+:3])[C:14](=[O:6])[O-:8])[C:12](=[O:4])[O-:7].[OH2:5]>>[CH3:2][CH2:10][C:13](=[O:5])[C:12](=[O:4])[O-:7].[NH3+:3][C@@H:15]([CH2:11][SH:9])[C:14](=[O:6])[O-:8].[NH4+:1],1,5,0.02
recon3d_185,[NH2:1][c:16]1[n:12][cH:8][n:14][c:18]2[c:17]1[n:13][cH:9][n:22]2[CH:21]1[CH2:11][CH:19]([OH:6])[CH:20]([CH2:10][O:7][P:23](=[O:2])([O-:3])[O-:4])[O:15]1.[OH2:5]>>[NH2:1][c:16]1[n:12][cH:8][n:14][c:18]2[c:17]1[n:13][cH:9][n:22]2[CH:21]1[CH2:11][CH:19]([OH:6])[CH:20]([CH2:10][OH:5])[O:15]1.[O:2]=[P:23]([O-:3])([O-:4])[OH:7],1,2,0.04
recon3d_186,[CH3:1][CH2:37][CH2:38][CH2:39][CH2:48][C:78]([CH2:2][C:77](=[O:11])[S:73][CH2:44][CH2:40][NH:59][C:75](=[O:9])[CH2:46][CH2:42][NH:61][C:79](=[O:13])[CH:95]([OH:31])[C:99]([CH3:3])([CH3:4])[CH2:51][O:69][P:105](=[O:19])([O-:27])[O:71][P:103](=[O:17])([O-:25])[O:67][CH2:49][CH:87]1[O:63][CH:93]([n:97]2[cH:35][n:55][c:83]3[c:81]([NH2:7])[n:53][cH:33][n:57][c:85]32)[CH:89]([OH:29])[CH:91]1[O:65][P:101](=[O:15])([O-:21])[O-:22])=[O:12].[CH3:5][C:100]([CH3:6])([CH2:52][O:70][P:106](=[O:20])([O-:28])[O:72][P:104](=[O:18])([O-:26])[O:68][CH2:50][CH:88]1[O:64][CH:94]([n:98]2[cH:36][n:56][c:84]3[c:82]([NH2:8])[n:54][cH:34][n:58][c:86]32)[CH:90]([OH:30])[CH:92]1[O:66][P:102](=[O:16])([O-:23])[O-:24])[CH:96]([OH:32])[C:80](=[O:14])[NH:62][CH2:43][CH2:47][C:76](=[O:10])[NH:60][CH2:41][CH2:45][SH:74]>>[CH3:1][CH2:37][CH2:38][CH2:39][CH2:48][C:78](=[O:12])[S:74][CH2:45][CH2:41][NH:60][C:76](=[O:10])[CH2:47][CH2:43][NH:62][C:80](=[O:14])[CH:96]([OH:32])[C:100]([CH3:5])([CH3:6])[CH2:52][O:70][P:106](=[O:20])([O-:28])[O:72][P:104](=[O:18])([O-:26])[O:68][CH2:50][CH:88]1[O:64][CH:94]([n:98]2[cH:36][n:56][c:84]3[c:82]([NH2:8])[n:54][cH:34][n:58][c:86]32)[CH:90]([OH:30])[CH:92]1[O:66][P:102](=[O:16])([O-:23])[O-:24].[CH3:2][C:77](=[O:11])[S:73][CH2:44][CH2:40][NH:59][C:75](=[O:9])[CH2:46][CH2:42][NH:61][C:79](=[O:13])[CH:95]([OH:31])[C:99]([CH3:3])([CH3:4])[CH2:51][O:69][P:105](=[O:19])([O-:27])[O:71][P:103](=[O:17])([O-:25])[O:67][CH2:49][CH:87]1[O:63][CH:93]([n:97]2[cH:35][n:55][c:83]3[c:81]([NH2:7])[n:53][cH:33][n:57][c:85]32)[CH:89]([OH:29])[CH:91]1[O:65][P:101](=[O:15])([O-:21])[O-:22],1,3,5.02
recon3d_187,[CH3:1][C:98]([CH3:2])([CH2:49][O:69][P:105](=[O:18])([O-:27])[O:71][P:103](=[O:16])([O-:25])[O:67][CH2:47][C@H:92]1[O:63][C@@H:90]([n:96]2[cH:37][n:55][c:82]3[c:80]([NH2:6])[n:53][cH:35][n:57][c:84]32)[C@H:86]([OH:29])[C@@H:88]1[O:65][P:101](=[O:14])([O-:21])[O-:22])[C@@H:94]([OH:31])[C:78](=[O:12])[NH:61][CH2:42][CH2:45][C:75](=[O:9])[NH:59][CH2:40][CH2:39][S:34][C:74](=[O:8])[CH2:51][C:100]([CH3:5])=[O:33].[CH3:3][C:99]([CH3:4])([CH2:50][O:70][P:106](=[O:19])([O-:28])[O:72][P:104](=[O:17])([O-:26])[O:68][CH2:48][C@H:93]1[O:64][C@@H:91]([n:97]2[cH:38][n:56][c:83]3[c:81]([NH2:7])[n:54][cH:36][n:58][c:85]32)[C@H:87]([OH:30])[C@@H:89]1[O:66][P:102](=[O:15])([O-:23])[O-:24])[C@@H:95]([OH:32])[C:79](=[O:13])[NH:62][CH2:43][CH2:46][C:76](=[O:10])[NH:60][CH2:41][CH2:44][S:73][C:77](=[O:11])[CH3:52].[OH2:20]>>[CH3:1][C:98]([CH3:2])([CH2:49][O:69][P:105](=[O:18])([O-:27])[O:71][P:103](=[O:16])([O-:25])[O:67][CH2:47][C@H:92]1[O:63][C@@H:90]([n:96]2[cH:37][n:55][c:82]3[c:80]([NH2:6])[n:53][cH:35][n:57][c:84]32)[C@H:86]([OH:29])[C@@H:88]1[O:65][P:101](=[O:14])([O-:21])[O-:22])[C@@H:94]([OH:31])[C:78](=[O:12])[NH:61][CH2:42][CH2:45][C:75](=[O:9])[NH:59][CH2:40][CH2:39][SH:34].[CH3:3][C:99]([CH3:4])([CH2:50][O:70][P:106](=[O:19])([O-:28])[O:72][P:104](=[O:17])([O-:26])[O:68][CH2:48][C@H:93]1[O:64][C@@H:91]([n:97]2[cH:38][n:56][c:83]3[c:81]([NH2:7])[n:54][cH:36][n:58][c:85]32)[C@H:87]([OH:30])[C@@H:89]1[O:66][P:102](=[O:15])([O-:23])[O-:24])[C@@H:95]([OH:32])[C:79](=[O:13])[NH:62][CH2:43][CH2:46][C:76](=[O:10])[NH:60][CH2:41][CH2:44][S:73][C:77](=[O:11])[CH2:52][C@@:100]([CH3:5])([OH:33])[CH2:51][C:74](=[O:8])[O-:20],1,4,3.62
recon3d_188,[NH2:1][c:31]1[n:22][cH:15][n:24][c:35]2[c:34]1[n:23][cH:18][n:44]2[C@@H:38]1[O:26][C@H:40]([CH2:19][O:29][P:47](=[O:6])([O-:11])[O:30][P:46](=[O:5])([O:9][P:45](=[O:4])([O-:7])[O-:8])[O-:10])[C@@H:37]([OH:13])[C@H:36]1[OH:12].[O:2]=[c:32]1[cH:16][cH:17][n:43]([C@H:42]2[CH2:21][C@H:39]([OH:14])[C@@H:41]([CH2:20][OH:28])[O:27]2)[c:33](=[O:3])[nH:25]1>>[NH2:1][c:31]1[n:22][cH:15][n:24][c:35]2[c:34]1[n:23][cH:18][n:44]2[C@@H:38]1[O:26][C@H:40]([CH2:19][O:29][P:47](=[O:6])([O-:11])[O:30][P:46](=[O:5])([O-:9])[O-:10])[C@@H:37]([OH:13])[C@H:36]1[OH:12].[O:2]=[c:32]1[cH:16][cH:17][n:43]([C@H:42]2[CH2:21][C@H:39]([OH:14])[C@@H:41]([CH2:20][O:28][P:45](=[O:4])([O-:7])[O-:8])[O:27]2)[c:33](=[O:3])[nH:25]1,1,2,1.17
recon3d_189,[CH3:1][CH:51]([CH3:2])[CH2:26][CH2:25][CH2:32][C@@H:62]([CH3:3])[C@H:65]1[CH2:33][CH2:28][CH:55]2[CH:52]3[CH:54]([CH2:27][CH2:37][C@@:71]21[CH3:5])[C@@:70]1([CH3:4])[CH2:36][CH2:29][C:56](=[O:13])[CH2:30][CH:53]1[CH2:31][C@H:61]3[OH:18].[NH2:6][C:46](=[O:8])[C:47]1=[CH:24][N:69]([C@@H:64]2[O:42][C@H:67]([CH2:35][O:44][P:73](=[O:10])([O-:12])[O:45][P:72](=[O:9])([O-:11])[O:43][CH2:34][C@H:66]3[O:41][C@@H:63]([n:68]4[cH:22][n:39][c:49]5[c:48]([NH2:7])[n:38][cH:20][n:40][c:50]54)[C@H:57]([OH:14])[C@@H:59]3[OH:16])[C@@H:60]([OH:17])[C@H:58]2[OH:15])[CH:23]=[CH:19][CH2:21]1>>[CH3:1][CH:51]([CH3:2])[CH2:26][CH2:25][CH2:32][C@@H:62]([CH3:3])[C@H:65]1[CH2:33][CH2:28][CH:55]2[CH:52]3[CH:54]([CH2:27][CH2:37][C@@:71]21[CH3:5])[C@@:70]1([CH3:4])[CH2:36][CH2:29][C@@H:56]([OH:13])[CH2:30][CH:53]1[CH2:31][C@H:61]3[OH:18].[NH2:6][C:46](=[O:8])[c:47]1[cH:21][cH:19][cH:23][n+:69]([C@@H:64]2[O:42][C@H:67]([CH2:35][O:44][P:73](=[O:10])([O-:12])[O:45][P:72](=[O:9])([O-:11])[O:43][CH2:34][C@H:66]3[O:41][C@@H:63]([n:68]4[cH:22][n:39][c:49]5[c:48]([NH2:7])[n:38][cH:20][n:40][c:50]54)[C@H:57]([OH:14])[C@@H:59]3[OH:16])[C@@H:60]([OH:17])[C@H:58]2[OH:15])[cH:24]1,1,2,4.73
recon3d_190,[CH3:1][C@H:65]([CH2:35][CH2:28][C:51](=[O:7])[S:22][CH2:25][CH2:26][NH:44][C:52](=[O:8])[CH2:29][CH2:27][NH:45][C:53](=[O:9])[C@H:69]([OH:21])[C:71]([CH3:2])([CH3:3])[CH2:38][O:49][P:76](=[O:12])([O-:17])[O:50][P:75](=[O:11])([O-:16])[O:48][CH2:37][C@H:68]1[O:46][C@@H:66]([n:70]2[cH:24][n:42][c:55]3[c:54]([NH2:6])[n:41][cH:23][n:43][c:56]32)[C@H:62]([OH:19])[C@@H:63]1[O:47][P:74](=[O:10])([O-:14])[O-:15])[C@H:67]1[CH2:36][CH2:31][CH:60]2[CH:57]3[CH:59]([CH2:30][CH2:40][C@@:73]21[CH3:5])[C@@:72]1([CH3:4])[CH2:39][CH2:32][C@@H:61]([OH:18])[CH2:33][CH:58]1[CH2:34][C@H:64]3[OH:20].[OH2:13]>>[CH3:1][C@H:65]([CH2:35][CH2:28][C:51](=[O:7])[O-:13])[C@H:67]1[CH2:36][CH2:31][CH:60]2[CH:57]3[CH:59]([CH2:30][CH2:40][C@@:73]21[CH3:5])[C@@:72]1([CH3:4])[CH2:39][CH2:32][C@@H:61]([OH:18])[CH2:33][CH:58]1[CH2:34][C@H:64]3[OH:20].[CH3:2][C:71]([CH3:3])([CH2:38][O:49][P:76](=[O:12])([O-:17])[O:50][P:75](=[O:11])([O-:16])[O:48][CH2:37][C@H:68]1[O:46][C@@H:66]([n:70]2[cH:24][n:42][c:55]3[c:54]([NH2:6])[n:41][cH:23][n:43][c:56]32)[C@H:62]([OH:19])[C@@H:63]1[O:47][P:74](=[O:10])([O-:14])[O-:15])[C@@H:69]([OH:21])[C:53](=[O:9])[NH:45][CH2:27][CH2:29][C:52](=[O:8])[NH:44][CH2:26][CH2:25][SH:22],1,2,0.51
recon3d_191,[NH2:1][C:45](=[O:3])[C:46]1=[CH:29][N:69]([C@@H:65]2[O:39][C@H:66]([CH2:32][O:42][P:71](=[O:5])([O-:11])[O:44][P:72](=[O:6])([O-:12])[O:43][CH2:33][C@H:67]3[O:40][C@@H:64]([n:68]4[cH:27][n:35][c:56]5[c:55]([NH2:2])[n:34][cH:21][n:36][c:57]54)[C@H:63]([O:41][P:70](=[O:4])([O-:9])[O-:10])[C@@H:62]3[OH:19])[C@@H:61]([OH:18])[C@H:60]2[OH:17])[CH:28]=[CH:20][CH2:22]1.[O:7]=[C:47]1[CH2:23][C:51]2=[N:37][CH2:30][CH:58]([OH:15])[C:53]2=[CH:25][C:49]1=[O:13].[O:8]=[C:48]1[CH2:24][C:52]2=[N:38][CH2:31][CH:59]([OH:16])[C:54]2=[CH:26][C:50]1=[O:14]>>[NH2:1][C:45](=[O:3])[c:46]1[cH:22][cH:20][cH:28][n+:69]([C@@H:65]2[O:39][C@H:66]([CH2:32][O:42][P:71](=[O:5])([O-:11])[O:44][P:72](=[O:6])([O-:12])[O:43][CH2:33][C@H:67]3[O:40][C@@H:64]([n:68]4[cH:27][n:35][c:56]5[c:55]([NH2:2])[n:34][cH:21][n:36][c:57]54)[C@H:63]([O:41][P:70](=[O:4])([O-:9])[O-:10])[C@@H:62]3[OH:19])[C@@H:61]([OH:18])[C@H:60]2[OH:17])[cH:29]1.[O-:7][c:47]1[cH:23][c:51]2[c:53]([cH:25][c:49]1[OH:13])[CH:58]([OH:15])[CH2:30][NH:37]2.[O-:8][c:48]1[cH:24][c:52]2[c:54]([cH:26][c:50]1[OH:14])[CH:59]([OH:16])[CH2:31][NH:38]2,1,3,2.22
recon3d_192,[NH2:1][C:29](=[O:3])[c:30]1[cH:16][cH:14][cH:18][n+:43]([CH:41]2[O:26][CH:35]([CH2:21][O:28][P:45](=[O:5])([O:7][P:44](=[O:4])([O-:6])[O:27][CH2:20][CH:34]3[O:25][CH:40]([n:42]4[cH:17][n:23][c:32]5[c:31]([NH2:2])[n:22][cH:15][n:24][c:33]54)[CH:38]([OH:12])[CH:36]3[OH:10])[O-:9])[CH:37]([OH:11])[CH:39]2[OH:13])[cH:19]1.[OH2:8]>>[NH2:1][C:29](=[O:3])[c:30]1[cH:16][cH:14][cH:18][n+:43]([CH:41]2[O:26][CH:35]([CH2:21][O:28][P:45](=[O:5])([O-:8])[O-:9])[CH:37]([OH:11])[CH:39]2[OH:13])[cH:19]1.[NH2:2][c:31]1[n:22][cH:15][n:24][c:33]2[c:32]1[n:23][cH:17][n:42]2[CH:40]1[O:25][CH:34]([CH2:20][O:27][P:44](=[O:4])([O-:6])[O-:7])[CH:36]([OH:10])[CH:38]1[OH:12],1,2,0.15
recon3d_193,[CH3:1][CH2:15][CH2:17][CH2:19][CH2:21][CH:24]1[CH:12](/[CH:11]=[CH:5]/[CH:6]([OH:4])[CH2:13]/[CH:7]=[CH:8]\[CH2:14]/[CH:9]=[CH:10]\[CH2:16][CH2:18][CH2:20][C:23](=[O:2])[OH:3])[O:22]1>>[CH3:1][CH2:15][CH2:17][CH2:19][CH2:21][C@@H:24](/[CH:12]=[CH:11]/[CH:5]=[CH:6]\[CH2:13]/[CH:7]=[CH:8]\[CH2:14]/[CH:9]=[CH:10]\[CH2:16][CH2:18][CH2:20][C:23](=[O:2])[O-:3])[O:22][OH:4],1,3,1.24
recon3d_194,[CH3:1][C:10](=[O:5])[O:6][CH2:8][CH2:9][N+:11]([CH3:2])([CH3:3])[CH3:4].[OH2:7]>>[CH3:1][C:10](=[O:5])[O-:6].[CH3:2][N+:11]([CH3:3])([CH3:4])[CH2:9][CH2:8][OH:7],1,2,0.02
recon3d_195,[NH2:1][c:35]1[n:27][c:41]2[c:39]([n:25][cH:18][n:49]2[C@H:47]2[CH2:22][C@H:43]([OH:15])[C@@H:45]([CH2:20][O:32][P:53](=[O:7])([O-:13])[O-:34])[O:30]2)[c:37](=[O:3])[nH:28]1.[NH2:2][c:36]1[n:23][cH:16][n:26][c:40]2[c:38]1[n:24][cH:17][n:48]2[C@H:46]1[CH2:21][C@H:42]([OH:14])[C@@H:44]([CH2:19][O:31][P:52](=[O:6])([O-:12])[O:33][P:50](=[O:4])([O:8][P:51](=[O:5])([O-:10])[O-:11])[O-:9])[O:29]1>>[NH2:1][c:35]1[n:27][c:41]2[c:39]([n:25][cH:18][n:49]2[C@H:47]2[CH2:22][C@H:43]([OH:15])[C@@H:45]([CH2:20][O:32][P:53](=[O:7])([O-:13])[O:34][P:51](=[O:5])([O-:10])[O-:11])[O:30]2)[c:37](=[O:3])[nH:28]1.[NH2:2][c:36]1[n:23][cH:16][n:26][c:40]2[c:38]1[n:24][cH:17][n:48]2[C@H:46]1[CH2:21][C@H:42]([OH:14])[C@@H:44]([CH2:19][O:31][P:52](=[O:6])([O-:12])[O:33][P:50](=[O:4])([O-:8])[O-:9])[O:29]1,1,2,1.16
recon3d_196,[NH2:1][c:31]1[n:23][cH:18][n:25][c:33]2[c:32]1[n:24][cH:19][n:42]2[C@@H:40]1[O:26][C@H:41]([CH2:22][O:28][P:45](=[O:5])([O-:8])[O:29][P:43](=[O:3])([O:6][P:44](=[O:4])([O-:16])[O-:17])[O-:7])[C@@H:37]([OH:13])[C@H:35]1[OH:11].[OH:2][C:30]1([CH2:20][OH:27])[O:14][C@H:38]([CH2:21][OH:9])[C@@H:36]([OH:12])[C@@H:34]([OH:10])[C@@H:39]1[OH:15]>>[NH2:1][c:31]1[n:23][cH:18][n:25][c:33]2[c:32]1[n:24][cH:19][n:42]2[C@@H:40]1[O:26][C@H:41]([CH2:22][O:28][P:45](=[O:5])([O-:8])[O:29][P:43](=[O:3])([O-:6])[O-:7])[C@@H:37]([OH:13])[C@H:35]1[OH:11].[O:2]=[C:30]([CH2:20][O:27][P:44](=[O:4])([OH:16])[OH:17])[C@@H:39]([OH:15])[C@H:34]([OH:10])[C@H:36]([OH:12])[C@H:38]([OH:14])[CH2:21][OH:9],1,3,1.39
recon3d_197,[NH2:1][C:37](=[O:3])[c:38]1[cH:18][n+:52]([C@@H:48]2[O:31][C@H:50]([CH2:24][O:34][P:55](=[O:7])([O-:11])[O:36][P:56](=[O:8])([O-:12])[O:35][CH2:25][C@H:51]3[O:32][C@@H:49]([n:53]4[cH:22][n:27][c:42]5[c:39]([NH2:2])[n:26][cH:19][n:28][c:43]54)[C@H:47]([O:33][P:54](=[O:6])([O-:9])[O-:10])[C@@H:46]3[OH:15])[C@@H:45]([OH:14])[C@H:44]2[OH:13])[cH:17][cH:16][cH:23]1.[O:4]=[C:40]1[CH2:21][CH2:20][NH:29][C:41](=[O:5])[NH:30]1>>[NH2:1][C:37](=[O:3])[C:38]1=[CH:18][N:52]([C@@H:48]2[O:31][C@H:50]([CH2:24][O:34][P:55](=[O:7])([O-:11])[O:36][P:56](=[O:8])([O-:12])[O:35][CH2:25][C@H:51]3[O:32][C@@H:49]([n:53]4[cH:22][n:27][c:42]5[c:39]([NH2:2])[n:26][cH:19][n:28][c:43]54)[C@H:47]([O:33][P:54](=[O:6])([O-:9])[O-:10])[C@@H:46]3[OH:15])[C@@H:45]([OH:14])[C@H:44]2[OH:13])[CH:17]=[CH:16][CH2:23]1.[O:4]=[c:40]1[cH:21][cH:20][nH:29][c:41](=[O:5])[nH:30]1,1,3,1.91
recon3d_198,[CH3:1][C:50]([CH3:2])=[CH:20][CH2:27][CH2:34][C@@H:64]([CH3:3])[CH:67]1[CH2:35][CH2:30][CH:57]2[C:51]3=[C:52]([CH2:29][CH2:38][C@@:72]21[CH3:4])[C@@:73]1([CH3:5])[CH2:39][CH2:32][C:59](=[O:16])[CH2:33][CH:58]1[CH2:31][CH2:28]3.[NH2:6][C:49](=[O:8])[C:53]1=[CH:26][N:71]([C@@H:66]2[O:43][C@H:68]([CH2:36][O:46][P:75](=[O:10])([O-:14])[O:48][P:76](=[O:11])([O-:15])[O:47][CH2:37][C@H:69]3[O:44][C@@H:65]([n:70]4[cH:24][n:41][c:55]5[c:54]([NH2:7])[n:40][cH:22][n:42][c:56]54)[C@H:63]([O:45][P:74](=[O:9])([O-:12])[O-:13])[C@@H:62]3[OH:19])[C@@H:61]([OH:18])[C@H:60]2[OH:17])[CH:25]=[CH:21][CH2:23]1>>[CH3:1][C:50]([CH3:2])=[CH:20][CH2:27][CH2:34][C@@H:64]([CH3:3])[C@H:67]1[CH2:35][CH2:30][CH:57]2[C:51]3=[C:52]([CH2:29][CH2:38][C@@:72]21[CH3:4])[C@@:73]1([CH3:5])[CH2:39][CH2:32][C@H:59]([OH:16])[CH2:33][CH:58]1[CH2:31][CH2:28]3.[NH2:6][C:49](=[O:8])[c:53]1[cH:23][cH:21][cH:25][n+:71]([C@@H:66]2[O:43][C@H:68]([CH2:36][O:46][P:75](=[O:10])([O-:14])[O:48][P:76](=[O:11])([O-:15])[O:47][CH2:37][C@H:69]3[O:44][C@@H:65]([n:70]4[cH:24][n:41][c:55]5[c:54]([NH2:7])[n:40][cH:22][n:42][c:56]54)[C@H:63]([O:45][P:74](=[O:9])([O-:12])[O-:13])[C@@H:62]3[OH:19])[C@@H:61]([OH:18])[C@H:60]2[OH:17])[cH:26]1,1,2,0.85
recon3d_199,[CH2:1]=[C:25]([O:3][P:34](=[O:5])([O-:9])[O-:10])[C:26](=[O:4])[O-:8].[NH2:2][c:27]1[n:18][cH:14][n:20][c:29]2[c:28]1[n:19][cH:15][n:33]2[CH:32]1[CH2:17][CH:30]([OH:13])[CH:31]([CH2:16][O:22][P:35](=[O:6])([O-:11])[O:24][P:36](=[O:7])([O-:12])[O-:23])[O:21]1>>[CH3:1][C:25](=[O:3])[C:26](=[O:4])[O-:8].[NH2:2][c:27]1[n:18][cH:14][n:20][c:29]2[c:28]1[n:19][cH:15][n:33]2[CH:32]1[CH2:17][CH:30]([OH:13])[CH:31]([CH2:16][O:22][P:35](=[O:6])([O-:11])[O:24][P:36](=[O:7])([O-:12])[O:23][P:34](=[O:5])([O-:9])[O-:10])[O:21]1,1,3,1.34
recon3d_200,[NH2:1][c:34]1[n:24][cH:17][n:26][c:38]2[c:37]1[n:25][cH:20][n:47]2[C@@H:41]1[O:28][C@H:43]([CH2:21][O:30][P:50](=[O:6])([O-:12])[O:32][P:48](=[O:4])([O:8][P:49](=[O:5])([O-:10])[O-:11])[O-:9])[C@@H:40]([OH:15])[C@H:39]1[OH:14].[O:2]=[c:35]1[cH:18][cH:19][n:46]([C@H:45]2[CH2:23][C@H:42]([OH:16])[C@@H:44]([CH2:22][O:31][P:51](=[O:7])([O-:13])[O-:33])[O:29]2)[c:36](=[O:3])[nH:27]1>>[NH2:1][c:34]1[n:24][cH:17][n:26][c:38]2[c:37]1[n:25][cH:20][n:47]2[C@@H:41]1[O:28][C@H:43]([CH2:21][O:30][P:50](=[O:6])([O-:12])[O:32][P:48](=[O:4])([O-:8])[O-:9])[C@@H:40]([OH:15])[C@H:39]1[OH:14].[O:2]=[c:35]1[cH:18][cH:19][n:46]([C@H:45]2[CH2:23][C@H:42]([OH:16])[C@@H:44]([CH2:22][O:31][P:51](=[O:7])([O-:13])[O:33][P:49](=[O:5])([O-:10])[O-:11])[O:29]2)[c:36](=[O:3])[nH:27]1,1,2,1.36
recon3d_201,[CH3:1][C@@H:48]([CH2:26][OH:16])[C:40](=[O:6])[S:19][CH2:22][CH2:23][NH:32][C:39](=[O:5])[CH2:25][CH2:24][NH:33][C:41](=[O:7])[C@H:50]([OH:18])[C:52]([CH3:2])([CH3:3])[CH2:28][O:37][P:55](=[O:10])([O-:15])[O:38][P:54](=[O:9])([O-:14])[O:36][CH2:27][C@H:49]1[O:34][C@@H:47]([n:51]2[cH:21][n:30][c:43]3[c:42]([NH2:4])[n:29][cH:20][n:31][c:44]32)[C@H:45]([OH:17])[C@@H:46]1[O:35][P:53](=[O:8])([O-:12])[O-:13].[OH2:11]>>[CH3:1][C@@H:48]([CH2:26][OH:16])[C:40](=[O:6])[O-:11].[CH3:2][C:52]([CH3:3])([CH2:28][O:37][P:55](=[O:10])([O-:15])[O:38][P:54](=[O:9])([O-:14])[O:36][CH2:27][C@H:49]1[O:34][C@@H:47]([n:51]2[cH:21][n:30][c:43]3[c:42]([NH2:4])[n:29][cH:20][n:31][c:44]32)[C@H:45]([OH:17])[C@@H:46]1[O:35][P:53](=[O:8])([O-:12])[O-:13])[C@@H:50]([OH:18])[C:41](=[O:7])[NH:33][CH2:24][CH2:25][C:39](=[O:5])[NH:32][CH2:23][CH2:22][SH:19],1,2,0.21
recon3d_202,[CH3:1][C@:69]12[CH2:35][CH2:28][C:47](=[O:5])[CH:21]=[C:50]1[CH2:30][CH2:31][CH:55]1[CH:56]2[C:64](=[O:19])[CH2:36][C@@:70]2([CH3:2])[CH:57]1[CH2:32][CH2:37][C@:71]2([OH:20])[C:49](=[O:7])[CH2:29][OH:15].[NH2:3][C:48](=[O:6])[C:51]1=[CH:27][N:68]([C@@H:63]2[O:41][C@H:65]([CH2:33][O:44][P:73](=[O:9])([O-:13])[O:46][P:74](=[O:10])([O-:14])[O:45][CH2:34][C@H:66]3[O:42][C@@H:62]([n:67]4[cH:25][n:39][c:53]5[c:52]([NH2:4])[n:38][cH:23][n:40][c:54]54)[C@H:61]([O:43][P:72](=[O:8])([O-:11])[O-:12])[C@@H:60]3[OH:18])[C@@H:59]([OH:17])[C@H:58]2[OH:16])[CH:26]=[CH:22][CH2:24]1>>[CH3:1][C@:69]12[CH2:35][CH2:28][C:47](=[O:5])[CH:21]=[C:50]1[CH2:30][CH2:31][CH:55]1[CH:56]2[C@@H:64]([OH:19])[CH2:36][C@@:70]2([CH3:2])[CH:57]1[CH2:32][CH2:37][C@:71]2([OH:20])[C:49](=[O:7])[CH2:29][OH:15].[NH2:3][C:48](=[O:6])[c:51]1[cH:24][cH:22][cH:26][n+:68]([C@@H:63]2[O:41][C@H:65]([CH2:33][O:44][P:73](=[O:9])([O-:13])[O:46][P:74](=[O:10])([O-:14])[O:45][CH2:34][C@H:66]3[O:42][C@@H:62]([n:67]4[cH:25][n:39][c:53]5[c:52]([NH2:4])[n:38][cH:23][n:40][c:54]54)[C@H:61]([O:43][P:72](=[O:8])([O-:11])[O-:12])[C@@H:60]3[OH:18])[C@@H:59]([OH:17])[C@H:58]2[OH:16])[cH:27]1,1,2,0.62
recon3d_203,[CH3:1][C:51]([CH3:2])=[CH:22][CH2:29][CH2:34][C@@H:64]([CH3:3])[C@H:67]1[CH2:35][CH:32]=[C:58]2[C:52]3=[C:53]([CH2:31][CH2:39][C@@:74]21[CH3:6])[C@@:75]1([CH3:7])[CH2:40][CH2:38][C@H:70]([OH:21])[C:73]([CH3:4])([CH3:5])[CH:59]1[CH2:33][CH2:30]3.[NH2:8][C:50](=[O:10])[C:54]1=[CH:28][N:72]([C@@H:66]2[O:44][C@H:68]([CH2:36][O:47][P:77](=[O:12])([O-:16])[O:49][P:78](=[O:13])([O-:17])[O:48][CH2:37][C@H:69]3[O:45][C@@H:65]([n:71]4[cH:26][n:42][c:56]5[c:55]([NH2:9])[n:41][cH:24][n:43][c:57]54)[C@H:63]([O:46][P:76](=[O:11])([O-:14])[O-:15])[C@@H:62]3[OH:20])[C@@H:61]([OH:19])[C@H:60]2[OH:18])[CH:27]=[CH:23][CH2:25]1>>[CH3:1][C:51]([CH3:2])=[CH:22][CH2:29][CH2:34][C@@H:64]([CH3:3])[C@H:67]1[CH2:35][CH2:32][CH:58]2[C:52]3=[C:53]([CH2:31][CH2:39][C@@:74]21[CH3:6])[C@@:75]1([CH3:7])[CH2:40][CH2:38][C@H:70]([OH:21])[C:73]([CH3:4])([CH3:5])[CH:59]1[CH2:33][CH2:30]3.[NH2:8][C:50](=[O:10])[c:54]1[cH:25][cH:23][cH:27][n+:72]([C@@H:66]2[O:44][C@H:68]([CH2:36][O:47][P:77](=[O:12])([O-:16])[O:49][P:78](=[O:13])([O-:17])[O:48][CH2:37][C@H:69]3[O:45][C@@H:65]([n:71]4[cH:26][n:42][c:56]5[c:55]([NH2:9])[n:41][cH:24][n:43][c:57]54)[C@H:63]([O:46][P:76](=[O:11])([O-:14])[O-:15])[C@@H:62]3[OH:20])[C@@H:61]([OH:19])[C@H:60]2[OH:18])[cH:28]1,1,3,3.50
recon3d_204,[CH3:1][C:51](=[O:7])[O:13][P:71](=[O:9])([O-:14])[O:44][CH2:31][C@H:65]1[O:42][C@@H:63]([n:68]2[cH:25][n:36][c:55]3[c:53]([NH2:4])[n:34][cH:23][n:38][c:57]32)[C@H:59]([OH:19])[C@@H:61]1[OH:21].[CH3:2][C:70]([CH3:3])([CH2:33][O:47][P:74](=[O:12])([O-:18])[O:48][P:73](=[O:11])([O-:17])[O:46][CH2:32][C@H:66]1[O:43][C@@H:64]([n:69]2[cH:26][n:37][c:56]3[c:54]([NH2:5])[n:35][cH:24][n:39][c:58]32)[C@H:60]([OH:20])[C@@H:62]1[O:45][P:72](=[O:10])([O-:15])[O-:16])[C@@H:67]([OH:22])[C:52](=[O:8])[NH:41][CH2:28][CH2:30][C:50](=[O:6])[NH:40][CH2:27][CH2:29][SH:49]>>[CH3:1][C:51](=[O:7])[S:49][CH2:29][CH2:27][NH:40][C:50](=[O:6])[CH2:30][CH2:28][NH:41][C:52](=[O:8])[C@H:67]([OH:22])[C:70]([CH3:2])([CH3:3])[CH2:33][O:47][P:74](=[O:12])([O-:18])[O:48][P:73](=[O:11])([O-:17])[O:46][CH2:32][C@H:66]1[O:43][C@@H:64]([n:69]2[cH:26][n:37][c:56]3[c:54]([NH2:5])[n:35][cH:24][n:39][c:58]32)[C@H:60]([OH:20])[C@@H:62]1[O:45][P:72](=[O:10])([O-:15])[O-:16].[NH2:4][c:53]1[n:34][cH:23][n:38][c:57]2[c:55]1[n:36][cH:25][n:68]2[C@@H:63]1[O:42][C@H:65]([CH2:31][O:44][P:71](=[O:9])([O-:13])[O-:14])[C@@H:61]([OH:21])[C@H:59]1[OH:19],1,2,1.63
recon3d_205,[CH3:1][CH2:36][CH2:37][CH2:38][CH2:39][CH2:40][CH2:44][C@H:71]([OH:7])[CH2:46][C:73](=[O:9])[S:70][CH2:43][CH2:41][NH:58][C:72](=[O:8])[CH2:45][CH2:42][NH:59][C:75](=[O:11])[C@H:95]([OH:28])[C:99]([CH3:2])([CH3:3])[CH2:51][O:67][P:104](=[O:16])([O-:22])[O:69][P:103](=[O:15])([O-:21])[O:66][CH2:50][C@H:94]1[O:62][C@@H:91]([n:98]2[cH:35][n:55][c:80]3[c:78]([NH2:6])[n:53][cH:33][n:57][c:82]32)[C@H:87]([OH:27])[C@@H:88]1[O:63][P:100](=[O:12])([O-:17])[O-:18].[NH2:4][C:74](=[O:10])[c:76]1[cH:31][n+:96]([C@@H:89]2[O:60][C@H:92]([CH2:48][O:64][P:101](=[O:13])([O-:19])[O:68][P:102](=[O:14])([O-:20])[O:65][CH2:49][C@H:93]3[O:61][C@@H:90]([n:97]4[cH:34][n:54][c:79]5[c:77]([NH2:5])[n:52][cH:32][n:56][c:81]54)[C@H:84]([OH:24])[C@@H:86]3[OH:26])[CH:85]([OH:25])[C@H:83]2[OH:23])[cH:30][cH:29][cH:47]1>>[CH3:1][CH2:36][CH2:37][CH2:38][CH2:39][CH2:40][CH2:44][C:71](=[O:7])[CH2:46][C:73](=[O:9])[S:70][CH2:43][CH2:41][NH:58][C:72](=[O:8])[CH2:45][CH2:42][NH:59][C:75](=[O:11])[C@H:95]([OH:28])[C:99]([CH3:2])([CH3:3])[CH2:51][O:67][P:104](=[O:16])([O-:22])[O:69][P:103](=[O:15])([O-:21])[O:66][CH2:50][C@H:94]1[O:62][C@@H:91]([n:98]2[cH:35][n:55][c:80]3[c:78]([NH2:6])[n:53][cH:33][n:57][c:82]32)[C@H:87]([OH:27])[C@@H:88]1[O:63][P:100](=[O:12])([O-:17])[O-:18].[NH2:4][C:74](=[O:10])[C:76]1=[CH:31][N:96]([C@@H:89]2[O:60][C@H:92]([CH2:48][O:64][P:101](=[O:13])([O-:19])[O:68][P:102](=[O:14])([O-:20])[O:65][CH2:49][C@H:93]3[O:61][C@@H:90]([n:97]4[cH:34][n:54][c:79]5[c:77]([NH2:5])[n:52][cH:32][n:56][c:81]54)[CH:84]([OH:24])[CH:86]3[OH:26])[CH:85]([OH:25])[CH:83]2[OH:23])[CH:30]=[CH:29][CH2:47]1,1,2,7.36
recon3d_206,[CH3:1][C:99]([CH3:2])([CH2:58][O:73][P:105](=[O:14])([O-:23])[O:74][P:104](=[O:13])([O-:22])[O:72][CH2:57][C@H:95]1[O:68][C@@H:92]([n:98]2[cH:43][n:62][c:83]3[c:81]([NH2:4])[n:60][cH:41][n:64][c:85]32)[C@H:87]([OH:25])[C@@H:89]1[O:69][P:100](=[O:9])([O-:16])[O-:17])[C@@H:96]([OH:29])[C:79](=[O:8])[NH:66][CH2:49][CH2:52][C:77](=[O:6])[NH:65][CH2:48][CH2:50][SH:75].[NH2:3][c:80]1[n:59][cH:40][n:63][c:84]2[c:82]1[n:61][cH:42][n:97]2[C@@H:91]1[O:67][C@H:94]([CH2:56][O:70][P:102](=[O:11])([O-:20])[O:31][P:103](=[O:12])([O-:21])[O:71][P:101](=[O:10])([O-:18])[O-:19])[C@@H:88]([OH:26])[C@H:86]1[OH:24].[O:5]=[C:76]([O-:15])[CH2:51][CH2:46][CH2:45][CH2:44]/[CH:33]=[CH:34]\[CH2:55][C@@H:93]([OH:28])/[CH:39]=[CH:38]/[CH:37]=[CH:36]/[CH:32]=[CH:35]\[C@@H:90]([OH:27])[CH2:54][CH2:47][CH2:53][C:78](=[O:7])[O-:30]>>[CH3:1][C:99]([CH3:2])([CH2:58][O:73][P:105](=[O:14])([O-:23])[O:74][P:104](=[O:13])([O-:22])[O:72][CH2:57][C@H:95]1[O:68][C@@H:92]([n:98]2[cH:43][n:62][c:83]3[c:81]([NH2:4])[n:60][cH:41][n:64][c:85]32)[C@H:87]([OH:25])[C@@H:89]1[O:69][P:100](=[O:9])([O-:16])[O-:17])[C@@H:96]([OH:29])[C:79](=[O:8])[NH:66][CH2:49][CH2:52][C:77](=[O:6])[NH:65][CH2:48][CH2:50][S:75][C:78](=[O:7])[CH2:53][CH2:47][CH2:54][C@H:90]([OH:27])\[CH:35]=[CH:32]/[CH:36]=[CH:37]/[CH:38]=[CH:39]/[C@H:93]([OH:28])[CH2:55]/[CH:34]=[CH:33]\[CH2:44][CH2:45][CH2:46][CH2:51][C:76](=[O:5])[O-:15].[NH2:3][c:80]1[n:59][cH:40][n:63][c:84]2[c:82]1[n:61][cH:42][n:97]2[C@@H:91]1[O:67][C@H:94]([CH2:56][O:70][P:102](=[O:11])([O-:20])[OH:30])[C@@H:88]([OH:26])[C@H:86]1[OH:24].[O:10]=[P:101]([O-:18])([O-:19])[O:71][P:103](=[O:12])([O-:21])[OH:31],1,4,1.63
recon3d_207,[CH3:2][C@:67]12[CH2:34][CH2:29][CH:53]3[c:49]4[cH:24][cH:21][c:46]([OH:14])[cH:23][c:48]4[CH2:28][CH2:30][CH:54]3[CH:55]1[CH2:31][CH2:60][C:45]2=[O:6].[NH2:3][C:44](=[O:5])[C:47]1=[CH:27][N:66]([C@@H:62]2[O:38][C@H:63]([CH2:32][O:41][P:69](=[O:8])([O-:12])[O:43][P:70](=[O:9])([O-:13])[O:42][CH2:33][C@H:64]3[O:39][C@@H:61]([n:65]4[cH:25][n:36][c:51]5[c:50]([NH2:4])[n:35][cH:20][n:37][c:52]54)[C@H:59]([O:40][P:68](=[O:7])([O-:10])[O-:11])[C@@H:58]3[OH:17])[C@@H:57]([OH:16])[C@H:56]2[OH:15])[CH:26]=[CH:19][CH2:22]1.[O:1]=[O:18]>>[CH3:2][C@:67]12[CH2:34][CH2:29][CH:53]3[c:49]4[cH:24][cH:21][c:46]([OH:14])[cH:23][c:48]4[CH2:28][CH2:30][CH:54]3[CH:55]1[CH2:31][C@@H:60]([OH:18])[C:45]2=[O:6].[NH2:3][C:44](=[O:5])[c:47]1[cH:22][cH:19][cH:26][n+:66]([C@@H:62]2[O:38][C@H:63]([CH2:32][O:41][P:69](=[O:8])([O-:12])[O:43][P:70](=[O:9])([O-:13])[O:42][CH2:33][C@H:64]3[O:39][C@@H:61]([n:65]4[cH:25][n:36][c:51]5[c:50]([NH2:4])[n:35][cH:20][n:37][c:52]54)[C@H:59]([O:40][P:68](=[O:7])([O-:10])[O-:11])[C@@H:58]3[OH:17])[C@@H:57]([OH:16])[C@H:56]2[OH:15])[cH:27]1.[OH2:1],1,4,2.60
recon3d_208,[NH2:1][c:35]1[n:23][cH:17][n:27][c:39]2[c:37]1[n:25][cH:19][n:49]2[C@@H:45]1[O:29][C@H:47]([CH2:21][O:31][P:51](=[O:3])([O-:7])[O:16][P:52](=[O:4])([O-:8])[O:33][P:54](=[O:6])([O-:10])[O:34][P:53](=[O:5])([O-:9])[O:32][CH2:22][C@H:48]2[O:30][C@@H:46]([n:50]3[cH:20][n:26][c:38]4[c:36]([NH2:2])[n:24][cH:18][n:28][c:40]43)[C@H:42]([OH:12])[C@@H:44]2[OH:14])[C@@H:43]([OH:13])[C@H:41]1[OH:11].[OH2:15]>>[NH2:1][c:35]1[n:23][cH:17][n:27][c:39]2[c:37]1[n:25][cH:19][n:49]2[C@@H:45]1[O:29][C@H:47]([CH2:21][O:31][P:51](=[O:3])([O-:7])[OH:15])[C@@H:43]([OH:13])[C@H:41]1[OH:11].[NH2:2][c:36]1[n:24][cH:18][n:28][c:40]2[c:38]1[n:26][cH:20][n:50]2[C@@H:46]1[O:30][C@H:48]([CH2:22][O:32][P:53](=[O:5])([O-:9])[O:34][P:54](=[O:6])([O-:10])[O:33][P:52](=[O:4])([O-:8])[OH:16])[C@@H:44]([OH:14])[C@H:42]1[OH:12],1,2,0.32
recon3d_209,[CH3:1][CH:20]([CH3:2])[CH2:9][CH2:8][CH2:11][CH:22]([CH3:3])[CH:26]1[CH2:16][CH2:15][CH:25]2[C:19]3=[C:24]([CH2:14][CH2:18][C@@:28]21[CH3:5])[C@@:27]1([CH3:4])[CH2:17][CH2:10][CH:21]([OH:6])[CH2:13][CH:23]1[CH2:12][CH2:7]3>>[CH3:1][CH:20]([CH3:2])[CH2:9][CH2:8][CH2:11][CH:22]([CH3:3])[CH:26]1[CH2:16][CH2:15][CH:25]2[C:19]3=[CH:7][CH2:12][CH:23]4[CH2:13][CH:21]([OH:6])[CH2:10][CH2:17][C@:27]4([CH3:4])[CH:24]3[CH2:14][CH2:18][C@@:28]21[CH3:5],1,2,1.75
recon3d_210,[CH3:1][c:31]1[cH:17][n:44]([C@H:43]2[CH2:21][C@H:40]([OH:15])[C@@H:42]([CH2:20][OH:28])[O:27]2)[c:34](=[O:4])[nH:25][c:33]1=[O:3].[NH2:2][c:32]1[n:22][cH:16][n:24][c:36]2[c:35]1[n:23][cH:18][n:45]2[C@@H:39]1[O:26][C@H:41]([CH2:19][O:29][P:48](=[O:7])([O-:12])[O:30][P:47](=[O:6])([O:10][P:46](=[O:5])([O-:8])[O-:9])[O-:11])[C@@H:38]([OH:14])[C@H:37]1[OH:13]>>[CH3:1][c:31]1[cH:17][n:44]([C@H:43]2[CH2:21][C@H:40]([OH:15])[C@@H:42]([CH2:20][O:28][P:46](=[O:5])([O-:8])[O-:9])[O:27]2)[c:34](=[O:4])[nH:25][c:33]1=[O:3].[NH2:2][c:32]1[n:22][cH:16][n:24][c:36]2[c:35]1[n:23][cH:18][n:45]2[C@@H:39]1[O:26][C@H:41]([CH2:19][O:29][P:48](=[O:7])([O-:12])[O:30][P:47](=[O:6])([O-:10])[O-:11])[C@@H:38]([OH:14])[C@H:37]1[OH:13],1,2,1.19
recon3d_211,[CH3:1][CH2:31][CH2:34][CH2:35][CH2:32]/[CH:20]=[CH:21]\[CH2:38][C:58](=[O:14])[CH2:39][CH2:33]/[CH:24]=[CH:23]/[CH:19]=[CH:22]\[C@H:65]([OH:18])[CH2:40][CH2:36][CH2:37][C:52](=[O:4])[O-:9].[NH2:2][C:53](=[O:5])[C:54]1=[CH:30][N:69]([C@@H:64]2[O:46][C@H:66]([CH2:41][O:49][P:71](=[O:7])([O-:12])[O:51][P:72](=[O:8])([O-:13])[O:50][CH2:42][C@H:67]3[O:47][C@@H:63]([n:68]4[cH:28][n:44][c:56]5[c:55]([NH2:3])[n:43][cH:26][n:45][c:57]54)[C@H:62]([O:48][P:70](=[O:6])([O-:10])[O-:11])[C@@H:61]3[OH:17])[C@@H:60]([OH:16])[C@H:59]2[OH:15])[CH:29]=[CH:25][CH2:27]1>>[CH3:1][CH2:31][CH2:34][CH2:35][CH2:32]/[CH:20]=[CH:21]\[CH2:38][C@H:58]([OH:14])[CH2:39][CH2:33]/[CH:24]=[CH:23]/[CH:19]=[CH:22]\[C@H:65]([OH:18])[CH2:40][CH2:36][CH2:37][C:52](=[O:4])[O-:9].[NH2:2][C:53](=[O:5])[c:54]1[cH:27][cH:25][cH:29][n+:69]([C@@H:64]2[O:46][C@H:66]([CH2:41][O:49][P:71](=[O:7])([O-:12])[O:51][P:72](=[O:8])([O-:13])[O:50][CH2:42][C@H:67]3[O:47][C@@H:63]([n:68]4[cH:28][n:44][c:56]5[c:55]([NH2:3])[n:43][cH:26][n:45][c:57]54)[C@H:62]([O:48][P:70](=[O:6])([O-:10])[O-:11])[C@@H:61]3[OH:17])[C@@H:60]([OH:16])[C@H:59]2[OH:15])[cH:30]1,1,2,2.44
recon3d_212,[CH3:2][CH:56]([CH3:29])[CH2:30][CH2:28][CH2:36][C@@H:67]([CH3:3])[C@H:70]1[CH2:37][CH2:32][CH:60]2[CH:57]3[CH:59]([CH2:31][CH2:41][C@@:76]21[CH3:5])[C@@:75]1([CH3:4])[CH2:40][CH2:33][C@@H:61]([OH:17])[CH2:34][CH:58]1[CH2:35][C@H:66]3[OH:21].[NH2:6][C:51](=[O:8])[C:52]1=[CH:27][N:74]([C@@H:69]2[O:45][C@H:71]([CH2:38][O:48][P:78](=[O:10])([O-:14])[O:50][P:79](=[O:11])([O-:15])[O:49][CH2:39][C@H:72]3[O:46][C@@H:68]([n:73]4[cH:25][n:43][c:54]5[c:53]([NH2:7])[n:42][cH:23][n:44][c:55]54)[C@H:65]([O:47][P:77](=[O:9])([O-:12])[O-:13])[C@@H:64]3[OH:20])[C@@H:63]([OH:19])[C@H:62]2[OH:18])[CH:26]=[CH:22][CH2:24]1.[O:1]=[O:16]>>[CH3:2][CH:56]([CH2:29][OH:16])[CH2:30][CH2:28][CH2:36][C@@H:67]([CH3:3])[C@H:70]1[CH2:37][CH2:32][CH:60]2[CH:57]3[CH:59]([CH2:31][CH2:41][C@@:76]21[CH3:5])[C@@:75]1([CH3:4])[CH2:40][CH2:33][C@@H:61]([OH:17])[CH2:34][CH:58]1[CH2:35][C@H:66]3[OH:21].[NH2:6][C:51](=[O:8])[c:52]1[cH:24][cH:22][cH:26][n+:74]([C@@H:69]2[O:45][C@H:71]([CH2:38][O:48][P:78](=[O:10])([O-:14])[O:50][P:79](=[O:11])([O-:15])[O:49][CH2:39][C@H:72]3[O:46][C@@H:68]([n:73]4[cH:25][n:43][c:54]5[c:53]([NH2:7])[n:42][cH:23][n:44][c:55]54)[C@H:65]([O:47][P:77](=[O:9])([O-:12])[O-:13])[C@@H:64]3[OH:20])[C@@H:63]([OH:19])[C@H:62]2[OH:18])[cH:27]1.[OH2:1],1,4,0.85
recon3d_213,[CH3:1][CH2:36][CH2:37][CH2:38][CH2:42][C@H:69]([OH:7])[CH2:44][C:71](=[O:9])[S:68][CH2:41][CH2:39][NH:56][C:70](=[O:8])[CH2:43][CH2:40][NH:57][C:73](=[O:11])[C@H:93]([OH:28])[C:97]([CH3:2])([CH3:3])[CH2:49][O:65][P:102](=[O:16])([O-:22])[O:67][P:101](=[O:15])([O-:21])[O:64][CH2:48][C@H:92]1[O:60][C@@H:89]([n:96]2[cH:35][n:53][c:78]3[c:76]([NH2:6])[n:51][cH:33][n:55][c:80]32)[C@H:85]([OH:27])[C@@H:86]1[O:61][P:98](=[O:12])([O-:17])[O-:18].[NH2:4][C:72](=[O:10])[c:74]1[cH:31][n+:94]([C@@H:87]2[O:58][C@H:90]([CH2:46][O:62][P:99](=[O:13])([O-:19])[O:66][P:100](=[O:14])([O-:20])[O:63][CH2:47][C@H:91]3[O:59][C@@H:88]([n:95]4[cH:34][n:52][c:77]5[c:75]([NH2:5])[n:50][cH:32][n:54][c:79]54)[C@H:82]([OH:24])[C@@H:84]3[OH:26])[CH:83]([OH:25])[C@H:81]2[OH:23])[cH:30][cH:29][cH:45]1>>[CH3:1][CH2:36][CH2:37][CH2:38][CH2:42][C:69](=[O:7])[CH2:44][C:71](=[O:9])[S:68][CH2:41][CH2:39][NH:56][C:70](=[O:8])[CH2:43][CH2:40][NH:57][C:73](=[O:11])[C@H:93]([OH:28])[C:97]([CH3:2])([CH3:3])[CH2:49][O:65][P:102](=[O:16])([O-:22])[O:67][P:101](=[O:15])([O-:21])[O:64][CH2:48][C@H:92]1[O:60][C@@H:89]([n:96]2[cH:35][n:53][c:78]3[c:76]([NH2:6])[n:51][cH:33][n:55][c:80]32)[C@H:85]([OH:27])[C@@H:86]1[O:61][P:98](=[O:12])([O-:17])[O-:18].[NH2:4][C:72](=[O:10])[C:74]1=[CH:31][N:94]([C@@H:87]2[O:58][C@H:90]([CH2:46][O:62][P:99](=[O:13])([O-:19])[O:66][P:100](=[O:14])([O-:20])[O:63][CH2:47][C@H:91]3[O:59][C@@H:88]([n:95]4[cH:34][n:52][c:77]5[c:75]([NH2:5])[n:50][cH:32][n:54][c:79]54)[CH:82]([OH:24])[CH:84]3[OH:26])[CH:83]([OH:25])[CH:81]2[OH:23])[CH:30]=[CH:29][CH2:45]1,1,2,7.11
recon3d_214,[CH2:1]=[C:25]([O:3][P:36](=[O:6])([O-:10])[O-:11])[C:26](=[O:4])[O-:9].[NH2:2][c:27]1[n:19][c:30]2[c:29]([n:18][cH:16][n:35]2[C@@H:33]2[O:21][C@H:34]([CH2:17][O:22][P:37](=[O:7])([O-:12])[O:24][P:38](=[O:8])([O-:13])[O-:23])[C@@H:32]([OH:15])[C@H:31]2[OH:14])[c:28](=[O:5])[nH:20]1>>[CH3:1][C:25](=[O:3])[C:26](=[O:4])[O-:9].[NH2:2][c:27]1[n:19][c:30]2[c:29]([n:18][cH:16][n:35]2[C@@H:33]2[O:21][C@H:34]([CH2:17][O:22][P:37](=[O:7])([O-:12])[O:24][P:38](=[O:8])([O-:13])[O:23][P:36](=[O:6])([O-:10])[O-:11])[C@@H:32]([OH:15])[C@H:31]2[OH:14])[c:28](=[O:5])[nH:20]1,1,3,1.34
recon3d_215,[NH2:1][C:36](=[O:3])[c:39]1[cH:22][n+:55]([C@@H:50]2[O:31][C@H:52]([CH2:26][O:33][P:57](=[O:6])([O-:10])[O:35][P:58](=[O:7])([O-:11])[O:34][CH2:27][C@H:53]3[O:32][C@@H:51]([n:56]4[cH:24][n:29][c:41]5[c:40]([NH2:2])[n:28][cH:23][n:30][c:42]54)[C@H:44]([OH:13])[C@@H:47]3[OH:16])[C@@H:46]([OH:15])[C@H:43]2[OH:12])[cH:21][cH:20][cH:25]1.[O:4]=[C:37]1[O:17][C@H:48]([C@@H:54]([OH:19])[CH:38]=[O:5])[C@H:45]([OH:14])[C@@H:49]1[OH:18].[OH2:8].[OH2:9]>>[NH2:1][C:36](=[O:3])[C:39]1=[CH:22][N:55]([C@@H:50]2[O:31][C@H:52]([CH2:26][O:33][P:57](=[O:6])([O-:10])[O:35][P:58](=[O:7])([O-:11])[O:34][CH2:27][C@H:53]3[O:32][C@@H:51]([n:56]4[cH:24][n:29][c:41]5[c:40]([NH2:2])[n:28][cH:23][n:30][c:42]54)[C@H:44]([OH:13])[C@@H:47]3[OH:16])[C@@H:46]([OH:15])[C@H:43]2[OH:12])[CH:21]=[CH:20][CH2:25]1.[O:4]=[C:37]([O-:8])[C@@H:49]([OH:18])[C@@H:45]([OH:14])[C@H:48]([OH:17])[C@@H:54]([OH:19])[C:38](=[O:5])[O-:9],1,5,1.90
recon3d_216,[CH3:1][CH:51]([CH3:2])[CH2:27][CH2:26][CH2:29][CH:53]([CH3:3])[CH:67]1[CH2:35][CH2:36][CH:68]2[CH:61]3[CH:54]([OH:14])[CH2:33][CH:64]4[CH2:32][C:52](=[O:13])[CH2:28][CH2:37][C@:71]4([CH3:4])[CH:65]3[CH2:34][CH:66]([OH:19])[C@:72]12[CH3:5].[NH2:6][C:46](=[O:8])[C:47]1=[CH:25][N:70]([CH:63]2[O:42][CH:56]([CH2:31][O:44][P:74](=[O:10])([O-:12])[O:45][P:73](=[O:9])([O-:11])[O:43][CH2:30][CH:55]3[O:41][CH:62]([n:69]4[cH:23][n:39][c:49]5[c:48]([NH2:7])[n:38][cH:21][n:40][c:50]54)[CH:59]([OH:17])[CH:57]3[OH:15])[CH:58]([OH:16])[CH:60]2[OH:18])[CH:24]=[CH:20][CH2:22]1>>[CH3:1][CH:51]([CH3:2])[CH2:27][CH2:26][CH2:29][CH:53]([CH3:3])[CH:67]1[CH2:35][CH2:36][CH:68]2[CH:61]3[CH:54]([OH:14])[CH2:33][CH:64]4[CH2:32][CH:52]([OH:13])[CH2:28][CH2:37][C@:71]4([CH3:4])[CH:65]3[CH2:34][CH:66]([OH:19])[C@:72]12[CH3:5].[NH2:6][C:46](=[O:8])[c:47]1[cH:22][cH:20][cH:24][n+:70]([CH:63]2[O:42][CH:56]([CH2:31][O:44][P:74](=[O:10])([O-:12])[O:45][P:73](=[O:9])([O-:11])[O:43][CH2:30][CH:55]3[O:41][CH:62]([n:69]4[cH:23][n:39][c:49]5[c:48]([NH2:7])[n:38][cH:21][n:40][c:50]54)[CH:59]([OH:17])[CH:57]3[OH:15])[CH:58]([OH:16])[CH:60]2[OH:18])[cH:25]1,1,2,2.96
recon3d_217,[CH3:2][C@:68]12[CH2:36][CH2:30][CH:55]3[CH:54]([CH2:29][CH2:28][C:49]4=[CH:19][C:46](=[O:5])[CH2:26][CH2:35][C@@:67]43[CH3:34])[CH:56]1[CH2:31][CH2:27][C:48]2=[O:7].[NH2:3][C:47](=[O:6])[C:50]1=[CH:25][N:66]([C@@H:62]2[O:40][C@H:63]([CH2:32][O:43][P:70](=[O:9])([O-:13])[O:45][P:71](=[O:10])([O-:14])[O:44][CH2:33][C@H:64]3[O:41][C@@H:61]([n:65]4[cH:23][n:38][c:52]5[c:51]([NH2:4])[n:37][cH:21][n:39][c:53]54)[C@H:60]([O:42][P:69](=[O:8])([O-:11])[O-:12])[C@@H:59]3[OH:18])[C@@H:58]([OH:17])[C@H:57]2[OH:16])[CH:24]=[CH:20][CH2:22]1.[O:1]=[O:15]>>[CH3:2][C@:68]12[CH2:36][CH2:30][CH:55]3[CH:54]([CH2:29][CH2:28][C:49]4=[CH:19][C:46](=[O:5])[CH2:26][CH2:35][C@@:67]43[CH2:34][OH:15])[CH:56]1[CH2:31][CH2:27][C:48]2=[O:7].[NH2:3][C:47](=[O:6])[c:50]1[cH:22][cH:20][cH:24][n+:66]([C@@H:62]2[O:40][C@H:63]([CH2:32][O:43][P:70](=[O:9])([O-:13])[O:45][P:71](=[O:10])([O-:14])[O:44][CH2:33][C@H:64]3[O:41][C@@H:61]([n:65]4[cH:23][n:38][c:52]5[c:51]([NH2:4])[n:37][cH:21][n:39][c:53]54)[C@H:60]([O:42][P:69](=[O:8])([O-:11])[O-:12])[C@@H:59]3[OH:18])[C@@H:58]([OH:17])[C@H:57]2[OH:16])[cH:25]1.[OH2:1],1,4,0.89
recon3d_218,[CH3:2][CH:56]([CH3:30])[CH2:31][CH2:29][CH2:36][C@@H:67]([CH3:3])[C@H:70]1[CH2:37][CH2:32][CH:60]2[CH:57]3[CH:59]([CH2:40][C@H:73]([OH:22])[C@@:77]21[CH3:5])[C@@:76]1([CH3:4])[CH2:41][CH2:33][C@@H:61]([OH:17])[CH2:34][CH:58]1[CH2:35][C@H:66]3[OH:21].[NH2:6][C:51](=[O:8])[C:52]1=[CH:28][N:75]([C@@H:69]2[O:45][C@H:71]([CH2:38][O:48][P:79](=[O:10])([O-:14])[O:50][P:80](=[O:11])([O-:15])[O:49][CH2:39][C@H:72]3[O:46][C@@H:68]([n:74]4[cH:26][n:43][c:54]5[c:53]([NH2:7])[n:42][cH:24][n:44][c:55]54)[C@H:65]([O:47][P:78](=[O:9])([O-:12])[O-:13])[C@@H:64]3[OH:20])[C@@H:63]([OH:19])[C@H:62]2[OH:18])[CH:27]=[CH:23][CH2:25]1.[O:1]=[O:16]>>[CH3:2][CH:56]([CH2:30][OH:16])[CH2:31][CH2:29][CH2:36][C@@H:67]([CH3:3])[C@H:70]1[CH2:37][CH2:32][CH:60]2[CH:57]3[CH:59]([CH2:40][C@H:73]([OH:22])[C@@:77]21[CH3:5])[C@@:76]1([CH3:4])[CH2:41][CH2:33][C@@H:61]([OH:17])[CH2:34][CH:58]1[CH2:35][C@H:66]3[OH:21].[NH2:6][C:51](=[O:8])[c:52]1[cH:25][cH:23][cH:27][n+:75]([C@@H:69]2[O:45][C@H:71]([CH2:38][O:48][P:79](=[O:10])([O-:14])[O:50][P:80](=[O:11])([O-:15])[O:49][CH2:39][C@H:72]3[O:46][C@@H:68]([n:74]4[cH:26][n:43][c:54]5[c:53]([NH2:7])[n:42][cH:24][n:44][c:55]54)[C@H:65]([O:47][P:78](=[O:9])([O-:12])[O-:13])[C@@H:64]3[OH:20])[C@@H:63]([OH:19])[C@H:62]2[OH:18])[cH:28]1.[OH2:1],1,4,1.38
recon3d_219,[CH3:1][CH2:25][CH2:26][CH2:27][CH2:28][CH2:29][CH2:30][CH2:31][CH2:32][CH2:33][CH2:34][CH2:39][C:57](=[O:10])[O:17][CH:63]([CH2:40][C:55](=[O:8])[O-:15])[CH2:43][N+:70]([CH3:4])([CH3:5])[CH3:6].[CH3:2][C:69]([CH3:3])([CH2:42][O:52][P:73](=[O:14])([O-:22])[O:53][P:72](=[O:13])([O-:21])[O:51][CH2:41][C@H:67]1[O:49][C@@H:66]([n:68]2[cH:24][n:45][c:60]3[c:59]([NH2:7])[n:44][cH:23][n:46][c:61]32)[C@H:64]([OH:18])[C@@H:65]1[O:50][P:71](=[O:12])([O-:19])[O-:20])[C@@H:62]([OH:16])[C:58](=[O:11])[NH:48][CH2:36][CH2:38][C:56](=[O:9])[NH:47][CH2:35][CH2:37][SH:54]>>[CH3:1][CH2:25][CH2:26][CH2:27][CH2:28][CH2:29][CH2:30][CH2:31][CH2:32][CH2:33][CH2:34][CH2:39][C:57](=[O:10])[S:54][CH2:37][CH2:35][NH:47][C:56](=[O:9])[CH2:38][CH2:36][NH:48][C:58](=[O:11])[CH:62]([OH:16])[C:69]([CH3:2])([CH3:3])[CH2:42][O:52][P:73](=[O:14])([OH:22])[O:53][P:72](=[O:13])([OH:21])[O:51][CH2:41][C@H:67]1[O:49][C@@H:66]([n:68]2[cH:24][n:45][c:60]3[c:59]([NH2:7])[n:44][cH:23][n:46][c:61]32)[C@H:64]([OH:18])[C@@H:65]1[O:50][P:71](=[O:12])([OH:19])[OH:20].[CH3:4][N+:70]([CH3:5])([CH3:6])[CH2:43][C@H:63]([OH:17])[CH2:40][C:55](=[O:8])[O-:15],1,2,0.47
recon3d_220,[NH3+:1][C@@H:8]([CH2:6][SH:9])[C:7](=[O:2])[O-:4].[O:3]=[O:5]>>[NH2:1][C@@H:8]([CH2:6][S:9](=[O:3])[O-:5])[C:7](=[O:2])[O-:4],1,3,0.01
recon3d_221,[CH3:2][CH2:34][CH2:37][CH2:38][CH2:35]/[CH:22]=[CH:23]\[CH2:41]/[CH:59]=[CH:24]\[CH2:20]/[CH:19]=[CH:21]\[CH2:33]/[CH:25]=[CH:26]/[CH2:36][CH2:39][CH2:40][C:53](=[O:5])[O-:10].[NH2:3][C:54](=[O:6])[C:55]1=[CH:32][N:69]([CH:67]2[O:48][CH:60]([CH2:42][O:50][P:71](=[O:8])([O-:13])[O:52][P:72](=[O:9])([O-:14])[O:51][CH2:43][CH:61]3[O:47][CH:66]([n:68]4[cH:30][n:45][c:57]5[c:56]([NH2:4])[n:44][cH:28][n:46][c:58]54)[CH:65]([O:49][P:70](=[O:7])([O-:11])[O-:12])[CH:63]3[OH:17])[CH:62]([OH:16])[CH:64]2[OH:18])[CH:31]=[CH:27][CH2:29]1.[O:1]=[O:15]>>[CH3:2][CH2:34][CH2:37][CH2:38][CH2:35]/[CH:22]=[CH:23]\[CH2:41][CH:59]([OH:15])/[CH:24]=[CH:20]\[CH:19]=[CH:21]/[CH2:33]/[CH:25]=[CH:26]/[CH2:36][CH2:39][CH2:40][C:53](=[O:5])[O-:10].[NH2:3][C:54](=[O:6])[c:55]1[cH:29][cH:27][cH:31][n+:69]([CH:67]2[O:48][CH:60]([CH2:42][O:50][P:71](=[O:8])([O-:13])[O:52][P:72](=[O:9])([O-:14])[O:51][CH2:43][CH:61]3[O:47][CH:66]([n:68]4[cH:30][n:45][c:57]5[c:56]([NH2:4])[n:44][cH:28][n:46][c:58]54)[CH:65]([O:49][P:70](=[O:7])([O-:11])[O-:12])[CH:63]3[OH:17])[CH:62]([OH:16])[CH:64]2[OH:18])[cH:32]1.[OH2:1],1,4,3.76
recon3d_222,[CH3:1][CH2:37][CH2:39][CH2:40][CH2:41][CH2:42][CH2:43][CH2:44][CH2:50][C:79](=[O:8])[S:32][CH2:38][CH2:45][NH:64][C:80](=[O:9])[CH2:51][CH2:47][NH:66][C:83](=[O:12])[CH:99]([OH:30])[C:103]([CH3:2])([CH3:3])[CH2:56][O:74][P:109](=[O:18])([O-:26])[O:76][P:107](=[O:16])([O-:24])[O:72][CH2:54][CH:91]1[O:68][CH:97]([n:101]2[cH:35][n:60][c:87]3[c:85]([NH2:6])[n:58][cH:33][n:62][c:89]32)[CH:93]([OH:28])[CH:95]1[O:70][P:105](=[O:14])([O-:20])[O-:21].[CH3:4][C:104]([CH3:5])([CH2:57][O:75][P:110](=[O:19])([O-:27])[O:77][P:108](=[O:17])([O-:25])[O:73][CH2:55][CH:92]1[O:69][CH:98]([n:102]2[cH:36][n:61][c:88]3[c:86]([NH2:7])[n:59][cH:34][n:63][c:90]32)[CH:94]([OH:29])[CH:96]1[O:71][P:106](=[O:15])([O-:22])[O-:23])[CH:100]([OH:31])[C:84](=[O:13])[NH:67][CH2:48][CH2:52][C:81](=[O:10])[NH:65][CH2:46][CH2:49][S:78][C:82](=[O:11])[CH3:53]>>[CH3:1][CH2:37][CH2:39][CH2:40][CH2:41][CH2:42][CH2:43][CH2:44][CH2:50][C:79](=[O:8])[CH2:53][C:82](=[O:11])[S:78][CH2:49][CH2:46][NH:65][C:81](=[O:10])[CH2:52][CH2:48][NH:67][C:84](=[O:13])[CH:100]([OH:31])[C:104]([CH3:4])([CH3:5])[CH2:57][O:75][P:110](=[O:19])([O-:27])[O:77][P:108](=[O:17])([O-:25])[O:73][CH2:55][CH:92]1[O:69][CH:98]([n:102]2[cH:36][n:61][c:88]3[c:86]([NH2:7])[n:59][cH:34][n:63][c:90]32)[CH:94]([OH:29])[CH:96]1[O:71][P:106](=[O:15])([O-:22])[O-:23].[CH3:2][C:103]([CH3:3])([CH2:56][O:74][P:109](=[O:18])([O-:26])[O:76][P:107](=[O:16])([O-:24])[O:72][CH2:54][CH:91]1[O:68][CH:97]([n:101]2[cH:35][n:60][c:87]3[c:85]([NH2:6])[n:58][cH:33][n:62][c:89]32)[CH:93]([OH:28])[CH:95]1[O:70][P:105](=[O:14])([O-:20])[O-:21])[CH:99]([OH:30])[C:83](=[O:12])[NH:66][CH2:47][CH2:51][C:80](=[O:9])[NH:64][CH2:45][CH2:38][SH:32],1,3,6.60
recon3d_223,[CH3:1]/[CH:47]=[CH:24]/[C:39](=[O:6])[S:37][CH2:22][CH2:20][NH:30][C:38](=[O:5])[CH2:23][CH2:21][NH:31][C:40](=[O:7])[C@H:49]([OH:17])[C:51]([CH3:2])([CH3:3])[CH2:26][O:35][P:54](=[O:10])([O-:14])[O:36][P:53](=[O:9])([O-:13])[O:34][CH2:25][C@H:48]1[O:32][C@@H:46]([n:50]2[cH:19][n:28][c:42]3[c:41]([NH2:4])[n:27][cH:18][n:29][c:43]32)[C@H:44]([OH:15])[C@@H:45]1[O:33][P:52](=[O:8])([O-:11])[O-:12].[OH2:16]>>[CH3:1][C@@H:47]([OH:16])[CH2:24][C:39](=[O:6])[S:37][CH2:22][CH2:20][NH:30][C:38](=[O:5])[CH2:23][CH2:21][NH:31][C:40](=[O:7])[C@H:49]([OH:17])[C:51]([CH3:2])([CH3:3])[CH2:26][O:35][P:54](=[O:10])([O-:14])[O:36][P:53](=[O:9])([O-:13])[O:34][CH2:25][C@H:48]1[O:32][C@@H:46]([n:50]2[cH:19][n:28][c:42]3[c:41]([NH2:4])[n:27][cH:18][n:29][c:43]32)[C@H:44]([OH:15])[C@@H:45]1[O:33][P:52](=[O:8])([O-:11])[O-:12],1,2,0.19
recon3d_224,[CH3:1][C@:24]12[CH2:16][CH2:14][C@H:23]([O:7][S:26](=[O:4])(=[O:5])[O-:6])[CH2:15][C:19]1=[CH:9][CH2:11][CH:20]1[CH:21]2[CH2:12][CH2:17][C@:25]2([CH3:2])[C:18](=[O:3])[CH2:10][CH2:13][CH:22]12.[OH2:8]>>[CH3:1][C@:24]12[CH2:16][CH2:14][C@H:23]([OH:8])[CH2:15][C:19]1=[CH:9][CH2:11][CH:20]1[CH:21]2[CH2:12][CH2:17][C@:25]2([CH3:2])[C:18](=[O:3])[CH2:10][CH2:13][CH:22]12.[O:4]=[S:26](=[O:5])([O-:6])[O-:7],1,2,0.07
recon3d_225,[CH3:1][CH2:37][CH2:38][CH2:39][CH2:40][CH2:41][CH2:42][CH2:43][CH2:44][CH2:45][CH2:46][CH2:47][CH2:56][C:86]([CH2:2][C:85](=[O:11])[S:81][CH2:52][CH2:48][NH:67][C:83](=[O:9])[CH2:54][CH2:50][NH:69][C:87](=[O:13])[C@H:103]([OH:31])[C:107]([CH3:3])([CH3:4])[CH2:59][O:77][P:113](=[O:19])([O-:27])[O:79][P:111](=[O:17])([O-:25])[O:75][CH2:57][C@H:101]1[O:71][C@@H:99]([n:105]2[cH:35][n:63][c:91]3[c:89]([NH2:7])[n:61][cH:33][n:65][c:93]32)[C@H:95]([OH:29])[C@@H:97]1[O:73][P:109](=[O:15])([O-:21])[O-:22])=[O:12].[CH3:5][C:108]([CH3:6])([CH2:60][O:78][P:114](=[O:20])([O-:28])[O:80][P:112](=[O:18])([O-:26])[O:76][CH2:58][C@H:102]1[O:72][C@@H:100]([n:106]2[cH:36][n:64][c:92]3[c:90]([NH2:8])[n:62][cH:34][n:66][c:94]32)[C@H:96]([OH:30])[C@@H:98]1[O:74][P:110](=[O:16])([O-:23])[O-:24])[C@@H:104]([OH:32])[C:88](=[O:14])[NH:70][CH2:51][CH2:55][C:84](=[O:10])[NH:68][CH2:49][CH2:53][SH:82]>>[CH3:1][CH2:37][CH2:38][CH2:39][CH2:40][CH2:41][CH2:42][CH2:43][CH2:44][CH2:45][CH2:46][CH2:47][CH2:56][C:86](=[O:12])[S:82][CH2:53][CH2:49][NH:68][C:84](=[O:10])[CH2:55][CH2:51][NH:70][C:88](=[O:14])[C@H:104]([OH:32])[C:108]([CH3:5])([CH3:6])[CH2:60][O:78][P:114](=[O:20])([O-:28])[O:80][P:112](=[O:18])([O-:26])[O:76][CH2:58][C@H:102]1[O:72][C@@H:100]([n:106]2[cH:36][n:64][c:92]3[c:90]([NH2:8])[n:62][cH:34][n:66][c:94]32)[C@H:96]([OH:30])[C@@H:98]1[O:74][P:110](=[O:16])([O-:23])[O-:24].[CH3:2][C:85](=[O:11])[S:81][CH2:52][CH2:48][NH:67][C:83](=[O:9])[CH2:54][CH2:50][NH:69][C:87](=[O:13])[C@H:103]([OH:31])[C:107]([CH3:3])([CH3:4])[CH2:59][O:77][P:113](=[O:19])([O-:27])[O:79][P:111](=[O:17])([O-:25])[O:75][CH2:57][C@H:101]1[O:71][C@@H:99]([n:105]2[cH:35][n:63][c:91]3[c:89]([NH2:7])[n:61][cH:33][n:65][c:93]32)[C@H:95]([OH:29])[C@@H:97]1[O:73][P:109](=[O:15])([O-:21])[O-:22],1,3,6.91
recon3d_226,[CH3:2][C@:67]12[CH2:34][CH2:29][CH:52]3[c:48]4[cH:24][cH:21][c:45]([OH:13])[cH:23][c:47]4[CH2:28][CH2:30][CH:53]3[CH:54]1[CH2:31][CH2:59][C@@H:64]2[OH:18].[NH2:3][C:44](=[O:5])[C:46]1=[CH:27][N:66]([C@@H:61]2[O:38][C@H:62]([CH2:32][O:41][P:69](=[O:7])([O-:11])[O:43][P:70](=[O:8])([O-:12])[O:42][CH2:33][C@H:63]3[O:39][C@@H:60]([n:65]4[cH:25][n:36][c:50]5[c:49]([NH2:4])[n:35][cH:20][n:37][c:51]54)[C@H:58]([O:40][P:68](=[O:6])([O-:9])[O-:10])[C@@H:57]3[OH:16])[C@@H:56]([OH:15])[C@H:55]2[OH:14])[CH:26]=[CH:19][CH2:22]1.[O:1]=[O:17]>>[CH3:2][C@:67]12[CH2:34][CH2:29][CH:52]3[c:48]4[cH:24][cH:21][c:45]([OH:13])[cH:23][c:47]4[CH2:28][CH2:30][CH:53]3[CH:54]1[CH2:31][C@@H:59]([OH:17])[C@@H:64]2[OH:18].[NH2:3][C:44](=[O:5])[c:46]1[cH:22][cH:19][cH:26][n+:66]([C@@H:61]2[O:38][C@H:62]([CH2:32][O:41][P:69](=[O:7])([O-:11])[O:43][P:70](=[O:8])([O-:12])[O:42][CH2:33][C@H:63]3[O:39][C@@H:60]([n:65]4[cH:25][n:36][c:50]5[c:49]([NH2:4])[n:35][cH:20][n:37][c:51]54)[C@H:58]([O:40][P:68](=[O:6])([O-:9])[O-:10])[C@@H:57]3[OH:16])[C@@H:56]([OH:15])[C@H:55]2[OH:14])[cH:27]1.[OH2:1],1,4,3.01
recon3d_227,[CH3:1][C@:62]12[CH2:31][CH2:27][C:51](=[O:11])[CH2:28][CH:48]1[CH2:24][CH2:23][CH:47]1[CH:49]2[CH2:25][CH2:32][C@:63]2([CH3:2])[C:42](=[O:6])[CH2:22][CH2:26][CH:50]12.[NH2:3][C:41](=[O:5])[C:43]1=[CH:21][N:61]([C@@H:57]2[O:37][C@H:59]([CH2:30][O:39][P:65](=[O:8])([O-:10])[O:40][P:64](=[O:7])([O-:9])[O:38][CH2:29][C@H:58]3[O:36][C@@H:56]([n:60]4[cH:19][n:34][c:45]5[c:44]([NH2:4])[n:33][cH:17][n:35][c:46]54)[C@H:52]([OH:12])[C@@H:54]3[OH:14])[C@@H:55]([OH:15])[C@H:53]2[OH:13])[CH:20]=[CH:16][CH2:18]1>>[CH3:1][C@:62]12[CH2:31][CH2:27][C@@H:51]([OH:11])[CH2:28][CH:48]1[CH2:24][CH2:23][CH:47]1[CH:49]2[CH2:25][CH2:32][C@:63]2([CH3:2])[C:42](=[O:6])[CH2:22][CH2:26][CH:50]12.[NH2:3][C:41](=[O:5])[c:43]1[cH:18][cH:16][cH:20][n+:61]([C@@H:57]2[O:37][C@H:59]([CH2:30][O:39][P:65](=[O:8])([O-:10])[O:40][P:64](=[O:7])([O-:9])[O:38][CH2:29][C@H:58]3[O:36][C@@H:56]([n:60]4[cH:19][n:34][c:45]5[c:44]([NH2:4])[n:33][cH:17][n:35][c:46]54)[C@H:52]([OH:12])[C@@H:54]3[OH:14])[C@@H:55]([OH:15])[C@H:53]2[OH:13])[cH:21]1,1,2,2.60
recon3d_228,[NH2:1][C:9](=[O:3])[NH:7][CH:12]1[NH:8][C:10](=[O:4])[NH:2][C:11]1=[O:5].[OH2:6]>>[NH2:1][C:9](=[O:3])[NH:7][CH:12]([NH:8][C:10]([NH2:2])=[O:4])[C:11](=[O:5])[O-:6],1,2,0.01
recon3d_229,[CH3:2][CH:57]([CH3:3])[CH2:32][CH2:30][CH2:35][C@@H:66]([CH3:4])[C@H:69]1[CH2:36][CH2:33][CH:59]2[CH:58]3[CH:60]([CH2:39][CH2:72][C@@:75]21[CH3:5])[C@@:76]1([CH3:6])[CH2:40][CH2:31][C:50](=[O:9])[CH:23]=[C:52]1[CH2:34][C@H:65]3[OH:21].[NH2:7][C:51](=[O:10])[C:53]1=[CH:29][N:74]([C@@H:68]2[O:44][C@H:70]([CH2:37][O:47][P:78](=[O:12])([O-:16])[O:49][P:79](=[O:13])([O-:17])[O:48][CH2:38][C@H:71]3[O:45][C@@H:67]([n:73]4[cH:27][n:42][c:55]5[c:54]([NH2:8])[n:41][cH:25][n:43][c:56]54)[C@H:64]([O:46][P:77](=[O:11])([O-:14])[O-:15])[C@@H:63]3[OH:20])[C@@H:62]([OH:19])[C@H:61]2[OH:18])[CH:28]=[CH:24][CH2:26]1.[O:1]=[O:22]>>[CH3:2][CH:57]([CH3:3])[CH2:32][CH2:30][CH2:35][C@@H:66]([CH3:4])[C@H:69]1[CH2:36][CH2:33][CH:59]2[CH:58]3[CH:60]([CH2:39][C@H:72]([OH:22])[C@@:75]21[CH3:5])[C@@:76]1([CH3:6])[CH2:40][CH2:31][C:50](=[O:9])[CH:23]=[C:52]1[CH2:34][C@H:65]3[OH:21].[NH2:7][C:51](=[O:10])[c:53]1[cH:26][cH:24][cH:28][n+:74]([C@@H:68]2[O:44][C@H:70]([CH2:37][O:47][P:78](=[O:12])([O-:16])[O:49][P:79](=[O:13])([O-:17])[O:48][CH2:38][C@H:71]3[O:45][C@@H:67]([n:73]4[cH:27][n:42][c:55]5[c:54]([NH2:8])[n:41][cH:25][n:43][c:56]54)[C@H:64]([O:46][P:77](=[O:11])([O-:14])[O-:15])[C@@H:63]3[OH:20])[C@@H:62]([OH:19])[C@H:61]2[OH:18])[cH:29]1.[OH2:1],1,4,3.17
recon3d_230,[CH3:2][C:49]1=[C:50](/[CH:24]=[CH:26]/[C:52]([CH3:4])=[CH:28]/[CH:23]=[CH:25]/[C:51]([CH3:3])=[CH:27]/[CH:22]=[O:9])[C:68]([CH3:5])([CH3:6])[CH2:57][CH2:36][CH2:35]1.[NH2:7][C:48](=[O:10])[C:53]1=[CH:34][N:67]([C@@H:63]2[O:42][C@H:64]([CH2:37][O:45][P:70](=[O:12])([O-:16])[O:47][P:71](=[O:13])([O-:17])[O:46][CH2:38][C@H:65]3[O:43][C@@H:62]([n:66]4[cH:32][n:40][c:55]5[c:54]([NH2:8])[n:39][cH:30][n:41][c:56]54)[C@H:61]([O:44][P:69](=[O:11])([O-:14])[O-:15])[C@@H:60]3[OH:21])[C@@H:59]([OH:20])[C@H:58]2[OH:19])[CH:33]=[CH:29][CH2:31]1.[O:1]=[O:18]>>[CH3:2][C:49]1=[C:50](/[CH:24]=[CH:26]/[C:52]([CH3:4])=[CH:28]/[CH:23]=[CH:25]/[C:51]([CH3:3])=[CH:27]/[CH:22]=[O:9])[C:68]([CH3:5])([CH3:6])[CH:57]([OH:18])[CH2:36][CH2:35]1.[NH2:7][C:48](=[O:10])[c:53]1[cH:31][cH:29][cH:33][n+:67]([C@@H:63]2[O:42][C@H:64]([CH2:37][O:45][P:70](=[O:12])([O-:16])[O:47][P:71](=[O:13])([O-:17])[O:46][CH2:38][C@H:65]3[O:43][C@@H:62]([n:66]4[cH:32][n:40][c:55]5[c:54]([NH2:8])[n:39][cH:30][n:41][c:56]54)[C@H:61]([O:44][P:69](=[O:11])([O-:14])[O-:15])[C@@H:60]3[OH:21])[C@@H:59]([OH:20])[C@H:58]2[OH:19])[cH:34]1.[OH2:1],1,4,0.59
recon3d_231,[CH3:1][CH2:20][CH2:21][CH2:22][CH2:27]/[CH:48]=[CH:28]/[C:43](=[O:6])[S:41][CH2:25][CH2:23][NH:34][C:42](=[O:5])[CH2:26][CH2:24][NH:35][C:44](=[O:7])[C@H:53]([OH:17])[C:55]([CH3:2])([CH3:3])[CH2:30][O:39][P:58](=[O:10])([O-:14])[O:40][P:57](=[O:9])([O-:13])[O:38][CH2:29][C@H:52]1[O:36][C@@H:51]([n:54]2[cH:19][n:32][c:46]3[c:45]([NH2:4])[n:31][cH:18][n:33][c:47]32)[C@H:49]([OH:16])[C@@H:50]1[O:37][P:56](=[O:8])([O-:11])[O-:12].[OH2:15]>>[CH3:1][CH2:20][CH2:21][CH2:22][CH2:27][C@H:48]([OH:15])[CH2:28][C:43](=[O:6])[S:41][CH2:25][CH2:23][NH:34][C:42](=[O:5])[CH2:26][CH2:24][NH:35][C:44](=[O:7])[C@H:53]([OH:17])[C:55]([CH3:2])([CH3:3])[CH2:30][O:39][P:58](=[O:10])([O-:14])[O:40][P:57](=[O:9])([O-:13])[O:38][CH2:29][C@H:52]1[O:36][C@@H:51]([n:54]2[cH:19][n:32][c:46]3[c:45]([NH2:4])[n:31][cH:18][n:33][c:47]32)[C@H:49]([OH:16])[C@@H:50]1[O:37][P:56](=[O:8])([O-:11])[O-:12],1,2,0.31
recon3d_232,[CH3:1][CH2:30][CH2:33][CH2:34][CH2:31]/[CH:24]=[CH:26]/[CH2:40][C@@H:65]([OH:18])/[CH:27]=[CH:23]/[CH:22]=[CH:25]/[CH2:32][CH2:37][C@H:53]([OH:5])[CH2:38][CH2:35][CH2:36][C:52](=[O:4])[O-:10].[NH2:2][C:54](=[O:6])[c:55]1[cH:21][n+:68]([C@@H:63]2[O:46][C@H:66]([CH2:41][O:49][P:71](=[O:8])([O-:13])[O:51][P:72](=[O:9])([O-:14])[O:50][CH2:42][C@H:67]3[O:47][C@@H:64]([n:69]4[cH:29][n:44][c:57]5[c:56]([NH2:3])[n:43][cH:28][n:45][c:58]54)[C@H:62]([O:48][P:70](=[O:7])([O-:11])[O-:12])[C@@H:61]3[OH:17])[C@@H:60]([OH:16])[C@H:59]2[OH:15])[cH:20][cH:19][cH:39]1>>[CH3:1][CH2:30][CH2:33][CH2:34][CH2:31]/[CH:24]=[CH:26]/[CH2:40][C@@H:65]([OH:18])/[CH:27]=[CH:23]/[CH:22]=[CH:25]/[CH2:32][CH2:37][C:53](=[O:5])[CH2:38][CH2:35][CH2:36][C:52](=[O:4])[O-:10].[NH2:2][C:54](=[O:6])[C:55]1=[CH:21][N:68]([C@@H:63]2[O:46][C@H:66]([CH2:41][O:49][P:71](=[O:8])([O-:13])[O:51][P:72](=[O:9])([O-:14])[O:50][CH2:42][C@H:67]3[O:47][C@@H:64]([n:69]4[cH:29][n:44][c:57]5[c:56]([NH2:3])[n:43][cH:28][n:45][c:58]54)[C@H:62]([O:48][P:70](=[O:7])([O-:11])[O-:12])[C@@H:61]3[OH:17])[C@@H:60]([OH:16])[C@H:59]2[OH:15])[CH:20]=[CH:19][CH2:39]1,1,2,3.84
recon3d_233,[CH3:1][CH:31]=[O:4].[NH2:2][C:32](=[O:5])[c:33]1[cH:17][n+:45]([CH:43]2[O:26][CH:37]([CH2:21][O:28][P:47](=[O:6])([O-:9])[O:30][P:48](=[O:7])([O-:10])[O:29][CH2:22][CH:38]3[O:27][CH:44]([n:46]4[cH:19][n:24][c:35]5[c:34]([NH2:3])[n:23][cH:18][n:25][c:36]54)[CH:42]([OH:14])[CH:40]3[OH:12])[CH:39]([OH:11])[CH:41]2[OH:13])[cH:16][cH:15][cH:20]1.[OH2:8]>>[CH3:1][C:31](=[O:4])[O-:8].[NH2:2][C:32](=[O:5])[C:33]1=[CH:17][N:45]([CH:43]2[O:26][CH:37]([CH2:21][O:28][P:47](=[O:6])([O-:9])[O:30][P:48](=[O:7])([O-:10])[O:29][CH2:22][CH:38]3[O:27][CH:44]([n:46]4[cH:19][n:24][c:35]5[c:34]([NH2:3])[n:23][cH:18][n:25][c:36]54)[CH:42]([OH:14])[CH:40]3[OH:12])[CH:39]([OH:11])[CH:41]2[OH:13])[CH:16]=[CH:15][CH2:20]1,1,3,1.17
recon3d_234,[NH2:1][c:15]1[cH:10][cH:11][n:21]([CH:20]2[O:14][CH:17]([CH2:12][O:9][P:22](=[O:3])([O-:4])[O-:5])[CH:18]([OH:7])[CH:19]2[OH:8])[c:16](=[O:2])[n:13]1.[OH2:6]>>[NH2:1][c:15]1[cH:10][cH:11][n:21]([CH:20]2[O:14][CH:17]([CH2:12][OH:6])[CH:18]([OH:7])[CH:19]2[OH:8])[c:16](=[O:2])[n:13]1.[O:3]=[P:22]([O-:4])([O-:5])[OH:9],1,2,0.04
recon3d_235,[O:1]=[C:4]=[O:3].[OH2:2]>>[O:1]=[C:4]([O-:2])[OH:3],1,1,0.00
recon3d_236,[NH3+:1][C@@H:11]([CH2:9][O:8][P:12](=[O:3])([O-:5])[O-:6])[C:10](=[O:2])[O-:4].[OH2:7]>>[NH3+:1][C@@H:11]([CH2:9][OH:7])[C:10](=[O:2])[O-:4].[O:3]=[P:12]([O-:5])([O-:6])[OH:8],1,2,0.01
recon3d_237,[CH3:1][CH:91]([CH:81]([OH:12])[CH2:46][CH2:52][C@@H:104]([CH3:2])[C@H:108]1[CH2:53][CH2:48][CH:99]2[CH:92]3[CH:98]([CH2:57][C@H:113]([OH:34])[C@@:119]21[CH3:6])[C@@:118]1([CH3:5])[CH2:59][CH2:49][C@@H:100]([OH:30])[CH2:50][CH:97]1[CH2:51][C@H:103]3[OH:32])[C:82](=[O:13])[S:78][CH2:44][CH2:42][NH:66][C:79](=[O:10])[CH2:45][CH2:43][NH:67][C:83](=[O:14])[C@H:112]([OH:33])[C:117]([CH3:3])([CH3:4])[CH2:58][O:75][P:124](=[O:19])([O-:25])[O:77][P:123](=[O:18])([O-:24])[O:74][CH2:56][C@H:111]1[O:70][C@@H:107]([n:116]2[cH:41][n:63][c:88]3[c:86]([NH2:9])[n:61][cH:39][n:65][c:90]32)[C@H:101]([OH:31])[C@@H:102]1[O:71][P:120](=[O:15])([O-:20])[O-:21].[NH2:7][C:80](=[O:11])[c:84]1[cH:37][n+:114]([C@@H:105]2[O:68][C@H:109]([CH2:54][O:72][P:121](=[O:16])([O-:22])[O:76][P:122](=[O:17])([O-:23])[O:73][CH2:55][C@H:110]3[O:69][C@@H:106]([n:115]4[cH:40][n:62][c:87]5[c:85]([NH2:8])[n:60][cH:38][n:64][c:89]54)[C@H:94]([OH:27])[C@@H:96]3[OH:29])[CH:95]([OH:28])[C@H:93]2[OH:26])[cH:36][cH:35][cH:47]1>>[CH3:1][CH:91]([C:81](=[O:12])[CH2:46][CH2:52][C@@H:104]([CH3:2])[C@H:108]1[CH2:53][CH2:48][CH:99]2[CH:92]3[CH:98]([CH2:57][C@H:113]([OH:34])[C@@:119]21[CH3:6])[C@@:118]1([CH3:5])[CH2:59][CH2:49][C@@H:100]([OH:30])[CH2:50][CH:97]1[CH2:51][C@H:103]3[OH:32])[C:82](=[O:13])[S:78][CH2:44][CH2:42][NH:66][C:79](=[O:10])[CH2:45][CH2:43][NH:67][C:83](=[O:14])[C@H:112]([OH:33])[C:117]([CH3:3])([CH3:4])[CH2:58][O:75][P:124](=[O:19])([O-:25])[O:77][P:123](=[O:18])([O-:24])[O:74][CH2:56][C@H:111]1[O:70][C@@H:107]([n:116]2[cH:41][n:63][c:88]3[c:86]([NH2:9])[n:61][cH:39][n:65][c:90]32)[C@H:101]([OH:31])[C@@H:102]1[O:71][P:120](=[O:15])([O-:20])[O-:21].[NH2:7][C:80](=[O:11])[C:84]1=[CH:37][N:114]([C@@H:105]2[O:68][C@H:109]([CH2:54][O:72][P:121](=[O:16])([O-:22])[O:76][P:122](=[O:17])([O-:23])[O:73][CH2:55][C@H:110]3[O:69][C@@H:106]([n:115]4[cH:40][n:62][c:87]5[c:85]([NH2:8])[n:60][cH:38][n:64][c:89]54)[CH:94]([OH:27])[CH:96]3[OH:29])[CH:95]([OH:28])[CH:93]2[OH:26])[CH:36]=[CH:35][CH2:47]1,1,2,43.65
recon3d_238,[CH3:1][C:10](=[O:2])[NH:8][C@H:14]1[CH:11]([OH:4])[O:9][C@H:15]([CH2:7][OH:3])[C@@H:13]([OH:6])[C@@H:12]1[OH:5]>>[CH3:1][C:10](=[O:2])[NH:8][C@@H:14]1[CH:11]([OH:4])[O:9][C@H:15]([CH2:7][OH:3])[C@@H:13]([OH:6])[C@@H:12]1[OH:5],1,0,0.02
recon3d_239,[CH2:1]=[C:60]([CH2:38][C:61](=[O:6])[O-:16])[C:63](=[O:8])[O-:29].[CH3:2][C:82]([CH3:3])([CH2:42][O:56][P:88](=[O:15])([O-:24])[O:58][P:87](=[O:14])([O-:23])[O:55][CH2:41][C@H:78]1[O:52][C@@H:76]([n:81]2[cH:34][n:46][c:68]3[c:66]([NH2:5])[n:44][cH:32][n:48][c:70]32)[C@H:72]([OH:26])[C@@H:74]1[O:53][P:84](=[O:11])([O-:19])[O-:20])[C@@H:79]([OH:28])[C:64](=[O:9])[NH:50][CH2:36][CH2:39][C:62](=[O:7])[NH:49][CH2:35][CH2:37][SH:59].[NH2:4][c:65]1[n:43][cH:31][n:47][c:69]2[c:67]1[n:45][cH:33][n:80]2[C@@H:75]1[O:51][C@H:77]([CH2:40][O:54][P:86](=[O:13])([O-:22])[O:57][P:85](=[O:12])([O-:21])[O:30][P:83](=[O:10])([O-:17])[O-:18])[C@@H:73]([OH:27])[C@H:71]1[OH:25]>>[CH2:1]=[C:60]([CH2:38][C:61](=[O:6])[O-:16])[C:63](=[O:8])[S:59][CH2:37][CH2:35][NH:49][C:62](=[O:7])[CH2:39][CH2:36][NH:50][C:64](=[O:9])[C@H:79]([OH:28])[C:82]([CH3:2])([CH3:3])[CH2:42][O:56][P:88](=[O:15])([O-:24])[O:58][P:87](=[O:14])([O-:23])[O:55][CH2:41][C@H:78]1[O:52][C@@H:76]([n:81]2[cH:34][n:46][c:68]3[c:66]([NH2:5])[n:44][cH:32][n:48][c:70]32)[C@H:72]([OH:26])[C@@H:74]1[O:53][P:84](=[O:11])([O-:19])[O-:20].[NH2:4][c:65]1[n:43][cH:31][n:47][c:69]2[c:67]1[n:45][cH:33][n:80]2[C@@H:75]1[O:51][C@H:77]([CH2:40][O:54][P:86](=[O:13])([O-:22])[O:57][P:85](=[O:12])([O-:21])[OH:30])[C@@H:73]([OH:27])[C@H:71]1[OH:25].[O:10]=[P:83]([O-:17])([O-:18])[OH:29],1,4,0.69
recon3d_240,[CH3:1][CH:55]([CH3:2])[CH2:30][CH2:28][CH2:34][C@@H:65]([CH3:3])[C@H:68]1[CH2:35][CH2:32][CH:59]2[CH:56]3[CH:58]([CH2:38][C@H:71]([OH:21])[C@@:75]21[CH3:5])[C@@:74]1([CH3:4])[CH2:39][CH2:29][C:49](=[O:8])[CH:31]=[C:57]1[CH2:33][C@H:64]3[OH:20].[NH2:6][C:50](=[O:9])[C:51]1=[CH:27][N:73]([C@@H:67]2[O:43][C@H:69]([CH2:36][O:46][P:77](=[O:11])([O-:15])[O:48][P:78](=[O:12])([O-:16])[O:47][CH2:37][C@H:70]3[O:44][C@@H:66]([n:72]4[cH:25][n:41][c:53]5[c:52]([NH2:7])[n:40][cH:23][n:42][c:54]54)[C@H:63]([O:45][P:76](=[O:10])([O-:13])[O-:14])[C@@H:62]3[OH:19])[C@@H:61]([OH:18])[C@H:60]2[OH:17])[CH:26]=[CH:22][CH2:24]1>>[CH3:1][CH:55]([CH3:2])[CH2:30][CH2:28][CH2:34][C@@H:65]([CH3:3])[C@H:68]1[CH2:35][CH2:32][CH:59]2[CH:56]3[CH:58]([CH2:38][C@H:71]([OH:21])[C@@:75]21[CH3:5])[C@@:74]1([CH3:4])[CH2:39][CH2:29][C:49](=[O:8])[CH2:31][CH:57]1[CH2:33][C@H:64]3[OH:20].[NH2:6][C:50](=[O:9])[c:51]1[cH:24][cH:22][cH:26][n+:73]([C@@H:67]2[O:43][C@H:69]([CH2:36][O:46][P:77](=[O:11])([O-:15])[O:48][P:78](=[O:12])([O-:16])[O:47][CH2:37][C@H:70]3[O:44][C@@H:66]([n:72]4[cH:25][n:41][c:53]5[c:52]([NH2:7])[n:40][cH:23][n:42][c:54]54)[C@H:63]([O:45][P:76](=[O:10])([O-:13])[O-:14])[C@@H:62]3[OH:19])[C@@H:61]([OH:18])[C@H:60]2[OH:17])[cH:27]1,1,3,3.39
recon3d_241,[CH3:2][C:49]1=[C:50](/[CH:24]=[CH:26]/[C:52]([CH3:4])=[CH:28]/[CH:23]=[CH:25]/[C:51]([CH3:3])=[CH:27]/[CH:22]=[O:9])[C:68]([CH3:5])([CH3:6])[CH2:57][CH2:36][CH2:35]1.[NH2:7][C:48](=[O:10])[C:53]1=[CH:34][N:67]([C@@H:63]2[O:42][C@H:64]([CH2:37][O:45][P:70](=[O:12])([O-:16])[O:47][P:71](=[O:13])([O-:17])[O:46][CH2:38][C@H:65]3[O:43][C@@H:62]([n:66]4[cH:32][n:40][c:55]5[c:54]([NH2:8])[n:39][cH:30][n:41][c:56]54)[C@H:61]([O:44][P:69](=[O:11])([O-:14])[O-:15])[C@@H:60]3[OH:21])[C@@H:59]([OH:20])[C@H:58]2[OH:19])[CH:33]=[CH:29][CH2:31]1.[O:1]=[O:18]>>[CH3:2][C:49]1=[C:50](/[CH:24]=[CH:26]/[C:52]([CH3:4])=[CH:28]/[CH:23]=[CH:25]/[C:51]([CH3:3])=[CH:27]/[CH:22]=[O:9])[C:68]([CH3:5])([CH3:6])[CH:57]([OH:18])[CH2:36][CH2:35]1.[NH2:7][C:48](=[O:10])[c:53]1[cH:31][cH:29][cH:33][n+:67]([C@@H:63]2[O:42][C@H:64]([CH2:37][O:45][P:70](=[O:12])([O-:16])[O:47][P:71](=[O:13])([O-:17])[O:46][CH2:38][C@H:65]3[O:43][C@@H:62]([n:66]4[cH:32][n:40][c:55]5[c:54]([NH2:8])[n:39][cH:30][n:41][c:56]54)[C@H:61]([O:44][P:69](=[O:11])([O-:14])[O-:15])[C@@H:60]3[OH:21])[C@@H:59]([OH:20])[C@H:58]2[OH:19])[cH:34]1.[OH2:1],1,4,0.59
recon3d_242,[CH3:2][CH2:35][CH2:37][CH2:39][CH2:41]/[CH:63]=[CH:26]\[CH2:20]/[CH:19]=[CH:21]\[CH2:33]/[CH:22]=[CH:23]\[CH2:34]/[CH:24]=[CH:25]\[CH2:36][CH2:38][CH2:40][C:53](=[O:5])[O-:10].[NH2:3][C:54](=[O:6])[C:55]1=[CH:32][N:69]([C@@H:65]2[O:47][C@H:66]([CH2:42][O:50][P:71](=[O:8])([O-:13])[O:52][P:72](=[O:9])([O-:14])[O:51][CH2:43][C@H:67]3[O:48][C@@H:64]([n:68]4[cH:30][n:45][c:57]5[c:56]([NH2:4])[n:44][cH:28][n:46][c:58]54)[C@H:62]([O:49][P:70](=[O:7])([O-:11])[O-:12])[C@@H:61]3[OH:17])[C@@H:60]([OH:16])[C@H:59]2[OH:15])[CH:31]=[CH:27][CH2:29]1.[O:1]=[O:18]>>[CH3:2][CH2:35][CH2:37][CH2:39][CH2:41][C@H:63]([OH:18])/[CH:26]=[CH:20]/[CH:19]=[CH:21]/[CH2:33]/[CH:22]=[CH:23]/[CH2:34]/[CH:24]=[CH:25]/[CH2:36][CH2:38][CH2:40][C:53](=[O:5])[O-:10].[NH2:3][C:54](=[O:6])[c:55]1[cH:29][cH:27][cH:31][n+:69]([C@@H:65]2[O:47][C@H:66]([CH2:42][O:50][P:71](=[O:8])([O-:13])[O:52][P:72](=[O:9])([O-:14])[O:51][CH2:43][C@H:67]3[O:48][C@@H:64]([n:68]4[cH:30][n:45][c:57]5[c:56]([NH2:4])[n:44][cH:28][n:46][c:58]54)[C@H:62]([O:49][P:70](=[O:7])([O-:11])[O-:12])[C@@H:61]3[OH:17])[C@@H:60]([OH:16])[C@H:59]2[OH:15])[cH:32]1.[OH2:1],1,4,3.81
recon3d_243,[CH2:1]([C:12](=[O:4])[c:15]1[cH:11][cH:9][cH:10][c:14]([OH:8])[c:16]1[NH2:2])[C@H:17]([NH3+:3])[C:13](=[O:5])[O-:7].[OH2:6]>>[CH3:1][C@H:17]([NH3+:3])[C:13](=[O:5])[O-:7].[NH3+:2][c:16]1[c:14]([OH:8])[cH:10][cH:9][cH:11][c:15]1[C:12](=[O:4])[O-:6],1,3,0.05
recon3d_244,[NH2:1][c:32]1[n:21][cH:15][n:25][c:36]2[c:34]1[n:23][cH:17][n:46]2[C@@H:42]1[O:27][C@H:44]([CH2:19][O:29][P:48](=[O:3])([O:6][P:50](=[O:5])([O-:10])[O:31][P:49](=[O:4])([O-:8])[O-:9])[O-:7])[C@@H:40]([OH:13])[C@H:38]1[OH:11].[NH2:2][c:33]1[n:22][cH:16][n:26][c:37]2[c:35]1[n:24][cH:18][n:47]2[C@@H:43]1[O:28][C@H:45]([CH2:20][OH:30])[C@@H:41]([OH:14])[C@H:39]1[OH:12]>>[NH2:1][c:32]1[n:21][cH:15][n:25][c:36]2[c:34]1[n:23][cH:17][n:46]2[C@@H:42]1[O:27][C@H:44]([CH2:19][O:29][P:48](=[O:3])([O-:6])[O-:7])[C@@H:40]([OH:13])[C@H:38]1[OH:11].[NH2:2][c:33]1[n:22][cH:16][n:26][c:37]2[c:35]1[n:24][cH:18][n:47]2[C@@H:43]1[O:28][C@H:45]([CH2:20][O:30][P:50](=[O:5])([O-:10])[O:31][P:49](=[O:4])([O-:8])[O-:9])[C@@H:41]([OH:14])[C@H:39]1[OH:12],1,2,1.21
recon3d_245,[OH:1][C@@H:11]([C@H:10]([OH:4])[C@H:12]([OH:5])[C:9](=[O:2])[O-:8])[C@@H:13]([OH:6])[CH2:7][OH:3]>>[O:2]=[C:9]1[O:8][C@H:11]([C@@H:13]([OH:6])[CH2:7][OH:3])[C@@H:10]([OH:4])[C@@H:12]1[OH:5].[OH2:1],1,2,0.02
recon3d_246,[CH3:1][C@:63]12[CH2:31][CH2:26][CH:48]3[c:44]4[cH:21][cH:18][c:41]([OH:9])[cH:20][c:43]4[CH2:25][CH2:27][CH:49]3[CH:50]1[CH2:28][C@@H:55]([OH:14])[C:60]2=[O:15].[NH2:2][C:40](=[O:4])[C:42]1=[CH:24][N:62]([C@@H:57]2[O:36][C@H:59]([CH2:30][O:38][P:65](=[O:6])([O-:8])[O:39][P:64](=[O:5])([O-:7])[O:37][CH2:29][C@H:58]3[O:35][C@@H:56]([n:61]4[cH:22][n:33][c:46]5[c:45]([NH2:3])[n:32][cH:17][n:34][c:47]54)[C@H:51]([OH:10])[C@@H:53]3[OH:12])[C@@H:54]([OH:13])[C@H:52]2[OH:11])[CH:23]=[CH:16][CH2:19]1>>[CH3:1][C@:63]12[CH2:31][CH2:26][CH:48]3[c:44]4[cH:21][cH:18][c:41]([OH:9])[cH:20][c:43]4[CH2:25][CH2:27][CH:49]3[CH:50]1[CH2:28][C@@H:55]([OH:14])[C@@H:60]2[OH:15].[NH2:2][C:40](=[O:4])[c:42]1[cH:19][cH:16][cH:23][n+:62]([C@@H:57]2[O:36][C@H:59]([CH2:30][O:38][P:65](=[O:6])([O-:8])[O:39][P:64](=[O:5])([O-:7])[O:37][CH2:29][C@H:58]3[O:35][C@@H:56]([n:61]4[cH:22][n:33][c:46]5[c:45]([NH2:3])[n:32][cH:17][n:34][c:47]54)[C@H:51]([OH:10])[C@@H:53]3[OH:12])[C@@H:54]([OH:13])[C@H:52]2[OH:11])[cH:24]1,1,2,3.03
recon3d_247,[NH2:1][c:16]1[n:12][cH:9][n:14][c:18]2[c:17]1[n:13][cH:10][n:23]2[CH:22]1[O:15][CH:19]([CH2:11][O:8][P:24](=[O:2])([O-:3])[O-:4])[CH:20]([OH:6])[CH:21]1[OH:7].[OH2:5]>>[NH2:1][c:16]1[n:12][cH:9][n:14][c:18]2[c:17]1[n:13][cH:10][n:23]2[CH:22]1[O:15][CH:19]([CH2:11][OH:5])[CH:20]([OH:6])[CH:21]1[OH:7].[O:2]=[P:24]([O-:3])([O-:4])[OH:8],1,2,0.04
recon3d_248,[CH3:1][CH2:37][CH2:38][CH2:39][CH2:40][CH2:41][CH2:42][CH2:43][CH2:44][CH2:45][CH2:54][C:84]([CH2:2][C:83](=[O:11])[S:79][CH2:50][CH2:46][NH:65][C:81](=[O:9])[CH2:52][CH2:48][NH:67][C:85](=[O:13])[C@H:101]([OH:31])[C:105]([CH3:3])([CH3:4])[CH2:57][O:75][P:111](=[O:19])([O-:27])[O:77][P:109](=[O:17])([O-:25])[O:73][CH2:55][C@H:99]1[O:69][C@@H:97]([n:103]2[cH:35][n:61][c:89]3[c:87]([NH2:7])[n:59][cH:33][n:63][c:91]32)[C@H:93]([OH:29])[C@@H:95]1[O:71][P:107](=[O:15])([O-:21])[O-:22])=[O:12].[CH3:5][C:106]([CH3:6])([CH2:58][O:76][P:112](=[O:20])([O-:28])[O:78][P:110](=[O:18])([O-:26])[O:74][CH2:56][C@H:100]1[O:70][C@@H:98]([n:104]2[cH:36][n:62][c:90]3[c:88]([NH2:8])[n:60][cH:34][n:64][c:92]32)[C@H:94]([OH:30])[C@@H:96]1[O:72][P:108](=[O:16])([O-:23])[O-:24])[C@@H:102]([OH:32])[C:86](=[O:14])[NH:68][CH2:49][CH2:53][C:82](=[O:10])[NH:66][CH2:47][CH2:51][SH:80]>>[CH3:1][CH2:37][CH2:38][CH2:39][CH2:40][CH2:41][CH2:42][CH2:43][CH2:44][CH2:45][CH2:54][C:84](=[O:12])[S:80][CH2:51][CH2:47][NH:66][C:82](=[O:10])[CH2:53][CH2:49][NH:68][C:86](=[O:14])[C@H:102]([OH:32])[C:106]([CH3:5])([CH3:6])[CH2:58][O:76][P:112](=[O:20])([O-:28])[O:78][P:110](=[O:18])([O-:26])[O:74][CH2:56][C@H:100]1[O:70][C@@H:98]([n:104]2[cH:36][n:62][c:90]3[c:88]([NH2:8])[n:60][cH:34][n:64][c:92]32)[C@H:94]([OH:30])[C@@H:96]1[O:72][P:108](=[O:16])([O-:23])[O-:24].[CH3:2][C:83](=[O:11])[S:79][CH2:50][CH2:46][NH:65][C:81](=[O:9])[CH2:52][CH2:48][NH:67][C:85](=[O:13])[C@H:101]([OH:31])[C:105]([CH3:3])([CH3:4])[CH2:57][O:75][P:111](=[O:19])([O-:27])[O:77][P:109](=[O:17])([O-:25])[O:73][CH2:55][C@H:99]1[O:69][C@@H:97]([n:103]2[cH:35][n:61][c:89]3[c:87]([NH2:7])[n:59][cH:33][n:63][c:91]32)[C@H:93]([OH:29])[C@@H:95]1[O:71][P:107](=[O:15])([O-:21])[O-:22],1,3,6.41
recon3d_249,[CH3:1][CH2:20][CH2:21][CH2:22][CH2:23][CH2:24][CH2:25][CH2:26][CH2:27][CH2:28][CH2:33]/[CH:54]=[CH:34]/[C:49](=[O:6])[S:47][CH2:31][CH2:29][NH:40][C:48](=[O:5])[CH2:32][CH2:30][NH:41][C:50](=[O:7])[C@H:59]([OH:17])[C:61]([CH3:2])([CH3:3])[CH2:36][O:45][P:64](=[O:10])([O-:14])[O:46][P:63](=[O:9])([O-:13])[O:44][CH2:35][C@H:58]1[O:42][C@@H:57]([n:60]2[cH:19][n:38][c:52]3[c:51]([NH2:4])[n:37][cH:18][n:39][c:53]32)[C@H:55]([OH:16])[C@@H:56]1[O:43][P:62](=[O:8])([O-:11])[O-:12].[OH2:15]>>[CH3:1][CH2:20][CH2:21][CH2:22][CH2:23][CH2:24][CH2:25][CH2:26][CH2:27][CH2:28][CH2:33][C@H:54]([OH:15])[CH2:34][C:49](=[O:6])[S:47][CH2:31][CH2:29][NH:40][C:48](=[O:5])[CH2:32][CH2:30][NH:41][C:50](=[O:7])[C@H:59]([OH:17])[C:61]([CH3:2])([CH3:3])[CH2:36][O:45][P:64](=[O:10])([O-:14])[O:46][P:63](=[O:9])([O-:13])[O:44][CH2:35][C@H:58]1[O:42][C@@H:57]([n:60]2[cH:19][n:38][c:52]3[c:51]([NH2:4])[n:37][cH:18][n:39][c:53]32)[C@H:55]([OH:16])[C@@H:56]1[O:43][P:62](=[O:8])([O-:11])[O-:12],1,2,0.45
recon3d_250,[NH2:1][c:58]1[n:38][cH:27][n:40][c:60]2[c:59]1[n:39][cH:28][n:69]2[C@@H:65]1[O:45][C@H:68]([CH2:37][O:46][P:72](=[O:14])([O-:23])[O:47][P:71](=[O:13])([O-:21])[O:22][P:70](=[O:12])([O-:19])[O-:20])[C@@H:62]([OH:25])[C@H:61]1[OH:24].[NH3+:2][C@@H:66]([CH2:35][CH2:31][C:52](=[O:6])[NH:43][C@@H:63]([CH2:33][S:48][S:49][CH2:34][C@H:64]([NH:44][C:53](=[O:7])[CH2:32][CH2:36][C@H:67]([NH3+:3])[C:57](=[O:11])[O-:18])[C:55](=[O:9])[NH:42][CH2:30][C:51](=[O:5])[O-:16])[C:54](=[O:8])[NH:41][CH2:29][C:50](=[O:4])[O-:15])[C:56](=[O:10])[O-:17].[OH2:26]>>[NH2:1][c:58]1[n:38][cH:27][n:40][c:60]2[c:59]1[n:39][cH:28][n:69]2[C@@H:65]1[O:45][C@H:68]([CH2:37][O:46][P:72](=[O:14])([O-:23])[O:47][P:71](=[O:13])([O-:21])[O-:22])[C@@H:62]([OH:25])[C@H:61]1[OH:24].[NH3+:2][C@@H:66]([CH2:35][CH2:31][C:52](=[O:6])[NH:43][C@@H:63]([CH2:33][S:48][S:49][CH2:34][C@H:64]([NH:44][C:53](=[O:7])[CH2:32][CH2:36][C@H:67]([NH3+:3])[C:57](=[O:11])[O-:18])[C:55](=[O:9])[NH:42][CH2:30][C:51](=[O:5])[O-:16])[C:54](=[O:8])[NH:41][CH2:29][C:50](=[O:4])[O-:15])[C:56](=[O:10])[O-:17].[O:12]=[P:70]([O-:19])([O-:20])[OH:26],1,2,1.06
recon3d_251,[CH3:1][CH2:21][CH2:23][CH2:24][CH2:22]/[CH:15]=[CH:14]\[CH2:20]\[CH:13]=[CH:12]/[CH:16]=[CH:17]/[CH:18]=[CH:19]/[C@@H:43]1[O:11][C@H:42]1[CH2:31][CH2:25][CH2:26][C:35](=[O:3])[O-:8].[NH3+:2][C@@H:41]([CH2:30][CH2:28][C:37](=[O:5])[NH:33][C@@H:40]([CH2:29][SH:34])[C:38](=[O:6])[NH:32][CH2:27][C:36](=[O:4])[O-:9])[C:39](=[O:7])[O-:10]>>[CH3:1][CH2:21][CH2:23][CH2:24][CH2:22]/[CH:15]=[CH:14]\[CH2:20]\[CH:13]=[CH:12]/[CH:16]=[CH:17]/[CH:18]=[CH:19]/[C@@H:43]([S:34][CH2:29][C@H:40]([NH:33][C:37](=[O:5])[CH2:28][CH2:30][C@H:41]([NH3+:2])[C:39](=[O:7])[O-:10])[C:38](=[O:6])[NH:32][CH2:27][C:36](=[O:4])[O-:9])[C@@H:42]([OH:11])[CH2:31][CH2:25][CH2:26][C:35](=[O:3])[O-:8],1,2,0.12
recon3d_252,[CH3:1][CH2:37][CH2:46][C:76]([CH2:2][C:75](=[O:11])[S:71][CH2:42][CH2:38][NH:57][C:73](=[O:9])[CH2:44][CH2:40][NH:59][C:77](=[O:13])[CH:93]([OH:31])[C:97]([CH3:3])([CH3:4])[CH2:49][O:67][P:103](=[O:19])([O-:27])[O:69][P:101](=[O:17])([O-:25])[O:65][CH2:47][CH:85]1[O:61][CH:91]([n:95]2[cH:35][n:53][c:81]3[c:79]([NH2:7])[n:51][cH:33][n:55][c:83]32)[CH:87]([OH:29])[CH:89]1[O:63][P:99](=[O:15])([O-:21])[O-:22])=[O:12].[CH3:5][C:98]([CH3:6])([CH2:50][O:68][P:104](=[O:20])([O-:28])[O:70][P:102](=[O:18])([O-:26])[O:66][CH2:48][CH:86]1[O:62][CH:92]([n:96]2[cH:36][n:54][c:82]3[c:80]([NH2:8])[n:52][cH:34][n:56][c:84]32)[CH:88]([OH:30])[CH:90]1[O:64][P:100](=[O:16])([O-:23])[O-:24])[CH:94]([OH:32])[C:78](=[O:14])[NH:60][CH2:41][CH2:45][C:74](=[O:10])[NH:58][CH2:39][CH2:43][SH:72]>>[CH3:1][CH2:37][CH2:46][C:76](=[O:12])[S:72][CH2:43][CH2:39][NH:58][C:74](=[O:10])[CH2:45][CH2:41][NH:60][C:78](=[O:14])[CH:94]([OH:32])[C:98]([CH3:5])([CH3:6])[CH2:50][O:68][P:104](=[O:20])([O-:28])[O:70][P:102](=[O:18])([O-:26])[O:66][CH2:48][CH:86]1[O:62][CH:92]([n:96]2[cH:36][n:54][c:82]3[c:80]([NH2:8])[n:52][cH:34][n:56][c:84]32)[CH:88]([OH:30])[CH:90]1[O:64][P:100](=[O:16])([O-:23])[O-:24].[CH3:2][C:75](=[O:11])[S:71][CH2:42][CH2:38][NH:57][C:73](=[O:9])[CH2:44][CH2:40][NH:59][C:77](=[O:13])[CH:93]([OH:31])[C:97]([CH3:3])([CH3:4])[CH2:49][O:67][P:103](=[O:19])([O-:27])[O:69][P:101](=[O:17])([O-:25])[O:65][CH2:47][CH:85]1[O:61][CH:91]([n:95]2[cH:35][n:53][c:81]3[c:79]([NH2:7])[n:51][cH:33][n:55][c:83]32)[CH:87]([OH:29])[CH:89]1[O:63][P:99](=[O:15])([O-:21])[O-:22],1,3,4.66
recon3d_253,[NH3+:1][CH2:30][c:57]1[nH:41][cH:53][c:61]([CH2:34][CH2:25][C:45](=[O:7])[O-:15])[c:64]1[CH2:37][C:49](=[O:11])[O-:19].[NH3+:2][CH2:31][c:58]1[nH:42][cH:55][c:62]([CH2:35][CH2:26][C:46](=[O:8])[O-:16])[c:65]1[CH2:38][C:50](=[O:12])[O-:20].[NH3+:3][CH2:29][c:52]1[nH:39][cH:22][c:51]([CH2:27][CH2:23][C:43](=[O:5])[O-:13])[c:59]1[CH2:32][C:47](=[O:9])[O-:17].[NH3+:4][CH2:28][c:56]1[nH:40][cH:54][c:60]([CH2:33][CH2:24][C:44](=[O:6])[O-:14])[c:63]1[CH2:36][C:48](=[O:10])[O-:18].[OH2:21]>>[NH4+:1].[NH4+:2].[NH4+:3].[NH4+:4].[O:5]=[C:43]([O-:13])[CH2:23][CH2:27][c:51]1[cH:22][nH:39][c:52]([CH2:29][c:53]2[nH:41][c:57]([CH2:30][c:55]3[nH:42][c:58]([CH2:31][c:54]4[nH:40][c:56]([CH2:28][OH:21])[c:63]([CH2:36][C:48](=[O:10])[O-:18])[c:60]4[CH2:33][CH2:24][C:44](=[O:6])[O-:14])[c:65]([CH2:38][C:50](=[O:12])[O-:20])[c:62]3[CH2:35][CH2:26][C:46](=[O:8])[O-:16])[c:64]([CH2:37][C:49](=[O:11])[O-:19])[c:61]2[CH2:34][CH2:25][C:45](=[O:7])[O-:15])[c:59]1[CH2:32][C:47](=[O:9])[O-:17],1,11,2.28
recon3d_254,[O:1]=[C:9]([O-:4])[CH2:8][C:12]([OH:7])([C:10](=[O:2])[O-:5])[CH2:13][C:11](=[O:3])[O-:6]>>[O:1]=[C:9]([O-:4])[CH2:8][CH:13]([C:11](=[O:3])[O-:6])[CH:12]([OH:7])[C:10](=[O:2])[O-:5],1,4,0.04
recon3d_255,[CH2:1]([C:19]([O-:5])=[O:6])[C:40](=[O:8])[S:38][CH2:24][CH2:22][NH:31][C:39](=[O:7])[CH2:25][CH2:23][NH:32][C:41](=[O:9])[C@H:49]([OH:18])[C:51]([CH3:2])([CH3:3])[CH2:27][O:36][P:54](=[O:12])([O-:16])[O:37][P:53](=[O:11])([O-:15])[O:35][CH2:26][C@H:48]1[O:33][C@@H:47]([n:50]2[cH:21][n:29][c:43]3[c:42]([NH2:4])[n:28][cH:20][n:30][c:44]32)[C@H:45]([OH:17])[C@@H:46]1[O:34][P:52](=[O:10])([O-:13])[O-:14]>>[CH3:1][C:40](=[O:8])[S:38][CH2:24][CH2:22][NH:31][C:39](=[O:7])[CH2:25][CH2:23][NH:32][C:41](=[O:9])[C@H:49]([OH:18])[C:51]([CH3:2])([CH3:3])[CH2:27][O:36][P:54](=[O:12])([O-:16])[O:37][P:53](=[O:11])([O-:15])[O:35][CH2:26][C@H:48]1[O:33][C@@H:47]([n:50]2[cH:21][n:29][c:43]3[c:42]([NH2:4])[n:28][cH:20][n:30][c:44]32)[C@H:45]([OH:17])[C@@H:46]1[O:34][P:52](=[O:10])([O-:13])[O-:14].[O:5]=[C:19]=[O:6],1,2,1.01
recon3d_256,[CH2:1]=[C:60]([CH2:38][C:61](=[O:6])[O-:17])[C:63](=[O:8])[O-:23].[CH3:2][C:83]([CH3:3])([CH2:42][O:56][P:89](=[O:16])([O-:26])[O:58][P:88](=[O:15])([O-:25])[O:55][CH2:41][C@H:79]1[O:52][C@@H:77]([n:82]2[cH:34][n:44][c:68]3[c:66]([NH2:5])[n:43][cH:32][n:47][c:71]32)[C@H:73]([OH:28])[C@@H:75]1[O:53][P:85](=[O:12])([O-:20])[O-:21])[C@@H:80]([OH:30])[C:64](=[O:9])[NH:49][CH2:36][CH2:39][C:62](=[O:7])[NH:48][CH2:35][CH2:37][SH:59].[NH2:4][c:65]1[n:46][c:70]2[c:69]([n:45][cH:33][n:81]2[C@@H:76]2[O:51][C@H:78]([CH2:40][O:54][P:87](=[O:14])([O-:24])[O:57][P:86](=[O:13])([O-:22])[O:31][P:84](=[O:11])([O-:18])[O-:19])[C@@H:74]([OH:29])[C@H:72]2[OH:27])[c:67](=[O:10])[nH:50]1>>[CH2:1]=[C:60]([CH2:38][C:61](=[O:6])[O-:17])[C:63](=[O:8])[S:59][CH2:37][CH2:35][NH:48][C:62](=[O:7])[CH2:39][CH2:36][NH:49][C:64](=[O:9])[C@H:80]([OH:30])[C:83]([CH3:2])([CH3:3])[CH2:42][O:56][P:89](=[O:16])([O-:26])[O:58][P:88](=[O:15])([O-:25])[O:55][CH2:41][C@H:79]1[O:52][C@@H:77]([n:82]2[cH:34][n:44][c:68]3[c:66]([NH2:5])[n:43][cH:32][n:47][c:71]32)[C@H:73]([OH:28])[C@@H:75]1[O:53][P:85](=[O:12])([O-:20])[O-:21].[NH2:4][c:65]1[n:46][c:70]2[c:69]([n:45][cH:33][n:81]2[C@@H:76]2[O:51][C@H:78]([CH2:40][O:54][P:87](=[O:14])([O-:24])[O:57][P:86](=[O:13])([O-:22])[O-:23])[C@@H:74]([OH:29])[C@H:72]2[OH:27])[c:67](=[O:10])[nH:50]1.[O:11]=[P:84]([O-:18])([O-:19])[OH:31],1,4,3.22
recon3d_257,[CH3:2][C:50]1=[C:51](/[CH:23]=[CH:25]/[C:52]([CH3:3])=[CH:26]/[CH:22]=[CH:24]/[C:53]([CH3:4])=[CH:27]/[CH2:34][OH:18])[C:68]([CH3:5])([CH3:6])[CH2:38][CH2:35][CH2:48]1.[NH2:7][C:49](=[O:10])[C:54]1=[CH:33][N:67]([C@@H:63]2[O:42][C@H:64]([CH2:36][O:45][P:70](=[O:12])([O-:16])[O:47][P:71](=[O:13])([O-:17])[O:46][CH2:37][C@H:65]3[O:43][C@@H:62]([n:66]4[cH:31][n:40][c:56]5[c:55]([NH2:8])[n:39][cH:29][n:41][c:57]54)[C@H:61]([O:44][P:69](=[O:11])([O-:14])[O-:15])[C@@H:60]3[OH:21])[C@@H:59]([OH:20])[C@H:58]2[OH:19])[CH:32]=[CH:28][CH2:30]1.[O:1]=[O:9]>>[CH3:2][C:50]1=[C:51](/[CH:23]=[CH:25]/[C:52]([CH3:3])=[CH:26]/[CH:22]=[CH:24]/[C:53]([CH3:4])=[CH:27]/[CH2:34][OH:18])[C:68]([CH3:5])([CH3:6])[CH2:38][CH2:35][C:48]1=[O:9].[NH2:7][C:49](=[O:10])[c:54]1[cH:30][cH:28][cH:32][n+:67]([C@@H:63]2[O:42][C@H:64]([CH2:36][O:45][P:70](=[O:12])([O-:16])[O:47][P:71](=[O:13])([O-:17])[O:46][CH2:37][C@H:65]3[O:43][C@@H:62]([n:66]4[cH:31][n:40][c:56]5[c:55]([NH2:8])[n:39][cH:29][n:41][c:57]54)[C@H:61]([O:44][P:69](=[O:11])([O-:14])[O-:15])[C@@H:60]3[OH:21])[C@@H:59]([OH:20])[C@H:58]2[OH:19])[cH:33]1.[OH2:1],1,5,0.56
recon3d_258,[CH3:1][C:50]([CH3:2])([CH2:26][O:35][P:53](=[O:9])([O-:13])[O:36][P:52](=[O:8])([O-:12])[O:34][CH2:25][C@H:47]1[O:32][C@@H:46]([n:49]2[cH:18][n:28][c:42]3[c:41]([NH2:3])[n:27][cH:17][n:29][c:43]32)[C@H:44]([OH:15])[C@@H:45]1[O:33][P:51](=[O:7])([O-:10])[O-:11])[C@@H:48]([OH:16])[C:40](=[O:6])[NH:31][CH2:21][CH2:23][C:38](=[O:4])[NH:30][CH2:20][CH2:22][S:37][C:39](=[O:5])[CH:24]=[CH2:19].[OH2:14]>>[CH3:1][C:50]([CH3:2])([CH2:26][O:35][P:53](=[O:9])([O-:13])[O:36][P:52](=[O:8])([O-:12])[O:34][CH2:25][C@H:47]1[O:32][C@@H:46]([n:49]2[cH:18][n:28][c:42]3[c:41]([NH2:3])[n:27][cH:17][n:29][c:43]32)[C@H:44]([OH:15])[C@@H:45]1[O:33][P:51](=[O:7])([O-:10])[O-:11])[C@@H:48]([OH:16])[C:40](=[O:6])[NH:31][CH2:21][CH2:23][C:38](=[O:4])[NH:30][CH2:20][CH2:22][S:37][C:39](=[O:5])[CH2:24][CH2:19][OH:14],1,2,0.17
recon3d_259,[NH3+:1][C@@H:4]([CH2:5][c:11]1[cH:7][nH:9][cH:6][n:8]1)[C:10](=[O:2])[O-:3]>>[NH4+:1].[O:2]=[C:10]([O-:3])/[CH:4]=[CH:5]/[c:11]1[cH:7][nH:9][cH:6][n:8]1,1,2,0.02
recon3d_260,[CH3:1][CH2:32][CH2:34][CH2:35][CH2:39][C:53](=[O:5])/[CH:38]=[CH:33]/[CH:21]=[CH:20]\[CH:22]=[CH:23]\[CH:24]=[CH:25]\[C@@H:63]([OH:18])[C@H:64]([OH:19])[CH2:40][CH2:36][CH2:37][C:52](=[O:4])[O-:10].[NH2:2][C:54](=[O:6])[C:55]1=[CH:31][N:70]([C@@H:66]2[O:46][C@H:67]([CH2:41][O:49][P:72](=[O:8])([O-:13])[O:51][P:73](=[O:9])([O-:14])[O:50][CH2:42][C@H:68]3[O:47][C@@H:65]([n:69]4[cH:29][n:44][c:57]5[c:56]([NH2:3])[n:43][cH:27][n:45][c:58]54)[C@H:62]([O:48][P:71](=[O:7])([O-:11])[O-:12])[C@@H:61]3[OH:17])[C@@H:60]([OH:16])[C@H:59]2[OH:15])[CH:30]=[CH:26][CH2:28]1>>[CH3:1][CH2:32][CH2:34][CH2:35][CH2:39][C:53](=[O:5])[CH2:38][CH2:33]\[CH:21]=[CH:20]/[CH:22]=[CH:23]/[CH:24]=[CH:25]/[C@@H:63]([OH:18])[C@H:64]([OH:19])[CH2:40][CH2:36][CH2:37][C:52](=[O:4])[O-:10].[NH2:2][C:54](=[O:6])[c:55]1[cH:28][cH:26][cH:30][n+:70]([C@@H:66]2[O:46][C@H:67]([CH2:41][O:49][P:72](=[O:8])([O-:13])[O:51][P:73](=[O:9])([O-:14])[O:50][CH2:42][C@H:68]3[O:47][C@@H:65]([n:69]4[cH:29][n:44][c:57]5[c:56]([NH2:3])[n:43][cH:27][n:45][c:58]54)[C@H:62]([O:48][P:71](=[O:7])([O-:11])[O-:12])[C@@H:61]3[OH:17])[C@@H:60]([OH:16])[C@H:59]2[OH:15])[cH:31]1,1,3,2.84
recon3d_261,[NH3+:1][c:12]1[c:10]([OH:5])[cH:7][cH:8][cH:9][c:13]1[C:11](=[O:4])[O-:6].[O:2]=[O:3]>>[NH3+:1]/[C:12]([C:10](=[O:3])[O-:5])=[C:13](/[CH:9]=[CH:8]\[CH:7]=[O:2])[C:11](=[O:4])[O-:6],1,4,0.05
recon3d_262,[NH2:1][c:19]1[n:14][cH:9][n:16][c:21]2[c:20]1[n:15][cH:10][n:27]2[C@@H:24]1[O:17][C@H:26]([CH2:13][S:8][CH2:11][CH2:12][C@H:25]([NH3+:2])[C:18](=[O:3])[O-:4])[C@@H:23]([OH:7])[C@H:22]1[OH:6].[OH2:5]>>[NH2:1][c:19]1[n:14][cH:9][n:16][c:21]2[c:20]1[n:15][cH:10][n:27]2[C@@H:24]1[O:17][C@H:26]([CH2:13][OH:5])[C@@H:23]([OH:7])[C@H:22]1[OH:6].[NH3+:2][C@@H:25]([CH2:12][CH2:11][SH:8])[C:18](=[O:3])[O-:4],1,2,0.05
recon3d_263,[NH3+:1][CH2:7][C:8](=[O:3])[O-:4].[O:5]=[O:6].[OH2:2]>>[NH4+:1].[O:2]=[CH:7][C:8](=[O:3])[O-:4].[OH:5][OH:6],1,3,0.01
recon3d_264,[NH2:1][c:23]1[n:18][cH:15][n:20][c:25]2[c:24]1[n:19][cH:16][n:30]2[C@@H:28]1[O:21][C@H:29]([CH2:17][O:22][P:32](=[O:3])([O-:6])[O:7][P:33]([O-:8])([O:12][P:31](=[O:2])([O-:4])[O-:5])=[O:13])[C@@H:27]([OH:10])[C@H:26]1[OH:9].[OH2:11].[SeH-:14]>>[NH2:1][c:23]1[n:18][cH:15][n:20][c:25]2[c:24]1[n:19][cH:16][n:30]2[C@@H:28]1[O:21][C@H:29]([CH2:17][O:22][P:32](=[O:3])([O-:6])[O-:7])[C@@H:27]([OH:10])[C@H:26]1[OH:9].[O-:8][P:33]([OH:12])([OH:13])=[Se:14].[O:2]=[P:31]([O-:4])([O-:5])[OH:11],1,4,0.08
recon3d_265,[CH3:1][C:48]([CH3:2])([CH2:26][O:35][P:51](=[O:9])([O-:14])[O:36][P:50](=[O:8])([O-:13])[O:34][CH2:25][C@H:45]1[O:32][C@@H:44]([n:47]2[cH:20][n:28][c:40]3[c:39]([NH2:3])[n:27][cH:19][n:29][c:41]32)[C@H:42]([OH:15])[C@@H:43]1[O:33][P:49](=[O:7])([O-:11])[O-:12])[C@@H:46]([OH:16])[C:38](=[O:6])[NH:31][CH2:23][CH2:24][C:37](=[O:5])[NH:30][CH2:22][CH2:21][S:17][CH:18]=[O:4].[OH2:10]>>[CH3:1][C:48]([CH3:2])([CH2:26][O:35][P:51](=[O:9])([O-:14])[O:36][P:50](=[O:8])([O-:13])[O:34][CH2:25][C@H:45]1[O:32][C@@H:44]([n:47]2[cH:20][n:28][c:40]3[c:39]([NH2:3])[n:27][cH:19][n:29][c:41]32)[C@H:42]([OH:15])[C@@H:43]1[O:33][P:49](=[O:7])([O-:11])[O-:12])[C@@H:46]([OH:16])[C:38](=[O:6])[NH:31][CH2:23][CH2:24][C:37](=[O:5])[NH:30][CH2:22][CH2:21][SH:17].[O:4]=[CH:18][O-:10],1,2,0.22
recon3d_266,[NH2:1][c:13]1[n:9][cH:6][n:11][c:15]2[c:14]1[n:10][cH:7][n:20]2[C@@H:18]1[O:12][C@H:19]([CH2:8][OH:2])[C@@H:17]([OH:5])[C@H:16]1[OH:4].[OH2:3]>>[NH3:1].[OH:2][CH2:8][C@H:19]1[O:12][C@@H:18]([n:20]2[cH:7][n:10][c:14]3[c:13]([OH:3])[n:9][cH:6][n:11][c:15]32)[C@H:16]([OH:4])[C@@H:17]1[OH:5],1,2,0.04
recon3d_267,[NH2:1][C:45](=[O:3])[C:46]1=[CH:27][N:67]([C@@H:63]2[O:39][C@H:64]([CH2:32][O:42][P:69](=[O:5])([O-:9])[O:44][P:70](=[O:6])([O-:10])[O:43][CH2:33][C@H:65]3[O:40][C@@H:62]([n:66]4[cH:25][n:35][c:56]5[c:55]([NH2:2])[n:34][cH:19][n:36][c:57]54)[C@H:61]([O:41][P:68](=[O:4])([O-:7])[O-:8])[C@@H:60]3[OH:17])[C@@H:59]([OH:16])[C@H:58]2[OH:15])[CH:26]=[CH:18][CH2:20]1.[OH:11][c:47]1[cH:21][c:51]2[cH:30][cH:28][nH:37][c:53]2[cH:23][c:49]1[OH:13].[OH:12][c:48]1[cH:22][c:52]2[cH:31][cH:29][nH:38][c:54]2[cH:24][c:50]1[OH:14]>>[NH2:1][C:45](=[O:3])[c:46]1[cH:20][cH:18][cH:26][n+:67]([C@@H:63]2[O:39][C@H:64]([CH2:32][O:42][P:69](=[O:5])([O-:9])[O:44][P:70](=[O:6])([O-:10])[O:43][CH2:33][C@H:65]3[O:40][C@@H:62]([n:66]4[cH:25][n:35][c:56]5[c:55]([NH2:2])[n:34][cH:19][n:36][c:57]54)[C@H:61]([O:41][P:68](=[O:4])([O-:7])[O-:8])[C@@H:60]3[OH:17])[C@@H:59]([OH:16])[C@H:58]2[OH:15])[cH:27]1.[OH:11][c:47]1[cH:21][c:51]2[c:53]([cH:23][c:49]1[OH:13])[NH:37][CH2:28][CH2:30]2.[OH:12][c:48]1[cH:22][c:52]2[c:54]([cH:24][c:50]1[OH:14])[NH:38][CH2:29][CH2:31]2,1,5,1.33
recon3d_268,[CH3:1][N:36]([CH2:19][C:28](=[O:4])[O-:8])[C:27](=[NH2+:3])[NH2:23].[NH2:2][c:29]1[n:20][cH:16][n:22][c:31]2[c:30]1[n:21][cH:17][n:37]2[C@@H:34]1[O:24][C@H:35]([CH2:18][O:25][P:40](=[O:7])([O-:12])[O:26][P:39](=[O:6])([O:10][P:38](=[O:5])([O-:9])[O-:15])[O-:11])[C@@H:33]([OH:14])[C@H:32]1[OH:13]>>[CH3:1][N:36]([CH2:19][C:28](=[O:4])[O-:8])[C:27](=[NH2+:3])[NH:23][P:38](=[O:5])([O-:9])[OH:15].[NH2:2][c:29]1[n:20][cH:16][n:22][c:31]2[c:30]1[n:21][cH:17][n:37]2[C@@H:34]1[O:24][C@H:35]([CH2:18][O:25][P:40](=[O:7])([O-:12])[O:26][P:39](=[O:6])([O-:10])[O-:11])[C@@H:33]([OH:14])[C@H:32]1[OH:13],1,2,0.63
recon3d_269,[CH2:1]([CH:8]([OH:2])[C:9](=[O:3])[O-:6])[C:10](=[O:4])[C:11](=[O:5])[O-:7]>>[CH3:1][C:10](=[O:4])[C:11](=[O:5])[O-:7].[O:2]=[CH:8][C:9](=[O:3])[O-:6],1,2,0.01
recon3d_270,[CH3:1][N+:35]([CH3:2])([CH3:3])[CH2:19][CH2:17][OH:24].[NH2:4][c:27]1[n:20][cH:15][n:22][c:29]2[c:28]1[n:21][cH:16][n:34]2[C@@H:32]1[O:23][C@H:33]([CH2:18][O:25][P:38](=[O:7])([O-:12])[O:26][P:37](=[O:6])([O:10][P:36](=[O:5])([O-:8])[O-:9])[O-:11])[C@@H:31]([OH:14])[C@H:30]1[OH:13]>>[CH3:1][N+:35]([CH3:2])([CH3:3])[CH2:19][CH2:17][O:24][P:36](=[O:5])([O-:8])[O-:9].[NH2:4][c:27]1[n:20][cH:15][n:22][c:29]2[c:28]1[n:21][cH:16][n:34]2[C@@H:32]1[O:23][C@H:33]([CH2:18][O:25][P:38](=[O:7])([O-:12])[O:26][P:37](=[O:6])([O-:10])[O-:11])[C@@H:31]([OH:14])[C@H:30]1[OH:13],1,2,0.49
recon3d_271,[NH2:1][C:38](=[O:4])[c:39]1[cH:17][n+:55]([C@@H:51]2[O:32][C@H:53]([CH2:26][O:34][P:57](=[O:5])([O-:8])[O:36][P:58](=[O:6])([O-:9])[O:35][CH2:27][C@H:54]3[O:33][C@@H:52]([n:56]4[cH:23][n:29][c:45]5[c:42]([NH2:2])[n:28][cH:18][n:30][c:46]54)[C@H:48]([OH:12])[C@@H:50]3[OH:14])[C@@H:49]([OH:13])[C@H:47]2[OH:11])[cH:16][cH:15][cH:24]1.[O:3]=[CH:37][CH2:25][c:41]1[cH:20][nH:31][c:43]2[cH:21][cH:19][c:40]([OH:10])[cH:22][c:44]12.[OH2:7]>>[NH2:1][C:38](=[O:4])[C:39]1=[CH:17][N:55]([C@@H:51]2[O:32][C@H:53]([CH2:26][O:34][P:57](=[O:5])([O-:8])[O:36][P:58](=[O:6])([O-:9])[O:35][CH2:27][C@H:54]3[O:33][C@@H:52]([n:56]4[cH:23][n:29][c:45]5[c:42]([NH2:2])[n:28][cH:18][n:30][c:46]54)[C@H:48]([OH:12])[C@@H:50]3[OH:14])[C@@H:49]([OH:13])[C@H:47]2[OH:11])[CH:16]=[CH:15][CH2:24]1.[O:3]=[C:37]([O-:7])[CH2:25][c:41]1[cH:20][nH:31][c:43]2[cH:21][cH:19][c:40]([OH:10])[cH:22][c:44]12,1,3,1.90
recon3d_272,[NH2:1][c:32]1[n:21][cH:15][n:24][c:36]2[c:34]1[n:22][cH:17][n:46]2[C@@H:42]1[O:27][C@H:44]([CH2:19][O:30][P:50](=[O:5])([O-:10])[O:31][P:49](=[O:4])([O:8][P:48](=[O:3])([O-:6])[O-:7])[O-:9])[C@@H:40]([OH:13])[C@H:38]1[OH:11].[OH:2][c:33]1[n:26][cH:16][n:25][c:37]2[c:35]1[n:23][cH:18][n:47]2[C@@H:43]1[O:28][C@H:45]([CH2:20][OH:29])[C@@H:41]([OH:14])[C@H:39]1[OH:12]>>[NH2:1][c:32]1[n:21][cH:15][n:24][c:36]2[c:34]1[n:22][cH:17][n:46]2[C@@H:42]1[O:27][C@H:44]([CH2:19][O:30][P:50](=[O:5])([O-:10])[O:31][P:49](=[O:4])([O-:8])[O-:9])[C@@H:40]([OH:13])[C@H:38]1[OH:11].[O:2]=[c:33]1[nH:26][cH:16][n:25][c:37]2[c:35]1[n:23][cH:18][n:47]2[C@@H:43]1[O:28][C@H:45]([CH2:20][O:29][P:48](=[O:3])([O-:6])[O-:7])[C@@H:41]([OH:14])[C@H:39]1[OH:12],1,2,0.59
recon3d_273,[CH2:1]([O:9][P:13](=[O:4])([O-:6])[O-:7])[CH2:12][C@H:11]([NH3+:2])[C:10](=[O:3])[O-:5].[OH2:8]>>[CH3:1][C@@H:12]([OH:8])[C@H:11]([NH3+:2])[C:10](=[O:3])[O-:5].[O:4]=[P:13]([O-:6])([O-:7])[OH:9],1,4,0.01
recon3d_274,[NH2:1][C:35](=[O:3])[C:37]1=[CH:19][N:51]([C@@H:47]2[O:31][C@H:49]([CH2:25][O:33][P:53](=[O:6])([O-:9])[O:34][P:52](=[O:5])([O-:8])[O:32][CH2:24][C@H:48]3[O:30][C@@H:46]([n:50]4[cH:17][n:27][c:39]5[c:38]([NH2:2])[n:26][cH:15][n:28][c:40]54)[C@H:41]([OH:10])[C@@H:43]3[OH:12])[C@H:44]([OH:13])[C@H:42]2[OH:11])[CH:18]=[CH:14][CH2:16]1.[O:4]=[C:36]([OH:7])[C:45]1=[N:29][CH2:22][CH2:20][CH2:21][CH2:23]1>>[NH2:1][C:35](=[O:3])[c:37]1[cH:16][cH:14][cH:18][n+:51]([C@@H:47]2[O:31][C@H:49]([CH2:25][O:33][P:53](=[O:6])([O-:9])[O:34][P:52](=[O:5])([O-:8])[O:32][CH2:24][C@H:48]3[O:30][C@@H:46]([n:50]4[cH:17][n:27][c:39]5[c:38]([NH2:2])[n:26][cH:15][n:28][c:40]54)[C@H:41]([OH:10])[C@@H:43]3[OH:12])[C@@H:44]([OH:13])[C@H:42]2[OH:11])[cH:19]1.[O:4]=[C:36]([O-:7])[C@@H:45]1[CH2:23][CH2:21][CH2:20][CH2:22][NH2+:29]1,1,2,0.38
recon3d_275,[CH3:1][S+:29]([CH2:15][CH2:21][C@H:45]([NH3+:4])[C:30](=[O:5])[O-:7])[CH2:22][C@H:46]1[O:28][C@@H:44]([n:47]2[cH:14][n:25][c:37]3[c:36]([NH2:3])[n:24][cH:11][n:26][c:38]32)[C@H:42]([OH:9])[C@@H:43]1[OH:10].[CH3:2][C@:48]12[CH2:23][CH2:18][CH:39]3[c:35]4[cH:13][c:34]([OH:27])[c:32]([OH:8])[cH:12][c:33]4[CH2:17][CH2:19][CH:40]3[CH:41]1[CH2:20][CH2:16][C:31]2=[O:6]>>[CH3:1][O:27][c:34]1[cH:13][c:35]2[c:33]([cH:12][c:32]1[OH:8])[CH2:17][CH2:19][CH:40]1[CH:39]2[CH2:18][CH2:23][C@:48]2([CH3:2])[C:31](=[O:6])[CH2:16][CH2:20][CH:41]12.[NH2:3][c:36]1[n:24][cH:11][n:26][c:38]2[c:37]1[n:25][cH:14][n:47]2[C@@H:44]1[O:28][C@H:46]([CH2:22][S:29][CH2:15][CH2:21][C@H:45]([NH3+:4])[C:30](=[O:5])[O-:7])[C@@H:43]([OH:10])[C@H:42]1[OH:9],1,2,0.20
recon3d_276,[CH3:2][CH2:40][CH2:59][CH2:41][CH2:37]/[CH:26]=[CH:24]\[CH2:35]/[CH:22]=[CH:20]\[CH2:33]/[CH:19]=[CH:21]\[CH2:34]/[CH:23]=[CH:25]\[CH2:36][CH2:38][CH2:39][C:53](=[O:5])[O-:14].[NH2:3][C:54](=[O:6])[C:55]1=[CH:32][N:69]([C@@H:65]2[O:47][C@H:66]([CH2:42][O:50][P:71](=[O:8])([O-:12])[O:52][P:72](=[O:9])([O-:13])[O:51][CH2:43][C@H:67]3[O:48][C@@H:64]([n:68]4[cH:30][n:45][c:57]5[c:56]([NH2:4])[n:44][cH:28][n:46][c:58]54)[C@H:63]([O:49][P:70](=[O:7])([O-:10])[O-:11])[C@@H:62]3[OH:18])[C@@H:61]([OH:17])[C@H:60]2[OH:16])[CH:31]=[CH:27][CH2:29]1.[O:1]=[O:15]>>[CH3:2][CH2:40][CH:59]([OH:15])[CH2:41][CH2:37]/[CH:26]=[CH:24]\[CH2:35]/[CH:22]=[CH:20]\[CH2:33]/[CH:19]=[CH:21]\[CH2:34]/[CH:23]=[CH:25]\[CH2:36][CH2:38][CH2:39][C:53](=[O:5])[OH:14].[NH2:3][C:54](=[O:6])[c:55]1[cH:29][cH:27][cH:31][n+:69]([C@@H:65]2[O:47][C@H:66]([CH2:42][O:50][P:71](=[O:8])([O-:12])[O:52][P:72](=[O:9])([O-:13])[O:51][CH2:43][C@H:67]3[O:48][C@@H:64]([n:68]4[cH:30][n:45][c:57]5[c:56]([NH2:4])[n:44][cH:28][n:46][c:58]54)[C@H:63]([O:49][P:70](=[O:7])([O-:10])[O-:11])[C@@H:62]3[OH:18])[C@@H:61]([OH:17])[C@H:60]2[OH:16])[cH:32]1.[OH2:1],1,4,2.58
recon3d_277,[CH3:1][C@:65]12[CH2:33][CH2:25][C:44](=[O:5])[CH:18]=[C:46]1[CH2:26][CH2:27][CH:51]1[CH:52]2[CH2:28][CH2:34][C@@:66]2([CH3:2])[CH:53]1[CH2:29][CH2:32][C:62]2=[O:17].[NH2:3][C:45](=[O:6])[C:47]1=[CH:24][N:64]([C@@H:59]2[O:38][C@H:60]([CH2:30][O:41][P:68](=[O:8])([O-:12])[O:43][P:69](=[O:9])([O-:13])[O:42][CH2:31][C@H:61]3[O:39][C@@H:58]([n:63]4[cH:22][n:36][c:49]5[c:48]([NH2:4])[n:35][cH:20][n:37][c:50]54)[C@H:57]([O:40][P:67](=[O:7])([O-:10])[O-:11])[C@@H:56]3[OH:16])[C@@H:55]([OH:15])[C@H:54]2[OH:14])[CH:23]=[CH:19][CH2:21]1>>[CH3:1][C@:65]12[CH2:33][CH2:25][C:44](=[O:5])[CH:18]=[C:46]1[CH2:26][CH2:27][CH:51]1[CH:52]2[CH2:28][CH2:34][C@@:66]2([CH3:2])[CH:53]1[CH2:29][CH2:32][C@@H:62]2[OH:17].[NH2:3][C:45](=[O:6])[c:47]1[cH:21][cH:19][cH:23][n+:64]([C@@H:59]2[O:38][C@H:60]([CH2:30][O:41][P:68](=[O:8])([O-:12])[O:43][P:69](=[O:9])([O-:13])[O:42][CH2:31][C@H:61]3[O:39][C@@H:58]([n:63]4[cH:22][n:36][c:49]5[c:48]([NH2:4])[n:35][cH:20][n:37][c:50]54)[C@H:57]([O:40][P:67](=[O:7])([O-:10])[O-:11])[C@@H:56]3[OH:16])[C@@H:55]([OH:15])[C@H:54]2[OH:14])[cH:24]1,1,2,0.73
recon3d_278,[O:1]=[C:13]([O-:4])[C@H:14]([O:10][P:15](=[O:2])([O-:5])[O-:6])[CH2:11][O:12][P:16](=[O:3])([O-:7])[O-:8].[OH2:9]>>[O:1]=[C:13]([O-:4])[C@H:14]([OH:9])[CH2:11][O:12][P:16](=[O:3])([O-:7])[O-:8].[O:2]=[P:15]([O-:5])([O-:6])[OH:10],1,2,0.02
recon3d_279,[CH3:1][C:33](=[O:3])[NH:27][C@H:40]1[C@H:41]([C@H:38]([OH:16])[C@H:42]([OH:18])[CH2:23][OH:14])[O:29][C@:47]([OH:32])([C:34](=[O:4])[O-:9])[CH2:25][C@@H:44]1[OH:19].[NH2:2][c:35]1[cH:21][cH:22][n:46]([C@@H:43]2[O:28][C@H:45]([CH2:24][O:31][P:50](=[O:8])([O-:13])[O:20][P:49](=[O:7])([O-:12])[O:30][P:48](=[O:6])([O-:10])[O-:11])[C@@H:39]([OH:17])[C@H:37]2[OH:15])[c:36](=[O:5])[n:26]1>>[CH3:1][C:33](=[O:3])[NH:27][C@H:40]1[C@H:41]([C@H:38]([OH:16])[C@H:42]([OH:18])[CH2:23][OH:14])[O:29][C@:47]([O:32][P:50](=[O:8])([O-:13])[O:31][CH2:24][C@H:45]2[O:28][C@@H:43]([n:46]3[cH:22][cH:21][c:35]([NH2:2])[n:26][c:36]3=[O:5])[C@H:37]([OH:15])[C@@H:39]2[OH:17])([C:34](=[O:4])[O-:9])[CH2:25][C@@H:44]1[OH:19].[O:6]=[P:48]([O-:10])([O-:11])[O:30][P:49](=[O:7])([O-:12])[OH:20],1,2,0.15
recon3d_280,[CH3:1][c:34]1[cH:18][n:46]([C@H:44]2[CH2:22][C@H:40]([OH:15])[C@@H:42]([CH2:20][O:30][P:50](=[O:7])([O-:13])[O-:32])[O:28]2)[c:37](=[O:4])[nH:27][c:36]1=[O:3].[NH2:2][c:35]1[n:24][cH:17][n:26][c:39]2[c:38]1[n:25][cH:19][n:47]2[C@H:45]1[CH2:23][C@H:41]([OH:16])[C@@H:43]([CH2:21][O:31][P:51](=[O:8])([O-:14])[O:33][P:49](=[O:6])([O:11][P:48](=[O:5])([O-:9])[O-:10])[O-:12])[O:29]1>>[CH3:1][c:34]1[cH:18][n:46]([C@H:44]2[CH2:22][C@H:40]([OH:15])[C@@H:42]([CH2:20][O:30][P:50](=[O:7])([O-:13])[O:32][P:48](=[O:5])([O-:9])[O-:10])[O:28]2)[c:37](=[O:4])[nH:27][c:36]1=[O:3].[NH2:2][c:35]1[n:24][cH:17][n:26][c:39]2[c:38]1[n:25][cH:19][n:47]2[C@H:45]1[CH2:23][C@H:41]([OH:16])[C@@H:43]([CH2:21][O:31][P:51](=[O:8])([O-:14])[O:33][P:49](=[O:6])([O-:11])[O-:12])[O:29]1,1,2,1.63
recon3d_281,[CH3:1][CH2:33][CH2:34][CH2:35][CH2:36][CH2:37][CH2:38][CH2:39][CH2:40][CH2:41][CH2:42][CH2:43][CH2:48][C:70](=[O:7])[O-:27].[CH3:2][C:89]([CH3:3])([CH2:51][O:66][P:95](=[O:14])([O-:22])[O:67][P:94](=[O:13])([O-:21])[O:65][CH2:50][C@H:85]1[O:61][C@@H:83]([n:88]2[cH:32][n:55][c:75]3[c:73]([NH2:5])[n:53][cH:30][n:57][c:77]32)[C@H:79]([OH:24])[C@@H:81]1[O:62][P:90](=[O:9])([O-:15])[O-:16])[C@@H:86]([OH:26])[C:71](=[O:8])[NH:59][CH2:45][CH2:47][C:69](=[O:6])[NH:58][CH2:44][CH2:46][SH:68].[NH2:4][c:72]1[n:52][cH:29][n:56][c:76]2[c:74]1[n:54][cH:31][n:87]2[C@@H:82]1[O:60][C@H:84]([CH2:49][O:63][P:92](=[O:11])([O-:19])[O:28][P:93](=[O:12])([O-:20])[O:64][P:91](=[O:10])([O-:17])[O-:18])[C@@H:80]([OH:25])[C@H:78]1[OH:23]>>[CH3:1][CH2:33][CH2:34][CH2:35][CH2:36][CH2:37][CH2:38][CH2:39][CH2:40][CH2:41][CH2:42][CH2:43][CH2:48][C:70](=[O:7])[S:68][CH2:46][CH2:44][NH:58][C:69](=[O:6])[CH2:47][CH2:45][NH:59][C:71](=[O:8])[C@H:86]([OH:26])[C:89]([CH3:2])([CH3:3])[CH2:51][O:66][P:95](=[O:14])([O-:22])[O:67][P:94](=[O:13])([O-:21])[O:65][CH2:50][C@H:85]1[O:61][C@@H:83]([n:88]2[cH:32][n:55][c:75]3[c:73]([NH2:5])[n:53][cH:30][n:57][c:77]32)[C@H:79]([OH:24])[C@@H:81]1[O:62][P:90](=[O:9])([O-:15])[O-:16].[NH2:4][c:72]1[n:52][cH:29][n:56][c:76]2[c:74]1[n:54][cH:31][n:87]2[C@@H:82]1[O:60][C@H:84]([CH2:49][O:63][P:92](=[O:11])([O-:19])[OH:27])[C@@H:80]([OH:25])[C@H:78]1[OH:23].[O:10]=[P:91]([O-:17])([O-:18])[O:64][P:93](=[O:12])([O-:20])[OH:28],1,4,1.04
recon3d_282,[NH2:1][c:19]1[n:15][c:22]2[c:21]([n:14][cH:12][n:27]2[C@@H:25]2[O:17][C@H:26]([CH2:13][O:18][P:29](=[O:4])([O:6][P:28](=[O:3])([O-:5])[O-:7])[O-:8])[CH:24]([OH:11])[CH:23]2[OH:10])[c:20](=[O:2])[nH:16]1.[OH2:9]>>[NH2:1][c:19]1[n:15][c:22]2[c:21]([n:14][cH:12][n:27]2[C@@H:25]2[O:17][C@H:26]([CH2:13][O:18][P:29](=[O:4])([O-:8])[O-:9])[CH:24]([OH:11])[CH:23]2[OH:10])[c:20](=[O:2])[nH:16]1.[O:3]=[P:28]([O-:5])([O-:6])[O-:7],1,2,0.05
recon3d_283,[NH2:1][C:9](=[O:3])[CH2:7][CH2:8][C@H:11]([NH3+:2])[C:10](=[O:4])[O-:6].[OH2:5]>>[NH3+:2][C@@H:11]([CH2:8][CH2:7][C:9](=[O:3])[O-:5])[C:10](=[O:4])[O-:6].[NH4+:1],1,2,0.01
recon3d_284,[O:1]=[C:9]([O-:2])[C@@H:10]1[CH2:5][C:13]2=[CH:6][C:11](=[O:3])[C:12](=[O:4])[CH:7]=[C:14]2[NH:8]1>>[O:1]=[C:9]([O-:2])[c:10]1[cH:5][c:13]2[cH:6][c:11]([OH:3])[c:12]([OH:4])[cH:7][c:14]2[nH:8]1,1,2,0.27
recon3d_285,[CH3:1][C@:65]12[CH2:33][CH2:27][CH:51]3[c:47]4[cH:22][cH:19][c:44]([OH:12])[cH:21][c:46]4[CH2:26][CH2:28][CH:52]3[CH:53]1[CH2:29][CH2:32][C:62]2=[O:16].[NH2:2][C:43](=[O:4])[C:45]1=[CH:25][N:64]([C@@H:59]2[O:37][C@H:60]([CH2:30][O:40][P:67](=[O:6])([O-:10])[O:42][P:68](=[O:7])([O-:11])[O:41][CH2:31][C@H:61]3[O:38][C@@H:58]([n:63]4[cH:23][n:35][c:49]5[c:48]([NH2:3])[n:34][cH:18][n:36][c:50]54)[C@H:57]([O:39][P:66](=[O:5])([O-:8])[O-:9])[C@@H:56]3[OH:15])[C@@H:55]([OH:14])[C@H:54]2[OH:13])[CH:24]=[CH:17][CH2:20]1>>[CH3:1][C@:65]12[CH2:33][CH2:27][CH:51]3[c:47]4[cH:22][cH:19][c:44]([OH:12])[cH:21][c:46]4[CH2:26][CH2:28][CH:52]3[CH:53]1[CH2:29][CH2:32][C@@H:62]2[OH:16].[NH2:2][C:43](=[O:4])[c:45]1[cH:20][cH:17][cH:24][n+:64]([C@@H:59]2[O:37][C@H:60]([CH2:30][O:40][P:67](=[O:6])([O-:10])[O:42][P:68](=[O:7])([O-:11])[O:41][CH2:31][C@H:61]3[O:38][C@@H:58]([n:63]4[cH:23][n:35][c:49]5[c:48]([NH2:3])[n:34][cH:18][n:36][c:50]54)[C@H:57]([O:39][P:66](=[O:5])([O-:8])[O-:9])[C@@H:56]3[OH:15])[C@@H:55]([OH:14])[C@H:54]2[OH:13])[cH:25]1,1,2,2.43
recon3d_286,[I:1][I:7].[NH3+:2][C@@H:16]([CH2:10][c:12]1[cH:8][c:13]([I:6])[c:15]([OH:5])[cH:14][cH:9]1)[C:11](=[O:3])[O-:4]>>[IH:1].[NH3+:2][C@@H:16]([CH2:10][c:12]1[cH:8][c:13]([I:6])[c:15]([OH:5])[c:14]([I:7])[cH:9]1)[C:11](=[O:3])[O-:4],1,3,0.02
recon3d_287,[CH3:1][C:7]([CH2:2][C:6](=[O:3])[O-:4])=[O:5]>>[CH3:1][C:7]([CH3:2])=[O:5].[O:3]=[C:6]=[O:4],1,2,0.01
recon3d_288,[O:1]=[c:18]1[cH:12][cH:13][n:24]([C@@H:22]2[O:16][C@H:23]([CH2:14][O:17][P:26](=[O:4])([O:7][P:25](=[O:3])([O-:5])[O-:6])[O-:8])[C@@H:21]([OH:10])[C@H:20]2[OH:9])[c:19](=[O:2])[nH:15]1.[OH2:11]>>[O:1]=[c:18]1[cH:12][cH:13][n:24]([C@@H:22]2[O:16][C@H:23]([CH2:14][O:17][P:26](=[O:4])([O-:7])[O-:8])[C@@H:21]([OH:10])[C@H:20]2[OH:9])[c:19](=[O:2])[nH:15]1.[O:3]=[P:25]([O-:5])([O-:6])[OH:11],1,2,0.04
recon3d_289,[NH2:1][c:31]1[cH:16][cH:17][n:43]([C@H:42]2[CH2:21][C@H:39]([OH:14])[C@@H:41]([CH2:20][OH:28])[O:27]2)[c:33](=[O:3])[n:23]1.[NH2:2][c:32]1[n:22][cH:15][n:25][c:35]2[c:34]1[n:24][cH:18][n:44]2[C@@H:38]1[O:26][C@H:40]([CH2:19][O:29][P:47](=[O:6])([O-:11])[O:30][P:46](=[O:5])([O:9][P:45](=[O:4])([O-:7])[O-:8])[O-:10])[C@@H:37]([OH:13])[C@H:36]1[OH:12]>>[NH2:1][c:31]1[cH:16][cH:17][n:43]([C@H:42]2[CH2:21][C@H:39]([OH:14])[C@@H:41]([CH2:20][O:28][P:45](=[O:4])([O-:7])[O-:8])[O:27]2)[c:33](=[O:3])[n:23]1.[NH2:2][c:32]1[n:22][cH:15][n:25][c:35]2[c:34]1[n:24][cH:18][n:44]2[C@@H:38]1[O:26][C@H:40]([CH2:19][O:29][P:47](=[O:6])([O-:11])[O:30][P:46](=[O:5])([O-:9])[O-:10])[C@@H:37]([OH:13])[C@H:36]1[OH:12],1,2,0.84
recon3d_290,[CH3:1][S+:63]([CH2:44][CH2:55][C@H:87]([NH3+:16])[C:66](=[O:19])[O-:20])[CH2:56][C@H:88]1[O:62][C@@H:86]([n:89]2[cH:34][n:58][c:82]3[c:81]([NH2:15])[n:57][cH:33][n:59][c:83]32)[C@H:84]([OH:21])[C@@H:85]1[OH:22].[CH3:2][O:61][C:71]1=[C:70]([OH:60])[C:64](=[O:17])[C:68]([CH3:5])=[C:69]([CH2:45]/[CH:32]=[C:80](\[CH3:14])[CH2:54][CH2:43]/[CH:31]=[C:79](\[CH3:13])[CH2:53][CH2:42]/[CH:30]=[C:78](\[CH3:12])[CH2:52][CH2:41]/[CH:29]=[C:77](\[CH3:11])[CH2:51][CH2:40]/[CH:28]=[C:76](\[CH3:10])[CH2:50][CH2:39]/[CH:27]=[C:75](\[CH3:9])[CH2:49][CH2:38]/[CH:26]=[C:74](\[CH3:8])[CH2:48][CH2:37]/[CH:25]=[C:73](\[CH3:7])[CH2:47][CH2:36]/[CH:24]=[C:72](\[CH3:6])[CH2:46][CH2:35][CH:23]=[C:67]([CH3:3])[CH3:4])[C:65]1=[O:18]>>[CH3:1][O:60][C:70]1=[C:71]([O:61][CH3:2])[C:65](=[O:18])[C:69]([CH2:45]/[CH:32]=[C:80](\[CH3:14])[CH2:54][CH2:43]/[CH:31]=[C:79](\[CH3:13])[CH2:53][CH2:42]/[CH:30]=[C:78](\[CH3:12])[CH2:52][CH2:41]/[CH:29]=[C:77](\[CH3:11])[CH2:51][CH2:40]/[CH:28]=[C:76](\[CH3:10])[CH2:50][CH2:39]/[CH:27]=[C:75](\[CH3:9])[CH2:49][CH2:38]/[CH:26]=[C:74](\[CH3:8])[CH2:48][CH2:37]/[CH:25]=[C:73](\[CH3:7])[CH2:47][CH2:36]/[CH:24]=[C:72](\[CH3:6])[CH2:46][CH2:35][CH:23]=[C:67]([CH3:3])[CH3:4])=[C:68]([CH3:5])[C:64]1=[O:17].[NH2:15][c:81]1[n:57][cH:33][n:59][c:83]2[c:82]1[n:58][cH:34][n:89]2[C@@H:86]1[O:62][C@H:88]([CH2:56][S:63][CH2:44][CH2:55][C@H:87]([NH3+:16])[C:66](=[O:19])[O-:20])[C@@H:85]([OH:22])[C@H:84]1[OH:21],1,2,4.65
recon3d_291,[O:1]=[c:21]1[cH:14][cH:15][nH:27][c:22](=[O:2])[nH:17]1.[O:3]=[P:28]([O-:6])([O-:7])[O:19][CH2:16][C@H:25]1[O:18][C@H:23]([O:13][P:30](=[O:5])([O-:10])[O:20][P:29](=[O:4])([O-:8])[O-:9])[C@H:26]([OH:12])[C@@H:24]1[OH:11]>>[O:1]=[c:21]1[cH:14][cH:15][n:27]([CH:23]2[O:18][C@H:25]([CH2:16][O:19][P:28](=[O:3])([O-:6])[O-:7])[C@@H:24]([OH:11])[C@H:26]2[OH:12])[c:22](=[O:2])[nH:17]1.[O:4]=[P:29]([O-:8])([O-:9])[O:20][P:30](=[O:5])([O-:10])[OH:13],1,2,0.05
recon3d_292,[CH3:1][S+:22]([CH2:14][CH2:15][C@H:32]([NH3+:5])[C:25](=[O:7])[O-:9])[CH2:16][C@H:33]1[O:21][C@@H:31]([n:35]2[cH:13][n:19][c:27]3[c:26]([NH2:3])[n:18][cH:12][n:20][c:28]32)[C@H:29]([OH:10])[C@@H:30]1[OH:11].[NH2:2][C:23](=[NH2+:4])[NH:34][CH2:17][C:24](=[O:6])[O-:8]>>[CH3:1][N:34]([CH2:17][C:24](=[O:6])[O-:8])[C:23]([NH2:2])=[NH2+:4].[NH2:3][c:26]1[n:18][cH:12][n:20][c:28]2[c:27]1[n:19][cH:13][n:35]2[C@@H:31]1[O:21][C@H:33]([CH2:16][S:22][CH2:14][CH2:15][C@H:32]([NH3+:5])[C:25](=[O:7])[O-:9])[C@@H:30]([OH:11])[C@H:29]1[OH:10],1,2,0.07
recon3d_293,[O:1]=[C:7]([O-:3])/[CH:6]=[CH:9]/[C:8](=[O:2])[O-:4].[OH2:5]>>[O:1]=[C:7]([O-:3])[CH2:6][C@H:9]([OH:5])[C:8](=[O:2])[O-:4],1,2,0.01
recon3d_294,[NH2:1][c:25]1[n:18][cH:14][n:20][c:27]2[c:26]1[n:19][cH:15][n:37]2[C@@H:34]1[O:22][C@H:36]([CH2:17][O:23][P:38](=[O:2])([O-:4])[O:13][P:39](=[O:3])([O-:5])[O:24][C@H:28]2[O:21][C@H:35]([CH2:16][OH:6])[C@@H:32]([OH:10])[C@H:29]([OH:7])[C@H:31]2[OH:9])[C@@H:33]([OH:11])[C@H:30]1[OH:8].[OH2:12]>>[NH2:1][c:25]1[n:18][cH:14][n:20][c:27]2[c:26]1[n:19][cH:15][n:37]2[C@@H:34]1[O:22][C@H:36]([CH2:17][O:23][P:38](=[O:2])([O-:4])[OH:12])[C@@H:33]([OH:11])[C@H:30]1[OH:8].[O:3]=[P:39]([O-:5])([OH:13])[O:24][C@H:28]1[O:21][C@H:35]([CH2:16][OH:6])[C@@H:32]([OH:10])[C@H:29]([OH:7])[C@H:31]1[OH:9],1,2,0.08
recon3d_295,[CH3:2][CH2:36][CH2:41][CH2:59][CH2:40]/[CH:26]=[CH:24]\[CH2:35]/[CH:22]=[CH:20]\[CH2:33]/[CH:19]=[CH:21]\[CH2:34]/[CH:23]=[CH:25]\[CH2:37][CH2:38][CH2:39][C:53](=[O:5])[O-:14].[NH2:3][C:54](=[O:6])[C:55]1=[CH:32][N:69]([C@@H:65]2[O:47][C@H:66]([CH2:42][O:50][P:71](=[O:8])([O-:12])[O:52][P:72](=[O:9])([O-:13])[O:51][CH2:43][C@H:67]3[O:48][C@@H:64]([n:68]4[cH:30][n:45][c:57]5[c:56]([NH2:4])[n:44][cH:28][n:46][c:58]54)[C@H:63]([O:49][P:70](=[O:7])([O-:10])[O-:11])[C@@H:62]3[OH:18])[C@@H:61]([OH:17])[C@H:60]2[OH:16])[CH:31]=[CH:27][CH2:29]1.[O:1]=[O:15]>>[CH3:2][CH2:36][CH2:41][CH:59]([OH:15])[CH2:40]/[CH:26]=[CH:24]\[CH2:35]/[CH:22]=[CH:20]\[CH2:33]/[CH:19]=[CH:21]\[CH2:34]/[CH:23]=[CH:25]\[CH2:37][CH2:38][CH2:39][C:53](=[O:5])[OH:14].[NH2:3][C:54](=[O:6])[c:55]1[cH:29][cH:27][cH:31][n+:69]([C@@H:65]2[O:47][C@H:66]([CH2:42][O:50][P:71](=[O:8])([O-:12])[O:52][P:72](=[O:9])([O-:13])[O:51][CH2:43][C@H:67]3[O:48][C@@H:64]([n:68]4[cH:30][n:45][c:57]5[c:56]([NH2:4])[n:44][cH:28][n:46][c:58]54)[C@H:63]([O:49][P:70](=[O:7])([O-:10])[O-:11])[C@@H:62]3[OH:18])[C@@H:61]([OH:17])[C@H:60]2[OH:16])[cH:32]1.[OH2:1],1,4,2.97
recon3d_296,[CH3:1][C@:48]12[CH2:25][CH2:22][C@H:42]([OH:33])[CH2:23][C:35]1=[CH:15][CH2:19][CH:39]1[CH:40]2[CH2:20][CH2:26][C@:49]2([CH3:2])[C:34](=[O:4])[CH2:18][CH2:21][CH:41]12.[NH2:3][c:36]1[n:27][cH:16][n:29][c:38]2[c:37]1[n:28][cH:17][n:47]2[C@@H:45]1[O:30][C@H:46]([CH2:24][O:31][P:50](=[O:5])([O:9][S:52](=[O:7])(=[O:8])[O-:13])[O-:10])[C@@H:44]([O:32][P:51](=[O:6])([O-:11])[O-:12])[C@H:43]1[OH:14]>>[CH3:1][C@:48]12[CH2:25][CH2:22][C@H:42]([O:33][S:52](=[O:7])(=[O:8])[O-:13])[CH2:23][C:35]1=[CH:15][CH2:19][CH:39]1[CH:40]2[CH2:20][CH2:26][C@:49]2([CH3:2])[C:34](=[O:4])[CH2:18][CH2:21][CH:41]12.[NH2:3][c:36]1[n:27][cH:16][n:29][c:38]2[c:37]1[n:28][cH:17][n:47]2[C@@H:45]1[O:30][C@H:46]([CH2:24][O:31][P:50](=[O:5])([O-:9])[O-:10])[C@@H:44]([O:32][P:51](=[O:6])([O-:11])[O-:12])[C@H:43]1[OH:14],1,2,1.84
recon3d_297,[CH3:1][N+:16]([CH3:2])([CH3:3])[CH2:13][CH2:10][O:6][P:17](=[O:4])([O-:5])[O:14][CH2:12][C@H:15]([OH:9])[CH2:11][OH:8].[OH2:7]>>[CH3:1][N+:16]([CH3:2])([CH3:3])[CH2:13][CH2:10][OH:7].[O:4]=[P:17]([O-:5])([O-:6])[O:14][CH2:12][C@H:15]([OH:9])[CH2:11][OH:8],1,2,0.02
recon3d_298,[NH2:1][c:23]1[n:18][cH:15][n:20][c:25]2[c:24]1[n:19][cH:16][n:30]2[CH:29]1[O:21][CH:26]([CH2:17][O:22][P:33](=[O:4])([O:5][P:31](=[O:2])([O-:6])[O:14][P:32](=[O:3])([O-:7])[O-:8])[O-:10])[CH:27]([OH:11])[CH:28]1[OH:12].[OH2:13].[OH2:9]>>[NH2:1][c:23]1[n:18][cH:15][n:20][c:25]2[c:24]1[n:19][cH:16][n:30]2[CH:29]1[O:21][CH:26]([CH2:17][O:22][P:33](=[O:4])([O-:9])[O-:10])[CH:27]([OH:11])[CH:28]1[OH:12].[O:2]=[P:31]([O-:5])([O-:6])[OH:13].[O:3]=[P:32]([O-:7])([O-:8])[OH:14],1,4,0.77
recon3d_299,[CH3:1][CH2:31][CH2:34][CH2:35][CH2:32]/[CH:21]=[CH:23]\[CH2:40][C@@H:65]([OH:18])/[CH:24]=[CH:20]/[CH:19]=[CH:22]/[CH:33]=[CH:38]/[C:53](=[O:5])[CH2:39][CH2:36][CH2:37][C:52](=[O:4])[O-:10].[NH2:2][C:54](=[O:6])[C:55]1=[CH:30][N:69]([C@@H:64]2[O:46][C@H:66]([CH2:41][O:49][P:71](=[O:8])([O-:13])[O:51][P:72](=[O:9])([O-:14])[O:50][CH2:42][C@H:67]3[O:47][C@@H:63]([n:68]4[cH:28][n:44][c:57]5[c:56]([NH2:3])[n:43][cH:26][n:45][c:58]54)[C@H:62]([O:48][P:70](=[O:7])([O-:11])[O-:12])[C@@H:61]3[OH:17])[C@@H:60]([OH:16])[C@H:59]2[OH:15])[CH:29]=[CH:25][CH2:27]1>>[CH3:1][CH2:31][CH2:34][CH2:35][CH2:32]/[CH:21]=[CH:23]/[CH2:40][C@@H:65]([OH:18])/[CH:24]=[CH:20]/[CH:19]=[CH:22]/[CH2:33][CH2:38][C:53](=[O:5])[CH2:39][CH2:36][CH2:37][C:52](=[O:4])[O-:10].[NH2:2][C:54](=[O:6])[c:55]1[cH:27][cH:25][cH:29][n+:69]([C@@H:64]2[O:46][C@H:66]([CH2:41][O:49][P:71](=[O:8])([O-:13])[O:51][P:72](=[O:9])([O-:14])[O:50][CH2:42][C@H:67]3[O:47][C@@H:63]([n:68]4[cH:28][n:44][c:57]5[c:56]([NH2:3])[n:43][cH:26][n:45][c:58]54)[C@H:62]([O:48][P:70](=[O:7])([O-:11])[O-:12])[C@@H:61]3[OH:17])[C@@H:60]([OH:16])[C@H:59]2[OH:15])[cH:30]1,1,3,2.65
recon3d_300,[NH2:1][C:38](=[O:4])[c:40]1[cH:22][n+:56]([C@@H:51]2[O:32][C@H:54]([CH2:26][O:35][P:59](=[O:7])([O-:11])[O:37][P:60](=[O:8])([O-:12])[O:36][CH2:27][C@H:55]3[O:33][C@@H:52]([n:57]4[cH:24][n:29][c:42]5[c:41]([NH2:2])[n:28][cH:23][n:30][c:43]54)[C@H:48]([O:34][P:58](=[O:6])([O-:9])[O-:10])[C@@H:47]3[OH:16])[C@@H:46]([OH:15])[C@H:44]2[OH:13])[cH:21][cH:20][cH:25]1.[OH:3][CH2:19][C@H:53]([OH:18])[C@H:49]1[O:31][C:39](=[O:5])[C@@H:50]([OH:17])[C@H:45]1[OH:14]>>[NH2:1][C:38](=[O:4])[C:40]1=[CH:22][N:56]([C@@H:51]2[O:32][C@H:54]([CH2:26][O:35][P:59](=[O:7])([O-:11])[O:37][P:60](=[O:8])([O-:12])[O:36][CH2:27][C@H:55]3[O:33][C@@H:52]([n:57]4[cH:24][n:29][c:42]5[c:41]([NH2:2])[n:28][cH:23][n:30][c:43]54)[C@H:48]([O:34][P:58](=[O:6])([O-:9])[O-:10])[C@@H:47]3[OH:16])[C@@H:46]([OH:15])[C@H:44]2[OH:13])[CH:21]=[CH:20][CH2:25]1.[O:3]=[CH:19][C@H:53]([OH:18])[C@H:49]1[O:31][C:39](=[O:5])[C@@H:50]([OH:17])[C@H:45]1[OH:14],1,2,2.10
recon3d_301,[CH3:1][CH:34]=[O:4].[NH2:2][C:35](=[O:5])[c:36]1[cH:19][n+:48]([CH:46]2[O:28][CH:40]([CH2:23][O:31][P:51](=[O:7])([O-:12])[O:33][P:52](=[O:8])([O-:13])[O:32][CH2:24][CH:41]3[O:29][CH:47]([n:49]4[cH:21][n:26][c:38]5[c:37]([NH2:3])[n:25][cH:20][n:27][c:39]54)[CH:45]([O:30][P:50](=[O:6])([O-:10])[O-:11])[CH:43]3[OH:15])[CH:42]([OH:14])[CH:44]2[OH:16])[cH:18][cH:17][cH:22]1.[OH2:9]>>[CH3:1][C:34](=[O:4])[O-:9].[NH2:2][C:35](=[O:5])[C:36]1=[CH:19][N:48]([CH:46]2[O:28][CH:40]([CH2:23][O:31][P:51](=[O:7])([O-:12])[O:33][P:52](=[O:8])([O-:13])[O:32][CH2:24][CH:41]3[O:29][CH:47]([n:49]4[cH:21][n:26][c:38]5[c:37]([NH2:3])[n:25][cH:20][n:27][c:39]54)[CH:45]([O:30][P:50](=[O:6])([O-:10])[O-:11])[CH:43]3[OH:15])[CH:42]([OH:14])[CH:44]2[OH:16])[CH:18]=[CH:17][CH2:22]1,1,3,0.22
recon3d_302,[CH3:1]/[C:45](=[CH:21]\[CH2:27][C:41](=[O:5])[O-:12])[C:43](=[O:7])[S:20][CH2:24][CH2:25][NH:34][C:42](=[O:6])[CH2:28][CH2:26][NH:35][C:44](=[O:8])[CH:53]([OH:19])[C:55]([CH3:2])([CH3:3])[CH2:30][O:39][P:58](=[O:11])([O-:17])[O:40][P:57](=[O:10])([O-:16])[O:38][CH2:29][CH:49]1[O:36][CH:52]([n:54]2[cH:23][n:32][c:47]3[c:46]([NH2:4])[n:31][cH:22][n:33][c:48]32)[CH:50]([OH:18])[CH:51]1[O:37][P:56](=[O:9])([O-:14])[O-:15].[OH2:13]>>[CH3:1]/[C:45](=[CH:21]\[CH2:27][C:41](=[O:5])[O-:12])[C:43](=[O:7])[O-:13].[CH3:2][C:55]([CH3:3])([CH2:30][O:39][P:58](=[O:11])([O-:17])[O:40][P:57](=[O:10])([O-:16])[O:38][CH2:29][CH:49]1[O:36][CH:52]([n:54]2[cH:23][n:32][c:47]3[c:46]([NH2:4])[n:31][cH:22][n:33][c:48]32)[CH:50]([OH:18])[CH:51]1[O:37][P:56](=[O:9])([O-:14])[O-:15])[CH:53]([OH:19])[C:44](=[O:8])[NH:35][CH2:26][CH2:28][C:42](=[O:6])[NH:34][CH2:25][CH2:24][SH:20],1,2,0.31
recon3d_303,[NH2:1][c:32]1[n:21][cH:14][n:25][c:36]2[c:34]1[n:23][cH:16][n:45]2[C@@H:40]1[O:27][C@H:42]([CH2:18][O:30][P:49](=[O:5])([O-:10])[O:31][P:48](=[O:4])([O:8][P:47](=[O:3])([O-:6])[O-:7])[O-:9])[C@@H:39]([OH:12])[C@H:38]1[OH:11].[NH2:2][c:33]1[n:22][cH:15][n:26][c:37]2[c:35]1[n:24][cH:17][n:46]2[C@H:44]1[CH2:20][C@H:41]([OH:13])[C@@H:43]([CH2:19][OH:29])[O:28]1>>[NH2:1][c:32]1[n:21][cH:14][n:25][c:36]2[c:34]1[n:23][cH:16][n:45]2[C@@H:40]1[O:27][C@H:42]([CH2:18][O:30][P:49](=[O:5])([O-:10])[O:31][P:48](=[O:4])([O-:8])[O-:9])[C@@H:39]([OH:12])[C@H:38]1[OH:11].[NH2:2][c:33]1[n:22][cH:15][n:26][c:37]2[c:35]1[n:24][cH:17][n:46]2[C@H:44]1[CH2:20][C@H:41]([OH:13])[C@@H:43]([CH2:19][O:29][P:47](=[O:3])([O-:6])[O-:7])[O:28]1,1,2,1.14
recon3d_304,[NH2:1][C:36](=[O:6])[CH2:25][CH2:27][C@H:46]([NH3+:4])[C:38](=[O:8])[O-:13].[NH2:2][c:39]1[n:29][cH:23][n:31][c:41]2[c:40]1[n:30][cH:24][n:48]2[C@@H:44]1[O:32][C@H:47]([CH2:28][O:34][P:51](=[O:11])([O-:18])[O:22][P:49](=[O:9])([O-:14])[O:33][P:50](=[O:10])([O-:16])[O-:17])[C@@H:43]([OH:21])[C@H:42]1[OH:20].[NH3+:3][C@@H:45]([CH2:26][C:35](=[O:5])[O-:12])[C:37](=[O:7])[O-:15].[OH2:19]>>[NH2:1][C:37](=[O:7])[C@@H:45]([NH3+:3])[CH2:26][C:35](=[O:5])[O-:12].[NH2:2][c:39]1[n:29][cH:23][n:31][c:41]2[c:40]1[n:30][cH:24][n:48]2[C@@H:44]1[O:32][C@H:47]([CH2:28][O:34][P:51](=[O:11])([O-:18])[OH:22])[C@@H:43]([OH:21])[C@H:42]1[OH:20].[NH3+:4][C@@H:46]([CH2:27][CH2:25][C:36](=[O:6])[OH:19])[C:38](=[O:8])[O-:13].[O:9]=[P:49]([O-:14])([O-:15])[O:33][P:50](=[O:10])([O-:16])[O-:17],1,6,1.38
recon3d_305,[CH3:1][C@:69]12[CH2:35][CH2:27][C:47](=[O:5])[CH:24]=[C:52]1[CH2:30][CH2:31][CH:56]1[CH:57]2[C@@H:49]([OH:7])[CH2:36][C@@:70]2([CH3:2])[CH:58]1[CH2:32][CH2:37][C@:71]2([OH:20])[C:50](=[O:8])[CH2:28][OH:16].[NH2:3][C:48](=[O:6])[c:51]1[cH:23][n+:67]([C@@H:63]2[O:41][C@H:65]([CH2:33][O:44][P:73](=[O:10])([O-:14])[O:46][P:74](=[O:11])([O-:15])[O:45][CH2:34][C@H:66]3[O:42][C@@H:64]([n:68]4[cH:26][n:39][c:54]5[c:53]([NH2:4])[n:38][cH:25][n:40][c:55]54)[C@H:62]([O:43][P:72](=[O:9])([O-:12])[O-:13])[C@@H:61]3[OH:19])[C@@H:60]([OH:18])[C@H:59]2[OH:17])[cH:22][cH:21][cH:29]1>>[CH3:1][C@:69]12[CH2:35][CH2:27][C:47](=[O:5])[CH:24]=[C:52]1[CH2:30][CH2:31][CH:56]1[CH:57]2[C:49](=[O:7])[CH2:36][C@@:70]2([CH3:2])[CH:58]1[CH2:32][CH2:37][C@:71]2([OH:20])[C:50](=[O:8])[CH2:28][OH:16].[NH2:3][C:48](=[O:6])[C:51]1=[CH:23][N:67]([C@@H:63]2[O:41][C@H:65]([CH2:33][O:44][P:73](=[O:10])([O-:14])[O:46][P:74](=[O:11])([O-:15])[O:45][CH2:34][C@H:66]3[O:42][C@@H:64]([n:68]4[cH:26][n:39][c:54]5[c:53]([NH2:4])[n:38][cH:25][n:40][c:55]54)[C@H:62]([O:43][P:72](=[O:9])([O-:12])[O-:13])[C@@H:61]3[OH:19])[C@@H:60]([OH:18])[C@H:59]2[OH:17])[CH:22]=[CH:21][CH2:29]1,1,2,3.80
recon3d_306,[CH3:1][CH2:37][C:59](=[O:7])[O-:15].[CH3:2][C:78]([CH3:3])([CH2:40][O:55][P:84](=[O:14])([O-:23])[O:56][P:83](=[O:13])([O-:22])[O:54][CH2:39][C@H:74]1[O:50][C@@H:72]([n:77]2[cH:32][n:44][c:64]3[c:62]([NH2:5])[n:42][cH:30][n:46][c:66]32)[C@H:68]([OH:25])[C@@H:70]1[O:52][P:80](=[O:10])([O-:17])[O-:18])[C@@H:75]([OH:27])[C:60](=[O:8])[NH:48][CH2:34][CH2:36][C:58](=[O:6])[NH:47][CH2:33][CH2:35][SH:57].[NH2:4][c:61]1[n:41][cH:29][n:45][c:65]2[c:63]1[n:43][cH:31][n:76]2[C@@H:71]1[O:49][C@H:73]([CH2:38][O:51][P:79](=[O:9])([O-:16])[O:28][P:82](=[O:12])([O-:21])[O:53][P:81](=[O:11])([O-:19])[O-:20])[C@@H:69]([OH:26])[C@H:67]1[OH:24]>>[CH3:1][CH2:37][C:59](=[O:7])[S:57][CH2:35][CH2:33][NH:47][C:58](=[O:6])[CH2:36][CH2:34][NH:48][C:60](=[O:8])[C@H:75]([OH:27])[C:78]([CH3:2])([CH3:3])[CH2:40][O:55][P:84](=[O:14])([O-:23])[O:56][P:83](=[O:13])([O-:22])[O:54][CH2:39][C@H:74]1[O:50][C@@H:72]([n:77]2[cH:32][n:44][c:64]3[c:62]([NH2:5])[n:42][cH:30][n:46][c:66]32)[C@H:68]([OH:25])[C@@H:70]1[O:52][P:80](=[O:10])([O-:17])[O-:18].[NH2:4][c:61]1[n:41][cH:29][n:45][c:65]2[c:63]1[n:43][cH:31][n:76]2[C@@H:71]1[O:49][C@H:73]([CH2:38][O:51][P:79](=[O:9])([O-:15])[O-:16])[C@@H:69]([OH:26])[C@H:67]1[OH:24].[O:11]=[P:81]([O-:19])([O-:20])[O:53][P:82](=[O:12])([O-:21])[OH:28],1,4,2.06
recon3d_307,[NH3+:1][CH2:9][CH2:10][C:14]([NH:2][C@@H:17]([CH2:11][c:16]1[cH:8][nH:13][cH:7][n:12]1)[C:15](=[O:4])[O-:6])=[O:3].[OH2:5]>>[NH3+:1][CH2:9][CH2:10][C:14](=[O:3])[O-:5].[NH3+:2][C@@H:17]([CH2:11][c:16]1[cH:8][nH:13][cH:7][n:12]1)[C:15](=[O:4])[O-:6],1,2,0.04
recon3d_308,[CH3:1][C@:65]12[CH2:33][CH2:23][C@H:43]([OH:5])[CH2:20][C:47]1=[CH:26][CH2:27][CH:51]1[CH:52]2[CH2:28][CH2:34][C@@:66]2([CH3:2])[CH:53]1[CH2:29][CH2:30][C@@H:60]2[C:45](=[O:7])[CH2:24][OH:12].[NH2:3][C:44](=[O:6])[c:46]1[cH:19][n+:63]([C@@H:58]2[O:38][C@H:61]([CH2:31][O:40][P:67](=[O:8])([O-:10])[O:42][P:68](=[O:9])([O-:11])[O:41][CH2:32][C@H:62]3[O:39][C@@H:59]([n:64]4[cH:22][n:36][c:49]5[c:48]([NH2:4])[n:35][cH:21][n:37][c:50]54)[C@H:55]([OH:14])[C@@H:57]3[OH:16])[C@@H:56]([OH:15])[C@H:54]2[OH:13])[cH:18][cH:17][cH:25]1>>[CH3:1][C@:65]12[CH2:33][CH2:23][C:43](=[O:5])[CH:20]=[C:47]1[CH2:26][CH2:27][CH:51]1[CH:52]2[CH2:28][CH2:34][C@@:66]2([CH3:2])[CH:53]1[CH2:29][CH2:30][C@@H:60]2[C:45](=[O:7])[CH2:24][OH:12].[NH2:3][C:44](=[O:6])[C:46]1=[CH:19][N:63]([C@@H:58]2[O:38][C@H:61]([CH2:31][O:40][P:67](=[O:8])([O-:10])[O:42][P:68](=[O:9])([O-:11])[O:41][CH2:32][C@H:62]3[O:39][C@@H:59]([n:64]4[cH:22][n:36][c:49]5[c:48]([NH2:4])[n:35][cH:21][n:37][c:50]54)[C@H:55]([OH:14])[C@@H:57]3[OH:16])[C@@H:56]([OH:15])[C@H:54]2[OH:13])[CH:18]=[CH:17][CH2:25]1,1,4,3.85
recon3d_309,[CH3:1][C:80]([CH3:2])([CH2:41][O:55][P:86](=[O:14])([O-:24])[O:57][P:85](=[O:13])([O-:23])[O:54][CH2:40][C@H:76]1[O:51][C@@H:74]([n:79]2[cH:33][n:45][c:66]3[c:64]([NH2:4])[n:43][cH:31][n:47][c:68]32)[C@H:70]([OH:26])[C@@H:72]1[O:52][P:82](=[O:10])([O-:19])[O-:20])[C@@H:77]([OH:28])[C:62](=[O:8])[NH:49][CH2:35][CH2:37][C:60](=[O:6])[NH:48][CH2:34][CH2:36][S:58][C:61](=[O:7])[CH3:38].[NH2:3][c:63]1[n:42][cH:30][n:46][c:67]2[c:65]1[n:44][cH:32][n:78]2[C@@H:73]1[O:50][C@H:75]([CH2:39][O:53][P:84](=[O:12])([O-:22])[O:56][P:83](=[O:11])([O-:21])[O:29][P:81](=[O:9])([O-:16])[O-:17])[C@@H:71]([OH:27])[C@H:69]1[OH:25].[O:5]=[C:59]([O-:15])[O-:18]>>[CH3:1][C:80]([CH3:2])([CH2:41][O:55][P:86](=[O:14])([O-:24])[O:57][P:85](=[O:13])([O-:23])[O:54][CH2:40][C@H:76]1[O:51][C@@H:74]([n:79]2[cH:33][n:45][c:66]3[c:64]([NH2:4])[n:43][cH:31][n:47][c:68]32)[C@H:70]([OH:26])[C@@H:72]1[O:52][P:82](=[O:10])([O-:19])[O-:20])[C@@H:77]([OH:28])[C:62](=[O:8])[NH:49][CH2:35][CH2:37][C:60](=[O:6])[NH:48][CH2:34][CH2:36][S:58][C:61](=[O:7])[CH2:38][C:59](=[O:5])[O-:15].[NH2:3][c:63]1[n:42][cH:30][n:46][c:67]2[c:65]1[n:44][cH:32][n:78]2[C@@H:73]1[O:50][C@H:75]([CH2:39][O:53][P:84](=[O:12])([O-:22])[O:56][P:83](=[O:11])([O-:21])[OH:29])[C@@H:71]([OH:27])[C@H:69]1[OH:25].[O:9]=[P:81]([O-:16])([O-:17])[O-:18],1,5,3.83
recon3d_310,[CH3:1][C:14](=[O:3])[NH:12][C@@H:20]1[C@@H:17]([OH:8])[CH2:2][C@@:15]([OH:4])([C:16](=[O:5])[O-:6])[O:9][C@H:18]1[C@H:19]([OH:10])[C@@H:21]([CH2:11][OH:7])[OH:13]>>[CH3:1][C:14](=[O:3])[NH:12][C@@H:20]1[CH:17]([OH:8])[O:13][C@H:21]([CH2:11][OH:7])[C@@H:19]([OH:10])[C@@H:18]1[OH:9].[CH3:2][C:15](=[O:4])[C:16](=[O:5])[O-:6],1,4,0.40
recon3d_311,[NH3+:1][C@@H:13]([CH2:11][CH2:10][CH2:9][CH2:8][NH3+:2])[C:12](=[O:3])[O-:5].[O:6]=[O:7].[OH2:4]>>[NH3+:2][CH2:8][CH2:9][CH2:10][CH2:11][C:13](=[O:4])[C:12](=[O:3])[O-:5].[NH4+:1].[OH:6][OH:7],1,3,0.02
recon3d_312,[CH3:1][c:37]1[cH:20][n:49]([C@H:47]2[CH2:24][C@H:43]([OH:17])[C@@H:45]([CH2:22][O:33][P:54](=[O:8])([O-:15])[O:36][P:55](=[O:9])([O-:16])[O-:35])[O:30]2)[c:40](=[O:4])[nH:29][c:39]1=[O:3].[NH2:2][c:38]1[n:26][cH:19][n:28][c:42]2[c:41]1[n:27][cH:21][n:50]2[C@H:48]1[CH2:25][C@H:44]([OH:18])[C@@H:46]([CH2:23][O:32][P:53](=[O:7])([O-:14])[O:34][P:51](=[O:5])([O:10][P:52](=[O:6])([O-:12])[O-:13])[O-:11])[O:31]1>>[CH3:1][c:37]1[cH:20][n:49]([C@H:47]2[CH2:24][C@H:43]([OH:17])[C@@H:45]([CH2:22][O:33][P:54](=[O:8])([O-:15])[O:36][P:55](=[O:9])([O-:16])[O:35][P:52](=[O:6])([O-:12])[O-:13])[O:30]2)[c:40](=[O:4])[nH:29][c:39]1=[O:3].[NH2:2][c:38]1[n:26][cH:19][n:28][c:42]2[c:41]1[n:27][cH:21][n:50]2[C@H:48]1[CH2:25][C@H:44]([OH:18])[C@@H:46]([CH2:23][O:32][P:53](=[O:7])([O-:14])[O:34][P:51](=[O:5])([O-:10])[O-:11])[O:31]1,1,2,2.59
recon3d_313,[CH3:1][C:51]([CH3:2])([CH2:28][O:37][P:54](=[O:9])([O-:14])[O:38][P:53](=[O:8])([O-:13])[O:36][CH2:27][C@H:48]1[O:34][C@@H:47]([n:50]2[cH:20][n:30][c:43]3[c:42]([NH2:3])[n:29][cH:19][n:31][c:44]32)[C@H:45]([OH:16])[C@@H:46]1[O:35][P:52](=[O:7])([O-:11])[O-:12])[C@@H:49]([OH:17])[C:41](=[O:6])[NH:33][CH2:24][CH2:26][C:40](=[O:5])[NH:32][CH2:23][CH2:22][S:18][C:39](=[O:4])[CH2:25][CH2:21][OH:15].[OH2:10]>>[CH3:1][C:51]([CH3:2])([CH2:28][O:37][P:54](=[O:9])([O-:14])[O:38][P:53](=[O:8])([O-:13])[O:36][CH2:27][C@H:48]1[O:34][C@@H:47]([n:50]2[cH:20][n:30][c:43]3[c:42]([NH2:3])[n:29][cH:19][n:31][c:44]32)[C@H:45]([OH:16])[C@@H:46]1[O:35][P:52](=[O:7])([O-:11])[O-:12])[C@@H:49]([OH:17])[C:41](=[O:6])[NH:33][CH2:24][CH2:26][C:40](=[O:5])[NH:32][CH2:23][CH2:22][SH:18].[O:4]=[C:39]([O-:10])[CH2:25][CH2:21][OH:15],1,2,0.33
recon3d_314,[CH3:1][C@:62]12[CH2:31][CH2:23][C:41](=[O:5])[CH:16]=[C:43]1[CH2:24][CH2:25][CH:48]1[CH:49]2[CH2:26][CH2:32][C@@:63]2([CH3:2])[CH:50]1[CH2:27][CH2:30][C:59]2=[O:15].[NH2:3][C:42](=[O:6])[C:44]1=[CH:22][N:61]([C@@H:56]2[O:37][C@H:58]([CH2:29][O:39][P:65](=[O:8])([O-:10])[O:40][P:64](=[O:7])([O-:9])[O:38][CH2:28][C@H:57]3[O:36][C@@H:55]([n:60]4[cH:20][n:34][c:46]5[c:45]([NH2:4])[n:33][cH:18][n:35][c:47]54)[C@H:51]([OH:11])[C@@H:53]3[OH:13])[C@@H:54]([OH:14])[C@H:52]2[OH:12])[CH:21]=[CH:17][CH2:19]1>>[CH3:1][C@:62]12[CH2:31][CH2:23][C:41](=[O:5])[CH:16]=[C:43]1[CH2:24][CH2:25][CH:48]1[CH:49]2[CH2:26][CH2:32][C@@:63]2([CH3:2])[CH:50]1[CH2:27][CH2:30][C@@H:59]2[OH:15].[NH2:3][C:42](=[O:6])[c:44]1[cH:19][cH:17][cH:21][n+:61]([C@@H:56]2[O:37][C@H:58]([CH2:29][O:39][P:65](=[O:8])([O-:10])[O:40][P:64](=[O:7])([O-:9])[O:38][CH2:28][C@H:57]3[O:36][C@@H:55]([n:60]4[cH:20][n:34][c:46]5[c:45]([NH2:4])[n:33][cH:18][n:35][c:47]54)[C@H:51]([OH:11])[C@@H:53]3[OH:13])[C@@H:54]([OH:14])[C@H:52]2[OH:12])[cH:22]1,1,2,2.43
recon3d_315,[NH2:1][C:34](=[O:3])[C:36]1=[CH:19][N:50]([CH:48]2[O:30][CH:42]([CH2:24][O:32][P:52](=[O:6])([O-:9])[O:33][P:51](=[O:5])([O-:8])[O:31][CH2:23][CH:41]3[O:29][CH:47]([n:49]4[cH:17][n:26][c:38]5[c:37]([NH2:2])[n:25][cH:15][n:27][c:39]54)[CH:45]([OH:12])[CH:43]3[OH:10])[CH:44]([OH:11])[CH:46]2[OH:13])[CH:18]=[CH:14][CH2:16]1.[O:4]=[C:35]([O-:7])[CH:40]1[CH2:22][CH2:20][CH:21]=[N:28]1>>[NH2:1][C:34](=[O:3])[c:36]1[cH:16][cH:14][cH:18][n+:50]([CH:48]2[O:30][CH:42]([CH2:24][O:32][P:52](=[O:6])([O-:9])[O:33][P:51](=[O:5])([O-:8])[O:31][CH2:23][CH:41]3[O:29][CH:47]([n:49]4[cH:17][n:26][c:38]5[c:37]([NH2:2])[n:25][cH:15][n:27][c:39]54)[CH:45]([OH:12])[CH:43]3[OH:10])[CH:44]([OH:11])[CH:46]2[OH:13])[cH:19]1.[O:4]=[C:35]([O-:7])[CH:40]1[CH2:22][CH2:20][CH2:21][NH2+:28]1,1,2,0.32
recon3d_316,[NH2:1][c:49]1[n:33][c:50]([OH:17])[c:52]2[c:51]([n:34]1)[NH:38][CH2:29][CH:56]([CH2:32][NH:62][c:48]1[cH:25][cH:23][c:47]([C:45](=[O:5])[NH:40][CH:57]([CH2:30][CH2:28][C:44](=[O:4])[O-:10])[C:46](=[O:6])[O-:11])[cH:24][cH:26]1)[NH:39]2.[NH2:2][c:53]1[n:35][cH:22][n:37][c:55]2[c:54]1[n:36][cH:27][n:63]2[C@@H:60]1[O:41][C@H:61]([CH2:31][O:42][P:66](=[O:9])([O-:16])[O:43][P:65](=[O:8])([O-:15])[O:20][P:64](=[O:7])([O-:12])[O-:13])[C@@H:59]([OH:19])[C@H:58]1[OH:18].[O:3]=[CH:21][O-:14]>>[NH2:1][c:49]1[n:33][c:50]([OH:17])[c:52]2[c:51]([n:34]1)[NH:38][CH2:29][CH:56]([CH2:32][N:62]([CH:21]=[O:3])[c:48]1[cH:25][cH:23][c:47]([C:45](=[O:5])[NH:40][CH:57]([CH2:30][CH2:28][C:44](=[O:4])[O-:10])[C:46](=[O:6])[O-:11])[cH:24][cH:26]1)[NH:39]2.[NH2:2][c:53]1[n:35][cH:22][n:37][c:55]2[c:54]1[n:36][cH:27][n:63]2[C@@H:60]1[O:41][C@H:61]([CH2:31][O:42][P:66](=[O:9])([O-:16])[O:43][P:65](=[O:8])([O-:15])[OH:20])[C@@H:59]([OH:19])[C@H:58]1[OH:18].[O:7]=[P:64]([O-:12])([O-:13])[O-:14],1,4,1.41
recon3d_317,[CH3:2][C:49]1=[C:50](/[CH:23]=[CH:25]/[C:51]([CH3:3])=[CH:26]/[CH:22]=[CH:24]/[C:52]([CH3:4])=[CH:27]/[CH2:34][OH:17])[C:68]([CH3:5])([CH3:6])[CH2:38][CH2:35][CH2:57]1.[NH2:7][C:48](=[O:9])[C:53]1=[CH:33][N:67]([C@@H:63]2[O:42][C@H:64]([CH2:36][O:45][P:70](=[O:11])([O-:15])[O:47][P:71](=[O:12])([O-:16])[O:46][CH2:37][C@H:65]3[O:43][C@@H:62]([n:66]4[cH:31][n:40][c:55]5[c:54]([NH2:8])[n:39][cH:29][n:41][c:56]54)[C@H:61]([O:44][P:69](=[O:10])([O-:13])[O-:14])[C@@H:60]3[OH:21])[C@@H:59]([OH:20])[C@H:58]2[OH:19])[CH:32]=[CH:28][CH2:30]1.[O:1]=[O:18]>>[CH3:2][C:49]1=[C:50](/[CH:23]=[CH:25]/[C:51]([CH3:3])=[CH:26]/[CH:22]=[CH:24]/[C:52]([CH3:4])=[CH:27]/[CH2:34][OH:17])[C:68]([CH3:5])([CH3:6])[CH2:38][CH2:35][CH:57]1[OH:18].[NH2:7][C:48](=[O:9])[c:53]1[cH:30][cH:28][cH:32][n+:67]([C@@H:63]2[O:42][C@H:64]([CH2:36][O:45][P:70](=[O:11])([O-:15])[O:47][P:71](=[O:12])([O-:16])[O:46][CH2:37][C@H:65]3[O:43][C@@H:62]([n:66]4[cH:31][n:40][c:55]5[c:54]([NH2:8])[n:39][cH:29][n:41][c:56]54)[C@H:61]([O:44][P:69](=[O:10])([O-:13])[O-:14])[C@@H:60]3[OH:21])[C@@H:59]([OH:20])[C@H:58]2[OH:19])[cH:33]1.[OH2:1],1,4,0.76
recon3d_318,[I:1][I:6].[NH3+:2][C@@H:15]([CH2:10][c:12]1[cH:7][cH:8][c:13]([OH:5])[cH:14][cH:9]1)[C:11](=[O:3])[O-:4]>>[IH:1].[NH3+:2][C@@H:15]([CH2:10][c:12]1[cH:7][cH:8][c:13]([OH:5])[c:14]([I:6])[cH:9]1)[C:11](=[O:3])[O-:4],1,3,0.02
recon3d_319,[CH3:1][C@H:70]([CH2:38][CH2:33][C:57](=[O:8])[S:25][CH2:28][CH2:29][NH:48][C:56](=[O:7])[CH2:32][CH2:31][NH:50][C:58](=[O:9])[C@H:74]([OH:22])[C:77]([CH3:2])([CH3:3])[CH2:42][O:54][P:82](=[O:12])([O-:18])[O:55][P:81](=[O:11])([O-:17])[O:53][CH2:40][C@H:73]1[O:51][C@@H:72]([n:76]2[cH:27][n:46][c:60]3[c:59]([NH2:6])[n:45][cH:26][n:47][c:61]32)[C@H:68]([OH:20])[C@@H:69]1[O:52][P:80](=[O:10])([O-:15])[O-:16])[C@H:66]1[CH2:35][CH2:34][CH:65]2[CH:62]3[CH:64]([CH2:41][C@H:75]([OH:23])[C@@:79]21[CH3:5])[C@@:78]1([CH3:4])[CH2:43][CH2:36][C@@H:67]([OH:19])[CH2:37][CH:63]1[CH2:39][C@H:71]3[OH:21].[O:13]=[S:83](=[O:14])([O-:24])[CH2:44][CH2:30][NH3+:49]>>[CH3:1][C@H:70]([CH2:38][CH2:33][C:57](=[O:8])[NH:49][CH2:30][CH2:44][S:83](=[O:13])(=[O:14])[OH:24])[CH:66]1[CH2:35][CH2:34][CH:65]2[CH:62]3[CH:64]([CH2:41][C@H:75]([OH:23])[C@@:79]21[CH3:5])[C@@:78]1([CH3:4])[CH2:43][CH2:36][C@@H:67]([OH:19])[CH2:37][CH:63]1[CH2:39][C@H:71]3[OH:21].[CH3:2][C:77]([CH3:3])([CH2:42][O:54][P:82](=[O:12])([O-:18])[O:55][P:81](=[O:11])([O-:17])[O:53][CH2:40][C@H:73]1[O:51][C@@H:72]([n:76]2[cH:27][n:46][c:60]3[c:59]([NH2:6])[n:45][cH:26][n:47][c:61]32)[C@H:68]([OH:20])[C@@H:69]1[O:52][P:80](=[O:10])([O-:15])[O-:16])[C@@H:74]([OH:22])[C:58](=[O:9])[NH:50][CH2:31][CH2:32][C:56](=[O:7])[NH:48][CH2:29][CH2:28][SH:25],1,2,0.58
recon3d_320,[NH2:1][c:18]1[cH:11][cH:12][n:23]([C@H:22]2[CH2:14][CH:20]([OH:9])[C@@H:21]([CH2:13][O:17][P:25](=[O:4])([O:7][P:24](=[O:3])([O-:5])[O-:6])[O-:8])[O:16]2)[c:19](=[O:2])[n:15]1.[OH2:10]>>[NH2:1][c:18]1[cH:11][cH:12][n:23]([C@H:22]2[CH2:14][CH:20]([OH:9])[C@@H:21]([CH2:13][O:17][P:25](=[O:4])([O-:7])[O-:8])[O:16]2)[c:19](=[O:2])[n:15]1.[O:3]=[P:24]([O-:5])([O-:6])[OH:10],1,2,0.04
recon3d_321,[CH3:1][C@H:14]([NH:2][C:11](=[O:3])[CH2:8][CH2:9][C@H:15]([NH3+:10])[C:13](=[O:5])[O-:7])[C:12](=[O:4])[O-:6]>>[CH3:1][C@H:14]([NH3+:2])[C:12](=[O:4])[O-:6].[O:3]=[C:11]1[CH2:8][CH2:9][C@@H:15]([C:13](=[O:5])[O-:7])[NH:10]1,1,2,0.02
recon3d_322,[CH3:1][CH2:25][CH2:27][CH2:28][CH2:29][CH2:30][CH2:31][CH2:32][CH2:33][CH2:34][CH2:35][CH2:36][CH2:37][CH2:38][CH2:42][C:57](=[O:9])[S:21][CH2:26][CH2:39][NH:49][C:56](=[O:8])[CH2:41][CH2:40][NH:50][C:58](=[O:10])[C@H:67]([OH:20])[C:69]([CH3:2])([CH3:3])[CH2:45][O:54][P:72](=[O:13])([O-:17])[O:55][P:71](=[O:12])([O-:16])[O:53][CH2:44][C@H:66]1[O:51][C@@H:64]([n:68]2[cH:24][n:47][c:60]3[c:59]([NH2:4])[n:46][cH:23][n:48][c:61]32)[C@H:62]([OH:19])[C@@H:63]1[O:52][P:70](=[O:11])([O-:14])[O-:15].[NH3+:5][C@H:65]([C:22](=[O:6])[O-:7])[CH2:43][OH:18]>>[CH3:1][CH2:25][CH2:27][CH2:28][CH2:29][CH2:30][CH2:31][CH2:32][CH2:33][CH2:34][CH2:35][CH2:36][CH2:37][CH2:38][CH2:42][C:57](=[O:9])[C@@H:65]([NH3+:5])[CH2:43][OH:18].[CH3:2][C:69]([CH3:3])([CH2:45][O:54][P:72](=[O:13])([O-:17])[O:55][P:71](=[O:12])([O-:16])[O:53][CH2:44][C@H:66]1[O:51][C@@H:64]([n:68]2[cH:24][n:47][c:60]3[c:59]([NH2:4])[n:46][cH:23][n:48][c:61]32)[C@H:62]([OH:19])[C@@H:63]1[O:52][P:70](=[O:11])([O-:14])[O-:15])[C@@H:67]([OH:20])[C:58](=[O:10])[NH:50][CH2:40][CH2:41][C:56](=[O:8])[NH:49][CH2:39][CH2:26][SH:21].[O:6]=[C:22]=[O:7],1,3,2.25
recon3d_323,[CH3:1][C@H:69]([CH2:37][CH2:32][C:56](=[O:9])[S:24][CH2:27][CH2:28][NH:46][C:55](=[O:8])[CH2:31][CH2:29][NH:48][C:57](=[O:10])[C@H:73]([OH:22])[C:76]([CH3:2])([CH3:3])[CH2:41][O:52][P:81](=[O:13])([O-:17])[O:53][P:80](=[O:12])([O-:16])[O:51][CH2:39][C@H:72]1[O:49][C@@H:70]([n:75]2[cH:26][n:44][c:59]3[c:58]([NH2:6])[n:43][cH:25][n:45][c:60]32)[C@H:66]([OH:20])[C@@H:67]1[O:50][P:79](=[O:11])([O-:14])[O-:15])[C@H:71]1[CH2:38][CH2:33][CH:64]2[CH:61]3[CH:63]([CH2:40][C@H:74]([OH:23])[C@@:78]21[CH3:5])[C@@:77]1([CH3:4])[CH2:42][CH2:34][C@@H:65]([OH:19])[CH2:35][CH:62]1[CH2:36][C@H:68]3[OH:21].[O:7]=[C:54]([O-:18])[CH2:30][NH3+:47]>>[CH3:1][C@H:69]([CH2:37][CH2:32][C:56](=[O:9])[NH:47][CH2:30][C:54](=[O:7])[OH:18])[C@H:71]1[CH2:38][CH2:33][CH:64]2[CH:61]3[CH:63]([CH2:40][C@H:74]([OH:23])[C@@:78]21[CH3:5])[C@@:77]1([CH3:4])[CH2:42][CH2:34][C@@H:65]([OH:19])[CH2:35][CH:62]1[CH2:36][C@H:68]3[OH:21].[CH3:2][C:76]([CH3:3])([CH2:41][O:52][P:81](=[O:13])([O-:17])[O:53][P:80](=[O:12])([O-:16])[O:51][CH2:39][C@H:72]1[O:49][C@@H:70]([n:75]2[cH:26][n:44][c:59]3[c:58]([NH2:6])[n:43][cH:25][n:45][c:60]32)[C@H:66]([OH:20])[C@@H:67]1[O:50][P:79](=[O:11])([O-:14])[O-:15])[C@@H:73]([OH:22])[C:57](=[O:10])[NH:48][CH2:29][CH2:31][C:55](=[O:8])[NH:46][CH2:28][CH2:27][SH:24],1,2,0.60
recon3d_324,[NH2:1][C:42](=[O:5])[C:44]1=[CH:28][N:58]([C@@H:53]2[O:36][C@H:55]([CH2:31][O:39][P:61](=[O:9])([O-:16])[O:41][P:62](=[O:10])([O-:17])[O:40][CH2:32][C@H:56]3[O:37][C@@H:52]([n:57]4[cH:26][n:34][c:46]5[c:45]([NH2:2])[n:33][cH:24][n:35][c:47]54)[C@H:51]([O:38][P:60](=[O:8])([O-:14])[O-:15])[C@@H:50]3[OH:20])[C@@H:49]([OH:19])[C@H:48]2[OH:18])[CH:27]=[CH:23][CH2:25]1.[NH3+:3][C@@H:54]([CH2:30][CH2:29][C:22](=[O:4])[O:21][P:59](=[O:7])([O-:12])[O-:13])[C:43](=[O:6])[O-:11]>>[NH2:1][C:42](=[O:5])[c:44]1[cH:25][cH:23][cH:27][n+:58]([C@@H:53]2[O:36][C@H:55]([CH2:31][O:39][P:61](=[O:9])([O-:16])[O:41][P:62](=[O:10])([O-:17])[O:40][CH2:32][C@H:56]3[O:37][C@@H:52]([n:57]4[cH:26][n:34][c:46]5[c:45]([NH2:2])[n:33][cH:24][n:35][c:47]54)[C@H:51]([O:38][P:60](=[O:8])([O-:14])[O-:15])[C@@H:50]3[OH:20])[C@@H:49]([OH:19])[C@H:48]2[OH:18])[cH:28]1.[NH3+:3][C@@H:54]([CH2:30][CH2:29][CH:22]=[O:4])[C:43](=[O:6])[O-:11].[O:7]=[P:59]([O-:12])([O-:13])[OH:21],1,3,0.29
recon3d_325,[CH3:1][C:46]1=[C:47](/[CH:23]=[CH:25]/[C:49]([CH3:3])=[CH:27]/[CH:22]=[CH:24]/[C:48]([CH3:2])=[CH:26]/[CH2:18][OH:8])[C:63]([CH3:4])([CH3:5])[CH2:35][CH2:30][CH2:32]1.[NH2:6][C:44](=[O:9])[c:45]1[cH:21][n+:61]([C@@H:57]2[O:39][C@H:59]([CH2:33][O:41][P:64](=[O:10])([O-:12])[O:43][P:65](=[O:11])([O-:13])[O:42][CH2:34][C@H:60]3[O:40][C@@H:58]([n:62]4[cH:29][n:37][c:51]5[c:50]([NH2:7])[n:36][cH:28][n:38][c:52]54)[C@H:54]([OH:15])[C@@H:56]3[OH:17])[C@@H:55]([OH:16])[C@H:53]2[OH:14])[cH:20][cH:19][cH:31]1>>[CH3:1][C:46]1=[C:47](/[CH:23]=[CH:25]/[C:49]([CH3:3])=[CH:27]/[CH:22]=[CH:24]/[C:48]([CH3:2])=[CH:26]/[CH:18]=[O:8])[C:63]([CH3:4])([CH3:5])[CH2:35][CH2:30][CH2:32]1.[NH2:6][C:44](=[O:9])[C:45]1=[CH:21][N:61]([C@@H:57]2[O:39][C@H:59]([CH2:33][O:41][P:64](=[O:10])([O-:12])[O:43][P:65](=[O:11])([O-:13])[O:42][CH2:34][C@H:60]3[O:40][C@@H:58]([n:62]4[cH:29][n:37][c:51]5[c:50]([NH2:7])[n:36][cH:28][n:38][c:52]54)[C@H:54]([OH:15])[C@@H:56]3[OH:17])[C@@H:55]([OH:16])[C@H:53]2[OH:14])[CH:20]=[CH:19][CH2:31]1,1,2,3.71
recon3d_326,[CH3:1][CH2:11][CH2:13][CH2:15][CH2:18][C@H:23]([OH:5])/[CH:9]=[CH:10]/[C@H:25]1[CH:21]2[O:3][O:6][CH:24]([CH2:19]2)[C@@H:22]1[CH2:17]/[CH:8]=[CH:7]\[CH2:12][CH2:14][CH2:16][C:20](=[O:2])[O-:4]>>[CH3:1][CH2:11][CH2:13][CH2:15][CH2:18][C@H:23]([OH:5])/[CH:9]=[CH:10]/[C@H:25]1[C:21](=[O:3])[CH2:19][C@@H:24]([OH:6])[C@@H:22]1[CH2:17]/[CH:8]=[CH:7]\[CH2:12][CH2:14][CH2:16][C:20](=[O:2])[O-:4],1,2,0.07
recon3d_327,[CH3:1][C@H:8]([NH3+:2])[C:9](=[O:3])[O-:6].[O:4]=[CH:10][C:11](=[O:5])[O-:7]>>[CH3:1][C:10](=[O:4])[C:11](=[O:5])[O-:7].[NH3+:2][CH2:8][C:9](=[O:3])[O-:6],1,4,0.02
recon3d_328,[CH3:1][C:40](=[O:7])[S:20][CH2:23][CH2:24][NH:32][C:39](=[O:6])[CH2:26][CH2:25][NH:33][C:42](=[O:9])[C@H:51]([OH:19])[C:53]([CH3:2])([CH3:3])[CH2:28][O:37][P:56](=[O:12])([O-:17])[O:38][P:55](=[O:11])([O-:16])[O:36][CH2:27][C@H:50]1[O:34][C@@H:49]([n:52]2[cH:22][n:30][c:44]3[c:43]([NH2:4])[n:29][cH:21][n:31][c:45]32)[C@H:47]([OH:18])[C@@H:48]1[O:35][P:54](=[O:10])([O-:14])[O-:15].[NH3+:5][CH2:46][C:41](=[O:8])[O-:13]>>[CH3:1][C:40](=[O:7])[C@H:46]([NH3+:5])[C:41](=[O:8])[O-:13].[CH3:2][C:53]([CH3:3])([CH2:28][O:37][P:56](=[O:12])([O-:17])[O:38][P:55](=[O:11])([O-:16])[O:36][CH2:27][C@H:50]1[O:34][C@@H:49]([n:52]2[cH:22][n:30][c:44]3[c:43]([NH2:4])[n:29][cH:21][n:31][c:45]32)[C@H:47]([OH:18])[C@@H:48]1[O:35][P:54](=[O:10])([O-:14])[O-:15])[C@@H:51]([OH:19])[C:42](=[O:9])[NH:33][CH2:25][CH2:26][C:39](=[O:6])[NH:32][CH2:24][CH2:23][SH:20],1,3,0.28
recon3d_329,[CH3:1][CH:80]([CH3:2])[CH2:44][CH2:37][CH2:45][CH:81]([CH3:3])[CH2:46][CH2:38][CH2:47][CH:82]([CH3:4])[CH2:48][CH2:39][CH2:49][CH:83]([CH3:5])[CH2:50][C:72](=[O:11])[O-:23].[CH3:6][C:95]([CH3:7])([CH2:53][O:68][P:101](=[O:18])([O-:27])[O:69][P:100](=[O:17])([O-:26])[O:67][CH2:52][C@H:91]1[O:63][C@@H:89]([n:94]2[cH:36][n:57][c:77]3[c:75]([NH2:9])[n:55][cH:34][n:59][c:79]32)[C@H:85]([OH:29])[C@@H:87]1[O:64][P:96](=[O:13])([O-:19])[O-:20])[C@@H:92]([OH:31])[C:73](=[O:12])[NH:61][CH2:41][CH2:43][C:71](=[O:10])[NH:60][CH2:40][CH2:42][SH:70].[NH2:8][c:74]1[n:54][cH:33][n:58][c:78]2[c:76]1[n:56][cH:35][n:93]2[C@@H:88]1[O:62][C@H:90]([CH2:51][O:66][P:99](=[O:16])([O-:25])[O:32][P:98](=[O:15])([O-:24])[O:65][P:97](=[O:14])([O-:21])[O-:22])[C@@H:86]([OH:30])[C@H:84]1[OH:28]>>[CH3:1][CH:80]([CH3:2])[CH2:44][CH2:37][CH2:45][CH:81]([CH3:3])[CH2:46][CH2:38][CH2:47][CH:82]([CH3:4])[CH2:48][CH2:39][CH2:49][CH:83]([CH3:5])[CH2:50][C:72](=[O:11])[S:70][CH2:42][CH2:40][NH:60][C:71](=[O:10])[CH2:43][CH2:41][NH:61][C:73](=[O:12])[C@H:92]([OH:31])[C:95]([CH3:6])([CH3:7])[CH2:53][O:68][P:101](=[O:18])([O-:27])[O:69][P:100](=[O:17])([O-:26])[O:67][CH2:52][C@H:91]1[O:63][C@@H:89]([n:94]2[cH:36][n:57][c:77]3[c:75]([NH2:9])[n:55][cH:34][n:59][c:79]32)[C@H:85]([OH:29])[C@@H:87]1[O:64][P:96](=[O:13])([O-:19])[O-:20].[NH2:8][c:74]1[n:54][cH:33][n:58][c:78]2[c:76]1[n:56][cH:35][n:93]2[C@@H:88]1[O:62][C@H:90]([CH2:51][O:66][P:99](=[O:16])([O-:25])[OH:32])[C@@H:86]([OH:30])[C@H:84]1[OH:28].[O:14]=[P:97]([O-:21])([O-:22])[O:65][P:98](=[O:15])([O-:23])[O-:24],1,4,4.80
recon3d_330,[O:1]=[c:10]1[nH:6][c:12](=[O:3])[c:14]2[n:9][cH:11][nH:8][c:13]2[nH:7]1.[O:4]=[O:5].[OH2:2]>>[O:1]=[c:10]1[nH:6][c:12](=[O:3])[c:14]2[nH:9][c:11](=[O:2])[nH:8][c:13]2[nH:7]1.[OH:4][OH:5],1,2,0.03
recon3d_331,[CH3:1][CH2:37][C:59](=[O:7])[O-:19].[CH3:2][C:78]([CH3:3])([CH2:40][O:54][P:84](=[O:14])([O-:23])[O:56][P:83](=[O:13])([O-:22])[O:53][CH2:39][C@H:74]1[O:50][C@@H:72]([n:77]2[cH:32][n:44][c:64]3[c:62]([NH2:5])[n:42][cH:30][n:46][c:66]32)[C@H:68]([OH:25])[C@@H:70]1[O:51][P:80](=[O:10])([O-:17])[O-:18])[C@@H:75]([OH:27])[C:60](=[O:8])[NH:48][CH2:34][CH2:36][C:58](=[O:6])[NH:47][CH2:33][CH2:35][SH:57].[NH2:4][c:61]1[n:41][cH:29][n:45][c:65]2[c:63]1[n:43][cH:31][n:76]2[C@@H:71]1[O:49][C@H:73]([CH2:38][O:52][P:82](=[O:12])([O-:21])[O:55][P:81](=[O:11])([O-:20])[O:28][P:79](=[O:9])([O-:15])[O-:16])[C@@H:69]([OH:26])[C@H:67]1[OH:24]>>[CH3:1][CH2:37][C:59](=[O:7])[S:57][CH2:35][CH2:33][NH:47][C:58](=[O:6])[CH2:36][CH2:34][NH:48][C:60](=[O:8])[C@H:75]([OH:27])[C:78]([CH3:2])([CH3:3])[CH2:40][O:54][P:84](=[O:14])([O-:23])[O:56][P:83](=[O:13])([O-:22])[O:53][CH2:39][C@H:74]1[O:50][C@@H:72]([n:77]2[cH:32][n:44][c:64]3[c:62]([NH2:5])[n:42][cH:30][n:46][c:66]32)[C@H:68]([OH:25])[C@@H:70]1[O:51][P:80](=[O:10])([O-:17])[O-:18].[NH2:4][c:61]1[n:41][cH:29][n:45][c:65]2[c:63]1[n:43][cH:31][n:76]2[C@@H:71]1[O:49][C@H:73]([CH2:38][O:52][P:82](=[O:12])([O-:21])[O:55][P:81](=[O:11])([O-:19])[O-:20])[C@@H:69]([OH:26])[C@H:67]1[OH:24].[O:9]=[P:79]([O-:15])([O-:16])[OH:28],1,4,3.13
recon3d_332,[NH3+:2][C@@H:14]([CH2:9][CH2:8][SH:11])[C:12](=[O:4])[O-:6].[OH:1][CH2:10][C@H:15]([NH3+:3])[C:13](=[O:5])[O-:7]>>[NH3+:2][C@@H:14]([CH2:9][CH2:8][S:11][CH2:10][C@H:15]([NH3+:3])[C:13](=[O:5])[O-:7])[C:12](=[O:4])[O-:6].[OH2:1],1,2,0.01
recon3d_333,[OH:1][C:4](=[O:2])[O-:3]>>[O:2]=[C:4]=[O:3].[OH2:1],1,1,0.00
recon3d_334,[NH3+:1][C@@H:6]([CH2:2][OH:3])[C:7](=[O:4])[O-:5]>>[CH3:2][C:6](=[O:3])[C:7](=[O:4])[O-:5].[NH4+:1],1,5,0.01
recon3d_335,[NH2:1][c:29]1[n:21][cH:16][n:23][c:31]2[c:30]1[n:22][cH:17][n:38]2[C@@H:36]1[O:24][C@H:37]([CH2:20][O:26][P:41](=[O:5])([O-:10])[O:27][P:40](=[O:4])([O:8][P:39](=[O:3])([O-:6])[O-:7])[O-:9])[C@@H:33]([OH:13])[C@H:32]1[OH:12].[O:2]=[C:28]([CH2:18][OH:11])[C@@H:35]([OH:15])[C@H:34]([OH:14])[CH2:19][OH:25]>>[NH2:1][c:29]1[n:21][cH:16][n:23][c:31]2[c:30]1[n:22][cH:17][n:38]2[C@@H:36]1[O:24][C@H:37]([CH2:20][O:26][P:41](=[O:5])([O-:10])[O:27][P:40](=[O:4])([O-:8])[O-:9])[C@@H:33]([OH:13])[C@H:32]1[OH:12].[O:2]=[C:28]([CH2:18][OH:11])[C@@H:35]([OH:15])[C@H:34]([OH:14])[CH2:19][O:25][P:39](=[O:3])([O-:6])[O-:7],1,2,0.82
recon3d_336,[NH2:1][C:37](=[O:5])[c:39]1[cH:19][n+:52]([CH:50]2[O:31][CH:44]([CH2:26][O:33][P:54](=[O:7])([O-:11])[O:35][P:55](=[O:8])([O-:12])[O:34][CH2:27][CH:45]3[O:32][CH:51]([n:53]4[cH:21][n:29][c:41]5[c:40]([NH2:2])[n:28][cH:20][n:30][c:42]54)[CH:49]([OH:16])[CH:47]3[OH:14])[CH:46]([OH:13])[CH:48]2[OH:15])[cH:18][cH:17][cH:24]1.[NH3+:3][CH:43]([CH2:25][CH2:22][CH2:23][CH:36]=[O:4])[C:38](=[O:6])[O-:10].[OH2:9]>>[NH2:1][C:37](=[O:5])[C:39]1=[CH:19][N:52]([CH:50]2[O:31][CH:44]([CH2:26][O:33][P:54](=[O:7])([O-:11])[O:35][P:55](=[O:8])([O-:12])[O:34][CH2:27][CH:45]3[O:32][CH:51]([n:53]4[cH:21][n:29][c:41]5[c:40]([NH2:2])[n:28][cH:20][n:30][c:42]54)[CH:49]([OH:16])[CH:47]3[OH:14])[CH:46]([OH:13])[CH:48]2[OH:15])[CH:18]=[CH:17][CH2:24]1.[NH3+:3][CH:43]([CH2:25][CH2:22][CH2:23][C:36](=[O:4])[O-:9])[C:38](=[O:6])[O-:10],1,3,1.74
recon3d_337,[NH2:2][c:31]1[n:23][cH:18][n:25][c:33]2[c:32]1[n:24][cH:19][n:39]2[CH:38]1[O:26][CH:35]([CH2:22][O:27][P:42](=[O:8])([O-:14])[O:28][P:41](=[O:7])([O-:12])[O:17][P:40](=[O:6])([O-:10])[O-:11])[CH:36]([OH:15])[CH:37]1[OH:16].[NH3+:3][CH:34]([CH2:21][CH2:20][C:29](=[O:4])[O-:13])[C:30](=[O:5])[O-:9].[NH4+:1]>>[NH2:1][C:29](=[O:4])[CH2:20][CH2:21][CH:34]([NH3+:3])[C:30](=[O:5])[O-:9].[NH2:2][c:31]1[n:23][cH:18][n:25][c:33]2[c:32]1[n:24][cH:19][n:39]2[CH:38]1[O:26][CH:35]([CH2:22][O:27][P:42](=[O:8])([O-:14])[O:28][P:41](=[O:7])([O-:12])[O-:13])[CH:36]([OH:15])[CH:37]1[OH:16].[O:6]=[P:40]([O-:10])([O-:11])[OH:17],1,4,1.21
recon3d_338,[CH3:1][c:37]1[cH:21][n:50]([C@H:49]2[CH2:25][C@H:46]([OH:19])[C@@H:48]([CH2:24][O:33][P:55](=[O:8])([O-:15])[O:36][P:56](=[O:9])([O-:16])[O-:35])[O:31]2)[c:40](=[O:4])[nH:29][c:39]1=[O:3].[NH2:2][c:38]1[n:26][cH:20][n:28][c:42]2[c:41]1[n:27][cH:22][n:51]2[C@@H:45]1[O:30][C@H:47]([CH2:23][O:32][P:54](=[O:7])([O-:14])[O:34][P:52](=[O:5])([O-:10])[O:11][P:53](=[O:6])([O-:12])[O-:13])[C@@H:44]([OH:18])[C@H:43]1[OH:17]>>[CH3:1][c:37]1[cH:21][n:50]([C@H:49]2[CH2:25][C@H:46]([OH:19])[C@@H:48]([CH2:24][O:33][P:55](=[O:8])([O-:15])[O:36][P:56](=[O:9])([O-:16])[O:35][P:53](=[O:6])([O-:12])[O-:13])[O:31]2)[c:40](=[O:4])[nH:29][c:39]1=[O:3].[NH2:2][c:38]1[n:26][cH:20][n:28][c:42]2[c:41]1[n:27][cH:22][n:51]2[C@@H:45]1[O:30][C@H:47]([CH2:23][O:32][P:54](=[O:7])([O-:14])[O:34][P:52](=[O:5])([O-:10])[O-:11])[C@@H:44]([OH:18])[C@H:43]1[OH:17],1,2,4.48
recon3d_339,[CH3:1][CH2:37][CH2:46][C:76]([CH2:2][C:75](=[O:11])[S:71][CH2:42][CH2:38][NH:57][C:73](=[O:9])[CH2:44][CH2:40][NH:59][C:77](=[O:13])[C@H:93]([OH:31])[C:97]([CH3:3])([CH3:4])[CH2:49][O:67][P:103](=[O:19])([O-:27])[O:69][P:101](=[O:17])([O-:25])[O:65][CH2:47][C@H:91]1[O:61][C@@H:89]([n:95]2[cH:35][n:53][c:81]3[c:79]([NH2:7])[n:51][cH:33][n:55][c:83]32)[C@H:85]([OH:29])[C@@H:87]1[O:63][P:99](=[O:15])([O-:21])[O-:22])=[O:12].[CH3:5][C:98]([CH3:6])([CH2:50][O:68][P:104](=[O:20])([O-:28])[O:70][P:102](=[O:18])([O-:26])[O:66][CH2:48][C@H:92]1[O:62][C@@H:90]([n:96]2[cH:36][n:54][c:82]3[c:80]([NH2:8])[n:52][cH:34][n:56][c:84]32)[C@H:86]([OH:30])[C@@H:88]1[O:64][P:100](=[O:16])([O-:23])[O-:24])[C@@H:94]([OH:32])[C:78](=[O:14])[NH:60][CH2:41][CH2:45][C:74](=[O:10])[NH:58][CH2:39][CH2:43][SH:72]>>[CH3:1][CH2:37][CH2:46][C:76](=[O:12])[S:72][CH2:43][CH2:39][NH:58][C:74](=[O:10])[CH2:45][CH2:41][NH:60][C:78](=[O:14])[C@H:94]([OH:32])[C:98]([CH3:5])([CH3:6])[CH2:50][O:68][P:104](=[O:20])([O-:28])[O:70][P:102](=[O:18])([O-:26])[O:66][CH2:48][C@H:92]1[O:62][C@@H:90]([n:96]2[cH:36][n:54][c:82]3[c:80]([NH2:8])[n:52][cH:34][n:56][c:84]32)[C@H:86]([OH:30])[C@@H:88]1[O:64][P:100](=[O:16])([O-:23])[O-:24].[CH3:2][C:75](=[O:11])[S:71][CH2:42][CH2:38][NH:57][C:73](=[O:9])[CH2:44][CH2:40][NH:59][C:77](=[O:13])[C@H:93]([OH:31])[C:97]([CH3:3])([CH3:4])[CH2:49][O:67][P:103](=[O:19])([O-:27])[O:69][P:101](=[O:17])([O-:25])[O:65][CH2:47][C@H:91]1[O:61][C@@H:89]([n:95]2[cH:35][n:53][c:81]3[c:79]([NH2:7])[n:51][cH:33][n:55][c:83]32)[C@H:85]([OH:29])[C@@H:87]1[O:63][P:99](=[O:15])([O-:21])[O-:22],1,3,5.21
recon3d_340,[CH3:1][CH2:31][CH2:34][CH2:35][CH2:32]/[CH:19]=[CH:20]/[CH2:40][C@@H:65]([OH:18])/[CH:24]=[CH:22]/[CH:21]=[CH:23]/[CH:33]=[CH:38]/[C:53](=[O:5])[CH2:39][CH2:36][CH2:37][C:52](=[O:4])[O-:10].[NH2:2][C:54](=[O:6])[C:55]1=[CH:30][N:69]([C@@H:64]2[O:46][C@H:66]([CH2:41][O:49][P:71](=[O:8])([O-:13])[O:51][P:72](=[O:9])([O-:14])[O:50][CH2:42][C@H:67]3[O:47][C@@H:63]([n:68]4[cH:28][n:44][c:57]5[c:56]([NH2:3])[n:43][cH:26][n:45][c:58]54)[C@H:62]([O:48][P:70](=[O:7])([O-:11])[O-:12])[C@@H:61]3[OH:17])[C@@H:60]([OH:16])[C@H:59]2[OH:15])[CH:29]=[CH:25][CH2:27]1>>[CH3:1][CH2:31][CH2:34][CH2:35][CH2:32]/[CH:19]=[CH:20]\[CH2:40][C@@H:65]([OH:18])/[CH:24]=[CH:22]/[CH:21]=[CH:23]/[CH2:33][CH2:38][C:53](=[O:5])[CH2:39][CH2:36][CH2:37][C:52](=[O:4])[O-:10].[NH2:2][C:54](=[O:6])[c:55]1[cH:27][cH:25][cH:29][n+:69]([C@@H:64]2[O:46][C@H:66]([CH2:41][O:49][P:71](=[O:8])([O-:13])[O:51][P:72](=[O:9])([O-:14])[O:50][CH2:42][C@H:67]3[O:47][C@@H:63]([n:68]4[cH:28][n:44][c:57]5[c:56]([NH2:3])[n:43][cH:26][n:45][c:58]54)[C@H:62]([O:48][P:70](=[O:7])([O-:11])[O-:12])[C@@H:61]3[OH:17])[C@@H:60]([OH:16])[C@H:59]2[OH:15])[cH:30]1,1,3,3.36
recon3d_341,[NH2:1][c:24]1[n:17][cH:13][n:19][c:26]2[c:25]1[n:18][cH:14][n:35]2[C@@H:31]1[O:21][C@H:33]([CH2:16][O:23][P:37](=[O:3])([O:5][P:36](=[O:2])([O-:4])[O:22][CH2:15][C@H:32]2[O:20][CH:27]([OH:8])[C@H:34]([OH:12])[C@@H:29]2[OH:10])[O-:7])[C@@H:30]([OH:11])[C@H:28]1[OH:9].[OH2:6]>>[NH2:1][c:24]1[n:17][cH:13][n:19][c:26]2[c:25]1[n:18][cH:14][n:35]2[C@@H:31]1[O:21][C@H:33]([CH2:16][O:23][P:37](=[O:3])([O-:6])[O-:7])[C@@H:30]([OH:11])[C@H:28]1[OH:9].[O:2]=[P:36]([O-:4])([O-:5])[O:22][CH2:15][C@H:32]1[O:20][CH:27]([OH:8])[C@H:34]([OH:12])[C@@H:29]1[OH:10],1,2,0.10
recon3d_342,[NH2:1][c:38]1[n:29][c:44]2[c:42]([n:27][cH:21][n:53]2[C@H:51]2[CH2:24][C@H:48]([OH:18])[C@@H:50]([CH2:23][O:34][P:57](=[O:7])([O-:14])[O:37][P:58](=[O:8])([O-:15])[O-:36])[O:32]2)[c:40](=[O:3])[nH:30]1.[NH2:2][c:39]1[n:25][cH:19][n:28][c:43]2[c:41]1[n:26][cH:20][n:52]2[C@@H:47]1[O:31][C@H:49]([CH2:22][O:33][P:56](=[O:6])([O-:13])[O:35][P:54](=[O:4])([O:9][P:55](=[O:5])([O-:11])[O-:12])[O-:10])[C@@H:46]([OH:17])[C@H:45]1[OH:16]>>[NH2:1][c:38]1[n:29][c:44]2[c:42]([n:27][cH:21][n:53]2[C@H:51]2[CH2:24][C@H:48]([OH:18])[C@@H:50]([CH2:23][O:34][P:57](=[O:7])([O-:14])[O:37][P:58](=[O:8])([O-:15])[O:36][P:55](=[O:5])([O-:11])[O-:12])[O:32]2)[c:40](=[O:3])[nH:30]1.[NH2:2][c:39]1[n:25][cH:19][n:28][c:43]2[c:41]1[n:26][cH:20][n:52]2[C@@H:47]1[O:31][C@H:49]([CH2:22][O:33][P:56](=[O:6])([O-:13])[O:35][P:54](=[O:4])([O-:9])[O-:10])[C@@H:46]([OH:17])[C@H:45]1[OH:16],1,2,3.87
recon3d_343,[CH3:1][CH2:36][CH2:40][C@H:67]([OH:7])[CH2:42][C:69](=[O:9])[S:66][CH2:39][CH2:37][NH:54][C:68](=[O:8])[CH2:41][CH2:38][NH:55][C:71](=[O:11])[C@H:91]([OH:28])[C:95]([CH3:2])([CH3:3])[CH2:47][O:63][P:100](=[O:16])([O-:22])[O:65][P:99](=[O:15])([O-:21])[O:62][CH2:46][C@H:90]1[O:58][C@@H:87]([n:94]2[cH:35][n:51][c:76]3[c:74]([NH2:6])[n:49][cH:33][n:53][c:78]32)[C@H:83]([OH:27])[C@@H:84]1[O:59][P:96](=[O:12])([O-:17])[O-:18].[NH2:4][C:70](=[O:10])[c:72]1[cH:31][n+:92]([C@@H:85]2[O:56][C@H:88]([CH2:44][O:60][P:97](=[O:13])([O-:19])[O:64][P:98](=[O:14])([O-:20])[O:61][CH2:45][C@H:89]3[O:57][C@@H:86]([n:93]4[cH:34][n:50][c:75]5[c:73]([NH2:5])[n:48][cH:32][n:52][c:77]54)[C@H:80]([OH:24])[C@@H:82]3[OH:26])[CH:81]([OH:25])[C@H:79]2[OH:23])[cH:30][cH:29][cH:43]1>>[CH3:1][CH2:36][CH2:40][C:67](=[O:7])[CH2:42][C:69](=[O:9])[S:66][CH2:39][CH2:37][NH:54][C:68](=[O:8])[CH2:41][CH2:38][NH:55][C:71](=[O:11])[C@H:91]([OH:28])[C:95]([CH3:2])([CH3:3])[CH2:47][O:63][P:100](=[O:16])([O-:22])[O:65][P:99](=[O:15])([O-:21])[O:62][CH2:46][C@H:90]1[O:58][C@@H:87]([n:94]2[cH:35][n:51][c:76]3[c:74]([NH2:6])[n:49][cH:33][n:53][c:78]32)[C@H:83]([OH:27])[C@@H:84]1[O:59][P:96](=[O:12])([O-:17])[O-:18].[NH2:4][C:70](=[O:10])[C:72]1=[CH:31][N:92]([C@@H:85]2[O:56][C@H:88]([CH2:44][O:60][P:97](=[O:13])([O-:19])[O:64][P:98](=[O:14])([O-:20])[O:61][CH2:45][C@H:89]3[O:57][C@@H:86]([n:93]4[cH:34][n:50][c:75]5[c:73]([NH2:5])[n:48][cH:32][n:52][c:77]54)[CH:80]([OH:24])[CH:82]3[OH:26])[CH:81]([OH:25])[CH:79]2[OH:23])[CH:30]=[CH:29][CH2:43]1,1,2,9.24
recon3d_344,[CH3:1][O:60][C:67]1=[CH:23][C:63](=[O:16])[CH:68]=[C:69]([CH2:45]/[CH:32]=[C:78](\[CH3:13])[CH2:54][CH2:43]/[CH:31]=[C:77](\[CH3:12])[CH2:53][CH2:42]/[CH:30]=[C:76](\[CH3:11])[CH2:52][CH2:41]/[CH:29]=[C:75](\[CH3:10])[CH2:51][CH2:40]/[CH:28]=[C:74](\[CH3:9])[CH2:50][CH2:39]/[CH:27]=[C:73](\[CH3:8])[CH2:49][CH2:38]/[CH:26]=[C:72](\[CH3:7])[CH2:48][CH2:37]/[CH:25]=[C:71](\[CH3:6])[CH2:47][CH2:36]/[CH:24]=[C:70](\[CH3:5])[CH2:46][CH2:35][CH:22]=[C:66]([CH3:2])[CH3:3])[C:64]1=[O:17].[CH3:4][S+:62]([CH2:44][CH2:55][C@H:85]([NH3+:15])[C:65](=[O:18])[O-:19])[CH2:56][C@H:86]1[O:61][C@@H:84]([n:87]2[cH:34][n:58][c:80]3[c:79]([NH2:14])[n:57][cH:33][n:59][c:81]32)[C@H:82]([OH:20])[C@@H:83]1[OH:21]>>[CH3:1][O:60][C:67]1=[CH:23][C:63](=[O:16])[C:68]([CH3:4])=[C:69]([CH2:45]/[CH:32]=[C:78](\[CH3:13])[CH2:54][CH2:43]/[CH:31]=[C:77](\[CH3:12])[CH2:53][CH2:42]/[CH:30]=[C:76](\[CH3:11])[CH2:52][CH2:41]/[CH:29]=[C:75](\[CH3:10])[CH2:51][CH2:40]/[CH:28]=[C:74](\[CH3:9])[CH2:50][CH2:39]/[CH:27]=[C:73](\[CH3:8])[CH2:49][CH2:38]/[CH:26]=[C:72](\[CH3:7])[CH2:48][CH2:37]/[CH:25]=[C:71](\[CH3:6])[CH2:47][CH2:36]/[CH:24]=[C:70](\[CH3:5])[CH2:46][CH2:35][CH:22]=[C:66]([CH3:2])[CH3:3])[C:64]1=[O:17].[NH2:14][c:79]1[n:57][cH:33][n:59][c:81]2[c:80]1[n:58][cH:34][n:87]2[C@@H:84]1[O:61][C@H:86]([CH2:56][S:62][CH2:44][CH2:55][C@H:85]([NH3+:15])[C:65](=[O:18])[O-:19])[C@@H:83]([OH:21])[C@H:82]1[OH:20],1,3,2.47
recon3d_345,[CH3:1][CH2:32][CH2:34][CH2:35][CH2:33]/[CH:26]=[CH:27]\[CH2:40][CH:65]([OH:18])/[CH:29]=[CH:25]/[CH:23]=[CH:22]/[CH:24]=[CH:28]/[CH:53]([OH:5])[CH2:38][CH2:36][CH2:37][C:52](=[O:4])[O-:10].[NH2:2][C:54](=[O:6])[c:55]1[cH:21][n+:68]([C@@H:63]2[O:46][C@H:66]([CH2:41][O:49][P:71](=[O:8])([O-:13])[O:51][P:72](=[O:9])([O-:14])[O:50][CH2:42][C@H:67]3[O:47][C@@H:64]([n:69]4[cH:31][n:44][c:57]5[c:56]([NH2:3])[n:43][cH:30][n:45][c:58]54)[C@H:62]([O:48][P:70](=[O:7])([O-:11])[O-:12])[C@@H:61]3[OH:17])[C@@H:60]([OH:16])[C@H:59]2[OH:15])[cH:20][cH:19][cH:39]1>>[CH3:1][CH2:32][CH2:34][CH2:35][CH2:33]/[CH:26]=[CH:27]/[CH2:40][C@@H:65]([OH:18])/[CH:29]=[CH:25]/[CH:23]=[CH:22]/[CH:24]=[CH:28]/[C:53](=[O:5])[CH2:38][CH2:36][CH2:37][C:52](=[O:4])[O-:10].[NH2:2][C:54](=[O:6])[C:55]1=[CH:21][N:68]([C@@H:63]2[O:46][C@H:66]([CH2:41][O:49][P:71](=[O:8])([O-:13])[O:51][P:72](=[O:9])([O-:14])[O:50][CH2:42][C@H:67]3[O:47][C@@H:64]([n:69]4[cH:31][n:44][c:57]5[c:56]([NH2:3])[n:43][cH:30][n:45][c:58]54)[C@H:62]([O:48][P:70](=[O:7])([O-:11])[O-:12])[C@@H:61]3[OH:17])[C@@H:60]([OH:16])[C@H:59]2[OH:15])[CH:20]=[CH:19][CH2:39]1,1,2,3.52
recon3d_346,[NH2:1][c:15]1[n:10][cH:7][n:12][c:17]2[c:16]1[n:11][cH:8][n:22]2[C@@H:20]1[O:13][CH:21]2[CH2:9][O:14][P:23](=[O:2])([O-:3])[O:4][CH:19]2[CH:18]1[OH:5].[OH2:6]>>[NH2:1][c:15]1[n:10][cH:7][n:12][c:17]2[c:16]1[n:11][cH:8][n:22]2[C@@H:20]1[O:13][C@H:21]([CH2:9][O:14][P:23](=[O:2])([O-:3])[O-:4])[CH:19]([OH:6])[CH:18]1[OH:5],1,2,0.04
recon3d_347,[O:1]=[C:11]([O-:5])/[CH:7]=[CH:8]\[C:13](=[O:3])[CH2:10][C:14](=[O:4])[CH2:9][C:12](=[O:2])[O-:6]>>[O:1]=[C:11]([O-:5])/[CH:7]=[CH:8]/[C:13](=[O:3])[CH2:10][C:14](=[O:4])[CH2:9][C:12](=[O:2])[O-:6],1,0,0.03
recon3d_348,[NH2:2][c:22]1[n:15][cH:12][n:17][c:24]2[c:23]1[n:16][cH:13][n:29]2[C@@H:27]1[O:18][C@H:28]([CH2:14][O:19][P:31](=[O:4])([O-:7])[O:21][P:32](=[O:5])([O-:8])[O-:20])[C@@H:26]([OH:10])[C@H:25]1[OH:9].[O-:1][P:30](=[O:3])([O-:6])[OH:11]>>[NH2:2][c:22]1[n:15][cH:12][n:17][c:24]2[c:23]1[n:16][cH:13][n:29]2[C@@H:27]1[O:18][C@H:28]([CH2:14][O:19][P:31](=[O:4])([O-:7])[O:21][P:32](=[O:5])([O-:8])[O:20][P:30](=[O:3])([O-:6])[OH:11])[C@@H:26]([OH:10])[C@H:25]1[OH:9].[OH2:1],1,2,0.10
recon3d_349,[CH3:2][C@:67]12[CH2:34][CH2:33][CH:64]3[CH:58]([CH2:30][CH2:52][C:47]4=[CH:20][C:45](=[O:6])[CH2:27][CH2:35][C@@:68]43[CH3:3])[CH:63]1[CH2:32][CH2:31][CH:62]2[OH:19].[NH2:4][C:46](=[O:7])[C:48]1=[CH:26][N:66]([CH:61]2[O:40][CH:53]([CH2:28][O:42][P:70](=[O:9])([O-:13])[O:44][P:71](=[O:10])([O-:14])[O:43][CH2:29][CH:54]3[O:39][CH:60]([n:65]4[cH:24][n:37][c:50]5[c:49]([NH2:5])[n:36][cH:22][n:38][c:51]54)[CH:59]([O:41][P:69](=[O:8])([O-:11])[O-:12])[CH:56]3[OH:17])[CH:55]([OH:16])[CH:57]2[OH:18])[CH:25]=[CH:21][CH2:23]1.[O:1]=[O:15]>>[CH3:2][C@:67]12[CH2:34][CH2:33][CH:64]3[CH:58]([CH2:30][CH:52]([OH:15])[C:47]4=[CH:20][C:45](=[O:6])[CH2:27][CH2:35][C@@:68]43[CH3:3])[CH:63]1[CH2:32][CH2:31][CH:62]2[OH:19].[NH2:4][C:46](=[O:7])[c:48]1[cH:23][cH:21][cH:25][n+:66]([CH:61]2[O:40][CH:53]([CH2:28][O:42][P:70](=[O:9])([O-:13])[O:44][P:71](=[O:10])([O-:14])[O:43][CH2:29][CH:54]3[O:39][CH:60]([n:65]4[cH:24][n:37][c:50]5[c:49]([NH2:5])[n:36][cH:22][n:38][c:51]54)[CH:59]([O:41][P:69](=[O:8])([O-:11])[O-:12])[CH:56]3[OH:17])[CH:55]([OH:16])[CH:57]2[OH:18])[cH:26]1.[OH2:1],1,4,0.66
recon3d_350,[O:1]=[CH:6]/[CH:4]=[CH:5]\[CH:7]=[C:10](\[NH3+:8])[C:9](=[O:2])[O-:3]>>[O:2]=[C:9]([O-:3])[c:10]1[cH:7][cH:5][cH:4][cH:6][n:8]1.[OH2:1],1,2,0.01
recon3d_351,[CH3:1][CH2:14][OH:4].[NH2:2][C:31](=[O:5])[c:32]1[cH:17][n+:44]([C@@H:40]2[O:26][C@H:42]([CH2:21][O:28][P:46](=[O:6])([O-:8])[O:30][P:47](=[O:7])([O-:9])[O:29][CH2:22][C@H:43]3[O:27][C@@H:41]([n:45]4[cH:19][n:24][c:34]5[c:33]([NH2:3])[n:23][cH:18][n:25][c:35]54)[C@H:37]([OH:11])[C@@H:39]3[OH:13])[C@@H:38]([OH:12])[C@H:36]2[OH:10])[cH:16][cH:15][cH:20]1>>[CH3:1][CH:14]=[O:4].[NH2:2][C:31](=[O:5])[C:32]1=[CH:17][N:44]([C@@H:40]2[O:26][C@H:42]([CH2:21][O:28][P:46](=[O:6])([O-:8])[O:30][P:47](=[O:7])([O-:9])[O:29][CH2:22][C@H:43]3[O:27][C@@H:41]([n:45]4[cH:19][n:24][c:34]5[c:33]([NH2:3])[n:23][cH:18][n:25][c:35]54)[C@H:37]([OH:11])[C@@H:39]3[OH:13])[C@@H:38]([OH:12])[C@H:36]2[OH:10])[CH:16]=[CH:15][CH2:20]1,1,2,1.65
recon3d_352,[CH3:1][C:53]([CH3:2])([CH2:27][O:37][P:57](=[O:11])([O-:16])[O:38][P:56](=[O:10])([O-:15])[O:36][CH2:26][C@H:50]1[O:34][C@@H:49]([n:52]2[cH:21][n:30][c:45]3[c:44]([NH2:4])[n:29][cH:20][n:31][c:46]32)[C@H:47]([OH:17])[C@@H:48]1[O:35][P:55](=[O:9])([O-:13])[O-:14])[C@@H:51]([OH:18])[C:42](=[O:7])[NH:33][CH2:23][CH2:25][C:40](=[O:5])[NH:32][CH2:22][CH2:24][S:39][C:41](=[O:6])[CH2:28][C:54](=[CH2:3])[C:43](=[O:8])[O-:12].[OH2:19]>>[CH3:1][C:53]([CH3:2])([CH2:27][O:37][P:57](=[O:11])([O-:16])[O:38][P:56](=[O:10])([O-:15])[O:36][CH2:26][C@H:50]1[O:34][C@@H:49]([n:52]2[cH:21][n:30][c:45]3[c:44]([NH2:4])[n:29][cH:20][n:31][c:46]32)[C@H:47]([OH:17])[C@@H:48]1[O:35][P:55](=[O:9])([O-:13])[O-:14])[C@@H:51]([OH:18])[C:42](=[O:7])[NH:33][CH2:23][CH2:25][C:40](=[O:5])[NH:32][CH2:22][CH2:24][S:39][C:41](=[O:6])[CH2:28][C@@:54]([CH3:3])([OH:19])[C:43](=[O:8])[O-:12],1,2,0.36
recon3d_353,[CH3:1][CH2:33][CH2:34][CH2:35][CH2:36][CH2:37][CH2:42][C:64](=[O:7])[O-:27].[CH3:2][C:83]([CH3:3])([CH2:45][O:60][P:89](=[O:14])([O-:22])[O:61][P:88](=[O:13])([O-:21])[O:59][CH2:44][C@H:79]1[O:55][C@@H:77]([n:82]2[cH:32][n:49][c:69]3[c:67]([NH2:5])[n:47][cH:30][n:51][c:71]32)[C@H:73]([OH:24])[C@@H:75]1[O:56][P:84](=[O:9])([O-:15])[O-:16])[C@@H:80]([OH:26])[C:65](=[O:8])[NH:53][CH2:39][CH2:41][C:63](=[O:6])[NH:52][CH2:38][CH2:40][SH:62].[NH2:4][c:66]1[n:46][cH:29][n:50][c:70]2[c:68]1[n:48][cH:31][n:81]2[C@@H:76]1[O:54][C@H:78]([CH2:43][O:57][P:86](=[O:11])([O-:19])[O:28][P:87](=[O:12])([O-:20])[O:58][P:85](=[O:10])([O-:17])[O-:18])[C@@H:74]([OH:25])[C@H:72]1[OH:23]>>[CH3:1][CH2:33][CH2:34][CH2:35][CH2:36][CH2:37][CH2:42][C:64](=[O:7])[S:62][CH2:40][CH2:38][NH:52][C:63](=[O:6])[CH2:41][CH2:39][NH:53][C:65](=[O:8])[C@H:80]([OH:26])[C:83]([CH3:2])([CH3:3])[CH2:45][O:60][P:89](=[O:14])([O-:22])[O:61][P:88](=[O:13])([O-:21])[O:59][CH2:44][C@H:79]1[O:55][C@@H:77]([n:82]2[cH:32][n:49][c:69]3[c:67]([NH2:5])[n:47][cH:30][n:51][c:71]32)[C@H:73]([OH:24])[C@@H:75]1[O:56][P:84](=[O:9])([O-:15])[O-:16].[NH2:4][c:66]1[n:46][cH:29][n:50][c:70]2[c:68]1[n:48][cH:31][n:81]2[C@@H:76]1[O:54][C@H:78]([CH2:43][O:57][P:86](=[O:11])([O-:19])[OH:27])[C@@H:74]([OH:25])[C@H:72]1[OH:23].[O:10]=[P:85]([O-:17])([O-:18])[O:58][P:87](=[O:12])([O-:20])[OH:28],1,4,0.77
recon3d_354,[NH2:1][C:10](=[NH2+:2])[NH:9][CH2:7][CH2:6][CH2:8][C@H:12]([NH3+:3])[C:11](=[O:4])[O-:5]>>[NH2:1][C:10](=[NH2+:2])[NH:9][CH2:7][CH2:6][CH2:8][C@H:12]([NH3+:3])[C:11](=[O:4])[O-:5],1,0,0.01
recon3d_355,[NH2:1][C:42](=[O:3])[c:43]1[cH:21][n+:63]([C@@H:57]2[O:35][C@H:60]([CH2:26][O:39][P:67](=[O:7])([O-:11])[O:41][P:68](=[O:8])([O-:12])[O:40][CH2:27][C@H:61]3[O:36][C@@H:58]([n:64]4[cH:23][n:30][c:47]5[c:44]([NH2:2])[n:29][cH:22][n:32][c:49]54)[C@H:52]([OH:14])[C@@H:55]3[OH:17])[C@@H:54]([OH:16])[C@H:51]2[OH:13])[cH:20][cH:19][cH:25]1.[O:5]=[c:46]1[nH:33][cH:45][n:34][c:50]2[c:48]1[n:31][cH:24][n:65]2[C@@H:59]1[O:37][C@H:62]([CH2:28][O:38][P:66](=[O:6])([O-:9])[O-:10])[C@@H:56]([OH:18])[C@H:53]1[OH:15].[OH2:4]>>[NH2:1][C:42](=[O:3])[C:43]1=[CH:21][N:63]([C@@H:57]2[O:35][C@H:60]([CH2:26][O:39][P:67](=[O:7])([O-:11])[O:41][P:68](=[O:8])([O-:12])[O:40][CH2:27][C@H:61]3[O:36][C@@H:58]([n:64]4[cH:23][n:30][c:47]5[c:44]([NH2:2])[n:29][cH:22][n:32][c:49]54)[C@H:52]([OH:14])[C@@H:55]3[OH:17])[C@@H:54]([OH:16])[C@H:51]2[OH:13])[CH:20]=[CH:19][CH2:25]1.[O:4]=[c:45]1[nH:33][c:46](=[O:5])[c:48]2[n:31][cH:24][n:65]([C@@H:59]3[O:37][C@H:62]([CH2:28][O:38][P:66](=[O:6])([O-:9])[O-:10])[C@@H:56]([OH:18])[C@H:53]3[OH:15])[c:50]2[nH:34]1,1,3,2.75
recon3d_356,[CH3:2][C:54]([CH3:3])=[CH:24][CH2:31][CH2:36][C@@H:67]([CH3:4])[C@H:62]1[CH2:35][CH2:41][C@@:76]2([CH3:40])[C:55]3=[C:56]([CH2:33][CH2:43][C@:78]12[CH3:8])[C@@:77]1([CH3:7])[CH2:42][CH2:39][C@H:72]([OH:23])[C:75]([CH3:5])([CH3:6])[CH:61]1[CH2:34][CH2:32]3.[NH2:9][C:53](=[O:11])[C:57]1=[CH:30][N:74]([C@@H:69]2[O:47][C@H:70]([CH2:37][O:50][P:80](=[O:13])([O-:17])[O:52][P:81](=[O:14])([O-:18])[O:51][CH2:38][C@H:71]3[O:48][C@@H:68]([n:73]4[cH:28][n:45][c:59]5[c:58]([NH2:10])[n:44][cH:26][n:46][c:60]54)[C@H:66]([O:49][P:79](=[O:12])([O-:15])[O-:16])[C@@H:65]3[OH:22])[C@@H:64]([OH:21])[C@H:63]2[OH:20])[CH:29]=[CH:25][CH2:27]1.[O:1]=[O:19]>>[CH3:2][C:54]([CH3:3])=[CH:24][CH2:31][CH2:36][C@@H:67]([CH3:4])[CH:62]1[CH2:35][CH2:41][C@@:76]2([CH2:40][OH:19])[C:55]3=[C:56]([CH2:33][CH2:43][C@:78]12[CH3:8])[C@@:77]1([CH3:7])[CH2:42][CH2:39][C@H:72]([OH:23])[C:75]([CH3:5])([CH3:6])[CH:61]1[CH2:34][CH2:32]3.[NH2:9][C:53](=[O:11])[c:57]1[cH:27][cH:25][cH:29][n+:74]([C@@H:69]2[O:47][C@H:70]([CH2:37][O:50][P:80](=[O:13])([O-:17])[O:52][P:81](=[O:14])([O-:18])[O:51][CH2:38][C@H:71]3[O:48][C@@H:68]([n:73]4[cH:28][n:45][c:59]5[c:58]([NH2:10])[n:44][cH:26][n:46][c:60]54)[C@H:66]([O:49][P:79](=[O:12])([O-:15])[O-:16])[C@@H:65]3[OH:22])[C@@H:64]([OH:21])[C@H:63]2[OH:20])[cH:30]1.[OH2:1],1,4,1.38
recon3d_357,[OH:1][CH2:6][C@H:12]1[O:7][C@H:11]([OH:5])[C@H:9]([OH:3])[C@@H:8]([OH:2])[C@H:10]1[OH:4]>>[OH:1][CH2:6][C@H:12]1[O:7][C@H:11]([OH:5])[C@H:9]([OH:3])[C@@H:8]([OH:2])[C@H:10]1[OH:4],1,0,0.01
recon3d_358,[CH3:1][CH:55]([CH3:2])[CH2:29][CH2:27][CH2:34][C@@H:65]([CH3:3])[C@H:68]1[CH2:35][CH2:32][CH:59]2[CH:56]3[CH:58]([CH2:31][CH2:39][C@@:74]21[CH3:5])[C@@:73]1([CH3:4])[CH2:38][CH2:28][C:49](=[O:8])[CH:30]=[C:57]1[CH2:33][C@H:64]3[OH:20].[NH2:6][C:50](=[O:9])[C:51]1=[CH:26][N:72]([C@@H:67]2[O:43][C@H:69]([CH2:36][O:46][P:76](=[O:11])([O-:15])[O:48][P:77](=[O:12])([O-:16])[O:47][CH2:37][C@H:70]3[O:44][C@@H:66]([n:71]4[cH:24][n:41][c:53]5[c:52]([NH2:7])[n:40][cH:22][n:42][c:54]54)[C@H:63]([O:45][P:75](=[O:10])([O-:13])[O-:14])[C@@H:62]3[OH:19])[C@@H:61]([OH:18])[C@H:60]2[OH:17])[CH:25]=[CH:21][CH2:23]1>>[CH3:1][CH:55]([CH3:2])[CH2:29][CH2:27][CH2:34][C@@H:65]([CH3:3])[C@H:68]1[CH2:35][CH2:32][CH:59]2[CH:56]3[CH:58]([CH2:31][CH2:39][C@@:74]21[CH3:5])[C@@:73]1([CH3:4])[CH2:38][CH2:28][C:49](=[O:8])[CH2:30][CH:57]1[CH2:33][C@H:64]3[OH:20].[NH2:6][C:50](=[O:9])[c:51]1[cH:23][cH:21][cH:25][n+:72]([C@@H:67]2[O:43][C@H:69]([CH2:36][O:46][P:76](=[O:11])([O-:15])[O:48][P:77](=[O:12])([O-:16])[O:47][CH2:37][C@H:70]3[O:44][C@@H:66]([n:71]4[cH:24][n:41][c:53]5[c:52]([NH2:7])[n:40][cH:22][n:42][c:54]54)[C@H:63]([O:45][P:75](=[O:10])([O-:13])[O-:14])[C@@H:62]3[OH:19])[C@@H:61]([OH:18])[C@H:60]2[OH:17])[cH:26]1,1,3,3.69
recon3d_359,[CH3:1][c:34]1[cH:19][n:47]([C@H:46]2[CH2:23][C@H:43]([OH:17])[C@@H:45]([CH2:22][O:31][P:52](=[O:8])([O-:14])[O-:33])[O:29]2)[c:37](=[O:4])[nH:27][c:36]1=[O:3].[NH2:2][c:35]1[n:24][cH:18][n:26][c:39]2[c:38]1[n:25][cH:20][n:48]2[C@@H:42]1[O:28][C@H:44]([CH2:21][O:30][P:51](=[O:7])([O-:13])[O:32][P:49](=[O:5])([O:9][P:50](=[O:6])([O-:11])[O-:12])[O-:10])[C@@H:41]([OH:16])[C@H:40]1[OH:15]>>[CH3:1][c:34]1[cH:19][n:47]([C@H:46]2[CH2:23][C@H:43]([OH:17])[C@@H:45]([CH2:22][O:31][P:52](=[O:8])([O-:14])[O:33][P:50](=[O:6])([O-:11])[O-:12])[O:29]2)[c:37](=[O:4])[nH:27][c:36]1=[O:3].[NH2:2][c:35]1[n:24][cH:18][n:26][c:39]2[c:38]1[n:25][cH:20][n:48]2[C@@H:42]1[O:28][C@H:44]([CH2:21][O:30][P:51](=[O:7])([O-:13])[O:32][P:49](=[O:5])([O-:9])[O-:10])[C@@H:41]([OH:16])[C@H:40]1[OH:15],1,2,1.75
recon3d_360,[CH3:2][CH2:41]/[CH:65]=[CH:28]\[CH2:27]/[CH:19]=[CH:20]\[CH2:35]/[CH:21]=[CH:22]\[CH2:36]/[CH:23]=[CH:24]\[CH2:37]/[CH:25]=[CH:26]\[CH2:38][CH2:39][CH2:40][C:53](=[O:5])[O-:10].[NH2:3][C:54](=[O:6])[C:55]1=[CH:34][N:69]([C@@H:64]2[O:47][C@H:66]([CH2:42][O:50][P:71](=[O:8])([O-:13])[O:52][P:72](=[O:9])([O-:14])[O:51][CH2:43][C@H:67]3[O:48][C@@H:63]([n:68]4[cH:32][n:45][c:57]5[c:56]([NH2:4])[n:44][cH:30][n:46][c:58]54)[C@H:62]([O:49][P:70](=[O:7])([O-:11])[O-:12])[C@@H:61]3[OH:17])[C@@H:60]([OH:16])[C@H:59]2[OH:15])[CH:33]=[CH:29][CH2:31]1.[O:1]=[O:18]>>[CH3:2][CH2:41][C@@H:65]([OH:18])/[CH:28]=[CH:27]/[CH:19]=[CH:20]\[CH2:35]/[CH:21]=[CH:22]\[CH2:36]/[CH:23]=[CH:24]\[CH2:37]/[CH:25]=[CH:26]\[CH2:38][CH2:39][CH2:40][C:53](=[O:5])[O-:10].[NH2:3][C:54](=[O:6])[c:55]1[cH:31][cH:29][cH:33][n+:69]([C@@H:64]2[O:47][C@H:66]([CH2:42][O:50][P:71](=[O:8])([O-:13])[O:52][P:72](=[O:9])([O-:14])[O:51][CH2:43][C@H:67]3[O:48][C@@H:63]([n:68]4[cH:32][n:45][c:57]5[c:56]([NH2:4])[n:44][cH:30][n:46][c:58]54)[C@H:62]([O:49][P:70](=[O:7])([O-:11])[O-:12])[C@@H:61]3[OH:17])[C@@H:60]([OH:16])[C@H:59]2[OH:15])[cH:34]1.[OH2:1],1,4,3.69
recon3d_361,[CH3:1][CH:50]([C:88](=[O:13])[S:84][CH2:46][CH2:42][NH:70][C:86](=[O:11])[CH2:48][CH2:44][NH:72][C:90](=[O:15])[CH:110]([OH:35])[C:119]([CH3:3])([CH3:4])[CH2:61][O:80][P:127](=[O:21])([O-:29])[O:82][P:125](=[O:19])([O-:27])[O:78][CH2:54][CH:101]1[O:74][CH:108]([n:117]2[cH:40][n:66][c:94]3[c:92]([NH2:9])[n:64][cH:38][n:68][c:96]32)[CH:103]([OH:33])[CH:105]1[O:76][P:123](=[O:17])([O-:23])[O-:24])[C:89](=[O:14])[CH2:51][CH2:53][CH:99]([CH3:2])[CH:115]1[CH2:59][CH2:60][CH:116]2[CH:107]3[CH:100]([OH:32])[CH2:57][CH:112]4[CH2:56][CH:98]([OH:31])[CH2:52][CH2:63][C@:121]4([CH3:7])[CH:113]3[CH2:58][CH:114]([OH:37])[C@:122]12[CH3:8].[CH3:5][C:120]([CH3:6])([CH2:62][O:81][P:128](=[O:22])([O-:30])[O:83][P:126](=[O:20])([O-:28])[O:79][CH2:55][CH:102]1[O:75][CH:109]([n:118]2[cH:41][n:67][c:95]3[c:93]([NH2:10])[n:65][cH:39][n:69][c:97]32)[CH:104]([OH:34])[CH:106]1[O:77][P:124](=[O:18])([O-:25])[O-:26])[CH:111]([OH:36])[C:91](=[O:16])[NH:73][CH2:45][CH2:49][C:87](=[O:12])[NH:71][CH2:43][CH2:47][SH:85]>>[CH3:1][CH2:50][C:88](=[O:13])[S:84][CH2:46][CH2:42][NH:70][C:86](=[O:11])[CH2:48][CH2:44][NH:72][C:90](=[O:15])[CH:110]([OH:35])[C:119]([CH3:3])([CH3:4])[CH2:61][O:80][P:127](=[O:21])([O-:29])[O:82][P:125](=[O:19])([O-:27])[O:78][CH2:54][CH:101]1[O:74][CH:108]([n:117]2[cH:40][n:66][c:94]3[c:92]([NH2:9])[n:64][cH:38][n:68][c:96]32)[CH:103]([OH:33])[CH:105]1[O:76][P:123](=[O:17])([O-:23])[O-:24].[CH3:2][CH:99]([CH2:53][CH2:51][C:89](=[O:14])[S:85][CH2:47][CH2:43][NH:71][C:87](=[O:12])[CH2:49][CH2:45][NH:73][C:91](=[O:16])[CH:111]([OH:36])[C:120]([CH3:5])([CH3:6])[CH2:62][O:81][P:128](=[O:22])([O-:30])[O:83][P:126](=[O:20])([O-:28])[O:79][CH2:55][CH:102]1[O:75][CH:109]([n:118]2[cH:41][n:67][c:95]3[c:93]([NH2:10])[n:65][cH:39][n:69][c:97]32)[CH:104]([OH:34])[CH:106]1[O:77][P:124](=[O:18])([O-:25])[O-:26])[CH:115]1[CH2:59][CH2:60][CH:116]2[CH:107]3[CH:100]([OH:32])[CH2:57][CH:112]4[CH2:56][CH:98]([OH:31])[CH2:52][CH2:63][C@:121]4([CH3:7])[CH:113]3[CH2:58][CH:114]([OH:37])[C@:122]12[CH3:8],1,3,16.02
recon3d_362,[CH3:1][CH2:37][CH2:38][CH2:39][CH2:40][CH2:41][CH2:42][CH2:43][CH2:52][C:82]([CH2:2][C:81](=[O:11])[S:77][CH2:48][CH2:44][NH:63][C:79](=[O:9])[CH2:50][CH2:46][NH:65][C:83](=[O:13])[C@H:99]([OH:31])[C:103]([CH3:3])([CH3:4])[CH2:55][O:73][P:109](=[O:19])([O-:27])[O:75][P:107](=[O:17])([O-:25])[O:71][CH2:53][C@H:97]1[O:67][C@@H:95]([n:101]2[cH:35][n:59][c:87]3[c:85]([NH2:7])[n:57][cH:33][n:61][c:89]32)[C@H:91]([OH:29])[C@@H:93]1[O:69][P:105](=[O:15])([O-:21])[O-:22])=[O:12].[CH3:5][C:104]([CH3:6])([CH2:56][O:74][P:110](=[O:20])([O-:28])[O:76][P:108](=[O:18])([O-:26])[O:72][CH2:54][C@H:98]1[O:68][C@@H:96]([n:102]2[cH:36][n:60][c:88]3[c:86]([NH2:8])[n:58][cH:34][n:62][c:90]32)[C@H:92]([OH:30])[C@@H:94]1[O:70][P:106](=[O:16])([O-:23])[O-:24])[C@@H:100]([OH:32])[C:84](=[O:14])[NH:66][CH2:47][CH2:51][C:80](=[O:10])[NH:64][CH2:45][CH2:49][SH:78]>>[CH3:1][CH2:37][CH2:38][CH2:39][CH2:40][CH2:41][CH2:42][CH2:43][CH2:52][C:82](=[O:12])[S:78][CH2:49][CH2:45][NH:64][C:80](=[O:10])[CH2:51][CH2:47][NH:66][C:84](=[O:14])[C@H:100]([OH:32])[C:104]([CH3:5])([CH3:6])[CH2:56][O:74][P:110](=[O:20])([O-:28])[O:76][P:108](=[O:18])([O-:26])[O:72][CH2:54][C@H:98]1[O:68][C@@H:96]([n:102]2[cH:36][n:60][c:88]3[c:86]([NH2:8])[n:58][cH:34][n:62][c:90]32)[C@H:92]([OH:30])[C@@H:94]1[O:70][P:106](=[O:16])([O-:23])[O-:24].[CH3:2][C:81](=[O:11])[S:77][CH2:48][CH2:44][NH:63][C:79](=[O:9])[CH2:50][CH2:46][NH:65][C:83](=[O:13])[C@H:99]([OH:31])[C:103]([CH3:3])([CH3:4])[CH2:55][O:73][P:109](=[O:19])([O-:27])[O:75][P:107](=[O:17])([O-:25])[O:71][CH2:53][C@H:97]1[O:67][C@@H:95]([n:101]2[cH:35][n:59][c:87]3[c:85]([NH2:7])[n:57][cH:33][n:61][c:89]32)[C@H:91]([OH:29])[C@@H:93]1[O:69][P:105](=[O:15])([O-:21])[O-:22],1,3,6.05
recon3d_363,[NH2:1][c:37]1[cH:20][cH:21][n:49]([C@H:48]2[CH2:25][C@H:45]([OH:18])[C@@H:47]([CH2:24][O:33][P:54](=[O:7])([O-:14])[O:36][P:55](=[O:8])([O-:15])[O-:35])[O:31]2)[c:39](=[O:3])[n:27]1.[NH2:2][c:38]1[n:26][cH:19][n:29][c:41]2[c:40]1[n:28][cH:22][n:50]2[C@@H:44]1[O:30][C@H:46]([CH2:23][O:32][P:53](=[O:6])([O-:13])[O:34][P:51](=[O:4])([O:9][P:52](=[O:5])([O-:11])[O-:12])[O-:10])[C@@H:43]([OH:17])[C@H:42]1[OH:16]>>[NH2:1][c:37]1[cH:20][cH:21][n:49]([C@H:48]2[CH2:25][C@H:45]([OH:18])[C@@H:47]([CH2:24][O:33][P:54](=[O:7])([O-:14])[O:36][P:55](=[O:8])([O-:15])[O:35][P:52](=[O:5])([O-:11])[O-:12])[O:31]2)[c:39](=[O:3])[n:27]1.[NH2:2][c:38]1[n:26][cH:19][n:29][c:41]2[c:40]1[n:28][cH:22][n:50]2[C@@H:44]1[O:30][C@H:46]([CH2:23][O:32][P:53](=[O:6])([O-:13])[O:34][P:51](=[O:4])([O-:9])[O-:10])[C@@H:43]([OH:17])[C@H:42]1[OH:16],1,2,2.23
recon3d_364,[NH2:1][c:37]1[n:26][cH:19][n:28][c:41]2[c:40]1[n:27][cH:22][n:50]2[C@@H:44]1[O:30][C@H:46]([CH2:23][O:32][P:53](=[O:6])([O-:13])[O:34][P:51](=[O:4])([O:9][P:52](=[O:5])([O-:11])[O-:12])[O-:10])[C@@H:43]([OH:17])[C@H:42]1[OH:16].[O:2]=[c:38]1[cH:20][cH:21][n:49]([C@H:48]2[CH2:25][C@H:45]([OH:18])[C@@H:47]([CH2:24][O:33][P:54](=[O:7])([O-:14])[O:36][P:55](=[O:8])([O-:15])[O-:35])[O:31]2)[c:39](=[O:3])[nH:29]1>>[NH2:1][c:37]1[n:26][cH:19][n:28][c:41]2[c:40]1[n:27][cH:22][n:50]2[C@@H:44]1[O:30][C@H:46]([CH2:23][O:32][P:53](=[O:6])([O-:13])[O:34][P:51](=[O:4])([O-:9])[O-:10])[C@@H:43]([OH:17])[C@H:42]1[OH:16].[O:2]=[c:38]1[cH:20][cH:21][n:49]([C@H:48]2[CH2:25][C@H:45]([OH:18])[C@@H:47]([CH2:24][O:33][P:54](=[O:7])([O-:14])[O:36][P:55](=[O:8])([O-:15])[O:35][P:52](=[O:5])([O-:11])[O-:12])[O:31]2)[c:39](=[O:3])[nH:29]1,1,2,2.50
recon3d_365,[NH2:1][c:43]1[n:33][c:49]2[c:47]([n:31][cH:25][n:60]2[CH:58]2[O:37][CH:52]([CH2:28][O:39][P:64](=[O:8])([O-:17])[O:40][P:63](=[O:7])([O-:15])[O:16][P:61](=[O:5])([O-:11])[O-:12])[CH:54]([OH:19])[CH:56]2[OH:21])[c:45](=[O:4])[nH:35]1.[O:2]=[C:41]([O-:9])[CH2:26][CH:50]([NH3+:34])[C:42](=[O:3])[O-:10].[O:6]=[P:62]([O-:13])([O-:14])[O:38][CH2:27][CH:51]1[O:36][CH:57]([n:59]2[cH:24][n:30][c:46]3[c:44](=[O:22])[nH:29][cH:23][n:32][c:48]32)[CH:55]([OH:20])[CH:53]1[OH:18]>>[NH2:1][c:43]1[n:33][c:49]2[c:47]([n:31][cH:25][n:60]2[CH:58]2[O:37][CH:52]([CH2:28][O:39][P:64](=[O:8])([O-:17])[O:40][P:63](=[O:7])([O-:15])[O-:16])[CH:54]([OH:19])[CH:56]2[OH:21])[c:45](=[O:4])[nH:35]1.[O:2]=[C:41]([O-:9])[CH2:26][CH:50]([NH:34][c:44]1[n:29][cH:23][n:32][c:48]2[c:46]1[n:30][cH:24][n:59]2[CH:57]1[O:36][CH:51]([CH2:27][O:38][P:62](=[O:6])([O-:13])[O-:14])[CH:53]([OH:18])[CH:55]1[OH:20])[C:42](=[O:3])[O-:10].[O:5]=[P:61]([O-:11])([O-:12])[OH:22],1,4,1.61
recon3d_366,[CH3:3][C:52]([CH3:4])=[CH:22][CH2:31][CH2:36][C@@H:66]([CH3:5])[C@H:69]1[CH2:37][CH2:33][CH:60]2[C:53]3=[CH:23][CH2:24][CH:54]4[CH2:35][C@@H:61]([OH:18])[CH2:34][CH2:40][C@:74]4([CH3:6])[CH:59]3[CH2:32][CH2:41][C@@:75]21[CH3:7].[NH2:8][C:51](=[O:10])[C:55]1=[CH:30][N:73]([C@@H:68]2[O:45][C@H:70]([CH2:38][O:48][P:77](=[O:12])([O-:16])[O:50][P:78](=[O:13])([O-:17])[O:49][CH2:39][C@H:71]3[O:46][C@@H:67]([n:72]4[cH:28][n:43][c:57]5[c:56]([NH2:9])[n:42][cH:26][n:44][c:58]54)[C@H:65]([O:47][P:76](=[O:11])([O-:14])[O-:15])[C@@H:64]3[OH:21])[C@@H:63]([OH:20])[C@H:62]2[OH:19])[CH:29]=[CH:25][CH2:27]1.[O:1]=[O:2]>>[CH3:3][C:52]([CH3:4])=[CH:22][CH2:31][CH2:36][C@@H:66]([CH3:5])[C@H:69]1[CH2:37][CH2:33][CH:60]2[C:53]3=[CH:23][CH:24]=[C:54]4[CH2:35][C@@H:61]([OH:18])[CH2:34][CH2:40][C@:74]4([CH3:6])[CH:59]3[CH2:32][CH2:41][C@@:75]21[CH3:7].[NH2:8][C:51](=[O:10])[c:55]1[cH:27][cH:25][cH:29][n+:73]([C@@H:68]2[O:45][C@H:70]([CH2:38][O:48][P:77](=[O:12])([O-:16])[O:50][P:78](=[O:13])([O-:17])[O:49][CH2:39][C@H:71]3[O:46][C@@H:67]([n:72]4[cH:28][n:43][c:57]5[c:56]([NH2:9])[n:42][cH:26][n:44][c:58]54)[C@H:65]([O:47][P:76](=[O:11])([O-:14])[O-:15])[C@@H:64]3[OH:21])[C@@H:63]([OH:20])[C@H:62]2[OH:19])[cH:30]1.[OH2:1].[OH2:2],1,4,3.00
recon3d_367,[CH2:1]=[C:12]([CH3:2])[CH2:8][CH2:9][O:10][P:14](=[O:4])([O-:7])[O:11][P:13](=[O:3])([O-:5])[O-:6]>>[CH3:1][C:12]([CH3:2])=[CH:8][CH2:9][O:10][P:14](=[O:4])([O-:7])[O:11][P:13](=[O:3])([O-:5])[O-:6],1,2,0.02
recon3d_368,[NH2:1][c:17]1[n:11][c:19]2[n:14]([C@@H:23]3[O:15][C@H:24]([CH2:10][OH:6])[CH:22]([OH:8])[CH:21]3[OH:7])[cH:9][n:12][c:20]2[c:18](=[O:2])[nH:13]1.[O:3]=[P:25]([O-:4])([O-:5])[O-:16]>>[NH2:1][c:17]1[n:11][c:19]2[nH:14][cH:9][n:12][c:20]2[c:18](=[O:2])[nH:13]1.[O:3]=[P:25]([O-:4])([O-:5])[O:16][C@H:23]1[O:15][C@H:24]([CH2:10][OH:6])[CH:22]([OH:8])[CH:21]1[OH:7],1,2,0.08
recon3d_369,[CH3:1][CH:43]([OH:14])[CH2:15][OH:4].[NH2:2][C:32](=[O:5])[c:33]1[cH:18][n+:46]([C@@H:41]2[O:27][C@H:44]([CH2:22][O:29][P:48](=[O:6])([O-:8])[O:31][P:49](=[O:7])([O-:9])[O:30][CH2:23][C@H:45]3[O:28][C@@H:42]([n:47]4[cH:20][n:25][c:35]5[c:34]([NH2:3])[n:24][cH:19][n:26][c:36]54)[C@H:38]([OH:11])[C@@H:40]3[OH:13])[C@@H:39]([OH:12])[C@H:37]2[OH:10])[cH:17][cH:16][cH:21]1>>[CH3:1][C@@H:43]([OH:14])[CH:15]=[O:4].[NH2:2][C:32](=[O:5])[C:33]1=[CH:18][N:46]([C@@H:41]2[O:27][C@H:44]([CH2:22][O:29][P:48](=[O:6])([O-:8])[O:31][P:49](=[O:7])([O-:9])[O:30][CH2:23][C@H:45]3[O:28][C@@H:42]([n:47]4[cH:20][n:25][c:35]5[c:34]([NH2:3])[n:24][cH:19][n:26][c:36]54)[C@H:38]([OH:11])[C@@H:40]3[OH:13])[C@@H:39]([OH:12])[C@H:37]2[OH:10])[CH:17]=[CH:16][CH2:21]1,1,2,1.51
recon3d_370,[CH3:1][c:16]1[cH:9][n:12]([C@H:19]2[CH2:10][C@H:20]([OH:8])[C@@H:21]([CH2:11][OH:7])[O:14]2)[c:17](=[O:2])[nH:13][c:18]1=[O:3].[O:4]=[P:22]([O-:5])([O-:6])[OH:15]>>[CH3:1][c:16]1[cH:9][nH:12][c:17](=[O:2])[nH:13][c:18]1=[O:3].[O:4]=[P:22]([O-:5])([O-:6])[O:15][CH:19]1[CH2:10][C@H:20]([OH:8])[C@@H:21]([CH2:11][OH:7])[O:14]1,1,2,0.04
recon3d_371,[CH3:2][C@:67]12[CH2:34][CH2:29][CH:54]3[c:50]4[cH:23][cH:48][c:47]([OH:14])[cH:22][c:49]4[CH2:28][CH2:30][CH:55]3[CH:56]1[CH2:31][CH2:27][C:45]2=[O:6].[NH2:3][C:44](=[O:5])[C:46]1=[CH:26][N:66]([C@@H:62]2[O:38][C@H:63]([CH2:32][O:41][P:69](=[O:8])([O-:12])[O:43][P:70](=[O:9])([O-:13])[O:42][CH2:33][C@H:64]3[O:39][C@@H:61]([n:65]4[cH:24][n:36][c:52]5[c:51]([NH2:4])[n:35][cH:20][n:37][c:53]54)[C@H:60]([O:40][P:68](=[O:7])([O-:10])[O-:11])[C@@H:59]3[OH:18])[C@@H:58]([OH:17])[C@H:57]2[OH:16])[CH:25]=[CH:19][CH2:21]1.[O:1]=[O:15]>>[CH3:2][C@:67]12[CH2:34][CH2:29][CH:54]3[c:50]4[cH:23][c:48]([OH:15])[c:47]([OH:14])[cH:22][c:49]4[CH2:28][CH2:30][CH:55]3[CH:56]1[CH2:31][CH2:27][C:45]2=[O:6].[NH2:3][C:44](=[O:5])[c:46]1[cH:21][cH:19][cH:25][n+:66]([C@@H:62]2[O:38][C@H:63]([CH2:32][O:41][P:69](=[O:8])([O-:12])[O:43][P:70](=[O:9])([O-:13])[O:42][CH2:33][C@H:64]3[O:39][C@@H:61]([n:65]4[cH:24][n:36][c:52]5[c:51]([NH2:4])[n:35][cH:20][n:37][c:53]54)[C@H:60]([O:40][P:68](=[O:7])([O-:10])[O-:11])[C@@H:59]3[OH:18])[C@@H:58]([OH:17])[C@H:57]2[OH:16])[cH:26]1.[OH2:1],1,4,2.82
recon3d_372,[NH2:1][c:16]1[n:13][c:19]2[c:18]([n:12][cH:10][n:24]2[CH:23]2[O:15][CH:20]([CH2:11][O:9][P:25](=[O:3])([O-:4])[O-:5])[CH:21]([OH:7])[CH:22]2[OH:8])[c:17](=[O:2])[nH:14]1.[OH2:6]>>[NH2:1][c:16]1[n:13][c:19]2[c:18]([n:12][cH:10][n:24]2[CH:23]2[O:15][CH:20]([CH2:11][OH:6])[CH:21]([OH:7])[CH:22]2[OH:8])[c:17](=[O:2])[nH:14]1.[O:3]=[P:25]([O-:4])([O-:5])[OH:9],1,2,0.05
recon3d_373,[OH:1][C@H:18]([CH2:19][C:48](=[O:7])[S:46][CH2:32][CH2:30][NH:39][C:47](=[O:6])[CH2:33][CH2:31][NH:40][C:49](=[O:8])[C@H:57]([OH:17])[C:59]([CH3:3])([CH3:4])[CH2:35][O:44][P:62](=[O:11])([O-:15])[O:45][P:61](=[O:10])([O-:14])[O:43][CH2:34][C@H:56]1[O:41][C@@H:55]([n:58]2[cH:21][n:37][c:51]3[c:50]([NH2:5])[n:36][cH:20][n:38][c:52]32)[C@H:53]([OH:16])[C@@H:54]1[O:42][P:60](=[O:9])([O-:12])[O-:13])[CH2:23][CH2:25][CH2:27][CH2:29][CH2:28][CH2:26][CH2:24][CH2:22][CH3:2]>>[CH3:2][CH2:22][CH2:24][CH2:26][CH2:28][CH2:29][CH2:27][CH2:25][CH2:23]/[CH:18]=[CH:19]/[C:48](=[O:7])[S:46][CH2:32][CH2:30][NH:39][C:47](=[O:6])[CH2:33][CH2:31][NH:40][C:49](=[O:8])[C@H:57]([OH:17])[C:59]([CH3:3])([CH3:4])[CH2:35][O:44][P:62](=[O:11])([O-:15])[O:45][P:61](=[O:10])([O-:14])[O:43][CH2:34][C@H:56]1[O:41][C@@H:55]([n:58]2[cH:21][n:37][c:51]3[c:50]([NH2:5])[n:36][cH:20][n:38][c:52]32)[C@H:53]([OH:16])[C@@H:54]1[O:42][P:60](=[O:9])([O-:12])[O-:13].[OH2:1],1,2,0.38
recon3d_374,[CH3:1][CH2:32][CH2:34][CH2:35][CH2:33]/[CH:23]=[CH:24]\[CH2:38][C@@H:53]([OH:5])/[CH:29]=[CH:28]/[CH:27]=[CH:26]/[CH:22]=[CH:25]\[C@@H:63]([OH:18])[CH2:40][CH2:36][CH2:37][C:52](=[O:4])[O-:10].[NH2:2][C:54](=[O:6])[c:55]1[cH:21][n+:68]([C@@H:64]2[O:46][C@H:66]([CH2:41][O:49][P:71](=[O:8])([O-:13])[O:51][P:72](=[O:9])([O-:14])[O:50][CH2:42][C@H:67]3[O:47][C@@H:65]([n:69]4[cH:31][n:44][c:57]5[c:56]([NH2:3])[n:43][cH:30][n:45][c:58]54)[C@H:62]([O:48][P:70](=[O:7])([O-:11])[O-:12])[C@@H:61]3[OH:17])[C@@H:60]([OH:16])[C@H:59]2[OH:15])[cH:20][cH:19][cH:39]1>>[CH3:1][CH2:32][CH2:34][CH2:35][CH2:33]/[CH:23]=[CH:24]\[CH2:38][C:53](=[O:5])/[CH:29]=[CH:28]/[CH:27]=[CH:26]/[CH:22]=[CH:25]\[C@@H:63]([OH:18])[CH2:40][CH2:36][CH2:37][C:52](=[O:4])[O-:10].[NH2:2][C:54](=[O:6])[C:55]1=[CH:21][N:68]([C@@H:64]2[O:46][C@H:66]([CH2:41][O:49][P:71](=[O:8])([O-:13])[O:51][P:72](=[O:9])([O-:14])[O:50][CH2:42][C@H:67]3[O:47][C@@H:65]([n:69]4[cH:31][n:44][c:57]5[c:56]([NH2:3])[n:43][cH:30][n:45][c:58]54)[C@H:62]([O:48][P:70](=[O:7])([O-:11])[O-:12])[C@@H:61]3[OH:17])[C@@H:60]([OH:16])[C@H:59]2[OH:15])[CH:20]=[CH:19][CH2:39]1,1,2,4.14
recon3d_375,[O:1]=[c:17]1[nH:12][c:18](=[O:2])[c:20]2[n:11][cH:9][n:13]([C@@H:23]3[O:15][C@H:24]([CH2:10][OH:6])[CH:22]([OH:8])[CH:21]3[OH:7])[c:19]2[nH:14]1.[O:3]=[P:25]([O-:4])([O-:5])[O-:16]>>[O:1]=[c:17]1[nH:12][c:18](=[O:2])[c:20]2[n:11][cH:9][nH:13][c:19]2[nH:14]1.[O:3]=[P:25]([O-:4])([O-:5])[O:16][C@H:23]1[O:15][C@H:24]([CH2:10][OH:6])[CH:22]([OH:8])[CH:21]1[OH:7],1,2,0.04
recon3d_376,[NH3+:1][C@H:7]([C:6]([O-:2])=[O:3])[CH2:8][C:9](=[O:4])[O-:5]>>[NH3+:1][CH2:7][CH2:8][C:9](=[O:4])[O-:5].[O:2]=[C:6]=[O:3],1,2,0.02
recon3d_377,[NH:1]1[C:8](=[O:2])[CH2:6][CH2:5][NH:7][C:9]1=[O:3].[OH2:4]>>[NH2:1][C:9](=[O:3])[NH:7][CH2:5][CH2:6][C:8](=[O:2])[O-:4],1,2,0.01
recon3d_378,[CH3:2][C@:67]12[CH2:34][CH2:30][CH:55]3[c:47]4[cH:23][cH:22][c:46]([OH:13])[cH:48][c:49]4[CH2:27][CH2:31][CH:59]3[CH:64]1[CH2:33][CH2:32][CH:63]2[OH:18].[NH2:3][C:44](=[O:5])[C:45]1=[CH:26][N:66]([CH:62]2[O:39][CH:53]([CH2:28][O:41][P:69](=[O:7])([O-:11])[O:43][P:70](=[O:8])([O-:12])[O:42][CH2:29][CH:54]3[O:38][CH:61]([n:65]4[cH:24][n:36][c:51]5[c:50]([NH2:4])[n:35][cH:20][n:37][c:52]54)[CH:60]([O:40][P:68](=[O:6])([O-:9])[O-:10])[CH:57]3[OH:16])[CH:56]([OH:15])[CH:58]2[OH:17])[CH:25]=[CH:19][CH2:21]1.[O:1]=[O:14]>>[CH3:2][C@:67]12[CH2:34][CH2:30][CH:55]3[c:47]4[cH:23][cH:22][c:46]([OH:13])[c:48]([OH:14])[c:49]4[CH2:27][CH2:31][CH:59]3[CH:64]1[CH2:33][CH2:32][CH:63]2[OH:18].[NH2:3][C:44](=[O:5])[c:45]1[cH:21][cH:19][cH:25][n+:66]([CH:62]2[O:39][CH:53]([CH2:28][O:41][P:69](=[O:7])([O-:11])[O:43][P:70](=[O:8])([O-:12])[O:42][CH2:29][CH:54]3[O:38][CH:61]([n:65]4[cH:24][n:36][c:51]5[c:50]([NH2:4])[n:35][cH:20][n:37][c:52]54)[CH:60]([O:40][P:68](=[O:6])([O-:9])[O-:10])[CH:57]3[OH:16])[CH:56]([OH:15])[CH:58]2[OH:17])[cH:26]1.[OH2:1],1,4,3.78
recon3d_379,[NH2:1][c:38]1[n:25][cH:19][n:29][c:42]2[c:40]1[n:27][cH:21][n:52]2[C@@H:48]1[O:31][C@H:50]([CH2:23][O:34][P:56](=[O:5])([O-:13])[O:36][P:55](=[O:4])([O:11][P:54](=[O:3])([O-:9])[O-:10])[O-:12])[C@@H:46]([OH:18])[C@H:44]1[OH:16].[NH2:2][c:39]1[n:26][cH:20][n:30][c:43]2[c:41]1[n:28][cH:22][n:53]2[C@@H:49]1[O:32][C@H:51]([CH2:24][O:35][P:57](=[O:6])([O-:14])[O:37][Se:58](=[O:7])(=[O:8])[O-:15])[C@@H:47]([OH:33])[C@H:45]1[OH:17]>>[NH2:1][c:38]1[n:25][cH:19][n:29][c:42]2[c:40]1[n:27][cH:21][n:52]2[C@@H:48]1[O:31][C@H:50]([CH2:23][O:34][P:56](=[O:5])([O-:13])[O:36][P:55](=[O:4])([O-:11])[O-:12])[C@@H:46]([OH:18])[C@H:44]1[OH:16].[NH2:2][c:39]1[n:26][cH:20][n:30][c:43]2[c:41]1[n:28][cH:22][n:53]2[C@@H:49]1[O:32][C@H:51]([CH2:24][O:35][P:57](=[O:6])([O-:14])[O:37][Se:58](=[O:7])(=[O:8])[O-:15])[C@@H:47]([O:33][P:54](=[O:3])([O-:9])[O-:10])[C@H:45]1[OH:17],1,2,1.52
recon3d_380,[CH3:1][C:50]([CH3:2])=[CH:20][CH2:27][CH2:34][C@@H:64]([CH3:3])[C@H:67]1[CH2:35][CH2:30][CH:57]2[C:51]3=[C:52]([CH2:29][CH2:38][C@@:72]21[CH3:4])[C@@:73]1([CH3:5])[CH2:39][CH2:32][C:59](=[O:16])[CH2:33][CH:58]1[CH2:31][CH2:28]3.[NH2:6][C:49](=[O:8])[C:53]1=[CH:26][N:71]([C@@H:66]2[O:43][C@H:68]([CH2:36][O:46][P:75](=[O:10])([O-:14])[O:48][P:76](=[O:11])([O-:15])[O:47][CH2:37][C@H:69]3[O:44][C@@H:65]([n:70]4[cH:24][n:41][c:55]5[c:54]([NH2:7])[n:40][cH:22][n:42][c:56]54)[C@H:63]([O:45][P:74](=[O:9])([O-:12])[O-:13])[C@@H:62]3[OH:19])[C@@H:61]([OH:18])[C@H:60]2[OH:17])[CH:25]=[CH:21][CH2:23]1>>[CH3:1][C:50]([CH3:2])=[CH:20][CH2:27][CH2:34][C@@H:64]([CH3:3])[C@H:67]1[CH2:35][CH2:30][CH:57]2[C:51]3=[C:52]([CH2:29][CH2:38][C@@:72]21[CH3:4])[C@@:73]1([CH3:5])[CH2:39][CH2:32][C@H:59]([OH:16])[CH2:33][CH:58]1[CH2:31][CH2:28]3.[NH2:6][C:49](=[O:8])[c:53]1[cH:23][cH:21][cH:25][n+:71]([C@@H:66]2[O:43][C@H:68]([CH2:36][O:46][P:75](=[O:10])([O-:14])[O:48][P:76](=[O:11])([O-:15])[O:47][CH2:37][C@H:69]3[O:44][C@@H:65]([n:70]4[cH:24][n:41][c:55]5[c:54]([NH2:7])[n:40][cH:22][n:42][c:56]54)[C@H:63]([O:45][P:74](=[O:9])([O-:12])[O-:13])[C@@H:62]3[OH:19])[C@@H:61]([OH:18])[C@H:60]2[OH:17])[cH:26]1,1,2,0.81
recon3d_381,[NH2:2][C:55](=[O:5])[C:56]1=[CH:31][N:69]([CH:67]2[O:49][CH:60]([CH2:43][O:51][P:71](=[O:7])([O-:12])[O:53][P:72](=[O:8])([O-:13])[O:52][CH2:44][CH:61]3[O:48][CH:66]([n:68]4[cH:29][n:46][c:58]5[c:57]([NH2:3])[n:45][cH:27][n:47][c:59]54)[CH:65]([O:50][P:70](=[O:6])([O-:10])[O-:11])[CH:63]3[OH:16])[CH:62]([OH:15])[CH:64]2[OH:17])[CH:30]=[CH:26][CH2:28]1.[O:1]=[O:14].[O:4]=[C:54]([O-:9])[CH2:42][CH2:41][CH2:37]/[CH:25]=[CH:23]/[CH2:34]/[CH:21]=[CH:19]\[CH2:32]/[CH:18]=[CH:20]\[CH2:33]/[CH:22]=[CH:24]\[CH2:36][CH2:39][CH2:40][CH2:38][CH3:35]>>[NH2:2][C:55](=[O:5])[c:56]1[cH:28][cH:26][cH:30][n+:69]([CH:67]2[O:49][CH:60]([CH2:43][O:51][P:71](=[O:7])([O-:12])[O:53][P:72](=[O:8])([O-:13])[O:52][CH2:44][CH:61]3[O:48][CH:66]([n:68]4[cH:29][n:46][c:58]5[c:57]([NH2:3])[n:45][cH:27][n:47][c:59]54)[CH:65]([O:50][P:70](=[O:6])([O-:10])[O-:11])[CH:63]3[OH:16])[CH:62]([OH:15])[CH:64]2[OH:17])[cH:31]1.[O:4]=[C:54]([O-:9])[CH2:42][CH2:41][CH2:37]/[CH:25]=[CH:23]\[CH2:34]/[CH:21]=[CH:19]\[CH2:32]/[CH:18]=[CH:20]\[CH2:33]/[CH:22]=[CH:24]\[CH2:36][CH2:39][CH2:40][CH2:38][CH2:35][OH:14].[OH2:1],1,4,2.19
recon3d_382,[OH:1][CH:18]([CH2:19][C:46](=[O:7])[S:44][CH2:30][CH2:28][NH:37][C:45](=[O:6])[CH2:31][CH2:29][NH:38][C:47](=[O:8])[CH:55]([OH:17])[C:57]([CH3:3])([CH3:4])[CH2:33][O:42][P:60](=[O:11])([O-:15])[O:43][P:59](=[O:10])([O-:14])[O:41][CH2:32][CH:51]1[O:39][CH:54]([n:56]2[cH:21][n:35][c:49]3[c:48]([NH2:5])[n:34][cH:20][n:36][c:50]32)[CH:52]([OH:16])[CH:53]1[O:40][P:58](=[O:9])([O-:12])[O-:13])[CH2:23][CH2:25][CH2:27][CH2:26][CH2:24][CH2:22][CH3:2]>>[CH3:2][CH2:22][CH2:24][CH2:26][CH2:27][CH2:25][CH2:23]/[CH:18]=[CH:19]/[C:46](=[O:7])[S:44][CH2:30][CH2:28][NH:37][C:45](=[O:6])[CH2:31][CH2:29][NH:38][C:47](=[O:8])[CH:55]([OH:17])[C:57]([CH3:3])([CH3:4])[CH2:33][O:42][P:60](=[O:11])([O-:15])[O:43][P:59](=[O:10])([O-:14])[O:41][CH2:32][CH:51]1[O:39][CH:54]([n:56]2[cH:21][n:35][c:49]3[c:48]([NH2:5])[n:34][cH:20][n:36][c:50]32)[CH:52]([OH:16])[CH:53]1[O:40][P:58](=[O:9])([O-:12])[O-:13].[OH2:1],1,2,0.36
