r_id,npf,proved,cost,seconds
ecoli_1,[CH3:1][CH:18]([CH3:2])[CH2:13][CH:19]([NH2:3])[C:17](=[O:7])[OH:10].[O:4]=[C:14]([O-:8])[CH2:11][CH2:12][C:16](=[O:6])[C:15](=[O:5])[O-:9]>>[CH3:1][CH:18]([CH3:2])[CH2:12][C:16](=[O:6])[C:15](=[O:5])[O-:9].[NH3+:3][CH:19]([CH2:13][CH2:11][C:14](=[O:4])[O-:8])[C:17](=[O:7])[O-:10],1,4,0.09
ecoli_2,[OH:1][C@H:5]([CH3:2])[CH2:4][OH:3]>>[CH3:2][CH2:5][CH:4]=[O:3].[OH2:1],1,3,0.04
ecoli_3,[NH3+:1][C@@H:8]([C@H:6]([OH:2])[CH2:7][OH:5])[C:9](=[O:3])[O-:4]>>[NH3+:1][CH2:8][C:9](=[O:3])[O-:4].[O:2]=[CH:6][CH2:7][OH:5],1,2,0.05
ecoli_4,[NH3+:1][C@H:13]([C:11](=[O:2])[O-:4])[C@H:12]([OH:8])[CH2:10][O:9][P:14](=[O:3])([O-:5])[O-:6].[OH2:7]>>[NH3+:1][C@H:13]([C:11](=[O:2])[O-:4])[C@H:12]([OH:8])[CH2:10][OH:7].[O:3]=[P:14]([O-:5])([O-:6])[OH:9],1,2,0.07
ecoli_5,[CH3:1][C@H:18]1[O:12][C@@H:17]([n:11]2[cH:7][n:10][c:15]3[c:13]([NH2:2])[n:8][cH:6][n:9][c:14]23)[C@H:16]([OH:3])[C@@H:19]1[OH:5].[OH2:4]>>[CH3:1][C@H:18]1[O:12][C@@H:17]([OH:4])[CH:16]([OH:3])[C@@H:19]1[OH:5].[NH2:2][c:13]1[n:8][cH:6][n:9][c:14]2[nH:11][cH:7][n:10][c:15]12,1,2,0.24
ecoli_6,[NH3+:1][CH2:17][CH2:13][CH2:12][C:15](=[O:4])[O-:7].[O:2]=[C:9]([CH2:10][CH2:11][C:14](=[O:3])[O-:6])[C:16](=[O:5])[O-:8]>>[NH3+:1][C@@H:17]([CH2:13][CH2:12][C:15](=[O:4])[O-:7])[C:16](=[O:5])[O-:8].[O:2]=[CH:9][CH2:10][CH2:11][C:14](=[O:3])[O-:6],1,4,0.08
ecoli_7,[CH3:1][CH2:37][C:59](=[O:7])[O-:19].[CH3:2][C:78]([CH3:3])([CH2:40][O:54][P:84](=[O:14])([O-:23])[O:56][P:83](=[O:13])([O-:22])[O:53][CH2:39][C@H:74]1[O:50][C@@H:72]([n:77]2[cH:32][n:44][c:64]3[c:62]([NH2:5])[n:42][cH:30][n:46][c:66]32)[C@H:68]([OH:25])[C@@H:70]1[O:51][P:80](=[O:10])([O-:17])[O-:18])[C@@H:75]([OH:27])[C:60](=[O:8])[NH:48][CH2:34][CH2:36][C:58](=[O:6])[NH:47][CH2:33][CH2:35][SH:57].[NH2:4][c:61]1[n:41][cH:29][n:45][c:65]2[c:63]1[n:43][cH:31][n:76]2[C@@H:71]1[O:49][C@H:73]([CH2:38][O:52][P:82](=[O:12])([O-:21])[O:55][P:81](=[O:11])([O-:20])[O:28][P:79](=[O:9])([O-:15])[O-:16])[C@@H:69]([OH:26])[C@H:67]1[OH:24]>>[CH3:1][CH2:37][C:59](=[O:7])[S:57][CH2:35][CH2:33][NH:47][C:58](=[O:6])[CH2:36][CH2:34][NH:48][C:60](=[O:8])[C@H:75]([OH:27])[C:78]([CH3:2])([CH3:3])[CH2:40][O:54][P:84](=[O:14])([O-:23])[O:56][P:83](=[O:13])([O-:22])[O:53][CH2:39][C@H:74]1[O:50][C@@H:72]([n:77]2[cH:32][n:44][c:64]3[c:62]([NH2:5])[n:42][cH:30][n:46][c:66]32)[C@H:68]([OH:25])[C@@H:70]1[O:51][P:80](=[O:10])([O-:17])[O-:18].[NH2:4][c:61]1[n:41][cH:29][n:45][c:65]2[c:63]1[n:43][cH:31][n:76]2[C@@H:71]1[O:49][C@H:73]([CH2:38][O:52][P:82](=[O:12])([O-:21])[O:55][P:81](=[O:11])([O-:19])[O-:20])[C@@H:69]([OH:26])[C@H:67]1[OH:24].[O:9]=[P:79]([O-:15])([O-:16])[OH:28],1,4,5.54
ecoli_8,[CH3:1][C:30](=[O:3])[NH:25][C@@H:38]([CH2:20][CH2:19][C:31](=[O:4])[O-:27])[C:32](=[O:5])[O-:9].[NH2:2][c:33]1[n:22][cH:17][n:24][c:35]2[c:34]1[n:23][cH:18][n:41]2[C@@H:39]1[O:26][C@H:40]([CH2:21][O:28][P:44](=[O:8])([O-:14])[O:29][P:43](=[O:7])([O:12][P:42](=[O:6])([O-:10])[O-:11])[O-:13])[C@@H:37]([OH:16])[C@H:36]1[OH:15]>>[CH3:1][C:30](=[O:3])[NH:25][C@@H:38]([CH2:20][CH2:19][C:31](=[O:4])[O:27][P:42](=[O:6])([O-:10])[O-:11])[C:32](=[O:5])[O-:9].[NH2:2][c:33]1[n:22][cH:17][n:24][c:35]2[c:34]1[n:23][cH:18][n:41]2[C@@H:39]1[O:26][C@H:40]([CH2:21][O:28][P:44](=[O:8])([O-:14])[O:29][P:43](=[O:7])([O-:12])[O-:13])[C@@H:37]([OH:16])[C@H:36]1[OH:15],1,2,2.57
ecoli_9,[CH3:1][C:11]([NH:3][C@@H:13]([CH2:10][CH2:9][CH2:8][NH3+:2])[C:12](=[O:5])[O-:7])=[O:4].[OH2:6]>>[CH3:1][C:11](=[O:4])[O-:6].[NH3+:2][CH2:8][CH2:9][CH2:10][C@H:13]([NH3+:3])[C:12](=[O:5])[O-:7],1,2,0.03
ecoli_10,[O:1]=[C:9]([O-:4])[CH2:8][C:12]([OH:7])([C:10](=[O:2])[O-:5])[CH2:13][C:11](=[O:3])[O-:6]>>[O:1]=[C:9]([O-:4])[CH2:8][CH:13]([C:11](=[O:3])[O-:6])[CH:12]([OH:7])[C:10](=[O:2])[O-:5],1,4,0.08
ecoli_11,[OH:1][C:13]([CH2:8][C:10](=[O:2])[O-:5])([CH2:9][C:11](=[O:3])[O-:6])[C:12](=[O:4])[O-:7]>>[O:2]=[C:10]([O-:5])/[CH:8]=[C:13](/[CH2:9][C:11](=[O:3])[O-:6])[C:12](=[O:4])[O-:7].[OH2:1],1,2,0.04
ecoli_12,[O:1]=[C:9]([O-:4])[CH2:8]/[C:13]([C:11](=[O:3])[O-:6])=[CH:12]/[C:10](=[O:2])[O-:5].[OH2:7]>>[O:1]=[C:9]([O-:4])[CH2:8][CH:13]([C:11](=[O:3])[O-:6])[CH:12]([OH:7])[C:10](=[O:2])[O-:5],1,2,0.07
ecoli_13,[CH3:1][C:18](=[O:5])[NH:16][C@@H:21]([CH2:14][CH2:12][CH2:11][NH3+:2])[C:19](=[O:6])[O-:9].[O:3]=[C:22]([CH2:15][CH2:13][C:17](=[O:4])[O-:8])[C:20](=[O:7])[O-:10]>>[CH3:1][C:18](=[O:5])[NH:16][C@@H:21]([CH2:14][CH2:12][CH:11]=[O:3])[C:19](=[O:6])[O-:9].[NH3+:2][C@@H:22]([CH2:15][CH2:13][C:17](=[O:4])[O-:8])[C:20](=[O:7])[O-:10],1,6,0.08
ecoli_14,[CH2:1]=[C:18]([O:17][C@@H:26]1[CH:14]=[C:23]([C:21](=[O:6])[O-:10])[CH:12]=[CH:13][C@H:24]1[OH:8])[C:20](=[O:5])[O-:9].[NH2:2][C:19](=[O:4])[CH2:15][CH2:16][C@H:25]([NH3+:3])[C:22](=[O:7])[O-:11]>>[CH2:1]=[C:18]([O:17][C@@H:26]1[CH:14]=[C:23]([C:21](=[O:6])[O-:10])[CH:12]=[CH:13][C@H:24]1[NH3+:2])[C:20](=[O:5])[O-:9].[NH3+:3][C@@H:25]([CH2:16][CH2:15][C:19](=[O:4])[O-:8])[C:22](=[O:7])[O-:11],1,4,0.17
ecoli_15,[NH2:1][c:14]1[n:9][cH:6][n:10][c:15]2[n:12]([C@@H:17]3[O:13][C@H:19]([CH2:8][OH:2])[C@@H:18]([OH:4])[C@H:20]3[OH:5])[cH:7][n:11][c:16]12.[OH2:3]>>[NH2:1][c:14]1[n:9][cH:6][n:10][c:15]2[nH:12][cH:7][n:11][c:16]12.[OH:2][CH2:8][C@H:19]1[O:13][CH:17]([OH:3])[C@H:20]([OH:5])[C@@H:18]1[OH:4],1,2,0.36
ecoli_16,[NH2:1][C:10](=[NH2+:2])[NH:4][CH2:7][CH2:9][CH2:8][CH2:6][NH3+:3].[OH2:5]>>[NH2:1][C:10]([NH2:2])=[O:5].[NH3+:3][CH2:6][CH2:8][CH2:9][CH2:7][NH3+:4],1,2,0.02
ecoli_17,[NH2:1][c:20]1[n:13][cH:8][n:14][c:21]2[n:16]([C@@H:25]3[O:17][C@H:24]([CH2:12][S:18][CH2:10][CH2:11][C@H:23]([NH3+:2])[C:19](=[O:3])[O-:4])[C@@H:26]([OH:6])[C@H:27]3[OH:7])[cH:9][n:15][c:22]12.[OH2:5]>>[NH2:1][c:20]1[n:13][cH:8][n:14][c:21]2[nH:16][cH:9][n:15][c:22]12.[NH3+:2][CH:23]([CH2:11][CH2:10][S:18][CH:25]1[O:17][CH:24]([CH2:12][OH:5])[CH:26]([OH:6])[CH:27]1[OH:7])[C:19](=[O:3])[O-:4],1,4,0.15
ecoli_18,[NH2:1][C:39](=[O:6])[c:45]1[n:28][cH:21][n:55]([C@@H:53]2[O:35][C@H:54]([CH2:26][O:36][P:56](=[O:9])([O-:12])[O-:13])[C@@H:51]([OH:15])[C@H:50]2[OH:14])[c:47]1[NH2:31].[NH2:2][c:43]1[n:27][c:44]2[c:46]([c:48](=[O:8])[nH:34]1)[NH:32][C@@H:49]([CH2:23][N:29]([CH:16]=[O:3])[c:41]1[cH:17][cH:19][c:42]([C:38](=[O:5])[NH:33][C@@H:52]([CH2:25][CH2:22][C:37](=[O:4])[O-:10])[C:40](=[O:7])[O-:11])[cH:20][cH:18]1)[CH2:24][NH:30]2>>[NH2:1][C:39](=[O:6])[c:45]1[n:28][cH:21][n:55]([C@@H:53]2[O:35][C@H:54]([CH2:26][O:36][P:56](=[O:9])([O-:12])[O-:13])[C@@H:51]([OH:15])[C@H:50]2[OH:14])[c:47]1[NH:31][CH:16]=[O:3].[NH2:2][c:43]1[n:27][c:44]2[c:46]([c:48](=[O:8])[nH:34]1)[NH:32][C@@H:49]([CH2:23][NH:29][c:41]1[cH:17][cH:19][c:42]([C:38](=[O:5])[NH:33][C@@H:52]([CH2:25][CH2:22][C:37](=[O:4])[O-:10])[C:40](=[O:7])[O-:11])[cH:20][cH:18]1)[CH2:24][NH:30]2,1,2,2.39
ecoli_19,[CH3:1][C:97]([CH3:2])([CH2:49][O:65][P:102](=[O:17])([O-:24])[O:67][P:101](=[O:16])([O-:23])[O:64][CH2:48][C@H:92]1[O:60][C@@H:89]([n:96]2[cH:38][n:53][c:78]3[c:76]([NH2:5])[n:51][cH:36][n:55][c:80]32)[C@H:83]([OH:27])[C@@H:86]1[O:61][P:98](=[O:13])([O-:19])[O-:20])[C@@H:93]([OH:30])[C:73](=[O:12])[NH:57][CH2:40][CH2:43][C:70](=[O:9])[NH:56][CH2:39][CH2:41][SH:68].[NH2:3][C:72](=[O:11])[c:74]1[cH:34][n+:94]([C@@H:87]2[O:58][C@H:90]([CH2:46][O:62][P:99](=[O:14])([O-:21])[O:66][P:100](=[O:15])([O-:22])[O:63][CH2:47][C@H:91]3[O:59][C@@H:88]([n:95]4[cH:37][n:52][c:77]5[c:75]([NH2:4])[n:50][cH:35][n:54][c:79]54)[C@H:82]([OH:26])[C@@H:85]3[OH:29])[C@@H:84]([OH:28])[C@H:81]2[OH:25])[cH:33][cH:32][cH:45]1.[O-:6][C:31](=[O:7])[C:71](=[O:10])[CH2:44][CH2:42][C:69](=[O:8])[O-:18]>>[CH3:1][C:97]([CH3:2])([CH2:49][O:65][P:102](=[O:17])([O-:24])[O:67][P:101](=[O:16])([O-:23])[O:64][CH2:48][C@H:92]1[O:60][C@@H:89]([n:96]2[cH:38][n:53][c:78]3[c:76]([NH2:5])[n:51][cH:36][n:55][c:80]32)[C@H:83]([OH:27])[C@@H:86]1[O:61][P:98](=[O:13])([O-:19])[O-:20])[C@@H:93]([OH:30])[C:73](=[O:12])[NH:57][CH2:40][CH2:43][C:70](=[O:9])[NH:56][CH2:39][CH2:41][S:68][C:71](=[O:10])[CH2:44][CH2:42][C:69](=[O:8])[O-:18].[NH2:3][C:72](=[O:11])[C:74]1=[CH:34][N:94]([C@@H:87]2[O:58][C@H:90]([CH2:46][O:62][P:99](=[O:14])([O-:21])[O:66][P:100](=[O:15])([O-:22])[O:63][CH2:47][C@H:91]3[O:59][C@@H:88]([n:95]4[cH:37][n:52][c:77]5[c:75]([NH2:4])[n:50][cH:35][n:54][c:79]54)[C@H:82]([OH:26])[C@@H:85]3[OH:29])[C@@H:84]([OH:28])[C@H:81]2[OH:25])[CH:33]=[CH:32][CH2:45]1.[O:6]=[C:31]=[O:7],0,3,14.99
ecoli_20,[CH2:1]([CH2:10][C:12](=[O:3])[O-:7])[C:13](=[O:4])[C:14](=[O:5])[O-:8].[NH3+:2][C@@H:16]([CH3:11])[C:15](=[O:6])[O-:9]>>[CH3:1][C:13](=[O:4])[C:14](=[O:5])[O-:8].[NH3+:2][C@@H:16]([CH2:11][CH2:10][C:12](=[O:3])[O-:7])[C:15](=[O:6])[O-:9],1,4,0.07
ecoli_21,[O:1]=[C:10]([CH2:8][OH:5])[CH2:9][O:7][P:11](=[O:2])([O-:3])[O-:4].[OH2:6]>>[O:1]=[C:10]([CH2:8][OH:5])[CH2:9][OH:6].[O:2]=[P:11]([O-:3])([O-:4])[OH:7],1,2,0.03
ecoli_22,[O:1]=[C:23]([O-:5])[c:25]1[cH:17][cH:15][cH:14][cH:16][c:24]1[NH2:19].[O:2]=[P:30]([O-:6])([O-:7])[O:21][CH2:18][C@H:29]1[O:20][C@H:28]([O:13][P:32](=[O:4])([O-:10])[O:22][P:31](=[O:3])([O-:8])[O-:9])[C@H:26]([OH:11])[C@@H:27]1[OH:12]>>[O:1]=[C:23]([O-:5])[c:25]1[cH:17][cH:15][cH:14][cH:16][c:24]1[NH:19][C@@H:28]1[O:20][C@H:29]([CH2:18][O:21][P:30](=[O:2])([O-:6])[O-:7])[C@@H:27]([OH:12])[C@H:26]1[OH:11].[O:3]=[P:31]([O-:8])([O-:9])[O:22][P:32](=[O:4])([O-:10])[OH:13],1,2,0.14
ecoli_23,[NH:1]([C@@H:11]([CH2:10][C:17](=[O:4])[OH:7])[C:18](=[O:5])[OH:8])[C:16](=[NH:2])[NH:15][CH2:13][CH2:12][CH2:14][C@H:20]([NH2:3])[C:19](=[O:6])[OH:9]>>[NH2:1][C:16](=[NH2+:2])[NH:15][CH2:13][CH2:12][CH2:14][C@H:20]([NH3+:3])[C:19](=[O:6])[O-:9].[O:4]=[C:17]([O-:7])/[CH:10]=[CH:11]/[C:18](=[O:5])[O-:8],1,2,0.22
ecoli_24,[NH2:1][c:29]1[n:20][cH:16][n:22][c:31]2[c:30]1[n:21][cH:17][n:37]2[C@@H:34]1[O:23][C@H:36]([CH2:19][O:25][P:40](=[O:7])([O-:13])[O:26][P:39](=[O:6])([O:11][P:38](=[O:5])([O-:9])[O-:10])[O-:12])[C@@H:33]([OH:15])[C@H:32]1[OH:14].[NH3+:2][C@@H:35]([CH2:18][C:27](=[O:3])[O-:24])[C:28](=[O:4])[O-:8]>>[NH2:1][c:29]1[n:20][cH:16][n:22][c:31]2[c:30]1[n:21][cH:17][n:37]2[C@@H:34]1[O:23][C@H:36]([CH2:19][O:25][P:40](=[O:7])([O-:13])[O:26][P:39](=[O:6])([O-:11])[O-:12])[C@@H:33]([OH:15])[C@H:32]1[OH:14].[NH3+:2][C@@H:35]([CH2:18][C:27](=[O:3])[O:24][P:38](=[O:5])([O-:9])[O-:10])[C:28](=[O:4])[O-:8],1,2,2.46
ecoli_25,[NH3+:1][C@@H:19]([CH2:13][C:15](=[O:3])[O-:8])[C:18](=[O:6])[O-:10].[O:2]=[C:14]([O-:7])[CH2:11][CH2:12][C:17](=[O:5])[C:16](=[O:4])[O-:9]>>[NH3+:1][C@@H:19]([CH2:13][CH2:11][C:14](=[O:2])[O-:7])[C:18](=[O:6])[O-:10].[O:3]=[C:15]([O-:8])[CH2:12][C:17](=[O:5])[C:16](=[O:4])[O-:9],1,4,0.31
ecoli_26,[NH2:1][c:35]1[c:36]2[n:26][cH:22][n:46]([C@@H:44]3[O:28][C@H:38]([CH2:24][O:32][P:52](=[O:6])([O-:13])[O:34][P:53](=[O:7])([O-:14])[O:33][P:51](=[O:5])([O-:12])[O-:21])[C@@H:40]([OH:15])[C@H:42]3[OH:17])[c:37]2[n:27][cH:23][n:47]1.[O:2]=[P:48]([O-:8])([O-:9])[O:31][P:50](=[O:4])([O-:11])[O:20][C@H:45]1[O:29][C@H:39]([CH2:25][O:30][P:49](=[O:3])([O-:10])[O-:19])[C@@H:41]([OH:16])[C@H:43]1[OH:18]>>[NH2:1][c:35]1[c:36]2[n:26][cH:22][n:46]([CH:44]3[O:28][CH:38]([CH2:24][O:32][P:52](=[O:6])([O-:13])[O:34][P:53](=[O:7])([O-:14])[O:33][P:51](=[O:5])([O-:12])[OH:21])[CH:40]([OH:15])[CH:42]3[OH:17])[c:37]2[n:27][cH:23][n+:47]1[CH:45]1[O:29][CH:39]([CH2:25][O:30][P:49](=[O:3])([O-:10])[OH:19])[CH:41]([OH:16])[CH:43]1[OH:18].[O:2]=[P:48]([O-:8])([O-:9])[O:31][P:50](=[O:4])([O-:11])[OH:20],1,2,0.94
ecoli_27,[O:1]=[C:12]([O-:4])[C:13]([O:2][C@@H:8]1[CH:10]=[C:16]([C:14](=[O:3])[O-:5])[CH:9]=[CH:7][C@H:15]1[OH:6])=[CH2:11]>>[O:1]=[C:12]([O-:4])[C:13](=[O:2])[CH2:11][C@:16]1([C:14](=[O:3])[O-:5])[CH:9]=[CH:7][C@@H:15]([OH:6])[CH:8]=[CH:10]1,1,2,0.10
ecoli_28,[CH2:1]=[C:15]([O:14][C@@H:20]1[CH2:13][C:18]([C:17](=[O:3])[O-:6])=[CH:11][C@@H:12]([O:10][P:21](=[O:4])([O-:7])[O-:8])[C@H:19]1[OH:9])[C:16](=[O:2])[O-:5]>>[CH2:1]=[C:15]([O:14][C@@H:20]1[CH:13]=[C:18]([C:17](=[O:3])[O-:6])[CH:11]=[CH:12][C@H:19]1[OH:9])[C:16](=[O:2])[O-:5].[O:4]=[P:21]([O-:7])([O-:8])[OH:10],1,2,0.14
ecoli_29,[SH:1][CH2:2][C@H:7]([NH3+:3])[C:6](=[O:4])[O-:5]>>[CH3:2][C@H:7]([NH3+:3])[C:6](=[O:4])[O-:5].[SH2:1],1,2,0.01
ecoli_30,[NH3+:1][C@@H:12]([CH2:2][S:9][CH2:10][CH2:11][C@H:15]([NH3+:3])[C:14](=[O:6])[O-:8])[C:13](=[O:5])[O-:7].[OH2:4]>>[CH3:2][C:12](=[O:4])[C:13](=[O:5])[O-:7].[NH3+:3][C@@H:15]([CH2:11][CH2:10][SH:9])[C:14](=[O:6])[O-:8].[NH4+:1],1,5,0.09
ecoli_31,[NH2:1][c:13]1[cH:8][cH:7][n:11]([C@@H:15]2[O:12][C@H:17]([CH2:9][OH:3])[C@@H:16]([OH:5])[C@H:18]2[OH:6])[c:14](=[O:2])[n:10]1.[OH2:4]>>[NH2:1][c:13]1[cH:8][cH:7][nH:11][c:14](=[O:2])[n:10]1.[OH:3][CH2:9][C@H:17]1[O:12][CH:15]([OH:4])[C@H:18]([OH:6])[C@@H:16]1[OH:5],1,2,0.09
ecoli_32,[CH3:2][c:42]1[cH:21][c:44]2[n:33][c:47]3[c:50](=[O:9])[nH:35][c:49](=[O:8])[n:34][c:46]-3[n:60]([CH2:29][C@H:58]([OH:19])[C@H:54]([OH:16])[C@H:56]([OH:18])[CH2:27][O:37][P:62](=[O:10])([OH:13])[O:39][P:63](=[O:11])([OH:14])[O:38][CH2:28][C@H:59]3[O:36][C@@H:57]([n:61]4[cH:23][n:31][c:51]5[c:48]([NH2:4])[n:30][cH:20][n:32][c:52]54)[C@H:53]([OH:15])[C@@H:55]3[OH:17])[c:45]2[cH:22][c:43]1[CH3:3].[NH3+:1][C@H:41]([CH2:26][CH2:25][CH2:24][NH3+:5])[C:40](=[O:6])[O-:12].[OH2:7]>>[CH3:2][c:42]1[cH:21][c:44]2[c:45]([cH:22][c:43]1[CH3:3])[N:60]([CH2:29][C@H:58]([OH:19])[C@H:54]([OH:16])[C@H:56]([OH:18])[CH2:27][O:37][P:62](=[O:10])([O-:13])[O:39][P:63](=[O:11])([O-:14])[O:38][CH2:28][C@H:59]1[O:36][C@@H:57]([n:61]3[cH:23][n:31][c:51]4[c:48]([NH2:4])[n:30][cH:20][n:32][c:52]43)[C@H:53]([OH:15])[C@@H:55]1[OH:17])[c:46]1[nH:34][c:49](=[O:8])[nH:35][c:50](=[O:9])[c:47]1[NH:33]2.[NH3+:5][CH2:24][CH2:25][CH2:26][C:41](=[O:7])[C:40](=[O:6])[O-:12].[NH4+:1],1,3,4.50
ecoli_33,[NH3+:1][C@@H:12]([CH2:8][CH2:7][CH2:9][C@H:13]([NH3+:2])[C:11](=[O:4])[O-:6])[C:10](=[O:3])[O-:5]>>[NH3+:1][C@H:12]([CH2:8][CH2:7][CH2:9][C@H:13]([NH3+:2])[C:11](=[O:4])[O-:6])[C:10](=[O:3])[O-:5],1,0,0.04
ecoli_34,[O:1]=[C:17]([O-:5])[C:18]([O:13][P:22](=[O:3])([O-:6])[O-:7])=[CH2:15].[O:4]=[P:23]([O-:8])([O-:9])[O:16][CH2:14][C@@H:20]([OH:11])[C@@H:19]([OH:10])[CH:21]=[O:12].[OH2:2]>>[O:1]=[C:17]([O-:5])[C:18](=[O:2])[CH2:15][C@@H:21]([OH:12])[C@H:19]([OH:10])[C@H:20]([OH:11])[CH2:14][O:16][P:23](=[O:4])([O-:8])[O-:9].[O:3]=[P:22]([O-:6])([O-:7])[OH:13],1,3,0.47
ecoli_35,[OH:1][C:9]([CH3:2])([CH3:3])[C@@H:8]([OH:5])[C:7](=[O:4])[O-:6]>>[CH3:2][CH:9]([CH3:3])[C:8](=[O:5])[C:7](=[O:4])[O-:6].[OH2:1],1,3,0.04
ecoli_36,[OH:1][C@:10]([CH3:3])([CH2:7][CH3:2])[C@@H:9]([OH:5])[C:8](=[O:4])[O-:6]>>[CH3:2][CH2:7][C@H:10]([CH3:3])[C:9](=[O:5])[C:8](=[O:4])[O-:6].[OH2:1],1,3,0.04
ecoli_37,[CH2:1]=[C:14]([O:3][P:16](=[O:5])([O-:7])[O-:8])[C:15](=[O:4])[O-:6].[O:2]=[C:13]([CH2:10][OH:9])[CH2:11][OH:12]>>[CH3:1][C:14](=[O:3])[C:15](=[O:4])[O-:6].[O:2]=[C:13]([CH2:10][OH:9])[CH2:11][O:12][P:16](=[O:5])([O-:7])[O-:8],1,3,0.11
ecoli_38,[NH2:1][c:15]1[n:11][c:16]2[c:17]([c:18](=[O:3])[nH:13]1)[N:10]=[C:14]([CH:8]([OH:5])[CH:6]([OH:2])[CH2:7][OH:4])[CH2:9][NH:12]2>>[NH2:1][c:15]1[n:11][c:16]2[c:17]([c:18](=[O:3])[nH:13]1)[N:10]=[C:14]([CH2:8][OH:5])[CH2:9][NH:12]2.[O:2]=[CH:6][CH2:7][OH:4],1,2,0.91
ecoli_39,[NH2:1][c:27]1[n:18][c:28]2[c:29]([c:30](=[O:3])[nH:21]1)[N:17]=[C:24]([CH2:15][O:10][P:32](=[O:5])([O-:9])[O:22][P:31](=[O:4])([O-:7])[O-:8])[CH2:16][NH:20]2.[O:2]=[C:23]([O-:6])[c:26]1[cH:13][cH:11][c:25]([NH2:19])[cH:12][cH:14]1>>[NH2:1][c:27]1[n:18][c:28]2[c:29]([c:30](=[O:3])[nH:21]1)[N:17]=[C:24]([CH2:15][NH:19][c:25]1[cH:11][cH:13][c:26]([C:23](=[O:2])[O-:6])[cH:14][cH:12]1)[CH2:16][NH:20]2.[O:4]=[P:31]([O-:7])([O-:8])[O:22][P:32](=[O:5])([O-:9])[OH:10],1,2,0.15
ecoli_40,[OH:1][C@H:13]([CH2:11][C:17](=[O:9])[C:14](=[O:2])[O-:4])[C@H:16]([OH:8])[C@H:15]([OH:7])[CH2:12][O:10][P:18](=[O:3])([O-:5])[O-:6]>>[O:1]=[C:13]1[CH2:11][C@@:17]([OH:9])([C:14](=[O:2])[O-:4])[CH2:12][C@@H:15]([OH:7])[C@@H:16]1[OH:8].[O:3]=[P:18]([O-:5])([O-:6])[OH:10],1,3,0.17
ecoli_41,[OH:1][C@@:11]1([C:9](=[O:2])[O-:4])[CH2:7][C:10](=[O:3])[C@@H:13]([OH:6])[C@H:12]([OH:5])[CH2:8]1>>[O:2]=[C:9]([O-:4])[C:11]1=[CH:7][C:10](=[O:3])[C@@H:13]([OH:6])[C@H:12]([OH:5])[CH2:8]1.[OH2:1],1,2,0.05
ecoli_42,[NH2:1][c:17]1[n:13][c:18]2[c:19]([c:20](=[O:2])[nH:15]1)[N:12]=[C:16]([CH:22]([OH:8])[CH:21]([OH:7])[CH2:11][O:4][P:23](=[O:3])([O-:5])[OH:9])[CH2:10][NH:14]2.[OH2:6]>>[NH2:1][c:17]1[n:13][c:18]2[c:19]([c:20](=[O:2])[nH:15]1)[N:12]=[C:16]([CH:22]([OH:8])[CH:21]([OH:7])[CH2:11][OH:6])[CH2:10][NH:14]2.[O:3]=[P:23]([O-:4])([O-:5])[OH:9],1,2,0.10
ecoli_43,[CH2:1]([C@H:10]([OH:2])[C@H:15]([OH:7])[CH2:11][O:12][P:16](=[O:5])([O-:8])[O-:9])[C:13](=[O:3])[C:14](=[O:4])[O-:6]>>[CH3:1][C:13](=[O:3])[C:14](=[O:4])[O-:6].[O:2]=[CH:10][CH:15]([OH:7])[CH2:11][O:12][P:16](=[O:5])([OH:8])[OH:9],1,2,0.09
ecoli_44,[OH:1][C@H:11]([C@@H:14]([OH:3])[C:13](=[O:2])[O-:5])[C@H:16]([OH:9])[C@H:15]([OH:8])[CH2:10][O:12][P:17](=[O:4])([O-:6])[O-:7]>>[O:2]=[C:13]([O-:5])[C:14](=[O:3])[CH2:11][C@H:16]([OH:9])[C@H:15]([OH:8])[CH2:10][O:12][P:17](=[O:4])([O-:6])[O-:7].[OH2:1],1,3,0.10
ecoli_45,[OH:1][CH2:2][C@@H:9]([O:8][P:11](=[O:4])([O-:6])[O-:7])[C:10](=[O:3])[O-:5]>>[CH2:2]=[C:9]([O:8][P:11](=[O:4])([O-:6])[O-:7])[C:10](=[O:3])[O-:5].[OH2:1],1,2,0.03
ecoli_46,[OH:1][C@H:9]1[C@H:10]([OH:4])[C@@:14]([OH:2])([CH2:11][OH:5])[O:6][C@@H:15]1[CH2:12][O:13][P:16](=[O:3])([O-:7])[O-:8]>>[O:1]=[CH:9][CH:15]([OH:6])[CH2:12][O:13][P:16](=[O:3])([OH:7])[OH:8].[O:2]=[C:14]([CH2:10][OH:4])[CH2:11][OH:5],1,3,0.08
ecoli_47,[OH:1][C@H:11]1[C@H:12]([OH:7])[C@@:17]([OH:2])([CH2:13][O:15][P:19](=[O:3])([O-:5])[O-:6])[O:8][C@@H:18]1[CH2:14][O:16][P:20](=[O:4])([O-:9])[O-:10]>>[O:1]=[CH:11][CH:18]([OH:8])[CH2:14][O:16][P:20](=[O:4])([OH:9])[OH:10].[O:2]=[C:17]([CH2:12][OH:7])[CH2:13][O:15][P:19](=[O:3])([O-:5])[O-:6],1,3,0.13
ecoli_48,[OH:1][C@@H:12]([C@H:13]([OH:9])[C:18](=[O:2])[CH2:14][O:16][P:21](=[O:3])([O-:5])[O-:6])[C@H:20]([OH:11])[C@H:19]([OH:10])[CH2:15][O:17][P:22](=[O:4])([O-:7])[O-:8]>>[O:1]=[CH:12][C@H:20]([OH:11])[C@H:19]([OH:10])[CH2:15][O:17][P:22](=[O:4])([O-:7])[O-:8].[O:2]=[C:18]([CH2:13][OH:9])[CH2:14][O:16][P:21](=[O:3])([O-:5])[O-:6],1,2,0.09
ecoli_49,[OH:1][C@H:11]1[C@H:12]([OH:7])[C@@:17]([OH:2])([CH2:13][O:15][P:19](=[O:3])([O-:5])[O-:6])[O:8][C@@H:18]1[CH2:14][O:16][P:20](=[O:4])([O-:9])[O-:10]>>[O:1]=[CH:11][CH:18]([OH:8])[CH2:14][O:16][P:20](=[O:4])([OH:9])[OH:10].[O:2]=[C:17]([CH2:12][OH:7])[CH2:13][O:15][P:19](=[O:3])([O-:5])[O-:6],1,3,0.12
ecoli_50,[O:1]=[P:11]([O-:2])([O-:3])[O:7][CH2:9][C@H:10]([OH:6])[CH2:8][OH:4].[OH2:5]>>[O:1]=[P:11]([O-:2])([O-:3])[OH:7].[OH:4][CH2:8][CH:10]([OH:6])[CH2:9][OH:5],1,2,0.03
ecoli_51,[O:1]=[CH:8][CH:10]([OH:6])[CH2:9][O:3][P:11](=[O:2])([OH:4])[OH:7].[OH2:5]>>[O:1]=[CH:8][C@H:10]([OH:6])[CH2:9][OH:5].[O:2]=[P:11]([O-:3])([O-:4])[OH:7],1,2,0.03
ecoli_52,[O:1]=[C:9]([CH2:6][CH2:4][CH2:5][NH3+:7])[C:8](=[O:2])[O-:3]>>[O:2]=[C:8]([O-:3])[C:9]1=[N:7][CH2:5][CH2:4][CH2:6]1.[OH2:1],1,2,0.05
ecoli_53,[NH2:1][C:37](=[O:3])[C:39]1=[CH:21][N:53]([C@@H:49]2[O:31][C@H:50]([CH2:25][O:34][P:55](=[O:6])([O-:11])[O:36][P:56](=[O:7])([O-:12])[O:35][CH2:26][C@H:51]3[O:32][C@@H:48]([n:52]4[cH:19][n:28][c:41]5[c:40]([NH2:2])[n:27][cH:17][n:29][c:42]54)[C@H:46]([O:33][P:54](=[O:5])([O-:9])[O-:10])[C@@H:45]3[OH:15])[C@@H:44]([OH:14])[C@H:43]2[OH:13])[CH:20]=[CH:16][CH2:18]1.[O:4]=[C:38]([O-:8])[C:47]1=[N:30][CH2:23][CH2:22][CH2:24]1>>[NH2:1][C:37](=[O:3])[c:39]1[cH:18][cH:16][cH:20][n+:53]([C@@H:49]2[O:31][C@H:50]([CH2:25][O:34][P:55](=[O:6])([O-:11])[O:36][P:56](=[O:7])([O-:12])[O:35][CH2:26][C@H:51]3[O:32][C@@H:48]([n:52]4[cH:19][n:28][c:41]5[c:40]([NH2:2])[n:27][cH:17][n:29][c:42]54)[C@H:46]([O:33][P:54](=[O:5])([O-:9])[O-:10])[C@@H:45]3[OH:15])[C@@H:44]([OH:14])[C@H:43]2[OH:13])[cH:21]1.[O:4]=[C:38]([O-:8])[C@@H:47]1[CH2:24][CH2:22][CH2:23][NH2+:30]1,1,2,0.70
ecoli_54,[NH2:1][c:28]1[n:20][cH:16][n:22][c:30]2[c:29]1[n:21][cH:17][n:37]2[C@@H:35]1[O:23][C@H:36]([CH2:19][O:25][P:40](=[O:6])([O-:12])[O:26][P:39](=[O:5])([O:10][P:38](=[O:4])([O-:8])[O-:9])[O-:11])[C@@H:32]([OH:14])[C@H:31]1[OH:13].[NH3+:2][C@H:34]([C:27](=[O:3])[O-:7])[C@H:33]([OH:15])[CH2:18][OH:24]>>[NH2:1][c:28]1[n:20][cH:16][n:22][c:30]2[c:29]1[n:21][cH:17][n:37]2[C@@H:35]1[O:23][C@H:36]([CH2:19][O:25][P:40](=[O:6])([O-:12])[O:26][P:39](=[O:5])([O-:10])[O-:11])[C@@H:32]([OH:14])[C@H:31]1[OH:13].[NH3+:2][C@H:34]([C:27](=[O:3])[O-:7])[C@H:33]([OH:15])[CH2:18][O:24][P:38](=[O:4])([O-:8])[O-:9],1,2,2.39
ecoli_55,[NH2:1][C:35](=[O:5])[c:36]1[cH:17][n+:48]([C@@H:44]2[O:29][C@H:46]([CH2:24][O:31][P:50](=[O:6])([O-:9])[O:33][P:51](=[O:7])([O-:10])[O:32][CH2:25][C@H:47]3[O:30][C@@H:45]([n:49]4[cH:19][n:27][c:38]5[c:37]([NH2:2])[n:26][cH:18][n:28][c:39]54)[C@H:41]([OH:12])[C@@H:43]3[OH:14])[C@@H:42]([OH:13])[C@H:40]2[OH:11])[cH:16][cH:15][cH:23]1.[NH3+:3][CH2:20][CH2:21][CH2:22][CH:34]=[O:4].[OH2:8]>>[NH2:1][C:35](=[O:5])[C:36]1=[CH:17][N:48]([C@@H:44]2[O:29][C@H:46]([CH2:24][O:31][P:50](=[O:6])([O-:9])[O:33][P:51](=[O:7])([O-:10])[O:32][CH2:25][C@H:47]3[O:30][C@@H:45]([n:49]4[cH:19][n:27][c:38]5[c:37]([NH2:2])[n:26][cH:18][n:28][c:39]54)[C@H:41]([OH:12])[C@@H:43]3[OH:14])[C@@H:42]([OH:13])[C@H:40]2[OH:11])[CH:16]=[CH:15][CH2:23]1.[NH3+:3][CH2:20][CH2:21][CH2:22][C:34](=[O:4])[O-:8],1,3,2.33
ecoli_56,[CH3:1][C:44](=[O:6])[S:21][CH2:24][CH2:25][NH:35][C:45](=[O:7])[CH2:28][CH2:26][NH:36][C:47](=[O:9])[C@H:56]([OH:20])[C:58]([CH3:2])([CH3:3])[CH2:31][O:41][P:61](=[O:12])([O-:18])[O:42][P:60](=[O:11])([O-:17])[O:40][CH2:30][C@H:55]1[O:38][C@@H:54]([n:57]2[cH:23][n:33][c:49]3[c:48]([NH2:4])[n:32][cH:22][n:34][c:50]32)[C@H:51]([OH:19])[C@@H:52]1[O:39][P:59](=[O:10])([O-:15])[O-:16].[O:5]=[C:43]([O-:13])[CH2:27][CH2:29][C@H:53]([NH3+:37])[C:46](=[O:8])[O-:14]>>[CH3:1][C:44](=[O:6])[NH:37][C@@H:53]([CH2:29][CH2:27][C:43](=[O:5])[O-:13])[C:46](=[O:8])[O-:14].[CH3:2][C:58]([CH3:3])([CH2:31][O:41][P:61](=[O:12])([O-:18])[O:42][P:60](=[O:11])([O-:17])[O:40][CH2:30][C@H:55]1[O:38][C@@H:54]([n:57]2[cH:23][n:33][c:49]3[c:48]([NH2:4])[n:32][cH:22][n:34][c:50]32)[C@H:51]([OH:19])[C@@H:52]1[O:39][P:59](=[O:10])([O-:15])[O-:16])[C@@H:56]([OH:20])[C:47](=[O:9])[NH:36][CH2:26][CH2:28][C:45](=[O:7])[NH:35][CH2:25][CH2:24][SH:21],1,2,0.49
ecoli_57,[CH3:1][CH2:10][C:13](=[O:8])[C:12](=[O:6])[O-:7].[CH3:2][C:11](=[O:5])[C:9]([O-:3])=[O:4]>>[CH3:1][CH2:10][C@:13]([OH:8])([C:11]([CH3:2])=[O:5])[C:12](=[O:6])[O-:7].[O:3]=[C:9]=[O:4],1,2,0.09
ecoli_58,[CH3:1][C:10](=[O:5])[C:9]([O-:3])=[O:4].[CH3:2][C:12](=[O:8])[C:11](=[O:6])[O-:7]>>[CH3:1][C:10](=[O:5])[C@:12]([CH3:2])([OH:8])[C:11](=[O:6])[O-:7].[O:3]=[C:9]=[O:4],1,2,0.08
ecoli_59,[CH2:1]=[C:12]([O:3][C@@H:8]1[CH:10]=[C:16]([C:14](=[O:5])[O-:7])[CH:11]=[CH:9][C@H:15]1[NH3+:2])[C:13](=[O:4])[O-:6]>>[CH3:1][C:12](=[O:3])[C:13](=[O:4])[O-:6].[NH2:2][c:15]1[cH:8][cH:10][c:16]([C:14](=[O:5])[O-:7])[cH:11][cH:9]1,1,3,0.30
ecoli_60,[NH2:1][c:9]1[n:7][cH:3][n:5][c:10]2[nH:6][cH:4][n:8][c:11]12.[OH2:2]>>[NH4+:1].[O:2]=[c:9]1[nH:7][cH:3][n:5][c:10]2[n:6][cH:4][nH:8][c:11]12,1,2,0.04
ecoli_61,[CH3:1][S@@+:27]([CH2:13][CH2:12][C@H:11]([NH3+:3])[C:8](=[O:4])[O-:5])[CH2:14][C@H:25]1[O:18][C@@H:24]([n:26]2[cH:10][n:16][c:20]3[c:19]([NH2:2])[n:15][cH:9][n:17][c:21]32)[C@H:22]([OH:6])[C@@H:23]1[OH:7]>>[CH3:1][S+:27]([CH2:13][CH2:12][CH2:11][NH3+:3])[CH2:14][C@H:25]1[O:18][C@@H:24]([n:26]2[cH:10][n:16][c:20]3[c:19]([NH2:2])[n:15][cH:9][n:17][c:21]32)[C@H:22]([OH:6])[C@@H:23]1[OH:7].[O:4]=[C:8]=[O:5],1,2,1.21
ecoli_62,[CH3:1][C:43](=[O:4])[NH:35][C@@H:55]([CH2:29][CH2:27][CH:44]=[O:5])[C:46](=[O:7])[O-:12].[NH2:2][C:45](=[O:6])[c:47]1[cH:24][n+:60]([C@@H:56]2[O:36][C@H:58]([CH2:30][O:40][P:64](=[O:10])([O-:17])[O:42][P:65](=[O:11])([O-:18])[O:41][CH2:31][C@H:59]3[O:37][C@@H:57]([n:61]4[cH:26][n:33][c:49]5[c:48]([NH2:3])[n:32][cH:25][n:34][c:50]54)[C@H:54]([O:39][P:63](=[O:9])([O-:15])[O-:16])[C@@H:53]3[OH:21])[C@@H:52]([OH:20])[C@H:51]2[OH:19])[cH:23][cH:22][cH:28]1.[O:8]=[P:62]([O-:13])([O-:14])[OH:38]>>[CH3:1][C:43](=[O:4])[NH:35][C@@H:55]([CH2:29][CH2:27][C:44](=[O:5])[O:38][P:62](=[O:8])([O-:13])[O-:14])[C:46](=[O:7])[O-:12].[NH2:2][C:45](=[O:6])[C:47]1=[CH:24][N:60]([C@@H:56]2[O:36][C@H:58]([CH2:30][O:40][P:64](=[O:10])([O-:17])[O:42][P:65](=[O:11])([O-:18])[O:41][CH2:31][C@H:59]3[O:37][C@@H:57]([n:61]4[cH:26][n:33][c:49]5[c:48]([NH2:3])[n:32][cH:25][n:34][c:50]54)[C@H:54]([O:39][P:63](=[O:9])([O-:15])[O-:16])[C@@H:53]3[OH:21])[C@@H:52]([OH:20])[C@H:51]2[OH:19])[CH:23]=[CH:22][CH2:28]1,1,3,4.06
ecoli_63,[NH2:1][C:33](=[O:3])[C:34]1=[CH:20][N:48]([C@@H:44]2[O:29][C@H:46]([CH2:24][O:31][P:50](=[O:5])([O-:7])[O:32][P:49](=[O:4])([O-:6])[O:30][CH2:23][C@H:45]3[O:28][C@@H:43]([n:47]4[cH:18][n:26][c:36]5[c:35]([NH2:2])[n:25][cH:16][n:27][c:37]54)[C@H:39]([OH:11])[C@@H:41]3[OH:13])[C@@H:42]([OH:14])[C@H:40]2[OH:12])[CH:19]=[CH:15][CH2:17]1.[O:8]=[CH:21][C@H:38]([OH:10])[CH2:22][OH:9]>>[NH2:1][C:33](=[O:3])[c:34]1[cH:17][cH:15][cH:19][n+:48]([C@@H:44]2[O:29][C@H:46]([CH2:24][O:31][P:50](=[O:5])([O-:7])[O:32][P:49](=[O:4])([O-:6])[O:30][CH2:23][C@H:45]3[O:28][C@@H:43]([n:47]4[cH:18][n:26][c:36]5[c:35]([NH2:2])[n:25][cH:16][n:27][c:37]54)[C@H:39]([OH:11])[C@@H:41]3[OH:13])[C@@H:42]([OH:14])[C@H:40]2[OH:12])[cH:20]1.[OH:8][CH2:21][CH:38]([OH:10])[CH2:22][OH:9],1,2,3.61
ecoli_64,[NH2:1][C:36](=[O:3])[C:37]1=[CH:22][N:51]([C@@H:47]2[O:30][C@H:48]([CH2:25][O:33][P:53](=[O:5])([O-:9])[O:35][P:54](=[O:6])([O-:10])[O:34][CH2:26][C@H:49]3[O:31][C@@H:46]([n:50]4[cH:20][n:28][c:39]5[c:38]([NH2:2])[n:27][cH:18][n:29][c:40]54)[C@H:45]([O:32][P:52](=[O:4])([O-:7])[O-:8])[C@@H:44]3[OH:16])[C@@H:43]([OH:15])[C@H:42]2[OH:14])[CH:21]=[CH:17][CH2:19]1.[O:11]=[CH:23][C@H:41]([OH:13])[CH2:24][OH:12]>>[NH2:1][C:36](=[O:3])[c:37]1[cH:19][cH:17][cH:21][n+:51]([C@@H:47]2[O:30][C@H:48]([CH2:25][O:33][P:53](=[O:5])([O-:9])[O:35][P:54](=[O:6])([O-:10])[O:34][CH2:26][C@H:49]3[O:31][C@@H:46]([n:50]4[cH:20][n:28][c:39]5[c:38]([NH2:2])[n:27][cH:18][n:29][c:40]54)[C@H:45]([O:32][P:52](=[O:4])([O-:7])[O-:8])[C@@H:44]3[OH:16])[C@@H:43]([OH:15])[C@H:42]2[OH:14])[cH:22]1.[OH:11][CH2:23][CH:41]([OH:13])[CH2:24][OH:12],1,2,0.66
ecoli_65,[CH3:1][CH2:22][CH:35]=[O:4].[NH2:2][C:36](=[O:5])[c:37]1[cH:19][n+:49]([C@@H:45]2[O:29][C@H:47]([CH2:24][O:32][P:52](=[O:7])([O-:12])[O:34][P:53](=[O:8])([O-:13])[O:33][CH2:25][C@H:48]3[O:30][C@@H:46]([n:50]4[cH:21][n:27][c:39]5[c:38]([NH2:3])[n:26][cH:20][n:28][c:40]54)[C@H:44]([O:31][P:51](=[O:6])([O-:10])[O-:11])[C@@H:43]3[OH:16])[C@@H:42]([OH:15])[C@H:41]2[OH:14])[cH:18][cH:17][cH:23]1.[OH2:9]>>[CH3:1][CH2:22][C:35](=[O:4])[O-:9].[NH2:2][C:36](=[O:5])[C:37]1=[CH:19][N:49]([C@@H:45]2[O:29][C@H:47]([CH2:24][O:32][P:52](=[O:7])([O-:12])[O:34][P:53](=[O:8])([O-:13])[O:33][CH2:25][C@H:48]3[O:30][C@@H:46]([n:50]4[cH:21][n:27][c:39]5[c:38]([NH2:3])[n:26][cH:20][n:28][c:40]54)[C@H:44]([O:31][P:51](=[O:6])([O-:10])[O-:11])[C@@H:43]3[OH:16])[C@@H:42]([OH:15])[C@H:41]2[OH:14])[CH:18]=[CH:17][CH2:23]1,1,3,0.45
ecoli_66,[CH3:1][C:35](=[O:4])[CH:23]=[O:13].[NH2:2][C:36](=[O:5])[C:37]1=[CH:22][N:50]([C@@H:46]2[O:29][C@H:47]([CH2:24][O:32][P:52](=[O:7])([O-:11])[O:34][P:53](=[O:8])([O-:12])[O:33][CH2:25][C@H:48]3[O:30][C@@H:45]([n:49]4[cH:20][n:27][c:39]5[c:38]([NH2:3])[n:26][cH:18][n:28][c:40]54)[C@H:44]([O:31][P:51](=[O:6])([O-:9])[O-:10])[C@@H:43]3[OH:16])[C@@H:42]([OH:15])[C@H:41]2[OH:14])[CH:21]=[CH:17][CH2:19]1>>[CH3:1][C:35](=[O:4])[CH2:23][OH:13].[NH2:2][C:36](=[O:5])[c:37]1[cH:19][cH:17][cH:21][n+:50]([C@@H:46]2[O:29][C@H:47]([CH2:24][O:32][P:52](=[O:7])([O-:11])[O:34][P:53](=[O:8])([O-:12])[O:33][CH2:25][C@H:48]3[O:30][C@@H:45]([n:49]4[cH:20][n:27][c:39]5[c:38]([NH2:3])[n:26][cH:18][n:28][c:40]54)[C@H:44]([O:31][P:51](=[O:6])([O-:9])[O-:10])[C@@H:43]3[OH:16])[C@@H:42]([OH:15])[C@H:41]2[OH:14])[cH:22]1,1,2,0.48
ecoli_67,[CH3:1][C:43](=[O:14])[CH2:21][OH:9].[NH2:2][C:32](=[O:4])[C:33]1=[CH:20][N:47]([C@@H:42]2[O:28][C@H:45]([CH2:23][O:30][P:49](=[O:6])([O-:8])[O:31][P:48](=[O:5])([O-:7])[O:29][CH2:22][C@H:44]3[O:27][C@@H:41]([n:46]4[cH:18][n:25][c:35]5[c:34]([NH2:3])[n:24][cH:16][n:26][c:36]54)[C@H:37]([OH:10])[C@@H:39]3[OH:12])[C@@H:40]([OH:13])[C@H:38]2[OH:11])[CH:19]=[CH:15][CH2:17]1>>[CH3:1][C@@H:43]([OH:14])[CH2:21][OH:9].[NH2:2][C:32](=[O:4])[c:33]1[cH:17][cH:15][cH:19][n+:47]([C@@H:42]2[O:28][C@H:45]([CH2:23][O:30][P:49](=[O:6])([O-:8])[O:31][P:48](=[O:5])([O-:7])[O:29][CH2:22][C@H:44]3[O:27][C@@H:41]([n:46]4[cH:18][n:25][c:35]5[c:34]([NH2:3])[n:24][cH:16][n:26][c:36]54)[C@H:37]([OH:10])[C@@H:39]3[OH:12])[C@@H:40]([OH:13])[C@H:38]2[OH:11])[cH:20]1,1,2,2.71
ecoli_68,[NH2:1][C:12](=[NH2+:2])[NH:11][CH2:10][CH2:9][CH2:8][C@H:7]([NH3+:3])[C:6]([O-:4])=[O:5]>>[NH2:1][C:12](=[NH2+:2])[NH:11][CH2:10][CH2:9][CH2:8][CH2:7][NH3+:3].[O:4]=[C:6]=[O:5],1,2,0.05
ecoli_69,[NH2:1][C:36](=[O:20])[NH:31][CH2:24][CH2:23][CH2:26][C@H:47]([NH3+:3])[C:39](=[O:6])[O-:17].[NH2:2][c:40]1[n:28][cH:21][n:30][c:42]2[c:41]1[n:29][cH:22][n:49]2[C@@H:46]1[O:33][C@H:48]([CH2:27][O:34][P:50](=[O:7])([O:10][P:52](=[O:9])([O-:14])[O:35][P:51](=[O:8])([O-:12])[O-:13])[O-:11])[C@@H:44]([OH:19])[C@H:43]1[OH:18].[O:4]=[C:37]([O-:15])[CH2:25][C@H:45]([NH3+:32])[C:38](=[O:5])[O-:16]>>[NH2:2][c:40]1[n:28][cH:21][n:30][c:42]2[c:41]1[n:29][cH:22][n:49]2[C@@H:46]1[O:33][C@H:48]([CH2:27][O:34][P:50](=[O:7])([O-:10])[O-:11])[C@@H:44]([OH:19])[C@H:43]1[OH:18].[NH:1]=[C:36]([NH:31][CH2:24][CH2:23][CH2:26][C@H:47]([NH2:3])[C:39](=[O:6])[OH:17])[NH:32][C@@H:45]([CH2:25][C:37](=[O:4])[OH:15])[C:38](=[O:5])[OH:16].[O:8]=[P:51]([O-:12])([O-:13])[O:35][P:52](=[O:9])([O-:14])[OH:20],1,4,3.05
ecoli_70,[NH2:1][C:41](=[O:5])[c:43]1[cH:23][n+:56]([C@@H:51]2[O:33][C@H:54]([CH2:28][O:37][P:60](=[O:9])([O-:16])[O:39][P:61](=[O:10])([O-:17])[O:38][CH2:29][C@H:55]3[O:34][C@@H:52]([n:57]4[cH:25][n:31][c:45]5[c:44]([NH2:2])[n:30][cH:24][n:32][c:46]54)[C@H:50]([O:36][P:59](=[O:8])([O-:14])[O-:15])[C@@H:49]3[OH:20])[C@@H:48]([OH:19])[C@H:47]2[OH:18])[cH:22][cH:21][cH:26]1.[NH3+:3][C@@H:53]([CH2:27][CH:40]=[O:4])[C:42](=[O:6])[O-:11].[O:7]=[P:58]([O-:12])([O-:13])[OH:35]>>[NH2:1][C:41](=[O:5])[C:43]1=[CH:23][N:56]([C@@H:51]2[O:33][C@H:54]([CH2:28][O:37][P:60](=[O:9])([O-:16])[O:39][P:61](=[O:10])([O-:17])[O:38][CH2:29][C@H:55]3[O:34][C@@H:52]([n:57]4[cH:25][n:31][c:45]5[c:44]([NH2:2])[n:30][cH:24][n:32][c:46]54)[C@H:50]([O:36][P:59](=[O:8])([O-:14])[O-:15])[C@@H:49]3[OH:20])[C@@H:48]([OH:19])[C@H:47]2[OH:18])[CH:22]=[CH:21][CH2:26]1.[NH3+:3][C@@H:53]([CH2:27][C:40](=[O:4])[O:35][P:58](=[O:7])([O-:12])[O-:13])[C:42](=[O:6])[O-:11],1,3,3.62
ecoli_71,[NH2:1][C:35](=[O:5])[CH2:25][CH2:26][C@H:45]([NH3+:3])[C:37](=[O:7])[O-:13].[NH2:2][c:39]1[n:29][cH:23][n:31][c:41]2[c:40]1[n:30][cH:24][n:48]2[C@@H:44]1[O:32][C@H:47]([CH2:28][O:33][P:49](=[O:9])([O:15][P:51](=[O:11])([O-:19])[O:34][P:50](=[O:10])([O-:17])[O-:18])[O-:16])[C@@H:43]([OH:21])[C@H:42]1[OH:20].[NH3+:4][C@@H:46]([CH2:27][C:36](=[O:6])[O-:12])[C:38](=[O:8])[O-:14].[OH2:22]>>[NH2:1][C:35](=[O:5])[CH2:27][C@H:46]([NH3+:4])[C:38](=[O:8])[O-:14].[NH2:2][c:39]1[n:29][cH:23][n:31][c:41]2[c:40]1[n:30][cH:24][n:48]2[C@@H:44]1[O:32][C@H:47]([CH2:28][O:33][P:49](=[O:9])([O-:15])[O-:16])[C@@H:43]([OH:21])[C@H:42]1[OH:20].[NH3+:3][C@@H:45]([CH2:26][CH2:25][C:36](=[O:6])[O-:12])[C:37](=[O:7])[O-:13].[O:10]=[P:50]([O-:17])([O-:18])[O:34][P:51](=[O:11])([O-:19])[OH:22],1,6,2.45
ecoli_72,[NH3+:1][C@H:7]([C:6]([O-:2])=[O:3])[CH2:8][C:9](=[O:4])[O-:5]>>[NH3+:1][CH2:7][CH2:8][C:9](=[O:4])[O-:5].[O:2]=[C:6]=[O:3],1,2,0.02
ecoli_73,[NH3+:1][C@@H:13]([CH2:12][C:16](=[O:4])[O-:8])[C:17](=[O:5])[O-:9].[O:2]=[C:14]([O-:6])/[CH:10]=[CH:11]/[C:15](=[O:3])[O-:7]>>[NH2+:1]=[C:13]([CH2:12][C:16](=[O:4])[O-:8])[C:17](=[O:5])[O-:9].[O:2]=[C:14]([O-:6])[CH2:10][CH2:11][C:15](=[O:3])[O-:7],1,3,0.61
ecoli_74,[CH3:1][C@H:37]([OH:6])[C@H:43]([NH3+:4])[C:38](=[O:7])[O-:11].[NH2:2][C:36](=[O:5])[c:39]1[cH:21][n+:52]([C@@H:48]2[O:30][C@H:50]([CH2:25][O:33][P:55](=[O:9])([O-:14])[O:35][P:56](=[O:10])([O-:15])[O:34][CH2:26][C@H:51]3[O:31][C@@H:49]([n:53]4[cH:23][n:28][c:41]5[c:40]([NH2:3])[n:27][cH:22][n:29][c:42]54)[C@H:47]([O:32][P:54](=[O:8])([O-:12])[O-:13])[C@@H:46]3[OH:18])[C@@H:45]([OH:17])[C@H:44]2[OH:16])[cH:20][cH:19][cH:24]1>>[CH3:1][C:37](=[O:6])[C@H:43]([NH3+:4])[C:38](=[O:7])[O-:11].[NH2:2][C:36](=[O:5])[C:39]1=[CH:21][N:52]([C@@H:48]2[O:30][C@H:50]([CH2:25][O:33][P:55](=[O:9])([O-:14])[O:35][P:56](=[O:10])([O-:15])[O:34][CH2:26][C@H:51]3[O:31][C@@H:49]([n:53]4[cH:23][n:28][c:41]5[c:40]([NH2:3])[n:27][cH:22][n:29][c:42]54)[C@H:47]([O:32][P:54](=[O:8])([O-:12])[O-:13])[C@@H:46]3[OH:18])[C@@H:45]([OH:17])[C@H:44]2[OH:16])[CH:20]=[CH:19][CH2:24]1,1,2,2.89
ecoli_75,[NH2:1][c:22]1[n:17][cH:12][n:16][c:24]2[c:23]1[n:15][cH:13][n:29]2[C@@H:27]1[O:18][C@H:28]([CH2:14][O:19][P:31](=[O:4])([O-:8])[O:21][P:32](=[O:5])([O-:9])[O:20][P:30](=[O:3])([O-:6])[O-:7])[C@@H:26]([OH:11])[C@H:25]1[OH:10].[OH2:2]>>[NH4+:1].[O:2]=[c:22]1[nH:17][cH:12][n:16][c:24]2[c:23]1[n:15][cH:13][n:29]2[C@@H:27]1[O:18][C@H:28]([CH2:14][O:19][P:31](=[O:4])([O-:8])[O:21][P:32](=[O:5])([O-:9])[O:20][P:30](=[O:3])([O-:6])[O-:7])[C@@H:26]([OH:11])[C@H:25]1[OH:10],1,2,0.16
ecoli_76,[CH3:1][C@@:59]([CH2:30][OH:17])([OH:37])[C@H:54]([OH:22])[CH2:27][O:39][P:63](=[O:8])([O-:15])[O:42][P:64](=[O:9])([O-:16])[O:40][CH2:28][C@H:55]1[O:35][C@@H:52]([n:57]2[cH:25][cH:24][c:43]([NH2:2])[n:32][c:45]2=[O:4])[C@H:48]([OH:18])[C@@H:50]1[OH:20].[NH2:3][c:44]1[n:31][cH:23][n:34][c:47]2[c:46]1[n:33][cH:26][n:58]2[C@@H:53]1[O:36][C@H:56]([CH2:29][O:38][P:62](=[O:7])([O-:14])[O:41][P:61](=[O:6])([O:12][P:60](=[O:5])([O-:10])[O-:11])[O-:13])[C@@H:51]([OH:21])[C@H:49]1[OH:19]>>[CH3:1][C@@:59]([CH2:30][OH:17])([O:37][P:60](=[O:5])([O-:10])[O-:11])[C@H:54]([OH:22])[CH2:27][O:39][P:63](=[O:8])([O-:15])[O:42][P:64](=[O:9])([O-:16])[O:40][CH2:28][C@H:55]1[O:35][C@@H:52]([n:57]2[cH:25][cH:24][c:43]([NH2:2])[n:32][c:45]2=[O:4])[C@H:48]([OH:18])[C@@H:50]1[OH:20].[NH2:3][c:44]1[n:31][cH:23][n:34][c:47]2[c:46]1[n:33][cH:26][n:58]2[C@@H:53]1[O:36][C@H:56]([CH2:29][O:38][P:62](=[O:7])([O-:14])[O:41][P:61](=[O:6])([O-:12])[O-:13])[C@@H:51]([OH:21])[C@H:49]1[OH:19],1,2,2.69
ecoli_77,[CH3:1][C:58]([CH3:2])([CH2:32][O:41][P:61](=[O:11])([O-:18])[O:42][P:60](=[O:10])([O-:17])[O:40][CH2:29][C@H:54]1[O:38][C@@H:53]([n:56]2[cH:24][n:34][c:49]3[c:48]([NH2:3])[n:33][cH:23][n:35][c:50]32)[C@H:51]([OH:19])[C@@H:52]1[O:39][P:59](=[O:9])([O-:15])[O-:16])[C@@H:55]([OH:20])[C:46](=[O:7])[NH:37][CH2:27][CH2:28][C:45](=[O:6])[NH:36][CH2:26][CH2:25][S:22][C:43](=[O:4])[CH3:30].[O:5]=[C:44]([O-:13])[CH2:31][C:57](=[O:21])[C:47](=[O:8])[O-:14].[OH2:12]>>[CH3:1][C:58]([CH3:2])([CH2:32][O:41][P:61](=[O:11])([O-:18])[O:42][P:60](=[O:10])([O-:17])[O:40][CH2:29][C@H:54]1[O:38][C@@H:53]([n:56]2[cH:24][n:34][c:49]3[c:48]([NH2:3])[n:33][cH:23][n:35][c:50]32)[C@H:51]([OH:19])[C@@H:52]1[O:39][P:59](=[O:9])([O-:15])[O-:16])[C@@H:55]([OH:20])[C:46](=[O:7])[NH:37][CH2:27][CH2:28][C:45](=[O:6])[NH:36][CH2:26][CH2:25][SH:22].[O:4]=[C:43]([O-:12])[CH2:30][C:57]([OH:21])([CH2:31][C:44](=[O:5])[O-:13])[C:47](=[O:8])[O-:14],1,4,3.38
ecoli_78,[CH3:1][C:9](=[O:3])[O:5][CH2:8][C@H:11]([NH3+:2])[C:10](=[O:4])[O-:6].[SH-:7]>>[CH3:1][C:9](=[O:3])[O-:5].[NH3+:2][C@@H:11]([CH2:8][SH:7])[C:10](=[O:4])[O-:6],1,2,0.05
ecoli_79,[NH2:1][c:12]1[cH:7][cH:8][n:18]([C@@H:16]2[O:11][C@H:17]([CH2:9][OH:4])[C@@H:15]([OH:6])[C@H:14]2[OH:5])[c:13](=[O:3])[n:10]1.[OH2:2]>>[NH4+:1].[O:2]=[c:12]1[cH:7][cH:8][n:18]([C@@H:16]2[O:11][C@H:17]([CH2:9][OH:4])[C@@H:15]([OH:6])[C@H:14]2[OH:5])[c:13](=[O:3])[nH:10]1,1,2,0.10
ecoli_80,[NH3+:1][C@H:8]([C:7]([O-:3])=[O:4])[CH2:9][CH2:10][CH2:11][C@@H:13]([NH3+:2])[C:12](=[O:5])[O-:6]>>[NH3+:1][CH2:8][CH2:9][CH2:10][CH2:11][C@H:13]([NH3+:2])[C:12](=[O:5])[O-:6].[O:3]=[C:7]=[O:4],1,2,0.06
ecoli_81,[NH2:1][c:27]1[n:19][cH:14][n:21][c:29]2[c:28]1[n:20][cH:15][n:34]2[CH:33]1[O:22][CH:30]([CH2:18][O:24][P:37](=[O:5])([O-:10])[O:25][P:36](=[O:4])([O:8][P:35](=[O:3])([O-:6])[O-:7])[O-:9])[CH:31]([OH:12])[CH:32]1[OH:13].[O:2]=[C:26]([CH2:16][OH:11])[CH2:17][OH:23]>>[NH2:1][c:27]1[n:19][cH:14][n:21][c:29]2[c:28]1[n:20][cH:15][n:34]2[CH:33]1[O:22][CH:30]([CH2:18][O:24][P:37](=[O:5])([O-:10])[O:25][P:36](=[O:4])([O-:8])[O-:9])[CH:31]([OH:12])[CH:32]1[OH:13].[O:2]=[C:26]([CH2:16][OH:11])[CH2:17][O:23][P:35](=[O:3])([O-:6])[O-:7],1,2,1.32
ecoli_82,[NH2:1][C:40](=[O:4])[C:43]1=[CH:23][N:57]([C@@H:53]2[O:33][C@H:54]([CH2:27][O:36][P:59](=[O:7])([O-:13])[O:38][P:60](=[O:8])([O-:14])[O:37][CH2:28][C@H:55]3[O:34][C@@H:52]([n:56]4[cH:21][n:31][c:45]5[c:44]([NH2:2])[n:30][cH:19][n:32][c:46]54)[C@H:50]([O:35][P:58](=[O:6])([O-:11])[O-:12])[C@@H:49]3[OH:17])[C@@H:48]([OH:16])[C@H:47]2[OH:15])[CH:22]=[CH:18][CH2:20]1.[O:3]=[C:39]([O-:9])[C:42]1=[N:29][C@H:51]([C:41](=[O:5])[O-:10])[CH2:26][CH:24]=[CH:25]1>>[NH2:1][C:40](=[O:4])[c:43]1[cH:20][cH:18][cH:22][n+:57]([C@@H:53]2[O:33][C@H:54]([CH2:27][O:36][P:59](=[O:7])([O-:13])[O:38][P:60](=[O:8])([O-:14])[O:37][CH2:28][C@H:55]3[O:34][C@@H:52]([n:56]4[cH:21][n:31][c:45]5[c:44]([NH2:2])[n:30][cH:19][n:32][c:46]54)[C@H:50]([O:35][P:58](=[O:6])([O-:11])[O-:12])[C@@H:49]3[OH:17])[C@@H:48]([OH:16])[C@H:47]2[OH:15])[cH:23]1.[O:3]=[C:39]([O-:9])[C:42]1=[N:29][C@H:51]([C:41](=[O:5])[O-:10])[CH2:26][CH2:24][CH2:25]1,1,3,3.68
ecoli_83,[O:1]=[CH:7][CH2:9][CH:14]([NH3+:10])[C:12](=[O:4])[O-:6].[O:2]=[C:13]([CH3:8])[C:11](=[O:3])[O-:5]>>[O:3]=[C:11]([O-:5])[C:13]1=[N:10][CH:14]([C:12](=[O:4])[O-:6])[CH2:9][CH:7]=[CH:8]1.[OH2:1].[OH2:2],1,6,0.06
ecoli_84,[NH2:1][c:49]1[n:32][c:50]2[c:51]([c:53](=[O:6])[nH:39]1)[N:31]=[C:46]([CH2:27][NH:36][c:47]1[cH:21][cH:23][c:48]([C:44](=[O:4])[O-:15])[cH:24][cH:22]1)[CH2:28][NH:37]2.[NH2:2][c:52]1[n:33][cH:20][n:35][c:55]2[c:54]1[n:34][cH:25][n:61]2[C@@H:59]1[O:40][C@H:60]([CH2:30][O:41][P:64](=[O:9])([O-:16])[O:42][P:63](=[O:8])([O-:14])[O:19][P:62](=[O:7])([O-:12])[O-:13])[C@@H:57]([OH:18])[C@H:56]1[OH:17].[O:3]=[C:43]([O-:10])[CH2:26][CH2:29][C@H:58]([NH3+:38])[C:45](=[O:5])[O-:11]>>[NH2:1][c:49]1[n:32][c:50]2[c:51]([c:53](=[O:6])[nH:39]1)[N:31]=[C:46]([CH2:27][NH:36][c:47]1[cH:21][cH:23][c:48]([C:44](=[O:4])[NH:38][C@@H:58]([CH2:29][CH2:26][C:43](=[O:3])[O-:10])[C:45](=[O:5])[O-:11])[cH:24][cH:22]1)[CH2:28][NH:37]2.[NH2:2][c:52]1[n:33][cH:20][n:35][c:55]2[c:54]1[n:34][cH:25][n:61]2[C@@H:59]1[O:40][C@H:60]([CH2:30][O:41][P:64](=[O:9])([O-:16])[O:42][P:63](=[O:8])([O-:14])[O-:15])[C@@H:57]([OH:18])[C@H:56]1[OH:17].[O:7]=[P:62]([O-:12])([O-:13])[OH:19],1,4,3.77
ecoli_85,[NH2:1][C:53](=[O:5])[C:57]1=[CH:30][N:77]([C@@H:73]2[O:46][C@H:74]([CH2:35][O:49][P:79](=[O:10])([O-:16])[O:51][P:80](=[O:11])([O-:17])[O:50][CH2:36][C@H:75]3[O:47][C@@H:72]([n:76]4[cH:28][n:39][c:64]5[c:62]([NH2:3])[n:38][cH:22][n:40][c:65]54)[C@H:70]([O:48][P:78](=[O:9])([O-:14])[O-:15])[C@@H:69]3[OH:20])[C@@H:68]([OH:19])[C@H:67]2[OH:18])[CH:29]=[CH:21][CH2:25]1.[NH2:2][c:59]1[n:37][c:60]2[c:61]([c:63](=[O:8])[nH:45]1)[N:43]=[C:66]([CH2:32][NH:41][c:56]1[cH:23][cH:26][c:58]([C:54](=[O:6])[NH:44][C@@H:71]([CH2:34][CH2:31][C:52](=[O:4])[O-:12])[C:55](=[O:7])[O-:13])[cH:27][cH:24]1)[CH2:33][NH:42]2>>[NH2:1][C:53](=[O:5])[c:57]1[cH:25][cH:21][cH:29][n+:77]([C@@H:73]2[O:46][C@H:74]([CH2:35][O:49][P:79](=[O:10])([O-:16])[O:51][P:80](=[O:11])([O-:17])[O:50][CH2:36][C@H:75]3[O:47][C@@H:72]([n:76]4[cH:28][n:39][c:64]5[c:62]([NH2:3])[n:38][cH:22][n:40][c:65]54)[C@H:70]([O:48][P:78](=[O:9])([O-:14])[O-:15])[C@@H:69]3[OH:20])[C@@H:68]([OH:19])[C@H:67]2[OH:18])[cH:30]1.[NH2:2][c:59]1[n:37][c:60]2[c:61]([c:63](=[O:8])[nH:45]1)[NH:43][C@@H:66]([CH2:32][NH:41][c:56]1[cH:23][cH:26][c:58]([C:54](=[O:6])[NH:44][C@@H:71]([CH2:34][CH2:31][C:52](=[O:4])[O-:12])[C:55](=[O:7])[O-:13])[cH:27][cH:24]1)[CH2:33][NH:42]2,1,2,4.64
ecoli_86,[CH3:1][C:55]([CH3:2])([CH2:28][OH:15])[C:52](=[O:19])[C:39](=[O:6])[O-:10].[NH2:3][C:38](=[O:5])[C:40]1=[CH:25][N:54]([C@@H:49]2[O:32][C@H:50]([CH2:26][O:35][P:57](=[O:8])([O-:13])[O:37][P:58](=[O:9])([O-:14])[O:36][CH2:27][C@H:51]3[O:33][C@@H:48]([n:53]4[cH:23][n:30][c:42]5[c:41]([NH2:4])[n:29][cH:21][n:31][c:43]54)[C@H:47]([O:34][P:56](=[O:7])([O-:11])[O-:12])[C@@H:46]3[OH:18])[C@@H:45]([OH:17])[C@H:44]2[OH:16])[CH:24]=[CH:20][CH2:22]1>>[CH3:1][C:55]([CH3:2])([CH2:28][OH:15])[C@@H:52]([OH:19])[C:39](=[O:6])[O-:10].[NH2:3][C:38](=[O:5])[c:40]1[cH:22][cH:20][cH:24][n+:54]([C@@H:49]2[O:32][C@H:50]([CH2:26][O:35][P:57](=[O:8])([O-:13])[O:37][P:58](=[O:9])([O-:14])[O:36][CH2:27][C@H:51]3[O:33][C@@H:48]([n:53]4[cH:23][n:30][c:42]5[c:41]([NH2:4])[n:29][cH:21][n:31][c:43]54)[C@H:47]([O:34][P:56](=[O:7])([O-:11])[O-:12])[C@@H:46]3[OH:18])[C@@H:45]([OH:17])[C@H:44]2[OH:16])[cH:25]1,1,2,0.56
ecoli_87,[CH3:1][C:57](=[O:20])[C@@H:30]([OH:15])[C@H:52]([OH:19])[CH2:27][O:36][P:58](=[O:5])([O-:9])[O-:10].[NH2:2][C:41](=[O:4])[C:42]1=[CH:26][N:56]([C@@H:51]2[O:34][C@H:53]([CH2:28][O:38][P:60](=[O:7])([O-:13])[O:40][P:61](=[O:8])([O-:14])[O:39][CH2:29][C@H:54]3[O:35][C@@H:50]([n:55]4[cH:24][n:32][c:44]5[c:43]([NH2:3])[n:31][cH:22][n:33][c:45]54)[C@H:49]([O:37][P:59](=[O:6])([O-:11])[O-:12])[C@@H:48]3[OH:18])[C@@H:47]([OH:17])[C@H:46]2[OH:16])[CH:25]=[CH:21][CH2:23]1>>[CH3:1][C@:57]([OH:20])([CH2:30][OH:15])[C@H:52]([OH:19])[CH2:27][O:36][P:58](=[O:5])([O-:9])[O-:10].[NH2:2][C:41](=[O:4])[c:42]1[cH:23][cH:21][cH:25][n+:56]([C@@H:51]2[O:34][C@H:53]([CH2:28][O:38][P:60](=[O:7])([O-:13])[O:40][P:61](=[O:8])([O-:14])[O:39][CH2:29][C@H:54]3[O:35][C@@H:50]([n:55]4[cH:24][n:32][c:44]5[c:43]([NH2:3])[n:31][cH:22][n:33][c:45]54)[C@H:49]([O:37][P:59](=[O:6])([O-:11])[O-:12])[C@@H:48]3[OH:18])[C@@H:47]([OH:17])[C@H:46]2[OH:16])[cH:26]1,1,4,3.37
ecoli_88,[CH3:1][C:13](=[O:4])[C:10]([O-:2])=[O:3].[O:5]=[P:16]([OH:6])([OH:7])[O:12][CH2:11][CH:14]([OH:8])[CH:15]=[O:9]>>[CH3:1][C:13](=[O:4])[C@@H:15]([OH:9])[C@H:14]([OH:8])[CH2:11][O:12][P:16](=[O:5])([O-:6])[O-:7].[O:2]=[C:10]=[O:3],1,2,0.12
ecoli_89,[NH2:1][C:37](=[O:3])[c:39]1[cH:21][n+:53]([C@@H:48]2[O:31][C@H:50]([CH2:26][O:34][P:56](=[O:6])([O-:11])[O:36][P:57](=[O:7])([O-:12])[O:35][CH2:27][C@H:51]3[O:32][C@@H:49]([n:54]4[cH:23][n:29][c:41]5[c:40]([NH2:2])[n:28][cH:22][n:30][c:42]54)[C@H:44]([OH:14])[C@@H:46]3[OH:16])[C@@H:45]([OH:15])[C@H:43]2[OH:13])[cH:20][cH:19][cH:24]1.[O:4]=[CH:38][C@H:52]([OH:18])[C@H:47]([OH:17])[CH2:25][O:33][P:55](=[O:5])([O-:9])[O-:10].[OH2:8]>>[NH2:1][C:37](=[O:3])[C:39]1=[CH:21][N:53]([C@@H:48]2[O:31][C@H:50]([CH2:26][O:34][P:56](=[O:6])([O-:11])[O:36][P:57](=[O:7])([O-:12])[O:35][CH2:27][C@H:51]3[O:32][C@@H:49]([n:54]4[cH:23][n:29][c:41]5[c:40]([NH2:2])[n:28][cH:22][n:30][c:42]54)[C@H:44]([OH:14])[C@@H:46]3[OH:16])[C@@H:45]([OH:15])[C@H:43]2[OH:13])[CH:20]=[CH:19][CH2:24]1.[O:4]=[C:38]([O-:8])[C@H:52]([OH:18])[C@H:47]([OH:17])[CH2:25][O:33][P:55](=[O:5])([O-:9])[O-:10],1,3,3.76
ecoli_90,[CH3:1][C:46](=[O:5])[S:23][CH2:26][CH2:27][NH:36][C:47](=[O:6])[CH2:29][CH2:28][NH:37][C:48](=[O:7])[C@H:61]([OH:22])[C:63]([CH3:2])([CH3:3])[CH2:32][O:44][P:67](=[O:11])([O-:17])[O:45][P:66](=[O:10])([O-:16])[O:43][CH2:31][C@H:60]1[O:40][C@@H:58]([n:62]2[cH:25][n:34][c:50]3[c:49]([NH2:4])[n:33][cH:24][n:35][c:51]32)[C@H:53]([OH:19])[C@@H:57]1[O:42][P:65](=[O:9])([O-:14])[O-:15].[O:8]=[P:64]([O-:12])([O-:13])[O:41][C@H:52]1[O:39][C@H:59]([CH2:30][OH:18])[C@@H:55]([OH:21])[C@H:54]([OH:20])[C@H:56]1[NH3+:38]>>[CH3:1][C:46](=[O:5])[NH:38][C@H:56]1[C@@H:52]([O:41][P:64](=[O:8])([O-:12])[O-:13])[O:39][C@H:59]([CH2:30][OH:18])[C@@H:55]([OH:21])[C@@H:54]1[OH:20].[CH3:2][C:63]([CH3:3])([CH2:32][O:44][P:67](=[O:11])([O-:17])[O:45][P:66](=[O:10])([O-:16])[O:43][CH2:31][C@H:60]1[O:40][C@@H:58]([n:62]2[cH:25][n:34][c:50]3[c:49]([NH2:4])[n:33][cH:24][n:35][c:51]32)[C@H:53]([OH:19])[C@@H:57]1[O:42][P:65](=[O:9])([O-:14])[O-:15])[C@@H:61]([OH:22])[C:48](=[O:7])[NH:37][CH2:28][CH2:29][C:47](=[O:6])[NH:36][CH2:27][CH2:26][SH:23],1,2,0.66
ecoli_91,[NH2:1][C:40](=[O:4])[c:41]1[cH:21][n+:53]([C@@H:49]2[O:32][C@H:51]([CH2:27][O:36][P:57](=[O:7])([O-:13])[O:38][P:58](=[O:8])([O-:14])[O:37][CH2:28][C@H:52]3[O:33][C@@H:50]([n:54]4[cH:23][n:30][c:43]5[c:42]([NH2:2])[n:29][cH:22][n:31][c:44]54)[C@H:48]([O:35][P:56](=[O:6])([O-:11])[O-:12])[C@@H:47]3[OH:18])[C@@H:46]([OH:17])[C@H:45]2[OH:16])[cH:20][cH:19][cH:26]1.[OH:3][C@H:39]([CH2:24][OH:15])[CH2:25][O:34][P:55](=[O:5])([O-:9])[O-:10]>>[NH2:1][C:40](=[O:4])[C:41]1=[CH:21][N:53]([C@@H:49]2[O:32][C@H:51]([CH2:27][O:36][P:57](=[O:7])([O-:13])[O:38][P:58](=[O:8])([O-:14])[O:37][CH2:28][C@H:52]3[O:33][C@@H:50]([n:54]4[cH:23][n:30][c:43]5[c:42]([NH2:2])[n:29][cH:22][n:31][c:44]54)[C@H:48]([O:35][P:56](=[O:6])([O-:11])[O-:12])[C@@H:47]3[OH:18])[C@@H:46]([OH:17])[C@H:45]2[OH:16])[CH:20]=[CH:19][CH2:26]1.[O:3]=[C:39]([CH2:24][OH:15])[CH2:25][O:34][P:55](=[O:5])([O-:9])[O-:10],1,2,5.35
ecoli_92,[O:1]=[CH:4][CH2:5][CH2:6][C@H:9]([NH3+:7])[C:8](=[O:2])[O-:3]>>[O:2]=[C:8]([O-:3])[C@@H:9]1[CH2:6][CH2:5][CH:4]=[N:7]1.[OH2:1],1,2,0.03
ecoli_93,[NH2:1][C:42](=[O:5])[C:44]1=[CH:28][N:58]([C@@H:53]2[O:36][C@H:55]([CH2:31][O:39][P:61](=[O:9])([O-:16])[O:41][P:62](=[O:10])([O-:17])[O:40][CH2:32][C@H:56]3[O:37][C@@H:52]([n:57]4[cH:26][n:34][c:46]5[c:45]([NH2:2])[n:33][cH:24][n:35][c:47]54)[C@H:51]([O:38][P:60](=[O:8])([O-:14])[O-:15])[C@@H:50]3[OH:20])[C@@H:49]([OH:19])[C@H:48]2[OH:18])[CH:27]=[CH:23][CH2:25]1.[NH3+:3][C@@H:54]([CH2:30][CH2:29][C:22](=[O:4])[O:21][P:59](=[O:7])([O-:12])[O-:13])[C:43](=[O:6])[O-:11]>>[NH2:1][C:42](=[O:5])[c:44]1[cH:25][cH:23][cH:27][n+:58]([C@@H:53]2[O:36][C@H:55]([CH2:31][O:39][P:61](=[O:9])([O-:16])[O:41][P:62](=[O:10])([O-:17])[O:40][CH2:32][C@H:56]3[O:37][C@@H:52]([n:57]4[cH:26][n:34][c:46]5[c:45]([NH2:2])[n:33][cH:24][n:35][c:47]54)[C@H:51]([O:38][P:60](=[O:8])([O-:14])[O-:15])[C@@H:50]3[OH:20])[C@@H:49]([OH:19])[C@H:48]2[OH:18])[cH:28]1.[NH3+:3][C@@H:54]([CH2:30][CH2:29][CH:22]=[O:4])[C:43](=[O:6])[O-:11].[O:7]=[P:59]([O-:12])([O-:13])[OH:21],1,3,0.63
ecoli_94,[NH2:1][C:41](=[O:3])[c:43]1[cH:23][n+:59]([C@@H:53]2[O:33][C@H:55]([CH2:27][O:38][P:63](=[O:7])([O-:13])[O:40][P:64](=[O:8])([O-:14])[O:39][CH2:29][C@H:57]3[O:35][C@@H:54]([n:60]4[cH:25][n:31][c:45]5[c:44]([NH2:2])[n:30][cH:24][n:32][c:46]54)[C@H:52]([O:37][P:62](=[O:6])([O-:11])[O-:12])[C@@H:50]3[OH:18])[C@@H:48]([OH:16])[C@H:47]2[OH:15])[cH:22][cH:21][cH:26]1.[OH:4][CH:42]1[O:34][C@H:56]([CH2:28][O:36][P:61](=[O:5])([O-:9])[O-:10])[C@@H:49]([OH:17])[C@H:51]([OH:19])[C@H:58]1[OH:20]>>[NH2:1][C:41](=[O:3])[C:43]1=[CH:23][N:59]([C@@H:53]2[O:33][C@H:55]([CH2:27][O:38][P:63](=[O:7])([O-:13])[O:40][P:64](=[O:8])([O-:14])[O:39][CH2:29][C@H:57]3[O:35][C@@H:54]([n:60]4[cH:25][n:31][c:45]5[c:44]([NH2:2])[n:30][cH:24][n:32][c:46]54)[C@H:52]([O:37][P:62](=[O:6])([O-:11])[O-:12])[C@@H:50]3[OH:18])[C@@H:48]([OH:16])[C@H:47]2[OH:15])[CH:22]=[CH:21][CH2:26]1.[O:4]=[C:42]1[O:34][C@H:56]([CH2:28][O:36][P:61](=[O:5])([O-:9])[O-:10])[C@@H:49]([OH:17])[C@H:51]([OH:19])[C@H:58]1[OH:20],1,2,3.93
ecoli_95,[O:1]=[c:30]1[cH:19][cH:20][n:41]([CH:40]2[O:25][CH:33]([CH2:22][O:27][P:44](=[O:5])([O-:10])[O:18][P:43](=[O:4])([O-:9])[O:26][P:42](=[O:3])([O-:7])[O-:8])[CH:36]([OH:14])[CH:39]2[OH:17])[c:31](=[O:2])[nH:23]1.[O:6]=[P:45]([O-:11])([O:28][CH:34]1[O:24][CH:32]([CH2:21][OH:12])[CH:35]([OH:13])[CH:38]([OH:16])[CH:37]1[OH:15])[O-:29]>>[O:1]=[c:30]1[cH:19][cH:20][n:41]([CH:40]2[O:25][CH:33]([CH2:22][O:27][P:44](=[O:5])([O-:10])[O:29][P:45](=[O:6])([O-:11])[O:28][CH:34]3[O:24][CH:32]([CH2:21][OH:12])[CH:35]([OH:13])[CH:38]([OH:16])[CH:37]3[OH:15])[CH:36]([OH:14])[CH:39]2[OH:17])[c:31](=[O:2])[nH:23]1.[O:3]=[P:42]([O-:7])([O-:8])[O:26][P:43](=[O:4])([O-:9])[OH:18],1,2,2.30
ecoli_96,[NH2:1][C:39](=[O:3])[c:41]1[cH:22][n+:54]([C@@H:50]2[O:32][C@H:52]([CH2:27][O:36][P:58](=[O:7])([O-:13])[O:38][P:59](=[O:8])([O-:14])[O:37][CH2:28][C@H:53]3[O:33][C@@H:51]([n:55]4[cH:24][n:30][c:43]5[c:42]([NH2:2])[n:29][cH:23][n:31][c:44]54)[C@H:46]([OH:16])[C@@H:48]3[OH:18])[C@@H:47]([OH:17])[C@H:45]2[OH:15])[cH:21][cH:20][cH:25]1.[O:4]=[CH:40][CH:49]([OH:19])[CH2:26][O:34][P:56](=[O:5])([OH:9])[OH:10].[O:6]=[P:57]([O-:11])([O-:12])[OH:35]>>[NH2:1][C:39](=[O:3])[C:41]1=[CH:22][N:54]([C@@H:50]2[O:32][C@H:52]([CH2:27][O:36][P:58](=[O:7])([O-:13])[O:38][P:59](=[O:8])([O-:14])[O:37][CH2:28][C@H:53]3[O:33][C@@H:51]([n:55]4[cH:24][n:30][c:43]5[c:42]([NH2:2])[n:29][cH:23][n:31][c:44]54)[C@H:46]([OH:16])[C@@H:48]3[OH:18])[C@@H:47]([OH:17])[C@H:45]2[OH:15])[CH:21]=[CH:20][CH2:25]1.[O:4]=[C:40]([O:35][P:57](=[O:6])([O-:11])[O-:12])[C@H:49]([OH:19])[CH2:26][O:34][P:56](=[O:5])([O-:9])[O-:10],1,3,4.66
ecoli_97,[NH2:1][c:42]1[n:26][c:43]2[c:44]([c:45](=[O:7])[nH:33]1)[NH:30][C@@H:46]([CH2:22][N:28]([CH:15]=[O:2])[c:40]1[cH:16][cH:18][c:41]([C:38](=[O:5])[NH:31][C@@H:49]([CH2:24][CH2:20][C:36](=[O:3])[O-:9])[C:39](=[O:6])[O-:10])[cH:19][cH:17]1)[CH2:23][NH:29]2.[O:4]=[C:37]([CH2:21][NH3+:27])[NH:32][C@@H:50]1[O:34][C@H:51]([CH2:25][O:35][P:52](=[O:8])([O-:11])[O-:12])[C@@H:48]([OH:14])[C@H:47]1[OH:13]>>[NH2:1][c:42]1[n:26][c:43]2[c:44]([c:45](=[O:7])[nH:33]1)[NH:30][C@@H:46]([CH2:22][NH:28][c:40]1[cH:16][cH:18][c:41]([C:38](=[O:5])[NH:31][C@@H:49]([CH2:24][CH2:20][C:36](=[O:3])[O-:9])[C:39](=[O:6])[O-:10])[cH:19][cH:17]1)[CH2:23][NH:29]2.[O:2]=[CH:15][NH:27][CH2:21][C:37](=[O:4])[NH:32][C@@H:50]1[O:34][C@H:51]([CH2:25][O:35][P:52](=[O:8])([O-:11])[O-:12])[C@@H:48]([OH:14])[C@H:47]1[OH:13],1,2,2.33
ecoli_98,[NH2:1][c:37]1[n:26][cH:21][n:28][c:39]2[c:38]1[n:27][cH:22][n:48]2[C@@H:45]1[O:32][C@H:47]([CH2:25][O:34][P:52](=[O:7])([O-:14])[O:35][P:51](=[O:6])([O-:13])[O:19][P:49](=[O:4])([O-:8])[O-:9])[C@@H:43]([OH:18])[C@H:41]1[OH:16].[O:2]=[CH:20][O-:12].[O:3]=[C:36]([CH2:23][NH3+:29])[NH:30][C@@H:44]1[O:31][C@H:46]([CH2:24][O:33][P:50](=[O:5])([O-:10])[O-:11])[C@@H:42]([OH:17])[C@H:40]1[OH:15]>>[NH2:1][c:37]1[n:26][cH:21][n:28][c:39]2[c:38]1[n:27][cH:22][n:48]2[C@@H:45]1[O:32][C@H:47]([CH2:25][O:34][P:52](=[O:7])([O-:14])[O:35][P:51](=[O:6])([O-:12])[O-:13])[C@@H:43]([OH:18])[C@H:41]1[OH:16].[O:2]=[CH:20][NH:29][CH2:23][C:36](=[O:3])[NH:30][C@@H:44]1[O:31][C@H:46]([CH2:24][O:33][P:50](=[O:5])([O-:10])[O-:11])[C@@H:42]([OH:17])[C@H:40]1[OH:15].[O:4]=[P:49]([O-:8])([O-:9])[OH:19],1,4,2.53
ecoli_99,[NH2:2][c:31]1[n:23][cH:18][n:25][c:33]2[c:32]1[n:24][cH:19][n:39]2[C@@H:36]1[O:26][C@H:38]([CH2:22][O:27][P:42](=[O:8])([O-:14])[O:28][P:41](=[O:7])([O-:12])[O:17][P:40](=[O:6])([O-:10])[O-:11])[C@@H:35]([OH:16])[C@H:34]1[OH:15].[NH3+:3][C@@H:37]([CH2:21][CH2:20][C:29](=[O:4])[O-:13])[C:30](=[O:5])[O-:9].[NH4+:1]>>[NH2:1][C:29](=[O:4])[CH2:20][CH2:21][C@H:37]([NH3+:3])[C:30](=[O:5])[O-:9].[NH2:2][c:31]1[n:23][cH:18][n:25][c:33]2[c:32]1[n:24][cH:19][n:39]2[C@@H:36]1[O:26][C@H:38]([CH2:22][O:27][P:42](=[O:8])([O-:14])[O:28][P:41](=[O:7])([O-:12])[O-:13])[C@@H:35]([OH:16])[C@H:34]1[OH:15].[O:6]=[P:40]([O-:10])([O-:11])[OH:17],1,4,2.04
ecoli_100,[NH3+:1][C@H:7]([C:6]([O-:2])=[O:3])[CH2:8][CH2:9][C:10](=[O:4])[O-:5]>>[NH3+:1][CH2:7][CH2:8][CH2:9][C:10](=[O:4])[O-:5].[O:2]=[C:6]=[O:3],1,2,0.05
ecoli_101,[NH2:2][C:37](=[O:5])[c:40]1[cH:20][n+:52]([C@@H:48]2[O:31][C@H:50]([CH2:26][O:33][P:54](=[O:8])([O-:12])[O:35][P:55](=[O:9])([O-:13])[O:34][CH2:27][C@H:51]3[O:32][C@@H:49]([n:53]4[cH:22][n:29][c:42]5[c:41]([NH2:3])[n:28][cH:21][n:30][c:43]54)[C@H:45]([OH:15])[C@@H:47]3[OH:17])[C@@H:46]([OH:16])[C@H:44]2[OH:14])[cH:19][cH:18][cH:25]1.[NH3+:1][C@@H:39]([CH2:24][CH2:23][C:36](=[O:4])[O-:10])[C:38](=[O:6])[O-:11].[OH2:7]>>[NH2:2][C:37](=[O:5])[C:40]1=[CH:20][N:52]([C@@H:48]2[O:31][C@H:50]([CH2:26][O:33][P:54](=[O:8])([O-:12])[O:35][P:55](=[O:9])([O-:13])[O:34][CH2:27][C@H:51]3[O:32][C@@H:49]([n:53]4[cH:22][n:29][c:42]5[c:41]([NH2:3])[n:28][cH:21][n:30][c:43]54)[C@H:45]([OH:15])[C@@H:47]3[OH:17])[C@@H:46]([OH:16])[C@H:44]2[OH:14])[CH:19]=[CH:18][CH2:25]1.[NH4+:1].[O:4]=[C:36]([O-:10])[CH2:23][CH2:24][C:39](=[O:7])[C:38](=[O:6])[O-:11],1,4,3.20
ecoli_102,[NH2:2][C:40](=[O:5])[c:43]1[cH:22][n+:55]([C@@H:51]2[O:33][C@H:53]([CH2:28][O:36][P:58](=[O:9])([O-:15])[O:38][P:59](=[O:10])([O-:16])[O:37][CH2:29][C@H:54]3[O:34][C@@H:52]([n:56]4[cH:24][n:31][c:45]5[c:44]([NH2:3])[n:30][cH:23][n:32][c:46]54)[C@H:50]([O:35][P:57](=[O:8])([O-:13])[O-:14])[C@@H:49]3[OH:19])[C@@H:48]([OH:18])[C@H:47]2[OH:17])[cH:21][cH:20][cH:27]1.[NH3+:1][C@@H:42]([CH2:26][CH2:25][C:39](=[O:4])[O-:11])[C:41](=[O:6])[O-:12].[OH2:7]>>[NH2:2][C:40](=[O:5])[C:43]1=[CH:22][N:55]([C@@H:51]2[O:33][C@H:53]([CH2:28][O:36][P:58](=[O:9])([O-:15])[O:38][P:59](=[O:10])([O-:16])[O:37][CH2:29][C@H:54]3[O:34][C@@H:52]([n:56]4[cH:24][n:31][c:45]5[c:44]([NH2:3])[n:30][cH:23][n:32][c:46]54)[C@H:50]([O:35][P:57](=[O:8])([O-:13])[O-:14])[C@@H:49]3[OH:19])[C@@H:48]([OH:18])[C@H:47]2[OH:17])[CH:21]=[CH:20][CH2:27]1.[NH4+:1].[O:4]=[C:39]([O-:11])[CH2:25][CH2:26][C:42](=[O:7])[C:41](=[O:6])[O-:12],1,4,3.39
ecoli_103,[O-:1][C:7](=[O:2])[CH:8]=[O:3].[O:4]=[C:9]([O-:5])[CH:10]=[O:6]>>[O:1]=[C:7]=[O:2].[O:3]=[CH:8][CH:10]([OH:6])[C:9](=[O:4])[O-:5],1,2,0.06
ecoli_104,[NH2:1][C:34](=[O:4])[c:35]1[cH:17][n+:47]([C@@H:43]2[O:28][C@H:45]([CH2:23][O:30][P:49](=[O:5])([O-:7])[O:32][P:50](=[O:6])([O-:8])[O:31][CH2:24][C@H:46]3[O:29][C@@H:44]([n:48]4[cH:19][n:26][c:37]5[c:36]([NH2:2])[n:25][cH:18][n:27][c:38]54)[C@H:40]([OH:12])[C@@H:42]3[OH:14])[C@@H:41]([OH:13])[C@H:39]2[OH:11])[cH:16][cH:15][cH:22]1.[OH:3][CH:33]([CH2:20][OH:9])[CH2:21][OH:10]>>[NH2:1][C:34](=[O:4])[C:35]1=[CH:17][N:47]([C@@H:43]2[O:28][C@H:45]([CH2:23][O:30][P:49](=[O:5])([O-:7])[O:32][P:50](=[O:6])([O-:8])[O:31][CH2:24][C@H:46]3[O:29][C@@H:44]([n:48]4[cH:19][n:26][c:37]5[c:36]([NH2:2])[n:25][cH:18][n:27][c:38]54)[C@H:40]([OH:12])[C@@H:42]3[OH:14])[C@@H:41]([OH:13])[C@H:39]2[OH:11])[CH:16]=[CH:15][CH2:22]1.[O:3]=[C:33]([CH2:20][OH:9])[CH2:21][OH:10],1,2,3.98
ecoli_105,[NH2:1][c:27]1[n:19][cH:15][n:21][c:29]2[c:28]1[n:20][cH:16][n:35]2[C@@H:33]1[O:22][C@H:34]([CH2:18][O:24][P:38](=[O:5])([O-:11])[O:25][P:37](=[O:4])([O:9][P:36](=[O:3])([O-:7])[O-:8])[O-:10])[C@@H:31]([OH:13])[C@H:30]1[OH:12].[O:2]=[C:26]([O-:6])[C@H:32]([OH:14])[CH2:17][OH:23]>>[NH2:1][c:27]1[n:19][cH:15][n:21][c:29]2[c:28]1[n:20][cH:16][n:35]2[C@@H:33]1[O:22][C@H:34]([CH2:18][O:24][P:38](=[O:5])([O-:11])[O:25][P:37](=[O:4])([O-:9])[O-:10])[C@@H:31]([OH:13])[C@H:30]1[OH:12].[O:2]=[C:26]([O-:6])[C@H:32]([OH:14])[CH2:17][O:23][P:36](=[O:3])([O-:7])[O-:8],1,2,1.35
ecoli_106,[NH2:1][c:27]1[n:19][cH:15][n:21][c:29]2[c:28]1[n:20][cH:16][n:35]2[C@@H:32]1[O:22][C@H:34]([CH2:18][O:24][P:38](=[O:5])([O-:11])[O:25][P:37](=[O:4])([O:9][P:36](=[O:3])([O-:7])[O-:8])[O-:10])[C@@H:31]([OH:14])[C@H:30]1[OH:13].[O:2]=[C:26]([O-:6])[C@@H:33]([CH2:17][OH:12])[OH:23]>>[NH2:1][c:27]1[n:19][cH:15][n:21][c:29]2[c:28]1[n:20][cH:16][n:35]2[C@@H:32]1[O:22][C@H:34]([CH2:18][O:24][P:38](=[O:5])([O-:11])[O:25][P:37](=[O:4])([O-:9])[O-:10])[C@@H:31]([OH:14])[C@H:30]1[OH:13].[O:2]=[C:26]([O-:6])[C@@H:33]([CH2:17][OH:12])[O:23][P:36](=[O:3])([O-:7])[O-:8],1,2,1.49
ecoli_107,[NH2:1][c:26]1[n:19][cH:14][n:21][c:28]2[c:27]1[n:20][cH:15][n:34]2[C@@H:32]1[O:22][C@H:33]([CH2:18][O:24][P:37](=[O:4])([O-:9])[O:25][P:36](=[O:3])([O:7][P:35](=[O:2])([O-:5])[O-:6])[O-:8])[C@@H:31]([OH:13])[C@H:30]1[OH:12].[OH:10][CH2:16][CH:29]([OH:11])[CH2:17][OH:23]>>[NH2:1][c:26]1[n:19][cH:14][n:21][c:28]2[c:27]1[n:20][cH:15][n:34]2[C@@H:32]1[O:22][C@H:33]([CH2:18][O:24][P:37](=[O:4])([O-:9])[O:25][P:36](=[O:3])([O-:7])[O-:8])[C@@H:31]([OH:13])[C@H:30]1[OH:12].[O:2]=[P:35]([O-:5])([O-:6])[O:23][CH2:17][C@H:29]([OH:11])[CH2:16][OH:10],1,2,1.18
ecoli_108,[CH3:1][C:6](=[O:4])[CH:5]=[O:2].[OH2:3]>>[CH3:1][CH:6]([OH:4])[C:5](=[O:2])[O-:3],1,3,0.02
ecoli_109,[NH2:1][c:23]1[n:35][c:52]2[c:51]([n:34][cH:25][n:66]2[C@@H:60]2[O:38][C@H:63]([CH2:29][O:41][P:69](=[O:6])([O-:10])[O-:11])[C@@H:56]([OH:18])[C@H:54]2[OH:16])[c:49](=[O:5])[nH:37]1.[NH2:2][C:46](=[O:4])[C:47]1=[CH:28][N:68]([C@@H:62]2[O:39][C@H:64]([CH2:30][O:43][P:71](=[O:8])([O-:14])[O:45][P:72](=[O:9])([O-:15])[O:44][CH2:31][C@H:65]3[O:40][C@@H:61]([n:67]4[cH:26][n:33][c:50]5[c:48]([NH2:3])[n:32][cH:22][n:36][c:53]54)[C@H:59]([O:42][P:70](=[O:7])([O-:12])[O-:13])[C@@H:58]3[OH:20])[C@@H:57]([OH:19])[C@H:55]2[OH:17])[CH:27]=[CH:21][CH2:24]1>>[NH2:2][C:46](=[O:4])[c:47]1[cH:24][cH:21][cH:27][n+:68]([C@@H:62]2[O:39][C@H:64]([CH2:30][O:43][P:71](=[O:8])([O-:14])[O:45][P:72](=[O:9])([O-:15])[O:44][CH2:31][C@H:65]3[O:40][C@@H:61]([n:67]4[cH:26][n:33][c:50]5[c:48]([NH2:3])[n:32][cH:22][n:36][c:53]54)[C@H:59]([O:42][P:70](=[O:7])([O-:12])[O-:13])[C@@H:58]3[OH:20])[C@@H:57]([OH:19])[C@H:55]2[OH:17])[cH:28]1.[NH4+:1].[O:5]=[c:49]1[nH:37][cH:23][n:35][c:52]2[c:51]1[n:34][cH:25][n:66]2[C@@H:60]1[O:38][C@H:63]([CH2:29][O:41][P:69](=[O:6])([O-:10])[O-:11])[C@@H:56]([OH:18])[C@H:54]1[OH:16],1,3,1.54
ecoli_110,[NH2:2][c:37]1[n:25][cH:20][n:28][c:41]2[c:39]1[n:26][cH:21][n:51]2[C@@H:47]1[O:31][C@H:49]([CH2:23][O:33][P:53](=[O:4])([O:8][P:56](=[O:7])([O-:14])[O:35][P:55](=[O:6])([O-:12])[O-:13])[O-:9])[C@@H:45]([OH:17])[C@H:43]1[OH:15].[NH4+:1].[O:3]=[c:38]1[nH:30][c:36](=[O:19])[nH:29][c:42]2[c:40]1[n:27][cH:22][n:52]2[C@@H:48]1[O:32][C@H:50]([CH2:24][O:34][P:54](=[O:5])([O-:10])[O-:11])[C@@H:46]([OH:18])[C@H:44]1[OH:16]>>[NH2:1][c:36]1[n:29][c:42]2[c:40]([n:27][cH:22][n:52]2[C@@H:48]2[O:32][C@H:50]([CH2:24][O:34][P:54](=[O:5])([O-:10])[O-:11])[C@@H:46]([OH:18])[C@H:44]2[OH:16])[c:38](=[O:3])[nH:30]1.[NH2:2][c:37]1[n:25][cH:20][n:28][c:41]2[c:39]1[n:26][cH:21][n:51]2[C@@H:47]1[O:31][C@H:49]([CH2:23][O:33][P:53](=[O:4])([O-:8])[O-:9])[C@@H:45]([OH:17])[C@H:43]1[OH:15].[O:6]=[P:55]([O-:12])([O-:13])[O:35][P:56](=[O:7])([O-:14])[OH:19],1,4,2.44
ecoli_111,[NH2:3][C:45](=[O:6])[CH2:30][CH2:31][C@H:60]([NH3+:5])[C:46](=[O:7])[O-:14].[NH2:4][c:48]1[n:34][cH:27][n:37][c:52]2[c:50]1[n:35][cH:28][n:63]2[C@@H:58]1[O:40][C@H:61]([CH2:32][O:42][P:65](=[O:9])([O-:16])[O:26][P:68](=[O:12])([O-:21])[O:44][P:67](=[O:11])([O-:19])[O-:20])[C@@H:56]([OH:24])[C@H:54]1[OH:22].[O:8]=[c:49]1[nH:39][c:47](=[O:13])[nH:38][c:53]2[c:51]1[n:36][cH:29][n:64]2[C@@H:59]1[O:41][C@H:62]([CH2:33][O:43][P:66](=[O:10])([O-:17])[O-:18])[C@@H:57]([OH:25])[C@H:55]1[OH:23].[OH2:15]>>[H+].[H+].[NH2:3][c:47]1[n:38][c:53]2[c:51]([n:36][cH:29][n:64]2[C@@H:59]2[O:41][C@H:62]([CH2:33][O:43][P:66](=[O:10])([O-:17])[O-:18])[C@@H:57]([OH:25])[C@H:55]2[OH:23])[c:49](=[O:8])[nH:39]1.[NH2:4][c:48]1[n:34][cH:27][n:37][c:52]2[c:50]1[n:35][cH:28][n:63]2[C@@H:58]1[O:40][C@H:61]([CH2:32][O:42][P:65](=[O:9])([O-:15])[O-:16])[C@@H:56]([OH:24])[C@H:54]1[OH:22].[NH3+:5][C@@H:60]([CH2:31][CH2:30][C:45](=[O:6])[O-:13])[C:46](=[O:7])[O-:14].[O:11]=[P:67]([O-:19])([O-:20])[O:44][P:68](=[O:12])([O-:21])[OH:26],1,8,5.37
ecoli_112,[NH2:1][c:32]1[n:25][c:38]2[c:36]([n:23][cH:18][n:48]2[C@@H:44]2[O:28][C@H:46]([CH2:20][OH:29])[C@@H:42]([OH:15])[C@H:40]2[OH:13])[c:34](=[O:3])[nH:26]1.[NH2:2][c:33]1[n:21][cH:16][n:24][c:37]2[c:35]1[n:22][cH:17][n:47]2[C@@H:43]1[O:27][C@H:45]([CH2:19][O:30][P:51](=[O:6])([O-:11])[O:31][P:50](=[O:5])([O:9][P:49](=[O:4])([O-:7])[O-:8])[O-:10])[C@@H:41]([OH:14])[C@H:39]1[OH:12]>>[NH2:1][c:32]1[n:25][c:38]2[c:36]([n:23][cH:18][n:48]2[C@@H:44]2[O:28][C@H:46]([CH2:20][O:29][P:49](=[O:4])([O-:7])[O-:8])[C@@H:42]([OH:15])[C@H:40]2[OH:13])[c:34](=[O:3])[nH:26]1.[NH2:2][c:33]1[n:21][cH:16][n:24][c:37]2[c:35]1[n:22][cH:17][n:47]2[C@@H:43]1[O:27][C@H:45]([CH2:19][O:30][P:51](=[O:6])([O-:11])[O:31][P:50](=[O:5])([O-:9])[O-:10])[C@@H:41]([OH:14])[C@H:39]1[OH:12],1,2,2.10
ecoli_113,[NH2:1][c:25]1[n:18][c:26]2[n:19]([C@@H:15]3[O:12][C@H:29]([CH2:16][O:21][P:32](=[O:5])([O-:10])[O:23][P:33](=[O:6])([O-:11])[O:22][P:31](=[O:4])([O-:8])[O-:9])[C@@H:30]([OH:13])[C@H:24]3[OH:2])[cH:14][n:17][c:27]2[c:28](=[O:3])[nH:20]1.[OH2:7]>>[NH2:1][c:25]1[n:18][c:26]2[c:27]([c:28](=[O:3])[nH:20]1)[N:17]=[C:24]([C@H:30]([OH:13])[C@H:29]([OH:12])[CH2:16][O:21][P:32](=[O:5])([O-:10])[O:23][P:33](=[O:6])([O-:11])[O:22][P:31](=[O:4])([O-:8])[O-:9])[CH2:15][NH:19]2.[O:2]=[CH:14][O-:7],1,9,2.42
ecoli_114,[NH2:1][c:22]1[nH:16][c:23](=[O:3])[c:24]2[n:15][cH:13][n:30]([C@@H:28]3[O:18][C@H:29]([CH2:14][O:19][P:32](=[O:5])([O-:9])[O:21][P:33](=[O:6])([O-:10])[O:20][P:31](=[O:4])([O-:7])[O-:8])[C@@H:27]([OH:12])[C@H:26]3[OH:11])[c:25]2[n:17]1.[OH2:2]>>[NH4+:1].[O:2]=[c:22]1[nH:16][c:23](=[O:3])[c:24]2[n:15][cH:13][n:30]([C@@H:28]3[O:18][C@H:29]([CH2:14][O:19][P:32](=[O:5])([O-:9])[O:21][P:33](=[O:6])([O-:10])[O:20][P:31](=[O:4])([O-:7])[O-:8])[C@@H:27]([OH:12])[C@H:26]3[OH:11])[c:25]2[nH:17]1,1,2,0.15
ecoli_115,[CH3:1][S@@+:23]([CH2:14][CH2:16][C@H:33]([NH3+:4])[C:25](=[O:6])[O-:8])[CH2:17][C@H:34]1[O:21][C@@H:31]([n:35]2[cH:12][n:19][c:27]3[c:26]([NH2:2])[n:18][cH:11][n:20][c:28]32)[C@H:29]([OH:9])[C@@H:30]1[OH:10].[NH3+:3][C@@H:32]([CH2:15][CH2:13][SH:22])[C:24](=[O:5])[O-:7]>>[CH3:1][S:22][CH2:13][CH2:15][C@H:32]([NH3+:3])[C:24](=[O:5])[O-:7].[NH2:2][c:26]1[n:18][cH:11][n:20][c:28]2[c:27]1[n:19][cH:12][n:35]2[C@@H:31]1[O:21][C@H:34]([CH2:17][S:23][CH2:14][CH2:16][C@H:33]([NH3+:4])[C:25](=[O:6])[O-:8])[C@@H:30]([OH:10])[C@H:29]1[OH:9],1,2,0.23
ecoli_116,[NH2:1][c:28]1[n:20][cH:16][n:22][c:30]2[c:29]1[n:21][cH:17][n:40]2[C@@H:36]1[O:23][C@H:37]([CH2:18][O:26][P:43](=[O:4])([O-:9])[O:27][P:42](=[O:3])([O:7][P:41](=[O:2])([O-:5])[O-:6])[O-:8])[C@@H:33]([OH:12])[C@H:32]1[OH:11].[OH:10][CH:31]1[O:24][C@H:38]([CH2:19][OH:25])[C@@H:34]([OH:13])[C@H:35]([OH:14])[C@H:39]1[OH:15]>>[NH2:1][c:28]1[n:20][cH:16][n:22][c:30]2[c:29]1[n:21][cH:17][n:40]2[C@@H:36]1[O:23][C@H:37]([CH2:18][O:26][P:43](=[O:4])([O-:9])[O:27][P:42](=[O:3])([O-:7])[O-:8])[C@@H:33]([OH:12])[C@H:32]1[OH:11].[O:2]=[P:41]([O-:5])([O-:6])[O:25][CH2:19][C@H:38]1[O:24][CH:31]([OH:10])[C@H:39]([OH:15])[C@@H:35]([OH:14])[C@@H:34]1[OH:13],1,2,1.70
ecoli_117,[NH2:1][c:29]1[n:21][cH:16][n:23][c:31]2[c:30]1[n:22][cH:17][n:39]2[C@@H:35]1[O:24][C@H:37]([CH2:19][O:27][P:43](=[O:4])([O-:9])[O:28][P:42](=[O:3])([O:7][P:41](=[O:2])([O-:5])[O-:6])[O-:8])[C@@H:34]([OH:13])[C@H:32]1[OH:11].[OH:10][CH2:20][C@@:40]1([OH:15])[O:25][C@H:36]([CH2:18][OH:26])[C@@H:33]([OH:12])[C@@H:38]1[OH:14]>>[NH2:1][c:29]1[n:21][cH:16][n:23][c:31]2[c:30]1[n:22][cH:17][n:39]2[C@@H:35]1[O:24][C@H:37]([CH2:19][O:27][P:43](=[O:4])([O-:9])[O:28][P:42](=[O:3])([O-:7])[O-:8])[C@@H:34]([OH:13])[C@H:32]1[OH:11].[O:2]=[P:41]([O-:5])([O-:6])[O:26][CH2:18][C@H:36]1[O:25][C@:40]([OH:15])([CH2:20][OH:10])[C@@H:38]([OH:14])[C@@H:33]1[OH:12],1,2,2.22
ecoli_118,[NH2:1][C:63](=[O:6])[c:66]1[cH:30][n+:92]([C@@H:83]2[O:53][C@H:88]([CH2:41][O:57][P:96](=[O:9])([O-:14])[O:61][P:98](=[O:11])([O-:16])[O:59][CH2:43][C@H:90]3[O:55][C@@H:85]([n:94]4[cH:36][n:48][c:71]5[c:69]([NH2:3])[n:46][cH:32][n:50][c:73]54)[C@H:77]([OH:20])[C@@H:81]3[OH:24])[C@@H:79]([OH:22])[C@H:75]2[OH:18])[cH:28][cH:26][cH:38]1.[NH2:2][C:64](=[O:7])[c:67]1[cH:31][n+:93]([C@@H:84]2[O:54][C@H:89]([CH2:42][O:58][P:97](=[O:10])([O-:15])[O:62][P:99](=[O:12])([O-:17])[O:60][CH2:44][C@H:91]3[O:56][C@@H:86]([n:95]4[cH:37][n:49][c:72]5[c:70]([NH2:4])[n:47][cH:33][n:51][c:74]54)[C@H:78]([OH:21])[C@@H:82]3[OH:25])[C@@H:80]([OH:23])[C@H:76]2[OH:19])[cH:29][cH:27][cH:39]1.[NH3+:5][C@@H:87]([CH2:40][c:68]1[cH:35][nH:52][cH:34][n:45]1)[CH2:65][OH:13].[OH2:8]>>[NH2:1][C:63](=[O:6])[C:66]1=[CH:30][N:92]([C@@H:83]2[O:53][C@H:88]([CH2:41][O:57][P:96](=[O:9])([O-:14])[O:61][P:98](=[O:11])([O-:16])[O:59][CH2:43][C@H:90]3[O:55][C@@H:85]([n:94]4[cH:36][n:48][c:71]5[c:69]([NH2:3])[n:46][cH:32][n:50][c:73]54)[C@H:77]([OH:20])[C@@H:81]3[OH:24])[C@@H:79]([OH:22])[C@H:75]2[OH:18])[CH:28]=[CH:26][CH2:38]1.[NH2:2][C:64](=[O:7])[C:67]1=[CH:31][N:93]([C@@H:84]2[O:54][C@H:89]([CH2:42][O:58][P:97](=[O:10])([O-:15])[O:62][P:99](=[O:12])([O-:17])[O:60][CH2:44][C@H:91]3[O:56][C@@H:86]([n:95]4[cH:37][n:49][c:72]5[c:70]([NH2:4])[n:47][cH:33][n:51][c:74]54)[C@H:78]([OH:21])[C@@H:82]3[OH:25])[C@@H:80]([OH:23])[C@H:76]2[OH:19])[CH:29]=[CH:27][CH2:39]1.[NH3+:5][C@@H:87]([CH2:40][c:68]1[cH:35][nH:52][cH:34][n:45]1)[C:65](=[O:8])[O-:13],0,5,18.73
ecoli_119,[NH2:1][c:31]1[n:20][c:32]2[c:33]([c:35](=[O:3])[nH:25]1)[N:19]=[C:30]([CH2:17][OH:28])[CH2:16][NH:24]2.[NH2:2][c:34]1[n:21][cH:14][n:23][c:37]2[c:36]1[n:22][cH:15][n:42]2[C@@H:40]1[O:26][C@H:41]([CH2:18][O:27][P:43](=[O:4])([O:7][P:45](=[O:6])([O-:11])[O:29][P:44](=[O:5])([O-:9])[O-:10])[O-:8])[C@@H:39]([OH:13])[C@H:38]1[OH:12]>>[NH2:1][c:31]1[n:20][c:32]2[c:33]([c:35](=[O:3])[nH:25]1)[N:19]=[C:30]([CH2:17][O:28][P:45](=[O:6])([O-:11])[O:29][P:44](=[O:5])([O-:9])[O-:10])[CH2:16][NH:24]2.[NH2:2][c:34]1[n:21][cH:14][n:23][c:37]2[c:36]1[n:22][cH:15][n:42]2[C@@H:40]1[O:26][C@H:41]([CH2:18][O:27][P:43](=[O:4])([O-:7])[O-:8])[C@@H:39]([OH:13])[C@H:38]1[OH:12],1,2,1.91
ecoli_120,[NH2:1][C:33](=[O:3])[C:35]1=[CH:21][N:49]([C@@H:45]2[O:29][C@H:47]([CH2:24][O:31][P:51](=[O:6])([O-:9])[O:32][P:50](=[O:5])([O-:8])[O:30][CH2:23][C@H:46]3[O:28][C@@H:44]([n:48]4[cH:19][n:26][c:37]5[c:36]([NH2:2])[n:25][cH:17][n:27][c:38]54)[C@H:39]([OH:11])[C@@H:41]3[OH:13])[C@@H:42]([OH:14])[C@H:40]2[OH:12])[CH:20]=[CH:16][CH2:18]1.[O:4]=[C:34]([O-:7])[C:43](=[O:15])[CH2:22][OH:10]>>[NH2:1][C:33](=[O:3])[c:35]1[cH:18][cH:16][cH:20][n+:49]([C@@H:45]2[O:29][C@H:47]([CH2:24][O:31][P:51](=[O:6])([O-:9])[O:32][P:50](=[O:5])([O-:8])[O:30][CH2:23][C@H:46]3[O:28][C@@H:44]([n:48]4[cH:19][n:26][c:37]5[c:36]([NH2:2])[n:25][cH:17][n:27][c:38]54)[C@H:39]([OH:11])[C@@H:41]3[OH:13])[C@@H:42]([OH:14])[C@H:40]2[OH:12])[cH:21]1.[O:4]=[C:34]([O-:7])[C@H:43]([OH:15])[CH2:22][OH:10],1,2,3.26
ecoli_121,[NH2:1][C:36](=[O:3])[C:38]1=[CH:23][N:52]([C@@H:48]2[O:30][C@H:49]([CH2:25][O:33][P:54](=[O:6])([O-:11])[O:35][P:55](=[O:7])([O-:12])[O:34][CH2:26][C@H:50]3[O:31][C@@H:47]([n:51]4[cH:21][n:28][c:40]5[c:39]([NH2:2])[n:27][cH:19][n:29][c:41]54)[C@H:45]([O:32][P:53](=[O:5])([O-:9])[O-:10])[C@@H:44]3[OH:16])[C@@H:43]([OH:15])[C@H:42]2[OH:14])[CH:22]=[CH:18][CH2:20]1.[O:4]=[C:37]([O-:8])[C:46](=[O:17])[CH2:24][OH:13]>>[NH2:1][C:36](=[O:3])[c:38]1[cH:20][cH:18][cH:22][n+:52]([C@@H:48]2[O:30][C@H:49]([CH2:25][O:33][P:54](=[O:6])([O-:11])[O:35][P:55](=[O:7])([O-:12])[O:34][CH2:26][C@H:50]3[O:31][C@@H:47]([n:51]4[cH:21][n:28][c:40]5[c:39]([NH2:2])[n:27][cH:19][n:29][c:41]54)[C@H:45]([O:32][P:53](=[O:5])([O-:9])[O-:10])[C@@H:44]3[OH:16])[C@@H:43]([OH:15])[C@H:42]2[OH:14])[cH:23]1.[O:4]=[C:37]([O-:8])[C@H:46]([OH:17])[CH2:24][OH:13],1,2,0.61
ecoli_122,[NH2:1][C:37](=[O:5])[c:39]1[cH:21][n+:52]([C@@H:47]2[O:31][C@H:50]([CH2:26][O:34][P:55](=[O:8])([O-:13])[O:36][P:56](=[O:9])([O-:14])[O:35][CH2:27][C@H:51]3[O:32][C@@H:48]([n:53]4[cH:23][n:29][c:41]5[c:40]([NH2:2])[n:28][cH:22][n:30][c:42]54)[C@H:46]([O:33][P:54](=[O:7])([O-:11])[O-:12])[C@@H:45]3[OH:17])[C@@H:44]([OH:16])[C@H:43]2[OH:15])[cH:20][cH:19][cH:24]1.[NH3+:3][C@@H:49]([CH2:25][CH2:18][OH:4])[C:38](=[O:6])[O-:10]>>[NH2:1][C:37](=[O:5])[C:39]1=[CH:21][N:52]([C@@H:47]2[O:31][C@H:50]([CH2:26][O:34][P:55](=[O:8])([O-:13])[O:36][P:56](=[O:9])([O-:14])[O:35][CH2:27][C@H:51]3[O:32][C@@H:48]([n:53]4[cH:23][n:29][c:41]5[c:40]([NH2:2])[n:28][cH:22][n:30][c:42]54)[C@H:46]([O:33][P:54](=[O:7])([O-:11])[O-:12])[C@@H:45]3[OH:17])[C@@H:44]([OH:16])[C@H:43]2[OH:15])[CH:20]=[CH:19][CH2:24]1.[NH3+:3][C@@H:49]([CH2:25][CH:18]=[O:4])[C:38](=[O:6])[O-:10],1,2,2.04
ecoli_123,[NH2:1][c:28]1[n:20][cH:15][n:22][c:30]2[c:29]1[n:21][cH:16][n:36]2[C@@H:33]1[O:23][C@H:35]([CH2:19][O:25][P:39](=[O:6])([O-:12])[O:26][P:38](=[O:5])([O:10][P:37](=[O:4])([O-:8])[O-:9])[O-:11])[C@@H:32]([OH:14])[C@H:31]1[OH:13].[NH3+:2][C@@H:34]([CH2:18][CH2:17][OH:24])[C:27](=[O:3])[O-:7]>>[NH2:1][c:28]1[n:20][cH:15][n:22][c:30]2[c:29]1[n:21][cH:16][n:36]2[C@@H:33]1[O:23][C@H:35]([CH2:19][O:25][P:39](=[O:6])([O-:12])[O:26][P:38](=[O:5])([O-:10])[O-:11])[C@@H:32]([OH:14])[C@H:31]1[OH:13].[NH3+:2][C@@H:34]([CH2:18][CH2:17][O:24][P:37](=[O:4])([O-:8])[O-:9])[C:27](=[O:3])[O-:7],1,2,2.41
ecoli_124,[NH2:1][C:33](=[O:5])[c:36]1[n:27][cH:21][n:45]([C@@H:41]2[O:29][C@H:43]([CH2:25][O:31][P:47](=[O:8])([O-:13])[O-:14])[C@@H:39]([OH:16])[C@H:38]2[OH:15])[c:37]1[NH:2][CH:19]=[N:28][CH2:20][C:35](=[O:9])[C@H:44]([OH:18])[C@H:40]([OH:17])[CH2:23][O:30][P:46](=[O:7])([O-:11])[O-:12].[NH3+:3][C@@H:42]([CH2:24][CH2:22][C:32](=[O:4])[NH2:26])[C:34](=[O:6])[O-:10]>>[NH2:1][C:33](=[O:5])[c:36]1[n:27][cH:21][n:45]([C@@H:41]2[O:29][C@H:43]([CH2:25][O:31][P:47](=[O:8])([O-:13])[O-:14])[C@@H:39]([OH:16])[C@H:38]2[OH:15])[c:37]1[NH2:2].[NH3+:3][C@@H:42]([CH2:24][CH2:22][C:32](=[O:4])[O-:9])[C:34](=[O:6])[O-:10].[O:7]=[P:46]([O-:11])([O-:12])[O:30][CH2:23][C@@H:40]([OH:17])[C@@H:44]([OH:18])[c:35]1[cH:20][nH:28][cH:19][n:26]1,1,7,2.73
ecoli_125,[O:1]=[C:18]([CH2:12][NH:16][c:19]1[cH:13][cH:10][cH:11][cH:14][c:20]1[C:9](=[O:2])[O-:3])[C@H:22]([OH:8])[C@H:21]([OH:7])[CH2:15][O:17][P:23](=[O:4])([O-:5])[O-:6]>>[O:2]=[C:9]=[O:3].[O:4]=[P:23]([O-:5])([O-:6])[O:17][CH2:15][C@@H:21]([OH:7])[C@@H:22]([OH:8])[c:18]1[cH:12][nH:16][c:19]2[cH:13][cH:10][cH:11][cH:14][c:20]12.[OH2:1],1,4,0.21
ecoli_126,[NH2:1][C:42](=[O:3])[c:43]1[cH:21][n+:63]([C@@H:57]2[O:35][C@H:60]([CH2:26][O:39][P:67](=[O:7])([O-:11])[O:41][P:68](=[O:8])([O-:12])[O:40][CH2:27][C@H:61]3[O:36][C@@H:58]([n:64]4[cH:23][n:30][c:47]5[c:44]([NH2:2])[n:29][cH:22][n:32][c:49]54)[C@H:52]([OH:14])[C@@H:55]3[OH:17])[C@@H:54]([OH:16])[C@H:51]2[OH:13])[cH:20][cH:19][cH:25]1.[O:5]=[c:46]1[nH:33][cH:45][n:34][c:50]2[c:48]1[n:31][cH:24][n:65]2[C@@H:59]1[O:37][C@H:62]([CH2:28][O:38][P:66](=[O:6])([O-:9])[O-:10])[C@@H:56]([OH:18])[C@H:53]1[OH:15].[OH2:4]>>[NH2:1][C:42](=[O:3])[C:43]1=[CH:21][N:63]([C@@H:57]2[O:35][C@H:60]([CH2:26][O:39][P:67](=[O:7])([O-:11])[O:41][P:68](=[O:8])([O-:12])[O:40][CH2:27][C@H:61]3[O:36][C@@H:58]([n:64]4[cH:23][n:30][c:47]5[c:44]([NH2:2])[n:29][cH:22][n:32][c:49]54)[C@H:52]([OH:14])[C@@H:55]3[OH:17])[C@@H:54]([OH:16])[C@H:51]2[OH:13])[CH:20]=[CH:19][CH2:25]1.[O:4]=[c:45]1[nH:33][c:46](=[O:5])[c:48]2[n:31][cH:24][n:65]([C@@H:59]3[O:37][C@H:62]([CH2:28][O:38][P:66](=[O:6])([O-:9])[O-:10])[C@@H:56]([OH:18])[C@H:53]3[OH:15])[c:50]2[nH:34]1,1,3,4.89
ecoli_127,[CH3:1][CH:43]([CH3:2])[C@H:44]([C:37](=[O:7])[O-:12])[C@@H:38]([OH:8])[C:36](=[O:6])[O-:11].[NH2:3][C:35](=[O:5])[c:39]1[cH:21][n+:53]([C@@H:49]2[O:30][C@H:51]([CH2:25][O:32][P:55](=[O:9])([O-:13])[O:34][P:56](=[O:10])([O-:14])[O:33][CH2:26][C@H:52]3[O:31][C@@H:50]([n:54]4[cH:23][n:28][c:41]5[c:40]([NH2:4])[n:27][cH:22][n:29][c:42]54)[C@H:46]([OH:16])[C@@H:48]3[OH:18])[C@@H:47]([OH:17])[C@H:45]2[OH:15])[cH:20][cH:19][cH:24]1>>[CH3:1][CH:43]([CH3:2])[C@H:44]([C:37](=[O:7])[O-:12])[C:38](=[O:8])[C:36](=[O:6])[O-:11].[NH2:3][C:35](=[O:5])[C:39]1=[CH:21][N:53]([C@@H:49]2[O:30][C@H:51]([CH2:25][O:32][P:55](=[O:9])([O-:13])[O:34][P:56](=[O:10])([O-:14])[O:33][CH2:26][C@H:52]3[O:31][C@@H:50]([n:54]4[cH:23][n:28][c:41]5[c:40]([NH2:4])[n:27][cH:22][n:29][c:42]54)[C@H:46]([OH:16])[C@@H:48]3[OH:18])[C@@H:47]([OH:17])[C@H:45]2[OH:15])[CH:20]=[CH:19][CH2:24]1,1,2,3.87
ecoli_128,[CH3:1][CH:49]([CH3:2])[C:57](=[O:21])[C:45](=[O:9])[O-:14].[CH3:3][C:56]([CH3:4])([CH2:30][O:40][P:60](=[O:12])([O-:18])[O:41][P:59](=[O:11])([O-:17])[O:39][CH2:29][C@H:53]1[O:37][C@@H:52]([n:55]2[cH:24][n:33][c:47]3[c:46]([NH2:5])[n:32][cH:23][n:34][c:48]32)[C@H:50]([OH:19])[C@@H:51]1[O:38][P:58](=[O:10])([O-:15])[O-:16])[C@@H:54]([OH:20])[C:44](=[O:8])[NH:36][CH2:27][CH2:28][C:43](=[O:7])[NH:35][CH2:26][CH2:25][S:22][C:42](=[O:6])[CH3:31].[OH2:13]>>[CH3:1][CH:49]([CH3:2])[C@@:57]([OH:21])([CH2:31][C:42](=[O:6])[O-:13])[C:45](=[O:9])[O-:14].[CH3:3][C:56]([CH3:4])([CH2:30][O:40][P:60](=[O:12])([O-:18])[O:41][P:59](=[O:11])([O-:17])[O:39][CH2:29][C@H:53]1[O:37][C@@H:52]([n:55]2[cH:24][n:33][c:47]3[c:46]([NH2:5])[n:32][cH:23][n:34][c:48]32)[C@H:50]([OH:19])[C@@H:51]1[O:38][P:58](=[O:10])([O-:15])[O-:16])[C@@H:54]([OH:20])[C:44](=[O:8])[NH:36][CH2:27][CH2:28][C:43](=[O:7])[NH:35][CH2:26][CH2:25][SH:22],1,4,3.11
ecoli_129,[CH3:1][C:38]([CH3:2])([OH:6])[C@@H:54]([OH:19])[C:39](=[O:7])[O-:11].[NH2:3][C:37](=[O:5])[c:40]1[cH:22][n+:52]([C@@H:48]2[O:31][C@H:50]([CH2:26][O:34][P:56](=[O:9])([O-:14])[O:36][P:57](=[O:10])([O-:15])[O:35][CH2:27][C@H:51]3[O:32][C@@H:49]([n:53]4[cH:24][n:29][c:42]5[c:41]([NH2:4])[n:28][cH:23][n:30][c:43]54)[C@H:47]([O:33][P:55](=[O:8])([O-:12])[O-:13])[C@@H:46]3[OH:18])[C@@H:45]([OH:17])[C@H:44]2[OH:16])[cH:21][cH:20][cH:25]1>>[CH3:1][C:38](=[O:6])[C@:54]([CH3:2])([OH:19])[C:39](=[O:7])[O-:11].[NH2:3][C:37](=[O:5])[C:40]1=[CH:22][N:52]([C@@H:48]2[O:31][C@H:50]([CH2:26][O:34][P:56](=[O:9])([O-:14])[O:36][P:57](=[O:10])([O-:15])[O:35][CH2:27][C@H:51]3[O:32][C@@H:49]([n:53]4[cH:24][n:29][c:42]5[c:41]([NH2:4])[n:28][cH:23][n:30][c:43]54)[C@H:47]([O:33][P:55](=[O:8])([O-:12])[O-:13])[C@@H:46]3[OH:18])[C@@H:45]([OH:17])[C@H:44]2[OH:16])[CH:21]=[CH:20][CH2:25]1,1,4,4.71
ecoli_130,[CH3:1][CH2:28][C@@:52]([OH:18])([C:39](=[O:6])[O-:10])[C:55]([CH3:2])=[O:19].[H+].[NH2:3][C:38](=[O:5])[C:40]1=[CH:25][N:54]([C@@H:49]2[O:32][C@H:50]([CH2:26][O:35][P:57](=[O:8])([O-:13])[O:37][P:58](=[O:9])([O-:14])[O:36][CH2:27][C@H:51]3[O:33][C@@H:48]([n:53]4[cH:23][n:30][c:42]5[c:41]([NH2:4])[n:29][cH:21][n:31][c:43]54)[C@H:47]([O:34][P:56](=[O:7])([O-:11])[O-:12])[C@@H:46]3[OH:17])[C@@H:45]([OH:16])[C@H:44]2[OH:15])[CH:24]=[CH:20][CH2:22]1>>[CH3:1][CH2:28][C@@:55]([CH3:2])([OH:19])[C@@H:52]([OH:18])[C:39](=[O:6])[O-:10].[NH2:3][C:38](=[O:5])[c:40]1[cH:22][cH:20][cH:24][n+:54]([C@@H:49]2[O:32][C@H:50]([CH2:26][O:35][P:57](=[O:8])([O-:13])[O:37][P:58](=[O:9])([O-:14])[O:36][CH2:27][C@H:51]3[O:33][C@@H:48]([n:53]4[cH:23][n:30][c:42]5[c:41]([NH2:4])[n:29][cH:21][n:31][c:43]54)[C@H:47]([O:34][P:56](=[O:7])([O-:11])[O-:12])[C@@H:46]3[OH:17])[C@@H:45]([OH:16])[C@H:44]2[OH:15])[cH:25]1,1,4,3.75
ecoli_131,[CH3:1][C:43](=[O:14])[CH:15]=[O:4].[NH2:2][C:32](=[O:5])[C:33]1=[CH:21][N:47]([C@@H:42]2[O:28][C@H:45]([CH2:23][O:30][P:49](=[O:7])([O-:9])[O:31][P:48](=[O:6])([O-:8])[O:29][CH2:22][C@H:44]3[O:27][C@@H:41]([n:46]4[cH:19][n:25][c:35]5[c:34]([NH2:3])[n:24][cH:17][n:26][c:36]54)[C@H:37]([OH:10])[C@@H:39]3[OH:12])[C@@H:40]([OH:13])[C@H:38]2[OH:11])[CH:20]=[CH:16][CH2:18]1>>[CH3:1][C@@H:43]([OH:14])[CH:15]=[O:4].[NH2:2][C:32](=[O:5])[c:33]1[cH:18][cH:16][cH:20][n+:47]([C@@H:42]2[O:28][C@H:45]([CH2:23][O:30][P:49](=[O:7])([O-:9])[O:31][P:48](=[O:6])([O-:8])[O:29][CH2:22][C@H:44]3[O:27][C@@H:41]([n:46]4[cH:19][n:25][c:35]5[c:34]([NH2:3])[n:24][cH:17][n:26][c:36]54)[C@H:37]([OH:10])[C@@H:39]3[OH:12])[C@@H:40]([OH:13])[C@H:38]2[OH:11])[cH:21]1,1,2,2.65
ecoli_132,[CH3:1][C@@H:32]([OH:4])[C:34](=[O:6])[O-:9].[NH2:2][C:33](=[O:5])[c:35]1[cH:18][n+:47]([C@@H:43]2[O:27][C@H:45]([CH2:22][O:29][P:49](=[O:7])([O-:10])[O:31][P:50](=[O:8])([O-:11])[O:30][CH2:23][C@H:46]3[O:28][C@@H:44]([n:48]4[cH:20][n:25][c:37]5[c:36]([NH2:3])[n:24][cH:19][n:26][c:38]54)[C@H:40]([OH:13])[C@@H:42]3[OH:15])[C@@H:41]([OH:14])[C@H:39]2[OH:12])[cH:17][cH:16][cH:21]1>>[CH3:1][C:32](=[O:4])[C:34](=[O:6])[O-:9].[NH2:2][C:33](=[O:5])[C:35]1=[CH:18][N:47]([C@@H:43]2[O:27][C@H:45]([CH2:22][O:29][P:49](=[O:7])([O-:10])[O:31][P:50](=[O:8])([O-:11])[O:30][CH2:23][C@H:46]3[O:28][C@@H:44]([n:48]4[cH:20][n:25][c:37]5[c:36]([NH2:3])[n:24][cH:19][n:26][c:38]54)[C@H:40]([OH:13])[C@@H:42]3[OH:15])[C@@H:41]([OH:14])[C@H:39]2[OH:12])[CH:17]=[CH:16][CH2:21]1,1,2,3.66
ecoli_133,[CH3:2][CH2:52][C:46](=[O:8])[S:24][CH2:27][CH2:28][NH:37][C:45](=[O:7])[CH2:30][CH2:29][NH:38][C:47](=[O:9])[C@H:57]([OH:22])[C:60]([CH3:3])([CH3:4])[CH2:33][O:42][P:63](=[O:13])([O-:20])[O:43][P:62](=[O:12])([O-:19])[O:41][CH2:31][C@H:56]1[O:39][C@@H:55]([n:58]2[cH:26][n:35][c:50]3[c:49]([NH2:5])[n:34][cH:25][n:36][c:51]32)[C@H:53]([OH:21])[C@@H:54]1[O:40][P:61](=[O:11])([O-:17])[O-:18].[O:6]=[C:44]([O-:14])[CH2:32][C:59](=[O:23])[C:48](=[O:10])[O-:16].[OH2:15]>>[CH3:2][CH:52]([C:46](=[O:8])[O-:15])[C:59]([OH:23])([CH2:32][C:44](=[O:6])[O-:14])[C:48](=[O:10])[O-:16].[CH3:3][C:60]([CH3:4])([CH2:33][O:42][P:63](=[O:13])([O-:20])[O:43][P:62](=[O:12])([O-:19])[O:41][CH2:31][C@H:56]1[O:39][C@@H:55]([n:58]2[cH:26][n:35][c:50]3[c:49]([NH2:5])[n:34][cH:25][n:36][c:51]32)[C@H:53]([OH:21])[C@@H:54]1[O:40][P:61](=[O:11])([O-:17])[O-:18])[C@@H:57]([OH:22])[C:47](=[O:9])[NH:38][CH2:29][CH2:30][C:45](=[O:7])[NH:37][CH2:28][CH2:27][SH:24].[H+],1,5,3.80
ecoli_134,[CH3:1][C@:38]([OH:17])([CH2:23][OH:13])[C@H:35]([OH:16])[CH2:21][O:27][P:41](=[O:6])([O-:11])[O-:29].[H+].[NH2:2][c:30]1[cH:19][cH:20][n:37]([C@@H:34]2[O:25][C@H:36]([CH2:22][O:28][P:42](=[O:7])([O-:12])[O:18][P:40](=[O:5])([O-:10])[O:26][P:39](=[O:4])([O-:8])[O-:9])[C@@H:33]([OH:15])[C@H:32]2[OH:14])[c:31](=[O:3])[n:24]1>>[CH3:1][C@:38]([OH:17])([CH2:23][OH:13])[C@H:35]([OH:16])[CH2:21][O:27][P:41](=[O:6])([O-:11])[O:29][P:42](=[O:7])([O-:12])[O:28][CH2:22][C@H:36]1[O:25][C@@H:34]([n:37]2[cH:20][cH:19][c:30]([NH2:2])[n:24][c:31]2=[O:3])[C@H:32]([OH:14])[C@@H:33]1[OH:15].[O:4]=[P:39]([O-:8])([O-:9])[O:26][P:40](=[O:5])([O-:10])[OH:18],1,2,2.04
ecoli_135,[CH3:1][N:25]1[c:37]2[c:36]([n:22][c:35]([NH2:2])[nH:27][c:38]2=[O:8])[NH:24][CH2:19][C@@H:39]1[CH2:18][NH:23][c:33]1[cH:12][cH:14][c:34]([C:30](=[O:5])[NH:26][C@@H:40]([CH2:20][CH2:17][C:29](=[O:4])[O-:9])[C:31](=[O:6])[O-:10])[cH:15][cH:13]1.[NH3+:3][C@@H:41]([CH2:21][CH2:16][SH:28])[C:32](=[O:7])[O-:11]>>[CH3:1][S:28][CH2:16][CH2:21][C@H:41]([NH3+:3])[C:32](=[O:7])[O-:11].[NH2:2][c:35]1[n:22][c:36]2[c:37]([c:38](=[O:8])[nH:27]1)[NH:25][C@@H:39]([CH2:18][NH:23][c:33]1[cH:12][cH:14][c:34]([C:30](=[O:5])[NH:26][C@@H:40]([CH2:20][CH2:17][C:29](=[O:4])[O-:9])[C:31](=[O:6])[O-:10])[cH:15][cH:13]1)[CH2:19][NH:24]2,1,2,0.42
ecoli_136,[NH2:1][c:28]1[n:18][c:29]2[c:30]([c:31](=[O:6])[nH:22]1)[N+:20]1=[CH:9][N:34]([c:27]3[cH:12][cH:10][c:26]([C:24](=[O:4])[NH:21][C@@H:33]([CH2:16][CH2:14][C:23](=[O:3])[O-:7])[C:25](=[O:5])[O-:8])[cH:11][cH:13]3)[CH2:17][C@H:32]1[CH2:15][NH:19]2.[OH2:2]>>[NH2:1][c:28]1[n:18][c:29]2[c:30]([c:31](=[O:6])[nH:22]1)[NH:20][C@@H:32]([CH2:17][N:34]([CH:9]=[O:2])[c:27]1[cH:12][cH:10][c:26]([C:24](=[O:4])[NH:21][C@@H:33]([CH2:16][CH2:14][C:23](=[O:3])[O-:7])[C:25](=[O:5])[O-:8])[cH:11][cH:13]1)[CH2:15][NH:19]2,1,2,0.30
ecoli_137,[CH2:1]1[N:40]([c:53]2[cH:22][cH:25][c:55]([C:51](=[O:7])[NH:42][C@@H:68]([CH2:33][CH2:30][C:49](=[O:5])[O-:12])[C:52](=[O:8])[O-:13])[cH:26][cH:23]2)[CH2:31][C@H:67]2[CH2:32][NH:41][c:57]3[n:36][c:56]([NH2:3])[nH:43][c:60](=[O:9])[c:58]3[N:73]12.[NH2:2][C:50](=[O:6])[C:54]1=[CH:29][N:75]([C@@H:70]2[O:45][C@H:72]([CH2:35][O:47][P:77](=[O:11])([O-:15])[O:48][P:76](=[O:10])([O-:14])[O:46][CH2:34][C@H:71]3[O:44][C@@H:69]([n:74]4[cH:27][n:38][c:61]5[c:59]([NH2:4])[n:37][cH:21][n:39][c:62]54)[C@H:63]([OH:16])[C@@H:65]3[OH:18])[C@@H:66]([OH:19])[C@H:64]2[OH:17])[CH:28]=[CH:20][CH2:24]1>>[CH3:1][N:73]1[c:58]2[c:57]([n:36][c:56]([NH2:3])[nH:43][c:60]2=[O:9])[NH:41][CH2:32][C@@H:67]1[CH2:31][NH:40][c:53]1[cH:22][cH:25][c:55]([C:51](=[O:7])[NH:42][C@@H:68]([CH2:33][CH2:30][C:49](=[O:5])[O-:12])[C:52](=[O:8])[O-:13])[cH:26][cH:23]1.[NH2:2][C:50](=[O:6])[c:54]1[cH:24][cH:20][cH:28][n+:75]([C@@H:70]2[O:45][C@H:72]([CH2:35][O:47][P:77](=[O:11])([O-:15])[O:48][P:76](=[O:10])([O-:14])[O:46][CH2:34][C@H:71]3[O:44][C@@H:69]([n:74]4[cH:27][n:38][c:61]5[c:59]([NH2:4])[n:37][cH:21][n:39][c:62]54)[C@H:63]([OH:16])[C@@H:65]3[OH:18])[C@@H:66]([OH:19])[C@H:64]2[OH:17])[cH:29]1,1,3,8.24
ecoli_138,[O:1]=[c:18]1[cH:12][cH:13][n:24]([C@@H:22]2[O:16][C@H:23]([CH2:14][O:17][P:26](=[O:4])([O:7][P:25](=[O:3])([O-:5])[O-:6])[O-:8])[C@@H:21]([OH:10])[C@H:20]2[OH:9])[c:19](=[O:2])[nH:15]1.[OH2:11]>>[O:1]=[c:18]1[cH:12][cH:13][n:24]([C@@H:22]2[O:16][C@H:23]([CH2:14][O:17][P:26](=[O:4])([O-:7])[O-:8])[C@@H:21]([OH:10])[C@H:20]2[OH:9])[c:19](=[O:2])[nH:15]1.[O:3]=[P:25]([O-:5])([O-:6])[OH:11],1,2,0.11
ecoli_139,[O:1]=[c:22]1[nH:17][c:23](=[O:2])[c:24]2[n:16][cH:14][n:30]([C@@H:28]3[O:19][C@H:29]([CH2:15][O:20][P:31](=[O:3])([O:6][P:33](=[O:5])([O-:10])[O:21][P:32](=[O:4])([O-:8])[O-:9])[O-:7])[C@@H:27]([OH:12])[C@H:26]3[OH:11])[c:25]2[nH:18]1.[OH2:13]>>[O:1]=[c:22]1[nH:17][c:23](=[O:2])[c:24]2[n:16][cH:14][n:30]([C@@H:28]3[O:19][C@H:29]([CH2:15][O:20][P:31](=[O:3])([O-:6])[O-:7])[C@@H:27]([OH:12])[C@H:26]3[OH:11])[c:25]2[nH:18]1.[O:4]=[P:32]([O-:8])([O-:9])[O:21][P:33](=[O:5])([O-:10])[OH:13],1,2,0.91
ecoli_140,[NH2:1][c:22]1[n:17][c:25]2[c:24]([n:16][cH:14][n:30]2[C@@H:28]2[O:19][C@H:29]([CH2:15][O:20][P:31](=[O:3])([O:6][P:33](=[O:5])([O-:10])[O:21][P:32](=[O:4])([O-:8])[O-:9])[O-:7])[C@@H:27]([OH:12])[C@H:26]2[OH:11])[c:23](=[O:2])[nH:18]1.[OH2:13]>>[NH2:1][c:22]1[n:17][c:25]2[c:24]([n:16][cH:14][n:30]2[C@@H:28]2[O:19][C@H:29]([CH2:15][O:20][P:31](=[O:3])([O-:6])[O-:7])[C@@H:27]([OH:12])[C@H:26]2[OH:11])[c:23](=[O:2])[nH:18]1.[O:4]=[P:32]([O-:8])([O-:9])[O:21][P:33](=[O:5])([O-:10])[OH:13],1,2,0.80
ecoli_141,[O:1]=[c:22]1[nH:18][cH:13][n:17][c:24]2[c:23]1[n:16][cH:14][n:29]2[C@@H:27]1[O:19][C@H:28]([CH2:15][O:20][P:30](=[O:2])([O:5][P:32](=[O:4])([O-:9])[O:21][P:31](=[O:3])([O-:7])[O-:8])[O-:6])[C@@H:26]([OH:11])[C@H:25]1[OH:10].[OH2:12]>>[O:1]=[c:22]1[nH:18][cH:13][n:17][c:24]2[c:23]1[n:16][cH:14][n:29]2[C@@H:27]1[O:19][C@H:28]([CH2:15][O:20][P:30](=[O:2])([O-:5])[O-:6])[C@@H:26]([OH:11])[C@H:25]1[OH:10].[O:3]=[P:31]([O-:7])([O-:8])[O:21][P:32](=[O:4])([O-:9])[OH:12],1,2,0.33
ecoli_142,[NH2:1][C:14](=[O:3])[O:9][P:17](=[O:5])([O-:7])[O-:8].[NH3+:2][C@@H:16]([CH2:12][CH2:10][CH2:11][NH3+:13])[C:15](=[O:4])[O-:6]>>[NH2:1][C:14](=[O:3])[NH:13][CH2:11][CH2:10][CH2:12][C@H:16]([NH3+:2])[C:15](=[O:4])[O-:6].[O:5]=[P:17]([O-:7])([O-:8])[OH:9],1,2,0.04
ecoli_143,[CH3:1][CH:12]([CH3:2])[C@H:9]([C:8]([O-:3])=[O:4])[C:11](=[O:6])[C:10](=[O:5])[O-:7]>>[CH3:1][CH:12]([CH3:2])[CH2:9][C:11](=[O:6])[C:10](=[O:5])[O-:7].[O:3]=[C:8]=[O:4],1,2,0.08
ecoli_144,[NH3+:1][CH2:6][CH2:8][CH2:9][C@H:7]([NH3+:2])[C:5]([O-:3])=[O:4]>>[NH3+:1][CH2:6][CH2:8][CH2:9][CH2:7][NH3+:2].[O:3]=[C:5]=[O:4],1,2,0.03
ecoli_145,[NH2:1][C:37](=[O:3])[C:39]1=[CH:21][N:53]([C@@H:49]2[O:31][C@H:50]([CH2:25][O:34][P:55](=[O:6])([O-:11])[O:36][P:56](=[O:7])([O-:12])[O:35][CH2:26][C@H:51]3[O:32][C@@H:48]([n:52]4[cH:19][n:28][c:41]5[c:40]([NH2:2])[n:27][cH:17][n:29][c:42]54)[C@H:46]([O:33][P:54](=[O:5])([O-:9])[O-:10])[C@@H:45]3[OH:15])[C@@H:44]([OH:14])[C@H:43]2[OH:13])[CH:20]=[CH:16][CH2:18]1.[O:4]=[C:38]([O-:8])[C@@H:47]1[CH2:24][CH2:22][CH:23]=[N:30]1>>[NH2:1][C:37](=[O:3])[c:39]1[cH:18][cH:16][cH:20][n+:53]([C@@H:49]2[O:31][C@H:50]([CH2:25][O:34][P:55](=[O:6])([O-:11])[O:36][P:56](=[O:7])([O-:12])[O:35][CH2:26][C@H:51]3[O:32][C@@H:48]([n:52]4[cH:19][n:28][c:41]5[c:40]([NH2:2])[n:27][cH:17][n:29][c:42]54)[C@H:46]([O:33][P:54](=[O:5])([O-:9])[O-:10])[C@@H:45]3[OH:15])[C@@H:44]([OH:14])[C@H:43]2[OH:13])[cH:21]1.[O:4]=[C:38]([O-:8])[C@@H:47]1[CH2:24][CH2:22][CH2:23][NH2+:30]1,1,2,0.68
ecoli_146,[CH3:1][C:44]([CH3:2])([CH2:25][OH:15])[C@@H:42]([OH:18])[C:34](=[O:5])[O-:11].[NH2:3][c:35]1[n:26][cH:20][n:28][c:37]2[c:36]1[n:27][cH:21][n:43]2[C@@H:40]1[O:30][C@H:41]([CH2:24][O:31][P:45](=[O:6])([O-:10])[O:19][P:47](=[O:8])([O-:14])[O:32][P:46](=[O:7])([O-:12])[O-:13])[C@@H:39]([OH:17])[C@H:38]1[OH:16].[O:4]=[C:33]([O-:9])[CH2:23][CH2:22][NH3+:29]>>[CH3:1][C:44]([CH3:2])([CH2:25][OH:15])[C@@H:42]([OH:18])[C:34](=[O:5])[NH:29][CH2:22][CH2:23][C:33](=[O:4])[O-:9].[NH2:3][c:35]1[n:26][cH:20][n:28][c:37]2[c:36]1[n:27][cH:21][n:43]2[C@@H:40]1[O:30][C@H:41]([CH2:24][O:31][P:45](=[O:6])([O-:10])[O-:11])[C@@H:39]([OH:17])[C@H:38]1[OH:16].[O:7]=[P:46]([O-:12])([O-:13])[O:32][P:47](=[O:8])([O-:14])[OH:19],1,4,2.70
ecoli_147,[NH2:1][c:15]1[n:11][c:18]2[c:17]([n:10][cH:8][n:23]2[C@@H:21]2[O:13][C@@H:22]3[CH2:9][O:14][P:24](=[O:3])([O-:4])[O:5][C@H:20]3[C@H:19]2[OH:6])[c:16](=[O:2])[nH:12]1.[OH2:7]>>[NH2:1][c:15]1[n:11][c:18]2[c:17]([n:10][cH:8][n:23]2[C@@H:21]2[O:13][C@H:22]([CH2:9][O:14][P:24](=[O:3])([O-:4])[O-:5])[C@@H:20]([OH:7])[C@H:19]2[OH:6])[c:16](=[O:2])[nH:12]1,1,2,0.08
ecoli_148,[NH2:1][C:37](=[O:3])[c:40]1[cH:21][n+:53]([C@@H:49]2[O:31][C@H:51]([CH2:26][O:34][P:56](=[O:7])([O-:12])[O:36][P:57](=[O:8])([O-:13])[O:35][CH2:27][C@H:52]3[O:32][C@@H:50]([n:54]4[cH:23][n:29][c:42]5[c:41]([NH2:2])[n:28][cH:22][n:30][c:43]54)[C@H:45]([OH:15])[C@@H:47]3[OH:17])[C@@H:46]([OH:16])[C@H:44]2[OH:14])[cH:20][cH:19][cH:24]1.[O:4]=[C:38]([O-:9])[C@H:39]([OH:5])[C@H:48]([OH:18])[CH2:25][O:33][P:55](=[O:6])([O-:10])[O-:11]>>[NH2:1][C:37](=[O:3])[C:40]1=[CH:21][N:53]([C@@H:49]2[O:31][C@H:51]([CH2:26][O:34][P:56](=[O:7])([O-:12])[O:36][P:57](=[O:8])([O-:13])[O:35][CH2:27][C@H:52]3[O:32][C@@H:50]([n:54]4[cH:23][n:29][c:42]5[c:41]([NH2:2])[n:28][cH:22][n:30][c:43]54)[C@H:45]([OH:15])[C@@H:47]3[OH:17])[C@@H:46]([OH:16])[C@H:44]2[OH:14])[CH:20]=[CH:19][CH2:24]1.[O:4]=[C:38]([O-:9])[C:39](=[O:5])[C@H:48]([OH:18])[CH2:25][O:33][P:55](=[O:6])([O-:10])[O-:11],1,2,4.45
ecoli_149,[NH2:1][c:32]1[n:23][cH:18][n:25][c:34]2[c:33]1[n:24][cH:19][n:42]2[C@@H:38]1[O:26][C@H:40]([CH2:21][O:30][P:47](=[O:5])([O-:12])[O:31][P:46](=[O:4])([O-:10])[O:11][P:45](=[O:3])([O-:8])[O-:9])[C@@H:37]([OH:15])[C@H:35]1[OH:13].[O:2]=[P:44]([O-:6])([O-:7])[O:28][CH2:20][C@H:39]1[O:27][C@:43]([OH:17])([CH2:22][OH:29])[C@@H:41]([OH:16])[C@@H:36]1[OH:14]>>[NH2:1][c:32]1[n:23][cH:18][n:25][c:34]2[c:33]1[n:24][cH:19][n:42]2[C@@H:38]1[O:26][C@H:40]([CH2:21][O:30][P:47](=[O:5])([O-:12])[O:31][P:46](=[O:4])([O-:10])[O-:11])[C@@H:37]([OH:15])[C@H:35]1[OH:13].[O:2]=[P:44]([O-:6])([O-:7])[O:28][CH2:20][C@H:39]1[O:27][C@:43]([OH:17])([CH2:22][O:29][P:45](=[O:3])([O-:8])[O-:9])[C@@H:41]([OH:16])[C@@H:36]1[OH:14],1,2,2.30
ecoli_150,[NH2:1][c:34]1[n:25][cH:20][n:27][c:36]2[c:35]1[n:26][cH:21][n:45]2[C@@H:43]1[O:28][C@H:44]([CH2:24][O:31][P:49](=[O:6])([O-:13])[O:32][P:48](=[O:5])([O:11][P:46](=[O:3])([O-:7])[O-:8])[O-:12])[C@@H:40]([OH:17])[C@H:38]1[OH:15].[O:2]=[C:33]([CH2:22][OH:29])[C@@H:42]([OH:19])[C@H:37]([OH:14])[C@H:39]([OH:16])[C@H:41]([OH:18])[CH2:23][O:30][P:47](=[O:4])([O-:9])[O-:10]>>[NH2:1][c:34]1[n:25][cH:20][n:27][c:36]2[c:35]1[n:26][cH:21][n:45]2[C@@H:43]1[O:28][C@H:44]([CH2:24][O:31][P:49](=[O:6])([O-:13])[O:32][P:48](=[O:5])([O-:11])[O-:12])[C@@H:40]([OH:17])[C@H:38]1[OH:15].[O:2]=[C:33]([CH2:22][O:29][P:46](=[O:3])([O-:7])[O-:8])[C@@H:42]([OH:19])[C@H:37]([OH:14])[C@H:39]([OH:16])[C@H:41]([OH:18])[CH2:23][O:30][P:47](=[O:4])([O-:9])[O-:10],1,2,1.98
ecoli_151,[NH2:1][C:36](=[O:3])[c:39]1[cH:20][n+:51]([C@@H:47]2[O:30][C@H:49]([CH2:25][O:33][P:54](=[O:7])([O-:12])[O:35][P:55](=[O:8])([O-:13])[O:34][CH2:26][C@H:50]3[O:31][C@@H:48]([n:52]4[cH:22][n:28][c:41]5[c:40]([NH2:2])[n:27][cH:21][n:29][c:42]54)[C@H:44]([OH:15])[C@@H:46]3[OH:17])[C@@H:45]([OH:16])[C@H:43]2[OH:14])[cH:19][cH:18][cH:24]1.[O:4]=[C:37]([O-:9])[C@H:38]([OH:5])[CH2:23][O:32][P:53](=[O:6])([O-:10])[O-:11]>>[NH2:1][C:36](=[O:3])[C:39]1=[CH:20][N:51]([C@@H:47]2[O:30][C@H:49]([CH2:25][O:33][P:54](=[O:7])([O-:12])[O:35][P:55](=[O:8])([O-:13])[O:34][CH2:26][C@H:50]3[O:31][C@@H:48]([n:52]4[cH:22][n:28][c:41]5[c:40]([NH2:2])[n:27][cH:21][n:29][c:42]54)[C@H:44]([OH:15])[C@@H:46]3[OH:17])[C@@H:45]([OH:16])[C@H:43]2[OH:14])[CH:19]=[CH:18][CH2:24]1.[O:4]=[C:37]([O-:9])[C:38](=[O:5])[CH2:23][O:32][P:53](=[O:6])([O-:10])[O-:11],1,2,3.99
ecoli_152,[NH2:1][c:37]1[n:26][cH:21][n:28][c:39]2[c:38]1[n:27][cH:22][n:48]2[C@@H:45]1[O:32][C@H:47]([CH2:25][O:34][P:52](=[O:7])([O-:14])[O:35][P:51](=[O:6])([O-:13])[O:19][P:49](=[O:4])([O-:8])[O-:9])[C@@H:43]([OH:18])[C@H:41]1[OH:16].[O:2]=[CH:20][O-:12].[O:3]=[C:36]([CH2:23][NH3+:29])[NH:30][C@@H:44]1[O:31][C@H:46]([CH2:24][O:33][P:50](=[O:5])([O-:10])[O-:11])[C@@H:42]([OH:17])[C@H:40]1[OH:15]>>[NH2:1][c:37]1[n:26][cH:21][n:28][c:39]2[c:38]1[n:27][cH:22][n:48]2[C@@H:45]1[O:32][C@H:47]([CH2:25][O:34][P:52](=[O:7])([O-:14])[O:35][P:51](=[O:6])([O-:12])[O-:13])[C@@H:43]([OH:18])[C@H:41]1[OH:16].[O:2]=[CH:20][NH:29][CH2:23][C:36](=[O:3])[NH:30][C@@H:44]1[O:31][C@H:46]([CH2:24][O:33][P:50](=[O:5])([O-:10])[O-:11])[C@@H:42]([OH:17])[C@H:40]1[OH:15].[O:4]=[P:49]([O-:8])([O-:9])[OH:19],1,4,2.22
ecoli_153,[NH2:2][c:31]1[n:23][cH:18][n:25][c:33]2[c:32]1[n:24][cH:19][n:39]2[C@@H:36]1[O:26][C@H:38]([CH2:22][O:27][P:42](=[O:8])([O-:14])[O:28][P:41](=[O:7])([O-:12])[O:17][P:40](=[O:6])([O-:10])[O-:11])[C@@H:35]([OH:16])[C@H:34]1[OH:15].[NH3+:3][C@@H:37]([CH2:21][CH2:20][C:29](=[O:4])[O-:13])[C:30](=[O:5])[O-:9].[NH4+:1]>>[NH2:1][C:29](=[O:4])[CH2:20][CH2:21][C@H:37]([NH3+:3])[C:30](=[O:5])[O-:9].[NH2:2][c:31]1[n:23][cH:18][n:25][c:33]2[c:32]1[n:24][cH:19][n:39]2[C@@H:36]1[O:26][C@H:38]([CH2:22][O:27][P:42](=[O:8])([O-:14])[O:28][P:41](=[O:7])([O-:12])[O-:13])[C@@H:35]([OH:16])[C@H:34]1[OH:15].[O:6]=[P:40]([O-:10])([O-:11])[OH:17],1,4,2.20
ecoli_154,[NH3+:1][C@H:7]([C:6]([O-:2])=[O:3])[CH2:8][CH2:9][C:10](=[O:4])[O-:5]>>[NH3+:1][CH2:7][CH2:8][CH2:9][C:10](=[O:4])[O-:5].[O:2]=[C:6]=[O:3],1,2,0.04
ecoli_155,[NH2:2][C:37](=[O:5])[c:40]1[cH:20][n+:52]([C@@H:48]2[O:31][C@H:50]([CH2:26][O:33][P:54](=[O:8])([O-:12])[O:35][P:55](=[O:9])([O-:13])[O:34][CH2:27][C@H:51]3[O:32][C@@H:49]([n:53]4[cH:22][n:29][c:42]5[c:41]([NH2:3])[n:28][cH:21][n:30][c:43]54)[C@H:45]([OH:15])[C@@H:47]3[OH:17])[C@@H:46]([OH:16])[C@H:44]2[OH:14])[cH:19][cH:18][cH:25]1.[NH3+:1][C@@H:39]([CH2:24][CH2:23][C:36](=[O:4])[O-:10])[C:38](=[O:6])[O-:11].[OH2:7]>>[NH2:2][C:37](=[O:5])[C:40]1=[CH:20][N:52]([C@@H:48]2[O:31][C@H:50]([CH2:26][O:33][P:54](=[O:8])([O-:12])[O:35][P:55](=[O:9])([O-:13])[O:34][CH2:27][C@H:51]3[O:32][C@@H:49]([n:53]4[cH:22][n:29][c:42]5[c:41]([NH2:3])[n:28][cH:21][n:30][c:43]54)[C@H:45]([OH:15])[C@@H:47]3[OH:17])[C@@H:46]([OH:16])[C@H:44]2[OH:14])[CH:19]=[CH:18][CH2:25]1.[NH4+:1].[O:4]=[C:36]([O-:10])[CH2:23][CH2:24][C:39](=[O:7])[C:38](=[O:6])[O-:11],1,4,3.41
ecoli_156,[NH2:2][C:40](=[O:5])[c:43]1[cH:22][n+:55]([C@@H:51]2[O:33][C@H:53]([CH2:28][O:36][P:58](=[O:9])([O-:15])[O:38][P:59](=[O:10])([O-:16])[O:37][CH2:29][C@H:54]3[O:34][C@@H:52]([n:56]4[cH:24][n:31][c:45]5[c:44]([NH2:3])[n:30][cH:23][n:32][c:46]54)[C@H:50]([O:35][P:57](=[O:8])([O-:13])[O-:14])[C@@H:49]3[OH:19])[C@@H:48]([OH:18])[C@H:47]2[OH:17])[cH:21][cH:20][cH:27]1.[NH3+:1][C@@H:42]([CH2:26][CH2:25][C:39](=[O:4])[O-:11])[C:41](=[O:6])[O-:12].[OH2:7]>>[NH2:2][C:40](=[O:5])[C:43]1=[CH:22][N:55]([C@@H:51]2[O:33][C@H:53]([CH2:28][O:36][P:58](=[O:9])([O-:15])[O:38][P:59](=[O:10])([O-:16])[O:37][CH2:29][C@H:54]3[O:34][C@@H:52]([n:56]4[cH:24][n:31][c:45]5[c:44]([NH2:3])[n:30][cH:23][n:32][c:46]54)[C@H:50]([O:35][P:57](=[O:8])([O-:13])[O-:14])[C@@H:49]3[OH:19])[C@@H:48]([OH:18])[C@H:47]2[OH:17])[CH:21]=[CH:20][CH2:27]1.[NH4+:1].[O:4]=[C:39]([O-:11])[CH2:25][CH2:26][C:42](=[O:7])[C:41](=[O:6])[O-:12],1,4,3.43
ecoli_157,[O-:1][C:7](=[O:2])[CH:8]=[O:3].[O:4]=[C:9]([O-:5])[CH:10]=[O:6]>>[O:1]=[C:7]=[O:2].[O:3]=[CH:8][CH:10]([OH:6])[C:9](=[O:4])[O-:5],1,2,0.06
ecoli_158,[NH2:1][C:34](=[O:4])[c:35]1[cH:17][n+:47]([C@@H:43]2[O:28][C@H:45]([CH2:23][O:30][P:49](=[O:5])([O-:7])[O:32][P:50](=[O:6])([O-:8])[O:31][CH2:24][C@H:46]3[O:29][C@@H:44]([n:48]4[cH:19][n:26][c:37]5[c:36]([NH2:2])[n:25][cH:18][n:27][c:38]54)[C@H:40]([OH:12])[C@@H:42]3[OH:14])[C@@H:41]([OH:13])[C@H:39]2[OH:11])[cH:16][cH:15][cH:22]1.[OH:3][CH:33]([CH2:20][OH:9])[CH2:21][OH:10]>>[NH2:1][C:34](=[O:4])[C:35]1=[CH:17][N:47]([C@@H:43]2[O:28][C@H:45]([CH2:23][O:30][P:49](=[O:5])([O-:7])[O:32][P:50](=[O:6])([O-:8])[O:31][CH2:24][C@H:46]3[O:29][C@@H:44]([n:48]4[cH:19][n:26][c:37]5[c:36]([NH2:2])[n:25][cH:18][n:27][c:38]54)[C@H:40]([OH:12])[C@@H:42]3[OH:14])[C@@H:41]([OH:13])[C@H:39]2[OH:11])[CH:16]=[CH:15][CH2:22]1.[O:3]=[C:33]([CH2:20][OH:9])[CH2:21][OH:10],1,2,3.81
ecoli_159,[NH2:1][c:27]1[n:19][cH:15][n:21][c:29]2[c:28]1[n:20][cH:16][n:35]2[C@@H:33]1[O:22][C@H:34]([CH2:18][O:24][P:38](=[O:5])([O-:11])[O:25][P:37](=[O:4])([O:9][P:36](=[O:3])([O-:7])[O-:8])[O-:10])[C@@H:31]([OH:13])[C@H:30]1[OH:12].[O:2]=[C:26]([O-:6])[C@H:32]([OH:14])[CH2:17][OH:23]>>[NH2:1][c:27]1[n:19][cH:15][n:21][c:29]2[c:28]1[n:20][cH:16][n:35]2[C@@H:33]1[O:22][C@H:34]([CH2:18][O:24][P:38](=[O:5])([O-:11])[O:25][P:37](=[O:4])([O-:9])[O-:10])[C@@H:31]([OH:13])[C@H:30]1[OH:12].[O:2]=[C:26]([O-:6])[C@H:32]([OH:14])[CH2:17][O:23][P:36](=[O:3])([O-:7])[O-:8],1,2,1.23
ecoli_160,[NH2:1][c:27]1[n:19][cH:15][n:21][c:29]2[c:28]1[n:20][cH:16][n:35]2[C@@H:32]1[O:22][C@H:34]([CH2:18][O:24][P:38](=[O:5])([O-:11])[O:25][P:37](=[O:4])([O:9][P:36](=[O:3])([O-:7])[O-:8])[O-:10])[C@@H:31]([OH:14])[C@H:30]1[OH:13].[O:2]=[C:26]([O-:6])[C@@H:33]([CH2:17][OH:12])[OH:23]>>[NH2:1][c:27]1[n:19][cH:15][n:21][c:29]2[c:28]1[n:20][cH:16][n:35]2[C@@H:32]1[O:22][C@H:34]([CH2:18][O:24][P:38](=[O:5])([O-:11])[O:25][P:37](=[O:4])([O-:9])[O-:10])[C@@H:31]([OH:14])[C@H:30]1[OH:13].[O:2]=[C:26]([O-:6])[C@@H:33]([CH2:17][OH:12])[O:23][P:36](=[O:3])([O-:7])[O-:8],1,2,1.41
ecoli_161,[NH2:1][c:26]1[n:19][cH:14][n:21][c:28]2[c:27]1[n:20][cH:15][n:34]2[C@@H:32]1[O:22][C@H:33]([CH2:18][O:24][P:37](=[O:4])([O-:9])[O:25][P:36](=[O:3])([O:7][P:35](=[O:2])([O-:5])[O-:6])[O-:8])[C@@H:31]([OH:13])[C@H:30]1[OH:12].[OH:10][CH2:16][CH:29]([OH:11])[CH2:17][OH:23]>>[NH2:1][c:26]1[n:19][cH:14][n:21][c:28]2[c:27]1[n:20][cH:15][n:34]2[C@@H:32]1[O:22][C@H:33]([CH2:18][O:24][P:37](=[O:4])([O-:9])[O:25][P:36](=[O:3])([O-:7])[O-:8])[C@@H:31]([OH:13])[C@H:30]1[OH:12].[O:2]=[P:35]([O-:5])([O-:6])[O:23][CH2:17][C@H:29]([OH:11])[CH2:16][OH:10],1,2,1.11
ecoli_162,[CH3:1][C:6](=[O:4])[CH:5]=[O:2].[OH2:3]>>[CH3:1][C@@H:6]([OH:4])[C:5](=[O:2])[O-:3],1,3,0.02
ecoli_163,[NH2:1][c:23]1[n:35][c:52]2[c:51]([n:34][cH:25][n:66]2[C@@H:60]2[O:38][C@H:63]([CH2:29][O:41][P:69](=[O:6])([O-:10])[O-:11])[C@@H:56]([OH:18])[C@H:54]2[OH:16])[c:49](=[O:5])[nH:37]1.[NH2:2][C:46](=[O:4])[C:47]1=[CH:28][N:68]([C@@H:62]2[O:39][C@H:64]([CH2:30][O:43][P:71](=[O:8])([O-:14])[O:45][P:72](=[O:9])([O-:15])[O:44][CH2:31][C@H:65]3[O:40][C@@H:61]([n:67]4[cH:26][n:33][c:50]5[c:48]([NH2:3])[n:32][cH:22][n:36][c:53]54)[C@H:59]([O:42][P:70](=[O:7])([O-:12])[O-:13])[C@@H:58]3[OH:20])[C@@H:57]([OH:19])[C@H:55]2[OH:17])[CH:27]=[CH:21][CH2:24]1>>[NH2:2][C:46](=[O:4])[c:47]1[cH:24][cH:21][cH:27][n+:68]([C@@H:62]2[O:39][C@H:64]([CH2:30][O:43][P:71](=[O:8])([O-:14])[O:45][P:72](=[O:9])([O-:15])[O:44][CH2:31][C@H:65]3[O:40][C@@H:61]([n:67]4[cH:26][n:33][c:50]5[c:48]([NH2:3])[n:32][cH:22][n:36][c:53]54)[C@H:59]([O:42][P:70](=[O:7])([O-:12])[O-:13])[C@@H:58]3[OH:20])[C@@H:57]([OH:19])[C@H:55]2[OH:17])[cH:28]1.[NH4+:1].[O:5]=[c:49]1[nH:37][cH:23][n:35][c:52]2[c:51]1[n:34][cH:25][n:66]2[C@@H:60]1[O:38][C@H:63]([CH2:29][O:41][P:69](=[O:6])([O-:10])[O-:11])[C@@H:56]([OH:18])[C@H:54]1[OH:16],1,3,1.52
ecoli_164,[NH2:2][c:37]1[n:25][cH:20][n:28][c:41]2[c:39]1[n:26][cH:21][n:51]2[C@@H:47]1[O:31][C@H:49]([CH2:23][O:33][P:53](=[O:4])([O:8][P:56](=[O:7])([O-:14])[O:35][P:55](=[O:6])([O-:12])[O-:13])[O-:9])[C@@H:45]([OH:17])[C@H:43]1[OH:15].[NH4+:1].[O:3]=[c:38]1[nH:30][c:36](=[O:19])[nH:29][c:42]2[c:40]1[n:27][cH:22][n:52]2[C@@H:48]1[O:32][C@H:50]([CH2:24][O:34][P:54](=[O:5])([O-:10])[O-:11])[C@@H:46]([OH:18])[C@H:44]1[OH:16]>>[NH2:1][c:36]1[n:29][c:42]2[c:40]([n:27][cH:22][n:52]2[C@@H:48]2[O:32][C@H:50]([CH2:24][O:34][P:54](=[O:5])([O-:10])[O-:11])[C@@H:46]([OH:18])[C@H:44]2[OH:16])[c:38](=[O:3])[nH:30]1.[NH2:2][c:37]1[n:25][cH:20][n:28][c:41]2[c:39]1[n:26][cH:21][n:51]2[C@@H:47]1[O:31][C@H:49]([CH2:23][O:33][P:53](=[O:4])([O-:8])[O-:9])[C@@H:45]([OH:17])[C@H:43]1[OH:15].[O:6]=[P:55]([O-:12])([O-:13])[O:35][P:56](=[O:7])([O-:14])[OH:19],1,4,2.37
ecoli_165,[NH2:3][C:45](=[O:6])[CH2:30][CH2:31][C@H:60]([NH3+:5])[C:46](=[O:7])[O-:14].[NH2:4][c:48]1[n:34][cH:27][n:37][c:52]2[c:50]1[n:35][cH:28][n:63]2[C@@H:58]1[O:40][C@H:61]([CH2:32][O:42][P:65](=[O:9])([O-:16])[O:26][P:68](=[O:12])([O-:21])[O:44][P:67](=[O:11])([O-:19])[O-:20])[C@@H:56]([OH:24])[C@H:54]1[OH:22].[O:8]=[c:49]1[nH:39][c:47](=[O:13])[nH:38][c:53]2[c:51]1[n:36][cH:29][n:64]2[C@@H:59]1[O:41][C@H:62]([CH2:33][O:43][P:66](=[O:10])([O-:17])[O-:18])[C@@H:57]([OH:25])[C@H:55]1[OH:23].[OH2:15]>>[H+].[H+].[NH2:3][c:47]1[n:38][c:53]2[c:51]([n:36][cH:29][n:64]2[C@@H:59]2[O:41][C@H:62]([CH2:33][O:43][P:66](=[O:10])([O-:17])[O-:18])[C@@H:57]([OH:25])[C@H:55]2[OH:23])[c:49](=[O:8])[nH:39]1.[NH2:4][c:48]1[n:34][cH:27][n:37][c:52]2[c:50]1[n:35][cH:28][n:63]2[C@@H:58]1[O:40][C@H:61]([CH2:32][O:42][P:65](=[O:9])([O-:15])[O-:16])[C@@H:56]([OH:24])[C@H:54]1[OH:22].[NH3+:5][C@@H:60]([CH2:31][CH2:30][C:45](=[O:6])[O-:13])[C:46](=[O:7])[O-:14].[O:11]=[P:67]([O-:19])([O-:20])[O:44][P:68](=[O:12])([O-:21])[OH:26],1,8,5.33
ecoli_166,[NH2:1][c:32]1[n:25][c:38]2[c:36]([n:23][cH:18][n:48]2[C@@H:44]2[O:28][C@H:46]([CH2:20][OH:29])[C@@H:42]([OH:15])[C@H:40]2[OH:13])[c:34](=[O:3])[nH:26]1.[NH2:2][c:33]1[n:21][cH:16][n:24][c:37]2[c:35]1[n:22][cH:17][n:47]2[C@@H:43]1[O:27][C@H:45]([CH2:19][O:30][P:51](=[O:6])([O-:11])[O:31][P:50](=[O:5])([O:9][P:49](=[O:4])([O-:7])[O-:8])[O-:10])[C@@H:41]([OH:14])[C@H:39]1[OH:12]>>[NH2:1][c:32]1[n:25][c:38]2[c:36]([n:23][cH:18][n:48]2[C@@H:44]2[O:28][C@H:46]([CH2:20][O:29][P:49](=[O:4])([O-:7])[O-:8])[C@@H:42]([OH:15])[C@H:40]2[OH:13])[c:34](=[O:3])[nH:26]1.[NH2:2][c:33]1[n:21][cH:16][n:24][c:37]2[c:35]1[n:22][cH:17][n:47]2[C@@H:43]1[O:27][C@H:45]([CH2:19][O:30][P:51](=[O:6])([O-:11])[O:31][P:50](=[O:5])([O-:9])[O-:10])[C@@H:41]([OH:14])[C@H:39]1[OH:12],1,2,2.05
ecoli_167,[NH2:1][c:25]1[n:18][c:26]2[n:19]([C@@H:15]3[O:12][C@H:29]([CH2:16][O:21][P:32](=[O:5])([O-:10])[O:23][P:33](=[O:6])([O-:11])[O:22][P:31](=[O:4])([O-:8])[O-:9])[C@@H:30]([OH:13])[C@H:24]3[OH:2])[cH:14][n:17][c:27]2[c:28](=[O:3])[nH:20]1.[OH2:7]>>[NH2:1][c:25]1[n:18][c:26]2[c:27]([c:28](=[O:3])[nH:20]1)[N:17]=[C:24]([C@H:30]([OH:13])[C@H:29]([OH:12])[CH2:16][O:21][P:32](=[O:5])([O-:10])[O:23][P:33](=[O:6])([O-:11])[O:22][P:31](=[O:4])([O-:8])[O-:9])[CH2:15][NH:19]2.[O:2]=[CH:14][O-:7],1,9,3.22
ecoli_168,[NH2:1][c:22]1[nH:16][c:23](=[O:3])[c:24]2[n:15][cH:13][n:30]([C@@H:28]3[O:18][C@H:29]([CH2:14][O:19][P:32](=[O:5])([O-:9])[O:21][P:33](=[O:6])([O-:10])[O:20][P:31](=[O:4])([O-:7])[O-:8])[C@@H:27]([OH:12])[C@H:26]3[OH:11])[c:25]2[n:17]1.[OH2:2]>>[NH4+:1].[O:2]=[c:22]1[nH:16][c:23](=[O:3])[c:24]2[n:15][cH:13][n:30]([C@@H:28]3[O:18][C@H:29]([CH2:14][O:19][P:32](=[O:5])([O-:9])[O:21][P:33](=[O:6])([O-:10])[O:20][P:31](=[O:4])([O-:7])[O-:8])[C@@H:27]([OH:12])[C@H:26]3[OH:11])[c:25]2[nH:17]1,1,2,0.17
ecoli_169,[CH3:1][S@@+:23]([CH2:14][CH2:16][C@H:33]([NH3+:4])[C:25](=[O:6])[O-:8])[CH2:17][C@H:34]1[O:21][C@@H:31]([n:35]2[cH:12][n:19][c:27]3[c:26]([NH2:2])[n:18][cH:11][n:20][c:28]32)[C@H:29]([OH:9])[C@@H:30]1[OH:10].[NH3+:3][C@@H:32]([CH2:15][CH2:13][SH:22])[C:24](=[O:5])[O-:7]>>[CH3:1][S:22][CH2:13][CH2:15][C@H:32]([NH3+:3])[C:24](=[O:5])[O-:7].[NH2:2][c:26]1[n:18][cH:11][n:20][c:28]2[c:27]1[n:19][cH:12][n:35]2[C@@H:31]1[O:21][C@H:34]([CH2:17][S:23][CH2:14][CH2:16][C@H:33]([NH3+:4])[C:25](=[O:6])[O-:8])[C@@H:30]([OH:10])[C@H:29]1[OH:9],1,2,0.25
ecoli_170,[NH2:1][c:28]1[n:20][cH:16][n:22][c:30]2[c:29]1[n:21][cH:17][n:40]2[C@@H:36]1[O:23][C@H:37]([CH2:18][O:26][P:43](=[O:4])([O-:9])[O:27][P:42](=[O:3])([O:7][P:41](=[O:2])([O-:5])[O-:6])[O-:8])[C@@H:33]([OH:12])[C@H:32]1[OH:11].[OH:10][CH:31]1[O:24][C@H:38]([CH2:19][OH:25])[C@@H:34]([OH:13])[C@H:35]([OH:14])[C@H:39]1[OH:15]>>[NH2:1][c:28]1[n:20][cH:16][n:22][c:30]2[c:29]1[n:21][cH:17][n:40]2[C@@H:36]1[O:23][C@H:37]([CH2:18][O:26][P:43](=[O:4])([O-:9])[O:27][P:42](=[O:3])([O-:7])[O-:8])[C@@H:33]([OH:12])[C@H:32]1[OH:11].[O:2]=[P:41]([O-:5])([O-:6])[O:25][CH2:19][C@H:38]1[O:24][CH:31]([OH:10])[C@H:39]([OH:15])[C@@H:35]([OH:14])[C@@H:34]1[OH:13],1,2,1.67
ecoli_171,[NH2:1][c:29]1[n:21][cH:16][n:23][c:31]2[c:30]1[n:22][cH:17][n:39]2[C@@H:35]1[O:24][C@H:37]([CH2:19][O:27][P:43](=[O:4])([O-:9])[O:28][P:42](=[O:3])([O:7][P:41](=[O:2])([O-:5])[O-:6])[O-:8])[C@@H:34]([OH:13])[C@H:32]1[OH:11].[OH:10][CH2:20][C@@:40]1([OH:15])[O:25][C@H:36]([CH2:18][OH:26])[C@@H:33]([OH:12])[C@@H:38]1[OH:14]>>[NH2:1][c:29]1[n:21][cH:16][n:23][c:31]2[c:30]1[n:22][cH:17][n:39]2[C@@H:35]1[O:24][C@H:37]([CH2:19][O:27][P:43](=[O:4])([O-:9])[O:28][P:42](=[O:3])([O-:7])[O-:8])[C@@H:34]([OH:13])[C@H:32]1[OH:11].[O:2]=[P:41]([O-:5])([O-:6])[O:26][CH2:18][C@H:36]1[O:25][C@:40]([OH:15])([CH2:20][OH:10])[C@@H:38]([OH:14])[C@@H:33]1[OH:12],1,2,2.67
ecoli_172,[NH2:1][C:63](=[O:6])[c:66]1[cH:30][n+:92]([C@@H:83]2[O:53][C@H:88]([CH2:41][O:57][P:96](=[O:9])([O-:14])[O:61][P:98](=[O:11])([O-:16])[O:59][CH2:43][C@H:90]3[O:55][C@@H:85]([n:94]4[cH:36][n:48][c:71]5[c:69]([NH2:3])[n:46][cH:32][n:50][c:73]54)[C@H:77]([OH:20])[C@@H:81]3[OH:24])[C@@H:79]([OH:22])[C@H:75]2[OH:18])[cH:28][cH:26][cH:38]1.[NH2:2][C:64](=[O:7])[c:67]1[cH:31][n+:93]([C@@H:84]2[O:54][C@H:89]([CH2:42][O:58][P:97](=[O:10])([O-:15])[O:62][P:99](=[O:12])([O-:17])[O:60][CH2:44][C@H:91]3[O:56][C@@H:86]([n:95]4[cH:37][n:49][c:72]5[c:70]([NH2:4])[n:47][cH:33][n:51][c:74]54)[C@H:78]([OH:21])[C@@H:82]3[OH:25])[C@@H:80]([OH:23])[C@H:76]2[OH:19])[cH:29][cH:27][cH:39]1.[NH3+:5][C@@H:87]([CH2:40][c:68]1[cH:35][nH:52][cH:34][n:45]1)[CH2:65][OH:13].[OH2:8]>>[NH2:1][C:63](=[O:6])[C:66]1=[CH:30][N:92]([C@@H:83]2[O:53][C@H:88]([CH2:41][O:57][P:96](=[O:9])([O-:14])[O:61][P:98](=[O:11])([O-:16])[O:59][CH2:43][C@H:90]3[O:55][C@@H:85]([n:94]4[cH:36][n:48][c:71]5[c:69]([NH2:3])[n:46][cH:32][n:50][c:73]54)[C@H:77]([OH:20])[C@@H:81]3[OH:24])[C@@H:79]([OH:22])[C@H:75]2[OH:18])[CH:28]=[CH:26][CH2:38]1.[NH2:2][C:64](=[O:7])[C:67]1=[CH:31][N:93]([C@@H:84]2[O:54][C@H:89]([CH2:42][O:58][P:97](=[O:10])([O-:15])[O:62][P:99](=[O:12])([O-:17])[O:60][CH2:44][C@H:91]3[O:56][C@@H:86]([n:95]4[cH:37][n:49][c:72]5[c:70]([NH2:4])[n:47][cH:33][n:51][c:74]54)[C@H:78]([OH:21])[C@@H:82]3[OH:25])[C@@H:80]([OH:23])[C@H:76]2[OH:19])[CH:29]=[CH:27][CH2:39]1.[NH3+:5][C@@H:87]([CH2:40][c:68]1[cH:35][nH:52][cH:34][n:45]1)[C:65](=[O:8])[O-:13],0,5,16.59
ecoli_173,[NH2:1][c:31]1[n:20][c:32]2[c:33]([c:35](=[O:3])[nH:25]1)[N:19]=[C:30]([CH2:17][OH:28])[CH2:16][NH:24]2.[NH2:2][c:34]1[n:21][cH:14][n:23][c:37]2[c:36]1[n:22][cH:15][n:42]2[C@@H:40]1[O:26][C@H:41]([CH2:18][O:27][P:43](=[O:4])([O:7][P:45](=[O:6])([O-:11])[O:29][P:44](=[O:5])([O-:9])[O-:10])[O-:8])[C@@H:39]([OH:13])[C@H:38]1[OH:12]>>[NH2:1][c:31]1[n:20][c:32]2[c:33]([c:35](=[O:3])[nH:25]1)[N:19]=[C:30]([CH2:17][O:28][P:45](=[O:6])([O-:11])[O:29][P:44](=[O:5])([O-:9])[O-:10])[CH2:16][NH:24]2.[NH2:2][c:34]1[n:21][cH:14][n:23][c:37]2[c:36]1[n:22][cH:15][n:42]2[C@@H:40]1[O:26][C@H:41]([CH2:18][O:27][P:43](=[O:4])([O-:7])[O-:8])[C@@H:39]([OH:13])[C@H:38]1[OH:12],1,2,1.83
ecoli_174,[NH2:1][C:33](=[O:3])[C:35]1=[CH:21][N:49]([C@@H:45]2[O:29][C@H:47]([CH2:24][O:31][P:51](=[O:6])([O-:9])[O:32][P:50](=[O:5])([O-:8])[O:30][CH2:23][C@H:46]3[O:28][C@@H:44]([n:48]4[cH:19][n:26][c:37]5[c:36]([NH2:2])[n:25][cH:17][n:27][c:38]54)[C@H:39]([OH:11])[C@@H:41]3[OH:13])[C@@H:42]([OH:14])[C@H:40]2[OH:12])[CH:20]=[CH:16][CH2:18]1.[O:4]=[C:34]([O-:7])[C:43](=[O:15])[CH2:22][OH:10]>>[NH2:1][C:33](=[O:3])[c:35]1[cH:18][cH:16][cH:20][n+:49]([C@@H:45]2[O:29][C@H:47]([CH2:24][O:31][P:51](=[O:6])([O-:9])[O:32][P:50](=[O:5])([O-:8])[O:30][CH2:23][C@H:46]3[O:28][C@@H:44]([n:48]4[cH:19][n:26][c:37]5[c:36]([NH2:2])[n:25][cH:17][n:27][c:38]54)[C@H:39]([OH:11])[C@@H:41]3[OH:13])[C@@H:42]([OH:14])[C@H:40]2[OH:12])[cH:21]1.[O:4]=[C:34]([O-:7])[C@H:43]([OH:15])[CH2:22][OH:10],1,2,2.86
ecoli_175,[NH2:1][C:36](=[O:3])[C:38]1=[CH:23][N:52]([C@@H:48]2[O:30][C@H:49]([CH2:25][O:33][P:54](=[O:6])([O-:11])[O:35][P:55](=[O:7])([O-:12])[O:34][CH2:26][C@H:50]3[O:31][C@@H:47]([n:51]4[cH:21][n:28][c:40]5[c:39]([NH2:2])[n:27][cH:19][n:29][c:41]54)[C@H:45]([O:32][P:53](=[O:5])([O-:9])[O-:10])[C@@H:44]3[OH:16])[C@@H:43]([OH:15])[C@H:42]2[OH:14])[CH:22]=[CH:18][CH2:20]1.[O:4]=[C:37]([O-:8])[C:46](=[O:17])[CH2:24][OH:13]>>[NH2:1][C:36](=[O:3])[c:38]1[cH:20][cH:18][cH:22][n+:52]([C@@H:48]2[O:30][C@H:49]([CH2:25][O:33][P:54](=[O:6])([O-:11])[O:35][P:55](=[O:7])([O-:12])[O:34][CH2:26][C@H:50]3[O:31][C@@H:47]([n:51]4[cH:21][n:28][c:40]5[c:39]([NH2:2])[n:27][cH:19][n:29][c:41]54)[C@H:45]([O:32][P:53](=[O:5])([O-:9])[O-:10])[C@@H:44]3[OH:16])[C@@H:43]([OH:15])[C@H:42]2[OH:14])[cH:23]1.[O:4]=[C:37]([O-:8])[C@H:46]([OH:17])[CH2:24][OH:13],1,2,0.65
ecoli_176,[NH2:1][C:37](=[O:5])[c:39]1[cH:21][n+:52]([C@@H:47]2[O:31][C@H:50]([CH2:26][O:34][P:55](=[O:8])([O-:13])[O:36][P:56](=[O:9])([O-:14])[O:35][CH2:27][C@H:51]3[O:32][C@@H:48]([n:53]4[cH:23][n:29][c:41]5[c:40]([NH2:2])[n:28][cH:22][n:30][c:42]54)[C@H:46]([O:33][P:54](=[O:7])([O-:11])[O-:12])[C@@H:45]3[OH:17])[C@@H:44]([OH:16])[C@H:43]2[OH:15])[cH:20][cH:19][cH:24]1.[NH3+:3][C@@H:49]([CH2:25][CH2:18][OH:4])[C:38](=[O:6])[O-:10]>>[NH2:1][C:37](=[O:5])[C:39]1=[CH:21][N:52]([C@@H:47]2[O:31][C@H:50]([CH2:26][O:34][P:55](=[O:8])([O-:13])[O:36][P:56](=[O:9])([O-:14])[O:35][CH2:27][C@H:51]3[O:32][C@@H:48]([n:53]4[cH:23][n:29][c:41]5[c:40]([NH2:2])[n:28][cH:22][n:30][c:42]54)[C@H:46]([O:33][P:54](=[O:7])([O-:11])[O-:12])[C@@H:45]3[OH:17])[C@@H:44]([OH:16])[C@H:43]2[OH:15])[CH:20]=[CH:19][CH2:24]1.[NH3+:3][C@@H:49]([CH2:25][CH:18]=[O:4])[C:38](=[O:6])[O-:10],1,2,1.55
ecoli_177,[NH2:1][c:28]1[n:20][cH:15][n:22][c:30]2[c:29]1[n:21][cH:16][n:36]2[C@@H:33]1[O:23][C@H:35]([CH2:19][O:25][P:39](=[O:6])([O-:12])[O:26][P:38](=[O:5])([O:10][P:37](=[O:4])([O-:8])[O-:9])[O-:11])[C@@H:32]([OH:14])[C@H:31]1[OH:13].[NH3+:2][C@@H:34]([CH2:18][CH2:17][OH:24])[C:27](=[O:3])[O-:7]>>[NH2:1][c:28]1[n:20][cH:15][n:22][c:30]2[c:29]1[n:21][cH:16][n:36]2[C@@H:33]1[O:23][C@H:35]([CH2:19][O:25][P:39](=[O:6])([O-:12])[O:26][P:38](=[O:5])([O-:10])[O-:11])[C@@H:32]([OH:14])[C@H:31]1[OH:13].[NH3+:2][C@@H:34]([CH2:18][CH2:17][O:24][P:37](=[O:4])([O-:8])[O-:9])[C:27](=[O:3])[O-:7],1,2,2.35
ecoli_178,[NH2:1][C:33](=[O:5])[c:36]1[n:27][cH:21][n:45]([C@@H:41]2[O:29][C@H:43]([CH2:25][O:31][P:47](=[O:8])([O-:13])[O-:14])[C@@H:39]([OH:16])[C@H:38]2[OH:15])[c:37]1[NH:2][CH:19]=[N:28][CH2:20][C:35](=[O:9])[C@H:44]([OH:18])[C@H:40]([OH:17])[CH2:23][O:30][P:46](=[O:7])([O-:11])[O-:12].[NH3+:3][C@@H:42]([CH2:24][CH2:22][C:32](=[O:4])[NH2:26])[C:34](=[O:6])[O-:10]>>[NH2:1][C:33](=[O:5])[c:36]1[n:27][cH:21][n:45]([C@@H:41]2[O:29][C@H:43]([CH2:25][O:31][P:47](=[O:8])([O-:13])[O-:14])[C@@H:39]([OH:16])[C@H:38]2[OH:15])[c:37]1[NH2:2].[NH3+:3][C@@H:42]([CH2:24][CH2:22][C:32](=[O:4])[O-:9])[C:34](=[O:6])[O-:10].[O:7]=[P:46]([O-:11])([O-:12])[O:30][CH2:23][C@@H:40]([OH:17])[C@@H:44]([OH:18])[c:35]1[cH:20][nH:28][cH:19][n:26]1,1,7,2.84
ecoli_179,[O:1]=[C:18]([CH2:12][NH:16][c:19]1[cH:13][cH:10][cH:11][cH:14][c:20]1[C:9](=[O:2])[O-:3])[C@H:22]([OH:8])[C@H:21]([OH:7])[CH2:15][O:17][P:23](=[O:4])([O-:5])[O-:6]>>[O:2]=[C:9]=[O:3].[O:4]=[P:23]([O-:5])([O-:6])[O:17][CH2:15][C@@H:21]([OH:7])[C@@H:22]([OH:8])[c:18]1[cH:12][nH:16][c:19]2[cH:13][cH:10][cH:11][cH:14][c:20]12.[OH2:1],1,4,0.16
ecoli_180,[NH2:1][C:42](=[O:3])[c:43]1[cH:21][n+:63]([C@@H:57]2[O:35][C@H:60]([CH2:26][O:39][P:67](=[O:7])([O-:11])[O:41][P:68](=[O:8])([O-:12])[O:40][CH2:27][C@H:61]3[O:36][C@@H:58]([n:64]4[cH:23][n:30][c:47]5[c:44]([NH2:2])[n:29][cH:22][n:32][c:49]54)[C@H:52]([OH:14])[C@@H:55]3[OH:17])[C@@H:54]([OH:16])[C@H:51]2[OH:13])[cH:20][cH:19][cH:25]1.[O:5]=[c:46]1[nH:33][cH:45][n:34][c:50]2[c:48]1[n:31][cH:24][n:65]2[C@@H:59]1[O:37][C@H:62]([CH2:28][O:38][P:66](=[O:6])([O-:9])[O-:10])[C@@H:56]([OH:18])[C@H:53]1[OH:15].[OH2:4]>>[NH2:1][C:42](=[O:3])[C:43]1=[CH:21][N:63]([C@@H:57]2[O:35][C@H:60]([CH2:26][O:39][P:67](=[O:7])([O-:11])[O:41][P:68](=[O:8])([O-:12])[O:40][CH2:27][C@H:61]3[O:36][C@@H:58]([n:64]4[cH:23][n:30][c:47]5[c:44]([NH2:2])[n:29][cH:22][n:32][c:49]54)[C@H:52]([OH:14])[C@@H:55]3[OH:17])[C@@H:54]([OH:16])[C@H:51]2[OH:13])[CH:20]=[CH:19][CH2:25]1.[O:4]=[c:45]1[nH:33][c:46](=[O:5])[c:48]2[n:31][cH:24][n:65]([C@@H:59]3[O:37][C@H:62]([CH2:28][O:38][P:66](=[O:6])([O-:9])[O-:10])[C@@H:56]([OH:18])[C@H:53]3[OH:15])[c:50]2[nH:34]1,1,3,4.85
ecoli_181,[CH3:1][CH:43]([CH3:2])[C@H:44]([C:37](=[O:7])[O-:12])[C@@H:38]([OH:8])[C:36](=[O:6])[O-:11].[NH2:3][C:35](=[O:5])[c:39]1[cH:21][n+:53]([C@@H:49]2[O:30][C@H:51]([CH2:25][O:32][P:55](=[O:9])([O-:13])[O:34][P:56](=[O:10])([O-:14])[O:33][CH2:26][C@H:52]3[O:31][C@@H:50]([n:54]4[cH:23][n:28][c:41]5[c:40]([NH2:4])[n:27][cH:22][n:29][c:42]54)[C@H:46]([OH:16])[C@@H:48]3[OH:18])[C@@H:47]([OH:17])[C@H:45]2[OH:15])[cH:20][cH:19][cH:24]1>>[CH3:1][CH:43]([CH3:2])[C@H:44]([C:37](=[O:7])[O-:12])[C:38](=[O:8])[C:36](=[O:6])[O-:11].[NH2:3][C:35](=[O:5])[C:39]1=[CH:21][N:53]([C@@H:49]2[O:30][C@H:51]([CH2:25][O:32][P:55](=[O:9])([O-:13])[O:34][P:56](=[O:10])([O-:14])[O:33][CH2:26][C@H:52]3[O:31][C@@H:50]([n:54]4[cH:23][n:28][c:41]5[c:40]([NH2:4])[n:27][cH:22][n:29][c:42]54)[C@H:46]([OH:16])[C@@H:48]3[OH:18])[C@@H:47]([OH:17])[C@H:45]2[OH:15])[CH:20]=[CH:19][CH2:24]1,1,2,3.54
ecoli_182,[CH3:1][CH:49]([CH3:2])[C:57](=[O:21])[C:45](=[O:9])[O-:14].[CH3:3][C:56]([CH3:4])([CH2:30][O:40][P:60](=[O:12])([O-:18])[O:41][P:59](=[O:11])([O-:17])[O:39][CH2:29][C@H:53]1[O:37][C@@H:52]([n:55]2[cH:24][n:33][c:47]3[c:46]([NH2:5])[n:32][cH:23][n:34][c:48]32)[C@H:50]([OH:19])[C@@H:51]1[O:38][P:58](=[O:10])([O-:15])[O-:16])[C@@H:54]([OH:20])[C:44](=[O:8])[NH:36][CH2:27][CH2:28][C:43](=[O:7])[NH:35][CH2:26][CH2:25][S:22][C:42](=[O:6])[CH3:31].[OH2:13]>>[CH3:1][CH:49]([CH3:2])[C@@:57]([OH:21])([CH2:31][C:42](=[O:6])[O-:13])[C:45](=[O:9])[O-:14].[CH3:3][C:56]([CH3:4])([CH2:30][O:40][P:60](=[O:12])([O-:18])[O:41][P:59](=[O:11])([O-:17])[O:39][CH2:29][C@H:53]1[O:37][C@@H:52]([n:55]2[cH:24][n:33][c:47]3[c:46]([NH2:5])[n:32][cH:23][n:34][c:48]32)[C@H:50]([OH:19])[C@@H:51]1[O:38][P:58](=[O:10])([O-:15])[O-:16])[C@@H:54]([OH:20])[C:44](=[O:8])[NH:36][CH2:27][CH2:28][C:43](=[O:7])[NH:35][CH2:26][CH2:25][SH:22],1,4,2.78
ecoli_183,[CH3:1][C:38]([CH3:2])([OH:6])[C@@H:54]([OH:19])[C:39](=[O:7])[O-:11].[NH2:3][C:37](=[O:5])[c:40]1[cH:22][n+:52]([C@@H:48]2[O:31][C@H:50]([CH2:26][O:34][P:56](=[O:9])([O-:14])[O:36][P:57](=[O:10])([O-:15])[O:35][CH2:27][C@H:51]3[O:32][C@@H:49]([n:53]4[cH:24][n:29][c:42]5[c:41]([NH2:4])[n:28][cH:23][n:30][c:43]54)[C@H:47]([O:33][P:55](=[O:8])([O-:12])[O-:13])[C@@H:46]3[OH:18])[C@@H:45]([OH:17])[C@H:44]2[OH:16])[cH:21][cH:20][cH:25]1>>[CH3:1][C:38](=[O:6])[C@:54]([CH3:2])([OH:19])[C:39](=[O:7])[O-:11].[NH2:3][C:37](=[O:5])[C:40]1=[CH:22][N:52]([C@@H:48]2[O:31][C@H:50]([CH2:26][O:34][P:56](=[O:9])([O-:14])[O:36][P:57](=[O:10])([O-:15])[O:35][CH2:27][C@H:51]3[O:32][C@@H:49]([n:53]4[cH:24][n:29][c:42]5[c:41]([NH2:4])[n:28][cH:23][n:30][c:43]54)[C@H:47]([O:33][P:55](=[O:8])([O-:12])[O-:13])[C@@H:46]3[OH:18])[C@@H:45]([OH:17])[C@H:44]2[OH:16])[CH:21]=[CH:20][CH2:25]1,1,4,4.27
ecoli_184,[CH3:1][CH2:28][C@@:52]([OH:18])([C:39](=[O:6])[O-:10])[C:55]([CH3:2])=[O:19].[H+].[NH2:3][C:38](=[O:5])[C:40]1=[CH:25][N:54]([C@@H:49]2[O:32][C@H:50]([CH2:26][O:35][P:57](=[O:8])([O-:13])[O:37][P:58](=[O:9])([O-:14])[O:36][CH2:27][C@H:51]3[O:33][C@@H:48]([n:53]4[cH:23][n:30][c:42]5[c:41]([NH2:4])[n:29][cH:21][n:31][c:43]54)[C@H:47]([O:34][P:56](=[O:7])([O-:11])[O-:12])[C@@H:46]3[OH:17])[C@@H:45]([OH:16])[C@H:44]2[OH:15])[CH:24]=[CH:20][CH2:22]1>>[CH3:1][CH2:28][C@@:55]([CH3:2])([OH:19])[C@@H:52]([OH:18])[C:39](=[O:6])[O-:10].[NH2:3][C:38](=[O:5])[c:40]1[cH:22][cH:20][cH:24][n+:54]([C@@H:49]2[O:32][C@H:50]([CH2:26][O:35][P:57](=[O:8])([O-:13])[O:37][P:58](=[O:9])([O-:14])[O:36][CH2:27][C@H:51]3[O:33][C@@H:48]([n:53]4[cH:23][n:30][c:42]5[c:41]([NH2:4])[n:29][cH:21][n:31][c:43]54)[C@H:47]([O:34][P:56](=[O:7])([O-:11])[O-:12])[C@@H:46]3[OH:17])[C@@H:45]([OH:16])[C@H:44]2[OH:15])[cH:25]1,1,4,3.60
ecoli_185,[CH3:1][C:43](=[O:14])[CH:15]=[O:4].[NH2:2][C:32](=[O:5])[C:33]1=[CH:21][N:47]([C@@H:42]2[O:28][C@H:45]([CH2:23][O:30][P:49](=[O:7])([O-:9])[O:31][P:48](=[O:6])([O-:8])[O:29][CH2:22][C@H:44]3[O:27][C@@H:41]([n:46]4[cH:19][n:25][c:35]5[c:34]([NH2:3])[n:24][cH:17][n:26][c:36]54)[C@H:37]([OH:10])[C@@H:39]3[OH:12])[C@@H:40]([OH:13])[C@H:38]2[OH:11])[CH:20]=[CH:16][CH2:18]1>>[CH3:1][C@@H:43]([OH:14])[CH:15]=[O:4].[NH2:2][C:32](=[O:5])[c:33]1[cH:18][cH:16][cH:20][n+:47]([C@@H:42]2[O:28][C@H:45]([CH2:23][O:30][P:49](=[O:7])([O-:9])[O:31][P:48](=[O:6])([O-:8])[O:29][CH2:22][C@H:44]3[O:27][C@@H:41]([n:46]4[cH:19][n:25][c:35]5[c:34]([NH2:3])[n:24][cH:17][n:26][c:36]54)[C@H:37]([OH:10])[C@@H:39]3[OH:12])[C@@H:40]([OH:13])[C@H:38]2[OH:11])[cH:21]1,1,2,2.63
ecoli_186,[CH3:1][C@@H:32]([OH:4])[C:34](=[O:6])[O-:9].[NH2:2][C:33](=[O:5])[c:35]1[cH:18][n+:47]([C@@H:43]2[O:27][C@H:45]([CH2:22][O:29][P:49](=[O:7])([O-:10])[O:31][P:50](=[O:8])([O-:11])[O:30][CH2:23][C@H:46]3[O:28][C@@H:44]([n:48]4[cH:20][n:25][c:37]5[c:36]([NH2:3])[n:24][cH:19][n:26][c:38]54)[C@H:40]([OH:13])[C@@H:42]3[OH:15])[C@@H:41]([OH:14])[C@H:39]2[OH:12])[cH:17][cH:16][cH:21]1>>[CH3:1][C:32](=[O:4])[C:34](=[O:6])[O-:9].[NH2:2][C:33](=[O:5])[C:35]1=[CH:18][N:47]([C@@H:43]2[O:27][C@H:45]([CH2:22][O:29][P:49](=[O:7])([O-:10])[O:31][P:50](=[O:8])([O-:11])[O:30][CH2:23][C@H:46]3[O:28][C@@H:44]([n:48]4[cH:20][n:25][c:37]5[c:36]([NH2:3])[n:24][cH:19][n:26][c:38]54)[C@H:40]([OH:13])[C@@H:42]3[OH:15])[C@@H:41]([OH:14])[C@H:39]2[OH:12])[CH:17]=[CH:16][CH2:21]1,1,2,3.75
ecoli_187,[CH3:2][CH2:52][C:46](=[O:8])[S:24][CH2:27][CH2:28][NH:37][C:45](=[O:7])[CH2:30][CH2:29][NH:38][C:47](=[O:9])[C@H:57]([OH:22])[C:60]([CH3:3])([CH3:4])[CH2:33][O:42][P:63](=[O:13])([O-:20])[O:43][P:62](=[O:12])([O-:19])[O:41][CH2:31][C@H:56]1[O:39][C@@H:55]([n:58]2[cH:26][n:35][c:50]3[c:49]([NH2:5])[n:34][cH:25][n:36][c:51]32)[C@H:53]([OH:21])[C@@H:54]1[O:40][P:61](=[O:11])([O-:17])[O-:18].[O:6]=[C:44]([O-:14])[CH2:32][C:59](=[O:23])[C:48](=[O:10])[O-:16].[OH2:15]>>[CH3:2][CH:52]([C:46](=[O:8])[O-:15])[C:59]([OH:23])([CH2:32][C:44](=[O:6])[O-:14])[C:48](=[O:10])[O-:16].[CH3:3][C:60]([CH3:4])([CH2:33][O:42][P:63](=[O:13])([O-:20])[O:43][P:62](=[O:12])([O-:19])[O:41][CH2:31][C@H:56]1[O:39][C@@H:55]([n:58]2[cH:26][n:35][c:50]3[c:49]([NH2:5])[n:34][cH:25][n:36][c:51]32)[C@H:53]([OH:21])[C@@H:54]1[O:40][P:61](=[O:11])([O-:17])[O-:18])[C@@H:57]([OH:22])[C:47](=[O:9])[NH:38][CH2:29][CH2:30][C:45](=[O:7])[NH:37][CH2:28][CH2:27][SH:24].[H+],1,5,3.49
ecoli_188,[CH3:1][C@:38]([OH:17])([CH2:23][OH:13])[C@H:35]([OH:16])[CH2:21][O:27][P:41](=[O:6])([O-:11])[O-:29].[H+].[NH2:2][c:30]1[cH:19][cH:20][n:37]([C@@H:34]2[O:25][C@H:36]([CH2:22][O:28][P:42](=[O:7])([O-:12])[O:18][P:40](=[O:5])([O-:10])[O:26][P:39](=[O:4])([O-:8])[O-:9])[C@@H:33]([OH:15])[C@H:32]2[OH:14])[c:31](=[O:3])[n:24]1>>[CH3:1][C@:38]([OH:17])([CH2:23][OH:13])[C@H:35]([OH:16])[CH2:21][O:27][P:41](=[O:6])([O-:11])[O:29][P:42](=[O:7])([O-:12])[O:28][CH2:22][C@H:36]1[O:25][C@@H:34]([n:37]2[cH:20][cH:19][c:30]([NH2:2])[n:24][c:31]2=[O:3])[C@H:32]([OH:14])[C@@H:33]1[OH:15].[O:4]=[P:39]([O-:8])([O-:9])[O:26][P:40](=[O:5])([O-:10])[OH:18],1,2,2.07
ecoli_189,[CH3:1][N:25]1[c:37]2[c:36]([n:22][c:35]([NH2:2])[nH:27][c:38]2=[O:8])[NH:24][CH2:19][C@@H:39]1[CH2:18][NH:23][c:33]1[cH:12][cH:14][c:34]([C:30](=[O:5])[NH:26][C@@H:40]([CH2:20][CH2:17][C:29](=[O:4])[O-:9])[C:31](=[O:6])[O-:10])[cH:15][cH:13]1.[NH3+:3][C@@H:41]([CH2:21][CH2:16][SH:28])[C:32](=[O:7])[O-:11]>>[CH3:1][S:28][CH2:16][CH2:21][C@H:41]([NH3+:3])[C:32](=[O:7])[O-:11].[NH2:2][c:35]1[n:22][c:36]2[c:37]([c:38](=[O:8])[nH:27]1)[NH:25][C@@H:39]([CH2:18][NH:23][c:33]1[cH:12][cH:14][c:34]([C:30](=[O:5])[NH:26][C@@H:40]([CH2:20][CH2:17][C:29](=[O:4])[O-:9])[C:31](=[O:6])[O-:10])[cH:15][cH:13]1)[CH2:19][NH:24]2,1,2,0.34
ecoli_190,[O:1]=[c:18]1[cH:12][cH:13][n:24]([C@@H:22]2[O:16][C@H:23]([CH2:14][O:17][P:26](=[O:4])([O:7][P:25](=[O:3])([O-:5])[O-:6])[O-:8])[C@@H:21]([OH:10])[C@H:20]2[OH:9])[c:19](=[O:2])[nH:15]1.[OH2:11]>>[O:1]=[c:18]1[cH:12][cH:13][n:24]([C@@H:22]2[O:16][C@H:23]([CH2:14][O:17][P:26](=[O:4])([O-:7])[O-:8])[C@@H:21]([OH:10])[C@H:20]2[OH:9])[c:19](=[O:2])[nH:15]1.[O:3]=[P:25]([O-:5])([O-:6])[OH:11],1,2,0.13
ecoli_191,[O:1]=[c:22]1[nH:17][c:23](=[O:2])[c:24]2[n:16][cH:14][n:30]([C@@H:28]3[O:19][C@H:29]([CH2:15][O:20][P:31](=[O:3])([O:6][P:33](=[O:5])([O-:10])[O:21][P:32](=[O:4])([O-:8])[O-:9])[O-:7])[C@@H:27]([OH:12])[C@H:26]3[OH:11])[c:25]2[nH:18]1.[OH2:13]>>[O:1]=[c:22]1[nH:17][c:23](=[O:2])[c:24]2[n:16][cH:14][n:30]([C@@H:28]3[O:19][C@H:29]([CH2:15][O:20][P:31](=[O:3])([O-:6])[O-:7])[C@@H:27]([OH:12])[C@H:26]3[OH:11])[c:25]2[nH:18]1.[O:4]=[P:32]([O-:8])([O-:9])[O:21][P:33](=[O:5])([O-:10])[OH:13],1,2,0.96
ecoli_192,[NH2:1][c:22]1[n:17][c:25]2[c:24]([n:16][cH:14][n:30]2[C@@H:28]2[O:19][C@H:29]([CH2:15][O:20][P:31](=[O:3])([O:6][P:33](=[O:5])([O-:10])[O:21][P:32](=[O:4])([O-:8])[O-:9])[O-:7])[C@@H:27]([OH:12])[C@H:26]2[OH:11])[c:23](=[O:2])[nH:18]1.[OH2:13]>>[NH2:1][c:22]1[n:17][c:25]2[c:24]([n:16][cH:14][n:30]2[C@@H:28]2[O:19][C@H:29]([CH2:15][O:20][P:31](=[O:3])([O-:6])[O-:7])[C@@H:27]([OH:12])[C@H:26]2[OH:11])[c:23](=[O:2])[nH:18]1.[O:4]=[P:32]([O-:8])([O-:9])[O:21][P:33](=[O:5])([O-:10])[OH:13],1,2,0.95
ecoli_193,[O:1]=[c:22]1[nH:18][cH:13][n:17][c:24]2[c:23]1[n:16][cH:14][n:29]2[C@@H:27]1[O:19][C@H:28]([CH2:15][O:20][P:30](=[O:2])([O:5][P:32](=[O:4])([O-:9])[O:21][P:31](=[O:3])([O-:7])[O-:8])[O-:6])[C@@H:26]([OH:11])[C@H:25]1[OH:10].[OH2:12]>>[O:1]=[c:22]1[nH:18][cH:13][n:17][c:24]2[c:23]1[n:16][cH:14][n:29]2[C@@H:27]1[O:19][C@H:28]([CH2:15][O:20][P:30](=[O:2])([O-:5])[O-:6])[C@@H:26]([OH:11])[C@H:25]1[OH:10].[O:3]=[P:31]([O-:7])([O-:8])[O:21][P:32](=[O:4])([O-:9])[OH:12],1,2,0.31
ecoli_194,[NH2:1][C:14](=[O:3])[O:9][P:17](=[O:5])([O-:7])[O-:8].[NH3+:2][C@@H:16]([CH2:12][CH2:10][CH2:11][NH3+:13])[C:15](=[O:4])[O-:6]>>[NH2:1][C:14](=[O:3])[NH:13][CH2:11][CH2:10][CH2:12][C@H:16]([NH3+:2])[C:15](=[O:4])[O-:6].[O:5]=[P:17]([O-:7])([O-:8])[OH:9],1,2,0.03
ecoli_195,[CH3:1][CH:12]([CH3:2])[C@H:9]([C:8]([O-:3])=[O:4])[C:11](=[O:6])[C:10](=[O:5])[O-:7]>>[CH3:1][CH:12]([CH3:2])[CH2:9][C:11](=[O:6])[C:10](=[O:5])[O-:7].[O:3]=[C:8]=[O:4],1,2,0.09
ecoli_196,[NH3+:1][CH2:6][CH2:8][CH2:9][C@H:7]([NH3+:2])[C:5]([O-:3])=[O:4]>>[NH3+:1][CH2:6][CH2:8][CH2:9][CH2:7][NH3+:2].[O:3]=[C:5]=[O:4],1,2,0.03
ecoli_197,[NH2:1][C:37](=[O:3])[C:39]1=[CH:21][N:53]([C@@H:49]2[O:31][C@H:50]([CH2:25][O:34][P:55](=[O:6])([O-:11])[O:36][P:56](=[O:7])([O-:12])[O:35][CH2:26][C@H:51]3[O:32][C@@H:48]([n:52]4[cH:19][n:28][c:41]5[c:40]([NH2:2])[n:27][cH:17][n:29][c:42]54)[C@H:46]([O:33][P:54](=[O:5])([O-:9])[O-:10])[C@@H:45]3[OH:15])[C@@H:44]([OH:14])[C@H:43]2[OH:13])[CH:20]=[CH:16][CH2:18]1.[O:4]=[C:38]([O-:8])[C@@H:47]1[CH2:24][CH2:22][CH:23]=[N:30]1>>[NH2:1][C:37](=[O:3])[c:39]1[cH:18][cH:16][cH:20][n+:53]([C@@H:49]2[O:31][C@H:50]([CH2:25][O:34][P:55](=[O:6])([O-:11])[O:36][P:56](=[O:7])([O-:12])[O:35][CH2:26][C@H:51]3[O:32][C@@H:48]([n:52]4[cH:19][n:28][c:41]5[c:40]([NH2:2])[n:27][cH:17][n:29][c:42]54)[C@H:46]([O:33][P:54](=[O:5])([O-:9])[O-:10])[C@@H:45]3[OH:15])[C@@H:44]([OH:14])[C@H:43]2[OH:13])[cH:21]1.[O:4]=[C:38]([O-:8])[C@@H:47]1[CH2:24][CH2:22][CH2:23][NH2+:30]1,1,2,0.65
ecoli_198,[CH3:1][C:44]([CH3:2])([CH2:25][OH:15])[C@@H:42]([OH:18])[C:34](=[O:5])[O-:11].[NH2:3][c:35]1[n:26][cH:20][n:28][c:37]2[c:36]1[n:27][cH:21][n:43]2[C@@H:40]1[O:30][C@H:41]([CH2:24][O:31][P:45](=[O:6])([O-:10])[O:19][P:47](=[O:8])([O-:14])[O:32][P:46](=[O:7])([O-:12])[O-:13])[C@@H:39]([OH:17])[C@H:38]1[OH:16].[O:4]=[C:33]([O-:9])[CH2:23][CH2:22][NH3+:29]>>[CH3:1][C:44]([CH3:2])([CH2:25][OH:15])[C@@H:42]([OH:18])[C:34](=[O:5])[NH:29][CH2:22][CH2:23][C:33](=[O:4])[O-:9].[NH2:3][c:35]1[n:26][cH:20][n:28][c:37]2[c:36]1[n:27][cH:21][n:43]2[C@@H:40]1[O:30][C@H:41]([CH2:24][O:31][P:45](=[O:6])([O-:10])[O-:11])[C@@H:39]([OH:17])[C@H:38]1[OH:16].[O:7]=[P:46]([O-:12])([O-:13])[O:32][P:47](=[O:8])([O-:14])[OH:19],1,4,2.45
ecoli_199,[NH2:1][c:15]1[n:11][c:18]2[c:17]([n:10][cH:8][n:23]2[C@@H:21]2[O:13][C@@H:22]3[CH2:9][O:14][P:24](=[O:3])([O-:4])[O:5][C@H:20]3[C@H:19]2[OH:6])[c:16](=[O:2])[nH:12]1.[OH2:7]>>[NH2:1][c:15]1[n:11][c:18]2[c:17]([n:10][cH:8][n:23]2[C@@H:21]2[O:13][C@H:22]([CH2:9][O:14][P:24](=[O:3])([O-:4])[O-:5])[C@@H:20]([OH:7])[C@H:19]2[OH:6])[c:16](=[O:2])[nH:12]1,1,2,0.14
ecoli_200,[NH2:1][C:37](=[O:3])[c:40]1[cH:21][n+:53]([C@@H:49]2[O:31][C@H:51]([CH2:26][O:34][P:56](=[O:7])([O-:12])[O:36][P:57](=[O:8])([O-:13])[O:35][CH2:27][C@H:52]3[O:32][C@@H:50]([n:54]4[cH:23][n:29][c:42]5[c:41]([NH2:2])[n:28][cH:22][n:30][c:43]54)[C@H:45]([OH:15])[C@@H:47]3[OH:17])[C@@H:46]([OH:16])[C@H:44]2[OH:14])[cH:20][cH:19][cH:24]1.[O:4]=[C:38]([O-:9])[C@H:39]([OH:5])[C@H:48]([OH:18])[CH2:25][O:33][P:55](=[O:6])([O-:10])[O-:11]>>[NH2:1][C:37](=[O:3])[C:40]1=[CH:21][N:53]([C@@H:49]2[O:31][C@H:51]([CH2:26][O:34][P:56](=[O:7])([O-:12])[O:36][P:57](=[O:8])([O-:13])[O:35][CH2:27][C@H:52]3[O:32][C@@H:50]([n:54]4[cH:23][n:29][c:42]5[c:41]([NH2:2])[n:28][cH:22][n:30][c:43]54)[C@H:45]([OH:15])[C@@H:47]3[OH:17])[C@@H:46]([OH:16])[C@H:44]2[OH:14])[CH:20]=[CH:19][CH2:24]1.[O:4]=[C:38]([O-:9])[C:39](=[O:5])[C@H:48]([OH:18])[CH2:25][O:33][P:55](=[O:6])([O-:10])[O-:11],1,2,4.17
ecoli_201,[NH2:1][c:32]1[n:23][cH:18][n:25][c:34]2[c:33]1[n:24][cH:19][n:42]2[C@@H:38]1[O:26][C@H:40]([CH2:21][O:30][P:47](=[O:5])([O-:12])[O:31][P:46](=[O:4])([O-:10])[O:11][P:45](=[O:3])([O-:8])[O-:9])[C@@H:37]([OH:15])[C@H:35]1[OH:13].[O:2]=[P:44]([O-:6])([O-:7])[O:28][CH2:20][C@H:39]1[O:27][C@:43]([OH:17])([CH2:22][OH:29])[C@@H:41]([OH:16])[C@@H:36]1[OH:14]>>[NH2:1][c:32]1[n:23][cH:18][n:25][c:34]2[c:33]1[n:24][cH:19][n:42]2[C@@H:38]1[O:26][C@H:40]([CH2:21][O:30][P:47](=[O:5])([O-:12])[O:31][P:46](=[O:4])([O-:10])[O-:11])[C@@H:37]([OH:15])[C@H:35]1[OH:13].[O:2]=[P:44]([O-:6])([O-:7])[O:28][CH2:20][C@H:39]1[O:27][C@:43]([OH:17])([CH2:22][O:29][P:45](=[O:3])([O-:8])[O-:9])[C@@H:41]([OH:16])[C@@H:36]1[OH:14],1,2,1.79
ecoli_202,[NH2:1][c:34]1[n:25][cH:20][n:27][c:36]2[c:35]1[n:26][cH:21][n:45]2[C@@H:43]1[O:28][C@H:44]([CH2:24][O:31][P:49](=[O:6])([O-:13])[O:32][P:48](=[O:5])([O:11][P:46](=[O:3])([O-:7])[O-:8])[O-:12])[C@@H:40]([OH:17])[C@H:38]1[OH:15].[O:2]=[C:33]([CH2:22][OH:29])[C@@H:42]([OH:19])[C@H:37]([OH:14])[C@H:39]([OH:16])[C@H:41]([OH:18])[CH2:23][O:30][P:47](=[O:4])([O-:9])[O-:10]>>[NH2:1][c:34]1[n:25][cH:20][n:27][c:36]2[c:35]1[n:26][cH:21][n:45]2[C@@H:43]1[O:28][C@H:44]([CH2:24][O:31][P:49](=[O:6])([O-:13])[O:32][P:48](=[O:5])([O-:11])[O-:12])[C@@H:40]([OH:17])[C@H:38]1[OH:15].[O:2]=[C:33]([CH2:22][O:29][P:46](=[O:3])([O-:7])[O-:8])[C@@H:42]([OH:19])[C@H:37]([OH:14])[C@H:39]([OH:16])[C@H:41]([OH:18])[CH2:23][O:30][P:47](=[O:4])([O-:9])[O-:10],1,2,2.01
ecoli_203,[NH2:1][C:36](=[O:3])[c:39]1[cH:20][n+:51]([C@@H:47]2[O:30][C@H:49]([CH2:25][O:33][P:54](=[O:7])([O-:12])[O:35][P:55](=[O:8])([O-:13])[O:34][CH2:26][C@H:50]3[O:31][C@@H:48]([n:52]4[cH:22][n:28][c:41]5[c:40]([NH2:2])[n:27][cH:21][n:29][c:42]54)[C@H:44]([OH:15])[C@@H:46]3[OH:17])[C@@H:45]([OH:16])[C@H:43]2[OH:14])[cH:19][cH:18][cH:24]1.[O:4]=[C:37]([O-:9])[C@H:38]([OH:5])[CH2:23][O:32][P:53](=[O:6])([O-:10])[O-:11]>>[NH2:1][C:36](=[O:3])[C:39]1=[CH:20][N:51]([C@@H:47]2[O:30][C@H:49]([CH2:25][O:33][P:54](=[O:7])([O-:12])[O:35][P:55](=[O:8])([O-:13])[O:34][CH2:26][C@H:50]3[O:31][C@@H:48]([n:52]4[cH:22][n:28][c:41]5[c:40]([NH2:2])[n:27][cH:21][n:29][c:42]54)[C@H:44]([OH:15])[C@@H:46]3[OH:17])[C@@H:45]([OH:16])[C@H:43]2[OH:14])[CH:19]=[CH:18][CH2:24]1.[O:4]=[C:37]([O-:9])[C:38](=[O:5])[CH2:23][O:32][P:53](=[O:6])([O-:10])[O-:11],1,2,3.72
ecoli_204,[O:1]=[C:9]([O-:3])[C@H:10]([O:6][P:11](=[O:2])([O-:4])[O-:5])[CH2:7][OH:8]>>[O:1]=[C:9]([O-:3])[C@H:10]([OH:6])[CH2:7][O:8][P:11](=[O:2])([O-:4])[O-:5],1,2,0.04
ecoli_205,[O:1]=[P:16]([O-:2])([O-:3])[O:4][CH:11]1[O:9][C@H:14]([CH2:8][OH:10])[C@@H:12]([OH:5])[C@H:13]([OH:6])[C@H:15]1[OH:7]>>[O:1]=[P:16]([O-:2])([O-:3])[O:10][CH2:8][C@H:14]1[O:9][CH:11]([OH:4])[C@H:15]([OH:7])[C@@H:13]([OH:6])[C@@H:12]1[OH:5],1,2,0.06
ecoli_206,[NH3+:1][CH:22]([CH2:16][c:21]1[cH:12][cH:10][cH:9][cH:11][cH:13]1)[C:20](=[O:5])[O-:8].[O:2]=[C:17]([O-:6])[CH2:14][CH2:15][C:19](=[O:4])[C:18](=[O:3])[O-:7]>>[NH3+:1][CH:22]([CH2:16][CH2:14][C:17](=[O:2])[O-:6])[C:20](=[O:5])[O-:8].[O:3]=[C:18]([O-:7])[C:19](=[O:4])[CH2:15][c:21]1[cH:12][cH:10][cH:9][cH:11][cH:13]1,1,4,0.18
ecoli_207,[CH3:1][CH2:26][C:46](=[O:8])[S:42][CH2:25][CH2:23][NH:35][C:45](=[O:7])[CH2:28][CH2:24][NH:36][C:47](=[O:9])[C@H:55]([OH:20])[C:57]([CH3:2])([CH3:3])[CH2:31][O:40][P:60](=[O:12])([O-:18])[O:41][P:59](=[O:11])([O-:17])[O:39][CH2:30][C@H:54]1[O:37][C@@H:53]([n:56]2[cH:22][n:33][c:49]3[c:48]([NH2:4])[n:32][cH:21][n:34][c:50]32)[C@H:51]([OH:19])[C@@H:52]1[O:38][P:58](=[O:10])([O-:15])[O-:16].[O:5]=[C:43]([O-:13])[CH2:29][CH2:27][C:44](=[O:6])[O-:14]>>[CH3:1][CH2:26][C:43](=[O:5])[O-:13].[CH3:2][C:57]([CH3:3])([CH2:31][O:40][P:60](=[O:12])([O-:18])[O:41][P:59](=[O:11])([O-:17])[O:39][CH2:30][C@H:54]1[O:37][C@@H:53]([n:56]2[cH:22][n:33][c:49]3[c:48]([NH2:4])[n:32][cH:21][n:34][c:50]32)[C@H:51]([OH:19])[C@@H:52]1[O:38][P:58](=[O:10])([O-:15])[O-:16])[C@@H:55]([OH:20])[C:47](=[O:9])[NH:36][CH2:24][CH2:28][C:45](=[O:7])[NH:35][CH2:23][CH2:25][S:42][C:46](=[O:8])[CH2:29][CH2:27][C:44](=[O:6])[O-:14],1,4,3.55
ecoli_208,[O:1]=[P:14]([O:4][C@H:12]1[O:8][C@H:13]([CH2:7][OH:9])[C@@H:11]([OH:3])[C@H:10]1[OH:2])([O-:5])[O-:6]>>[O:1]=[P:14]([OH:5])([OH:6])[O:9][CH2:7][C@H:13]1[O:8][C@H:12]([OH:4])[C@H:10]([OH:2])[C@@H:11]1[OH:3],1,2,0.05
ecoli_209,[NH2:1][C:40](=[O:5])[c:43]1[cH:21][n+:57]([C@@H:53]2[O:35][C@H:55]([CH2:30][O:37][P:59](=[O:8])([O-:11])[O:39][P:60](=[O:9])([O-:12])[O:38][CH2:31][C@H:56]3[O:36][C@@H:54]([n:58]4[cH:27][n:33][c:47]5[c:46]([NH2:2])[n:32][cH:22][n:34][c:48]54)[C@H:50]([OH:15])[C@@H:52]3[OH:17])[C@@H:51]([OH:16])[C@H:49]2[OH:14])[cH:20][cH:19][cH:28]1.[O:3]=[C:18]([O-:4])[C@:45]1([CH2:29][C:42](=[O:7])[C:41](=[O:6])[O-:10])[CH:25]=[CH:23][C@H:44]([OH:13])[CH:24]=[CH:26]1>>[NH2:1][C:40](=[O:5])[C:43]1=[CH:21][N:57]([C@@H:53]2[O:35][C@H:55]([CH2:30][O:37][P:59](=[O:8])([O-:11])[O:39][P:60](=[O:9])([O-:12])[O:38][CH2:31][C@H:56]3[O:36][C@@H:54]([n:58]4[cH:27][n:33][c:47]5[c:46]([NH2:2])[n:32][cH:22][n:34][c:48]54)[C@H:50]([OH:15])[C@@H:52]3[OH:17])[C@@H:51]([OH:16])[C@H:49]2[OH:14])[CH:20]=[CH:19][CH2:28]1.[O:3]=[C:18]=[O:4].[O:6]=[C:41]([O-:10])[C:42](=[O:7])[CH2:29][c:45]1[cH:25][cH:23][c:44]([OH:13])[cH:24][cH:26]1,1,3,4.79
ecoli_210,[O:1]=[C:17]([O-:4])[c:20]1[cH:12][cH:10][cH:9][cH:11][c:19]1[NH:15][C@@H:13]1[O:7][C@H:21]([CH2:14][O:16][P:23](=[O:3])([O-:5])[O-:6])[C@@H:22]([OH:8])[C@H:18]1[OH:2]>>[O:1]=[C:17]([O-:4])[c:20]1[cH:12][cH:10][cH:9][cH:11][c:19]1[NH:15][CH2:13][C:18](=[O:2])[C@H:22]([OH:8])[C@H:21]([OH:7])[CH2:14][O:16][P:23](=[O:3])([O-:5])[O-:6],1,3,0.54
ecoli_211,[NH2:1][c:24]1[n+:19]([CH:31]2[O:20][CH:33]([CH2:15][O:22][P:36](=[O:3])([OH:5])[O-:6])[CH:29]([OH:11])[CH:27]2[OH:9])[cH:13][n:17][c:26]2[c:25]1[n:18][cH:14][n:35]2[CH:32]1[O:21][CH:34]([CH2:16][O:23][P:37](=[O:4])([OH:7])[O-:8])[CH:30]([OH:12])[CH:28]1[OH:10].[OH2:2]>>[NH2:1][C:24](=[O:2])[c:25]1[n:18][cH:14][n:35]([C@@H:32]2[O:21][C@H:34]([CH2:16][O:23][P:37](=[O:4])([O-:7])[O-:8])[C@@H:30]([OH:12])[C@H:28]2[OH:10])[c:26]1/[N:17]=[CH:13]/[NH:19][C@@H:31]1[O:20][C@H:33]([CH2:15][O:22][P:36](=[O:3])([O-:5])[O-:6])[C@@H:29]([OH:11])[C@H:27]1[OH:9],1,2,1.63
ecoli_212,[NH2:1][C:25](=[O:2])[c:27]1[n:20][cH:15][n:35]([C@@H:32]2[O:22][C@H:33]([CH2:18][O:24][P:37](=[O:5])([O-:8])[O-:9])[C@@H:30]([OH:11])[C@H:29]2[OH:10])[c:28]1/[N:21]=[CH:14]/[NH:19][C@@H:16]1[O:12][C@H:31]([CH2:17][O:23][P:36](=[O:4])([O-:6])[O-:7])[C@@H:34]([OH:13])[C@H:26]1[OH:3]>>[NH2:1][C:25](=[O:2])[c:27]1[n:20][cH:15][n:35]([C@@H:32]2[O:22][C@H:33]([CH2:18][O:24][P:37](=[O:5])([O-:8])[O-:9])[C@@H:30]([OH:11])[C@H:29]2[OH:10])[c:28]1[NH:21][CH:14]=[N:19][CH2:16][C:26](=[O:3])[C@H:34]([OH:13])[C@H:31]([OH:12])[CH2:17][O:23][P:36](=[O:4])([O-:6])[O-:7],1,3,2.45
ecoli_213,[CH2:1]=[C:18]([O:13][P:25](=[O:4])([O-:8])[O-:9])[C:19](=[O:2])[O-:6].[O:3]=[C:20]([O-:7])[C:21]1=[CH:14][C@@H:23]([O:17][P:26](=[O:5])([O-:10])[O-:11])[C@@H:22]([OH:12])[C@H:24]([OH:16])[CH2:15]1>>[CH2:1]=[C:18]([O:16][C@@H:24]1[CH2:15][C:21]([C:20](=[O:3])[O-:7])=[CH:14][C@@H:23]([O:17][P:26](=[O:5])([O-:10])[O-:11])[C@H:22]1[OH:12])[C:19](=[O:2])[O-:6].[O:4]=[P:25]([O-:8])([O-:9])[OH:13],1,2,0.13
ecoli_214,[NH3+:1][C@@H:20]([CH2:14][CH2:12][C:16](=[O:2])[O-:7])[C:19](=[O:5])[O-:9].[O:3]=[C:17]([O-:8])[C:18](=[O:4])[CH2:13][O:15][P:21](=[O:6])([O-:10])[O-:11]>>[NH3+:1][C@@H:20]([CH2:14][O:15][P:21](=[O:6])([O-:10])[O-:11])[C:19](=[O:5])[O-:9].[O:2]=[C:16]([O-:7])[CH2:12][CH2:13][C:18](=[O:4])[C:17](=[O:3])[O-:8],1,4,0.07
ecoli_215,[NH3+:1][C@@H:11]([CH2:9][O:8][P:12](=[O:3])([O-:5])[O-:6])[C:10](=[O:2])[O-:4].[OH2:7]>>[NH3+:1][C@@H:11]([CH2:9][OH:7])[C:10](=[O:2])[O-:4].[O:3]=[P:12]([O-:5])([O-:6])[OH:8],1,2,0.04
ecoli_216,[NH3+:1][CH2:9][CH2:11][CH2:10][CH2:8][NH3+:2].[O:3]=[C:16]([CH2:13][CH2:12][C:14](=[O:4])[O-:6])[C:15](=[O:5])[O-:7]>>[NH3+:1][CH2:9][CH2:11][CH2:10][CH:8]=[O:3].[NH3+:2][C@@H:16]([CH2:13][CH2:12][C:14](=[O:4])[O-:6])[C:15](=[O:5])[O-:7],1,6,0.07
ecoli_217,[NH2:1][c:17]1[n:11][cH:8][n:12][c:18]2[n:14]([C@@H:20]3[O:15][C@H:23]([CH2:10][OH:5])[C@@H:22]([OH:7])[C@H:21]3[OH:6])[cH:9][n:13][c:19]12.[O:2]=[P:24]([O-:3])([O-:4])[OH:16]>>[NH2:1][c:17]1[n:11][cH:8][n:12][c:18]2[nH:14][cH:9][n:13][c:19]12.[O:2]=[P:24]([O-:3])([O-:4])[O:16][C@H:20]1[O:15][C@H:23]([CH2:10][OH:5])[C@@H:22]([OH:7])[C@H:21]1[OH:6],1,2,0.10
ecoli_218,[NH2:1][c:17]1[n:11][cH:8][n:12][c:18]2[n:14]([C@@H:20]3[O:15][C@H:23]([CH2:10][OH:5])[C@@H:22]([OH:7])[C@H:21]3[OH:6])[cH:9][n:13][c:19]12.[O:2]=[P:24]([O-:3])([O-:4])[OH:16]>>[NH2:1][c:17]1[n:11][cH:8][n:12][c:18]2[nH:14][cH:9][n:13][c:19]12.[O:2]=[P:24]([O-:3])([O-:4])[O:16][C@H:20]1[O:15][C@H:23]([CH2:10][OH:5])[C@@H:22]([OH:7])[C@H:21]1[OH:6],1,2,0.10
ecoli_219,[NH2:1][c:17]1[n:11][c:19]2[n:14]([C@@H:21]3[O:15][C@H:24]([CH2:10][OH:6])[C@@H:23]([OH:8])[C@H:22]3[OH:7])[cH:9][n:12][c:20]2[c:18](=[O:2])[nH:13]1.[O:3]=[P:25]([O-:4])([O-:5])[OH:16]>>[NH2:1][c:17]1[n:11][c:19]2[nH:14][cH:9][n:12][c:20]2[c:18](=[O:2])[nH:13]1.[O:3]=[P:25]([O-:4])([O-:5])[O:16][C@H:21]1[O:15][C@H:24]([CH2:10][OH:6])[C@@H:23]([OH:8])[C@H:22]1[OH:7],1,2,0.10
ecoli_220,[O:2]=[P:24]([O-:3])([O-:4])[OH:16].[OH:1][c:17]1[n:13][cH:8][n:11][c:18]2[n:12]([C@@H:20]3[O:15][C@H:23]([CH2:10][OH:5])[C@@H:22]([OH:7])[C@H:21]3[OH:6])[cH:9][n:14][c:19]12>>[O:1]=[c:17]1[nH:13][cH:8][n:11][c:18]2[n:12][cH:9][nH:14][c:19]12.[O:2]=[P:24]([O-:3])([O-:4])[O:16][C@H:20]1[O:15][C@H:23]([CH2:10][OH:5])[C@@H:22]([OH:7])[C@H:21]1[OH:6],1,2,0.41
ecoli_221,[O:1]=[c:16]1[cH:10][cH:9][n:12]([C@@H:18]2[O:14][C@H:21]([CH2:11][OH:6])[C@@H:20]([OH:8])[C@H:19]2[OH:7])[c:17](=[O:2])[nH:13]1.[O:3]=[P:22]([O-:4])([O-:5])[OH:15]>>[O:1]=[c:16]1[cH:10][cH:9][nH:12][c:17](=[O:2])[nH:13]1.[O:3]=[P:22]([O-:4])([O-:5])[O:15][C@H:18]1[O:14][C@H:21]([CH2:11][OH:6])[C@@H:20]([OH:8])[C@H:19]1[OH:7],1,2,0.07
ecoli_222,[O:1]=[C:11]([CH2:8][OH:5])[C@H:13]([OH:7])[C@H:12]([OH:6])[CH2:9][O:10][P:14](=[O:2])([O-:3])[O-:4]>>[O:1]=[C:11]([CH2:8][OH:5])[C@@H:13]([OH:7])[C@H:12]([OH:6])[CH2:9][O:10][P:14](=[O:2])([O-:3])[O-:4],1,0,0.05
ecoli_223,[OH:1][C@H:11]1[C@@H:8]([OH:5])[O:6][C@H:12]([CH2:9][O:10][P:14](=[O:2])([OH:3])[OH:4])[C@H:13]1[OH:7]>>[O:1]=[C:11]([CH2:8][OH:5])[C@H:13]([OH:7])[C@H:12]([OH:6])[CH2:9][O:10][P:14](=[O:2])([O-:3])[O-:4],1,3,0.07
ecoli_224,[NH3+:1][C@@H:20]([CH2:14][CH2:11][CH2:15][C@H:21]([NH:2][C:17](=[O:4])[CH2:13][CH2:12][C:16](=[O:3])[O-:7])[C:19](=[O:6])[O-:10])[C:18](=[O:5])[O-:9].[OH2:8]>>[NH3+:1][C@@H:20]([CH2:14][CH2:11][CH2:15][C@H:21]([NH3+:2])[C:19](=[O:6])[O-:10])[C:18](=[O:5])[O-:9].[O:3]=[C:16]([O-:7])[CH2:12][CH2:13][C:17](=[O:4])[O-:8],1,2,0.07
ecoli_225,[NH3+:1][C@@H:30]([CH2:20][CH2:14][CH2:19][C@H:29]([NH:21][C:24](=[O:4])[CH2:17][CH2:15][C:22](=[O:2])[O-:9])[C:27](=[O:7])[O-:12])[C:28](=[O:8])[O-:13].[O:3]=[C:23]([O-:10])[CH2:16][CH2:18][C:26](=[O:6])[C:25](=[O:5])[O-:11]>>[NH3+:1][C@@H:30]([CH2:20][CH2:16][C:23](=[O:3])[O-:10])[C:28](=[O:8])[O-:13].[O:2]=[C:22]([O-:9])[CH2:15][CH2:17][C:24](=[O:4])[NH:21][C@@H:29]([CH2:19][CH2:14][CH2:18][C:26](=[O:6])[C:25](=[O:5])[O-:11])[C:27](=[O:7])[O-:12],1,4,0.18
ecoli_226,[CH3:1][C:42](=[O:7])[S:20][CH2:23][CH2:24][NH:33][C:41](=[O:6])[CH2:26][CH2:25][NH:34][C:44](=[O:9])[C@H:53]([OH:19])[C:55]([CH3:2])([CH3:3])[CH2:29][O:39][P:58](=[O:12])([O-:17])[O:40][P:57](=[O:11])([O-:16])[O:38][CH2:28][C@H:52]1[O:36][C@@H:50]([n:54]2[cH:22][n:31][c:46]3[c:45]([NH2:4])[n:30][cH:21][n:32][c:47]32)[C@H:48]([OH:18])[C@@H:49]1[O:37][P:56](=[O:10])([O-:14])[O-:15].[NH3+:5][C@@H:51]([CH2:27][OH:35])[C:43](=[O:8])[O-:13]>>[CH3:1][C:42](=[O:7])[O:35][CH2:27][C@H:51]([NH3+:5])[C:43](=[O:8])[O-:13].[CH3:2][C:55]([CH3:3])([CH2:29][O:39][P:58](=[O:12])([O-:17])[O:40][P:57](=[O:11])([O-:16])[O:38][CH2:28][C@H:52]1[O:36][C@@H:50]([n:54]2[cH:22][n:31][c:46]3[c:45]([NH2:4])[n:30][cH:21][n:32][c:47]32)[C@H:48]([OH:18])[C@@H:49]1[O:37][P:56](=[O:10])([O-:14])[O-:15])[C@@H:53]([OH:19])[C:44](=[O:9])[NH:34][CH2:25][CH2:26][C:41](=[O:6])[NH:33][CH2:24][CH2:23][SH:20],1,2,0.51
ecoli_227,[CH3:1][C:81]([CH3:2])([CH2:42][O:56][P:87](=[O:14])([O-:24])[O:58][P:86](=[O:13])([O-:23])[O:55][CH2:41][C@H:77]1[O:52][C@@H:75]([n:80]2[cH:33][n:46][c:67]3[c:65]([NH2:4])[n:44][cH:31][n:48][c:69]32)[C@H:71]([OH:26])[C@@H:73]1[O:53][P:83](=[O:10])([O-:18])[O-:19])[C@@H:78]([OH:28])[C:63](=[O:8])[NH:50][CH2:35][CH2:38][C:61](=[O:6])[NH:49][CH2:34][CH2:36][SH:59].[NH2:3][c:64]1[n:43][cH:30][n:47][c:68]2[c:66]1[n:45][cH:32][n:79]2[C@@H:74]1[O:51][C@H:76]([CH2:40][O:54][P:85](=[O:12])([O-:22])[O:57][P:84](=[O:11])([O-:20])[O:29][P:82](=[O:9])([O-:16])[O-:17])[C@@H:72]([OH:27])[C@H:70]1[OH:25].[O:5]=[C:60]([O-:15])[CH2:37][CH2:39][C:62](=[O:7])[O-:21]>>[CH3:1][C:81]([CH3:2])([CH2:42][O:56][P:87](=[O:14])([O-:24])[O:58][P:86](=[O:13])([O-:23])[O:55][CH2:41][C@H:77]1[O:52][C@@H:75]([n:80]2[cH:33][n:46][c:67]3[c:65]([NH2:4])[n:44][cH:31][n:48][c:69]32)[C@H:71]([OH:26])[C@@H:73]1[O:53][P:83](=[O:10])([O-:18])[O-:19])[C@@H:78]([OH:28])[C:63](=[O:8])[NH:50][CH2:35][CH2:38][C:61](=[O:6])[NH:49][CH2:34][CH2:36][S:59][C:62](=[O:7])[CH2:39][CH2:37][C:60](=[O:5])[O-:15].[NH2:3][c:64]1[n:43][cH:30][n:47][c:68]2[c:66]1[n:45][cH:32][n:79]2[C@@H:74]1[O:51][C@H:76]([CH2:40][O:54][P:85](=[O:12])([O-:22])[O:57][P:84](=[O:11])([O-:20])[O-:21])[C@@H:72]([OH:27])[C@H:70]1[OH:25].[O:9]=[P:82]([O-:16])([O-:17])[OH:29],1,4,7.09
ecoli_228,[O:3]=[P:28]([OH:6])([OH:7])[O:20][CH2:16][CH:24]([OH:18])[CH:21]=[O:9].[OH:1][C@H:14]([C@H:23]([OH:11])[C@H:22]([OH:10])[CH2:15][O:19][P:27](=[O:2])([O-:4])[O-:5])[C@H:25]([OH:12])[C:26](=[O:13])[CH2:17][OH:8]>>[O:1]=[CH:14][C@H:23]([OH:11])[C@H:22]([OH:10])[CH2:15][O:19][P:27](=[O:2])([O-:4])[O-:5].[O:3]=[P:28]([O-:6])([O-:7])[O:20][CH2:16][C@H:24]1[O:18][C@:26]([OH:13])([CH2:17][OH:8])[C@@H:25]([OH:12])[C@@H:21]1[OH:9],1,3,1.32
ecoli_229,[CH3:1][C:65]([CH3:2])([CH2:36][O:46][P:68](=[O:13])([O-:20])[O:47][P:67](=[O:12])([O-:19])[O:45][CH2:35][C@H:62]1[O:43][C@@H:61]([n:64]2[cH:25][n:38][c:56]3[c:55]([NH2:3])[n:37][cH:24][n:39][c:57]32)[C@H:58]([OH:21])[C@@H:59]1[O:44][P:66](=[O:11])([O-:17])[O-:18])[C@@H:63]([OH:22])[C:54](=[O:10])[NH:41][CH2:29][CH2:31][C:49](=[O:5])[NH:40][CH2:28][CH2:26][S:23][C:50](=[O:6])[CH2:32][CH2:30][C:48](=[O:4])[O-:14].[O:7]=[C:51]([O-:15])[C:52]1=[N:42][C@H:60]([C:53](=[O:9])[O-:16])[CH2:34][CH2:27][CH2:33]1.[OH2:8]>>[CH3:1][C:65]([CH3:2])([CH2:36][O:46][P:68](=[O:13])([O-:20])[O:47][P:67](=[O:12])([O-:19])[O:45][CH2:35][C@H:62]1[O:43][C@@H:61]([n:64]2[cH:25][n:38][c:56]3[c:55]([NH2:3])[n:37][cH:24][n:39][c:57]32)[C@H:58]([OH:21])[C@@H:59]1[O:44][P:66](=[O:11])([O-:17])[O-:18])[C@@H:63]([OH:22])[C:54](=[O:10])[NH:41][CH2:29][CH2:31][C:49](=[O:5])[NH:40][CH2:28][CH2:26][SH:23].[O:4]=[C:48]([O-:14])[CH2:30][CH2:32][C:50](=[O:6])[NH:42][C@@H:60]([CH2:34][CH2:27][CH2:33][C:52](=[O:8])[C:51](=[O:7])[O-:15])[C:53](=[O:9])[O-:16],1,4,2.67
ecoli_230,[CH3:1][C@@H:6]([OH:3])[C@H:7]([NH3+:2])[C:8](=[O:4])[O-:5]>>[CH3:1][CH:6]=[O:3].[NH3+:2][CH2:7][C:8](=[O:4])[O-:5],1,2,0.02
ecoli_231,[CH3:1][C@H:6]([OH:3])[C@H:7]([NH3+:2])[C:8](=[O:4])[O-:5]>>[CH3:1][CH:6]=[O:3].[NH3+:2][CH2:7][C:8](=[O:4])[O-:5],1,2,0.01
ecoli_232,[NH3+:1][C@@H:8]([C@@H:6]([CH3:2])[OH:4])[C:7](=[O:3])[O-:5]>>[CH3:2][CH2:6][C:8](=[O:4])[C:7](=[O:3])[O-:5].[NH4+:1],1,5,0.02
ecoli_233,[CH2:1]([O:9][P:13](=[O:4])([O-:6])[O-:7])[CH2:12][C@H:11]([NH3+:2])[C:10](=[O:3])[O-:5].[OH2:8]>>[CH3:1][C@@H:12]([OH:8])[C@H:11]([NH3+:2])[C:10](=[O:3])[O-:5].[O:4]=[P:13]([O-:6])([O-:7])[OH:9],1,4,0.04
ecoli_234,[O:3]=[P:27]([OH:5])([OH:6])[O:19][CH2:18][C@H:25]1[O:11][C@H:26]([OH:12])[C@H:23]([OH:9])[C@@H:24]1[OH:10].[OH:1][C@H:15]([C:21](=[O:2])[CH2:16][OH:7])[C@H:22]([OH:8])[CH2:17][O:20][P:28](=[O:4])([O-:13])[O-:14]>>[O:1]=[CH:15][CH:22]([OH:8])[CH2:17][O:20][P:28](=[O:4])([OH:13])[OH:14].[O:2]=[C:21]([CH2:16][OH:7])[C@@H:26]([OH:12])[C@H:23]([OH:9])[C@H:24]([OH:10])[C@H:25]([OH:11])[CH2:18][O:19][P:27](=[O:3])([O-:5])[O-:6],1,3,0.61
ecoli_235,[O:2]=[P:25]([O-:4])([O-:5])[O:18][CH2:15][C@@H:22]([OH:17])[C@@H:21]([OH:8])[CH:23]=[O:9].[OH:1][C@@H:13]([C@H:20]([OH:7])[CH2:14][O:19][P:26](=[O:3])([O-:11])[O-:12])[C:24](=[O:10])[CH2:16][OH:6]>>[O:1]=[CH:13][CH:20]([OH:7])[CH2:14][O:19][P:26](=[O:3])([OH:11])[OH:12].[O:2]=[P:25]([O-:4])([O-:5])[O:18][CH2:15][C@H:22]1[O:17][C@:24]([OH:10])([CH2:16][OH:6])[C@@H:23]([OH:9])[C@@H:21]1[OH:8],1,3,1.31
ecoli_236,[OH:1][CH2:6][C:9](=[O:3])[CH2:7][O:8][P:10](=[O:2])([O-:4])[O-:5]>>[O:1]=[CH:6][CH:9]([OH:3])[CH2:7][O:8][P:10](=[O:2])([OH:4])[OH:5],1,2,0.03
ecoli_237,[NH3+:1][C@@H:13]([CH2:2][c:10]1[cH:8][nH:12][c:16]2[cH:11][cH:7][cH:6][cH:9][c:15]12)[C:14](=[O:4])[O-:5].[OH2:3]>>[CH3:2][C:13](=[O:3])[C:14](=[O:4])[O-:5].[NH4+:1].[cH:6]1[cH:7][cH:11][c:16]2[nH:12][cH:8][cH:10][c:15]2[cH:9]1,1,6,0.34
ecoli_238,[OH:1][C@@H:6]([c:11]1[cH:9][nH:14][c:17]2[cH:12][cH:8][cH:7][cH:10][c:16]12)[C@H:18]([OH:3])[CH2:13][O:15][P:19](=[O:2])([O-:4])[O-:5]>>[O:1]=[CH:6][CH:18]([OH:3])[CH2:13][O:15][P:19](=[O:2])([OH:4])[OH:5].[cH:7]1[cH:8][cH:12][c:17]2[nH:14][cH:9][cH:11][c:16]2[cH:10]1,1,2,0.39
ecoli_239,[OH:1][CH2:17][C@H:25]([NH3+:2])[C:20](=[O:4])[O-:6].[OH:3][C@@H:10]([c:21]1[cH:13][nH:18][c:22]2[cH:14][cH:11][cH:12][cH:15][c:23]12)[C@H:24]([OH:7])[CH2:16][O:19][P:26](=[O:5])([O-:8])[O-:9]>>[NH3+:2][C@@H:25]([CH2:17][c:21]1[cH:13][nH:18][c:22]2[cH:14][cH:11][cH:12][cH:15][c:23]12)[C:20](=[O:4])[O-:6].[O:3]=[CH:10][CH:24]([OH:7])[CH2:16][O:19][P:26](=[O:5])([OH:8])[OH:9].[OH2:1],1,3,0.20
ecoli_240,[OH:1][CH2:10][C@H:16]([NH3+:2])[C:12](=[O:3])[O-:4].[cH:5]1[cH:6][cH:9][c:15]2[cH:13][cH:7][nH:11][c:14]2[cH:8]1>>[NH3+:2][C@@H:16]([CH2:10][c:13]1[cH:7][nH:11][c:14]2[cH:8][cH:5][cH:6][cH:9][c:15]12)[C:12](=[O:3])[O-:4].[OH2:1],1,3,0.10
ecoli_241,[OH:1][C@@H:6]([c:11]1[cH:9][nH:14][c:17]2[cH:12][cH:8][cH:7][cH:10][c:16]12)[C@H:18]([OH:3])[CH2:13][O:15][P:19](=[O:2])([O-:4])[O-:5]>>[O:1]=[CH:6][CH:18]([OH:3])[CH2:13][O:15][P:19](=[O:2])([OH:4])[OH:5].[cH:7]1[cH:8][cH:12][c:17]2[nH:14][cH:9][cH:11][c:16]2[cH:10]1,1,2,0.55
ecoli_242,[NH3+:1][C@@H:23]([CH2:16][c:22]1[cH:12][cH:10][c:21]([OH:9])[cH:11][cH:13]1)[C:20](=[O:5])[O-:8].[O:2]=[C:17]([O-:6])[CH2:14][CH2:15][C:19](=[O:4])[C:18](=[O:3])[O-:7]>>[NH3+:1][C@@H:23]([CH2:16][CH2:14][C:17](=[O:2])[O-:6])[C:20](=[O:5])[O-:8].[O:3]=[C:18]([O-:7])[C:19](=[O:4])[CH2:15][c:22]1[cH:12][cH:10][c:21]([OH:9])[cH:11][cH:13]1,1,4,0.20
ecoli_243,[NH2:1][c:34]1[n:24][cH:18][n:26][c:38]2[c:37]1[n:25][cH:21][n:48]2[C@@H:44]1[O:29][C@H:46]([CH2:23][O:31][P:52](=[O:7])([O-:13])[O:33][P:50](=[O:5])([O:10][P:49](=[O:4])([O-:8])[O-:9])[O-:11])[C@@H:42]([OH:17])[C@H:40]1[OH:15].[O:2]=[c:35]1[cH:19][cH:20][n:47]([C@@H:43]2[O:28][C@H:45]([CH2:22][O:30][P:51](=[O:6])([O-:12])[O-:32])[C@@H:41]([OH:16])[C@H:39]2[OH:14])[c:36](=[O:3])[nH:27]1>>[NH2:1][c:34]1[n:24][cH:18][n:26][c:38]2[c:37]1[n:25][cH:21][n:48]2[C@@H:44]1[O:29][C@H:46]([CH2:23][O:31][P:52](=[O:7])([O-:13])[O:33][P:50](=[O:5])([O-:10])[O-:11])[C@@H:42]([OH:17])[C@H:40]1[OH:15].[O:2]=[c:35]1[cH:19][cH:20][n:47]([C@@H:43]2[O:28][C@H:45]([CH2:22][O:30][P:51](=[O:6])([O-:12])[O:32][P:49](=[O:4])([O-:8])[O-:9])[C@@H:41]([OH:16])[C@H:39]2[OH:14])[c:36](=[O:3])[nH:27]1,1,2,3.32
ecoli_244,[O:1]=[c:13]1[cH:8][cH:7][n:10]([C@@H:15]2[O:12][C@H:17]([CH2:9][OH:3])[C@@H:16]([OH:5])[C@H:18]2[OH:6])[c:14](=[O:2])[nH:11]1.[OH2:4]>>[O:1]=[c:13]1[cH:8][cH:7][nH:10][c:14](=[O:2])[nH:11]1.[OH:3][CH2:9][C@H:17]1[O:12][CH:15]([OH:4])[C@H:18]([OH:6])[C@@H:16]1[OH:5],1,2,0.12
ecoli_245,[CH3:1][CH:17]([CH3:2])[C@H:18]([NH3+:3])[C:16](=[O:7])[O-:10].[O:4]=[C:13]([O-:8])[CH2:11][CH2:12][C:15](=[O:6])[C:14](=[O:5])[O-:9]>>[CH3:1][CH:17]([CH3:2])[C:15](=[O:6])[C:14](=[O:5])[O-:9].[NH3+:3][C@@H:18]([CH2:12][CH2:11][C:13](=[O:4])[O-:8])[C:16](=[O:7])[O-:10],1,4,0.10
ecoli_246,[CH3:1][C@H:14]([NH3+:4])[C:12](=[O:7])[O-:9].[CH3:2][CH:13]([CH3:3])[C:10](=[O:5])[C:11](=[O:6])[O-:8]>>[CH3:1][C:10](=[O:5])[C:11](=[O:6])[O-:8].[CH3:2][CH:13]([CH3:3])[C@H:14]([NH3+:4])[C:12](=[O:7])[O-:9],1,4,0.09
ecoli_247,[O:1]=[c:14]1[nH:10][c:15](=[O:2])[c:17]2[n:9][cH:7][n:11]([C@@H:18]3[O:13][C@H:20]([CH2:8][OH:3])[C@@H:19]([OH:5])[C@H:21]3[OH:6])[c:16]2[nH:12]1.[OH2:4]>>[O:1]=[c:14]1[nH:10][c:15](=[O:2])[c:17]2[n:9][cH:7][nH:11][c:16]2[nH:12]1.[OH:3][CH2:8][C@H:20]1[O:13][CH:18]([OH:4])[C@H:21]([OH:6])[C@@H:19]1[OH:5],1,2,0.35
ecoli_248,[OH:1][CH2:6][C@H:10]1[O:8][CH:7]([OH:2])[C@H:12]([OH:5])[C@@H:11]([OH:4])[C@@H:9]1[OH:3]>>[OH:1][CH2:6][C@H:10]1[O:8][C@:12]([OH:5])([CH2:7][OH:2])[C@@H:11]([OH:4])[C@@H:9]1[OH:3],1,4,0.04
ecoli_249,[O:1]=[C:12]1[O:3][C@H:15]([CH2:10][O:11][P:17](=[O:2])([O-:4])[O-:5])[C@@H:13]([OH:6])[C@H:14]([OH:7])[C@H:16]1[OH:9].[OH2:8]>>[O:1]=[C:12]([O-:3])[C@H:16]([OH:9])[C@@H:14]([OH:7])[C@H:13]([OH:6])[C@H:15]([OH:8])[CH2:10][O:11][P:17](=[O:2])([O-:4])[O-:5],1,2,0.06
ecoli_250,[CH3:1][C:43]([CH3:2])([CH2:23][OH:29])[C@@H:41]([OH:17])[C:33](=[O:5])[NH:27][CH2:20][CH2:21][C:32](=[O:4])[O-:9].[NH2:3][c:34]1[n:24][cH:18][n:26][c:36]2[c:35]1[n:25][cH:19][n:42]2[C@@H:39]1[O:28][C@H:40]([CH2:22][O:30][P:46](=[O:8])([O-:14])[O:31][P:45](=[O:7])([O:12][P:44](=[O:6])([O-:10])[O-:11])[O-:13])[C@@H:38]([OH:16])[C@H:37]1[OH:15]>>[CH3:1][C:43]([CH3:2])([CH2:23][O:29][P:44](=[O:6])([O-:10])[O-:11])[C@@H:41]([OH:17])[C:33](=[O:5])[NH:27][CH2:20][CH2:21][C:32](=[O:4])[O-:9].[NH2:3][c:34]1[n:24][cH:18][n:26][c:36]2[c:35]1[n:25][cH:19][n:42]2[C@@H:39]1[O:28][C@H:40]([CH2:22][O:30][P:46](=[O:8])([O-:14])[O:31][P:45](=[O:7])([O-:12])[O-:13])[C@@H:38]([OH:16])[C@H:37]1[OH:15],1,2,2.67
ecoli_251,[O:1]=[C:11]=[O:5].[O:2]=[C:12]([O-:6])[C:13]([O:9][P:14](=[O:4])([O-:7])[O-:8])=[CH2:10].[OH2:3]>>[O:1]=[C:11]([O-:5])[CH2:10][C:13](=[O:3])[C:12](=[O:2])[O-:6].[O:4]=[P:14]([O-:7])([O-:8])[OH:9],1,3,0.06
ecoli_252,[CH3:1][C@@H:46]([OH:16])[CH:23]=[O:12].[NH2:2][C:35](=[O:4])[C:36]1=[CH:22][N:50]([C@@H:45]2[O:29][C@H:47]([CH2:24][O:32][P:52](=[O:6])([O-:10])[O:34][P:53](=[O:7])([O-:11])[O:33][CH2:25][C@H:48]3[O:30][C@@H:44]([n:49]4[cH:20][n:27][c:38]5[c:37]([NH2:3])[n:26][cH:18][n:28][c:39]54)[C@H:43]([O:31][P:51](=[O:5])([O-:8])[O-:9])[C@@H:42]3[OH:15])[C@@H:41]([OH:14])[C@H:40]2[OH:13])[CH:21]=[CH:17][CH2:19]1>>[CH3:1][C@@H:46]([OH:16])[CH2:23][OH:12].[NH2:2][C:35](=[O:4])[c:36]1[cH:19][cH:17][cH:21][n+:50]([C@@H:45]2[O:29][C@H:47]([CH2:24][O:32][P:52](=[O:6])([O-:10])[O:34][P:53](=[O:7])([O-:11])[O:33][CH2:25][C@H:48]3[O:30][C@@H:44]([n:49]4[cH:20][n:27][c:38]5[c:37]([NH2:3])[n:26][cH:18][n:28][c:39]54)[C@H:43]([O:31][P:51](=[O:5])([O-:8])[O-:9])[C@@H:42]3[OH:15])[C@@H:41]([OH:14])[C@H:40]2[OH:13])[cH:22]1,1,2,0.70
ecoli_253,[CH3:1][C:51]([CH3:2])([CH2:31][O:37][P:53](=[O:9])([O-:15])[O-:16])[C@@H:49]([OH:22])[C:41](=[O:6])[NH:33][CH2:27][CH2:28][C:39](=[O:4])[O-:14].[NH2:3][c:42]1[cH:25][cH:26][n:50]([C@@H:47]2[O:35][C@H:48]([CH2:30][O:36][P:52](=[O:8])([O-:13])[O:23][P:55](=[O:11])([O-:19])[O:38][P:54](=[O:10])([O-:17])[O-:18])[C@@H:45]([OH:21])[C@H:44]2[OH:20])[c:43](=[O:7])[n:32]1.[O:5]=[C:40]([O-:12])[C@H:46]([CH2:29][SH:24])[NH3+:34]>>[CH3:1][C:51]([CH3:2])([CH2:31][O:37][P:53](=[O:9])([O-:15])[O-:16])[C@@H:49]([OH:22])[C:41](=[O:6])[NH:33][CH2:27][CH2:28][C:39](=[O:4])[NH:34][C@@H:46]([CH2:29][SH:24])[C:40](=[O:5])[O-:12].[NH2:3][c:42]1[cH:25][cH:26][n:50]([C@@H:47]2[O:35][C@H:48]([CH2:30][O:36][P:52](=[O:8])([O-:13])[O-:14])[C@@H:45]([OH:21])[C@H:44]2[OH:20])[c:43](=[O:7])[n:32]1.[O:10]=[P:54]([O-:17])([O-:18])[O:38][P:55](=[O:11])([O-:19])[OH:23],1,4,4.09
ecoli_254,[OH:1][C@H:8]1[CH:9]=[CH:11][C@:16]([C:7]([O-:2])=[O:3])([CH2:13][C:15](=[O:5])[C:14](=[O:4])[O-:6])[CH:12]=[CH:10]1>>[O:2]=[C:7]=[O:3].[O:4]=[C:14]([O-:6])[C:15](=[O:5])[CH2:13][c:16]1[cH:11][cH:9][cH:8][cH:10][cH:12]1.[OH2:1],1,2,0.28
ecoli_255,[CH3:3][C:28](=[O:27])[C:29](=[O:5])[O-:9].[NH2:4][c:30]1[n:22][cH:19][n:24][c:32]2[c:31]1[n:23][cH:20][n:37]2[C@@H:35]1[O:25][C@H:36]([CH2:21][O:26][P:39](=[O:7])([O-:12])[O:13][P:38](=[O:6])([O:10][P:40](=[O:8])([O-:14])[O-:15])[O-:11])[C@@H:34]([OH:17])[C@H:33]1[OH:16].[OH2:18]>>[CH2:3]=[C:28]([O:27][P:40](=[O:8])([O-:14])[O-:15])[C:29](=[O:5])[O-:9].[H+].[H+].[NH2:4][c:30]1[n:22][cH:19][n:24][c:32]2[c:31]1[n:23][cH:20][n:37]2[C@@H:35]1[O:25][C@H:36]([CH2:21][O:26][P:39](=[O:7])([O-:12])[O-:13])[C@@H:34]([OH:17])[C@H:33]1[OH:16].[O:6]=[P:38]([O-:10])([O-:11])[OH:18],1,7,3.07
ecoli_256,[NH2:1][c:35]1[n:25][cH:20][n:27][c:37]2[c:36]1[n:26][cH:21][n:46]2[C@@H:43]1[O:30][C@H:45]([CH2:24][O:32][P:50](=[O:7])([O-:14])[O:33][P:49](=[O:6])([O-:12])[O:19][P:47](=[O:4])([O-:8])[O-:9])[C@@H:41]([OH:18])[C@H:39]1[OH:16].[NH3+:2][CH2:22][C:34](=[O:3])[O-:13].[O:5]=[P:48]([O-:10])([O-:11])[O:31][CH2:23][C@H:44]1[O:29][C@@H:42]([NH3+:28])[C@H:38]([OH:15])[C@@H:40]1[OH:17]>>[NH2:1][c:35]1[n:25][cH:20][n:27][c:37]2[c:36]1[n:26][cH:21][n:46]2[C@@H:43]1[O:30][C@H:45]([CH2:24][O:32][P:50](=[O:7])([O-:14])[O:33][P:49](=[O:6])([O-:12])[O-:13])[C@@H:41]([OH:18])[C@H:39]1[OH:16].[NH3+:2][CH2:22][C:34](=[O:3])[NH:28][C@@H:42]1[O:29][C@H:44]([CH2:23][O:31][P:48](=[O:5])([O-:10])[O-:11])[C@@H:40]([OH:17])[C@H:38]1[OH:15].[O:4]=[P:47]([O-:8])([O-:9])[OH:19],1,4,2.93
ecoli_257,[NH2:1][c:29]1[c:30]2[n:22][cH:18][n:40]([CH:38]3[O:24][CH:32]([CH2:20][O:26][P:43](=[O:3])([O:7][P:42](=[O:2])([O-:6])[O:28][P:45](=[O:5])([O-:10])[OH:17])[O-:8])[CH:34]([OH:11])[CH:36]3[OH:13])[c:31]2[n:23][cH:19][n+:41]1[CH:39]1[O:25][CH:33]([CH2:21][O:27][P:44](=[O:4])([O-:9])[OH:16])[CH:35]([OH:12])[CH:37]1[OH:14].[OH2:15]>>[NH2:1][c:29]1[c:30]2[n:22][cH:18][n:40]([CH:38]3[O:24][CH:32]([CH2:20][O:26][P:43](=[O:3])([O-:8])[OH:15])[CH:34]([OH:11])[CH:36]3[OH:13])[c:31]2[n:23][cH:19][n+:41]1[CH:39]1[O:25][CH:33]([CH2:21][O:27][P:44](=[O:4])([O-:9])[OH:16])[CH:35]([OH:12])[CH:37]1[OH:14].[O:2]=[P:42]([O-:6])([O-:7])[O:28][P:45](=[O:5])([O-:10])[OH:17],1,2,2.70
ecoli_258,[NH2:1][c:30]1[n:21][cH:17][n:23][c:32]2[c:31]1[n:22][cH:18][n:41]2[C@@H:38]1[O:24][C@H:39]([CH2:19][O:26][P:42](=[O:2])([O:6][P:45](=[O:5])([O-:12])[O:29][P:44](=[O:4])([O-:10])[O-:11])[O-:7])[C@@H:36]([OH:15])[C@H:34]1[OH:13].[O:3]=[P:43]([OH:8])([OH:9])[O:27][CH2:20][C@H:40]1[O:25][C@H:33]([OH:28])[C@H:35]([OH:14])[C@@H:37]1[OH:16]>>[NH2:1][c:30]1[n:21][cH:17][n:23][c:32]2[c:31]1[n:22][cH:18][n:41]2[C@@H:38]1[O:24][C@H:39]([CH2:19][O:26][P:42](=[O:2])([O-:6])[O-:7])[C@@H:36]([OH:15])[C@H:34]1[OH:13].[O:3]=[P:43]([O-:8])([O-:9])[O:27][CH2:20][C@H:40]1[O:25][C@H:33]([O:28][P:45](=[O:5])([O-:12])[O:29][P:44](=[O:4])([O-:10])[O-:11])[C@H:35]([OH:14])[C@@H:37]1[OH:16],1,2,3.16
ecoli_259,[CH2:1]=[C:25]([O:3][P:36](=[O:6])([O-:10])[O-:11])[C:26](=[O:4])[O-:9].[NH2:2][c:27]1[n:19][c:30]2[c:29]([n:18][cH:16][n:35]2[C@@H:33]2[O:21][C@H:34]([CH2:17][O:22][P:37](=[O:7])([O-:12])[O:24][P:38](=[O:8])([O-:13])[O-:23])[C@@H:32]([OH:15])[C@H:31]2[OH:14])[c:28](=[O:5])[nH:20]1>>[CH3:1][C:25](=[O:3])[C:26](=[O:4])[O-:9].[NH2:2][c:27]1[n:19][c:30]2[c:29]([n:18][cH:16][n:35]2[C@@H:33]2[O:21][C@H:34]([CH2:17][O:22][P:37](=[O:7])([O-:12])[O:24][P:38](=[O:8])([O-:13])[O:23][P:36](=[O:6])([O-:10])[O-:11])[C@@H:32]([OH:15])[C@H:31]2[OH:14])[c:28](=[O:5])[nH:20]1,1,3,1.85
ecoli_260,[NH2:1][c:27]1[n:19][cH:15][n:21][c:29]2[c:28]1[n:20][cH:16][n:38]2[C@@H:34]1[O:22][C@H:36]([CH2:17][O:25][P:41](=[O:4])([O-:7])[O:26][P:39](=[O:2])([O:5][P:40](=[O:3])([O-:13])[O-:14])[O-:6])[C@@H:32]([OH:10])[C@H:30]1[OH:8].[OH:9][C@@H:31]1[C@H:33]([OH:11])[C@@H:37]([CH2:18][OH:24])[O:23][CH:35]1[OH:12]>>[NH2:1][c:27]1[n:19][cH:15][n:21][c:29]2[c:28]1[n:20][cH:16][n:38]2[C@@H:34]1[O:22][C@H:36]([CH2:17][O:25][P:41](=[O:4])([O-:7])[O:26][P:39](=[O:2])([O-:5])[O-:6])[C@@H:32]([OH:10])[C@H:30]1[OH:8].[O:3]=[P:40]([OH:13])([OH:14])[O:24][CH2:18][C@H:37]1[O:23][C@H:35]([OH:12])[C@H:31]([OH:9])[C@@H:33]1[OH:11],1,2,2.63
ecoli_261,[NH2:1][C:39](=[O:4])[C:41]1=[CH:25][N:57]([C@@H:53]2[O:32][C@H:54]([CH2:27][O:35][P:59](=[O:6])([O-:11])[O:37][P:60](=[O:7])([O-:12])[O:36][CH2:28][C@H:55]3[O:33][C@@H:52]([n:56]4[cH:23][n:30][c:43]5[c:42]([NH2:2])[n:29][cH:21][n:31][c:44]54)[C@H:49]([O:34][P:58](=[O:5])([O-:9])[O-:10])[C@@H:48]3[OH:16])[C@@H:47]([OH:15])[C@H:46]2[OH:14])[CH:24]=[CH:20][CH2:22]1.[O:3]=[C:38]([O-:8])[C:40]1=[CH:19][C:50](=[O:17])[C@@H:45]([OH:13])[C@H:51]([OH:18])[CH2:26]1>>[NH2:1][C:39](=[O:4])[c:41]1[cH:22][cH:20][cH:24][n+:57]([C@@H:53]2[O:32][C@H:54]([CH2:27][O:35][P:59](=[O:6])([O-:11])[O:37][P:60](=[O:7])([O-:12])[O:36][CH2:28][C@H:55]3[O:33][C@@H:52]([n:56]4[cH:23][n:30][c:43]5[c:42]([NH2:2])[n:29][cH:21][n:31][c:44]54)[C@H:49]([O:34][P:58](=[O:5])([O-:9])[O-:10])[C@@H:48]3[OH:16])[C@@H:47]([OH:15])[C@H:46]2[OH:14])[cH:25]1.[O:3]=[C:38]([O-:8])[C:40]1=[CH:19][C@@H:50]([OH:17])[C@@H:45]([OH:13])[C@H:51]([OH:18])[CH2:26]1,1,2,3.68
ecoli_262,[NH2:1][c:30]1[n:21][cH:17][n:23][c:32]2[c:31]1[n:22][cH:18][n:40]2[C@@H:37]1[O:24][C@H:39]([CH2:20][O:26][P:43](=[O:5])([O-:11])[O:27][P:42](=[O:4])([O-:9])[O:10][P:41](=[O:3])([O-:7])[O-:8])[C@@H:35]([OH:14])[C@H:33]1[OH:12].[O:2]=[C:28]([O-:6])[C:29]1=[CH:16][C@@H:38]([OH:25])[C@@H:34]([OH:13])[C@H:36]([OH:15])[CH2:19]1>>[NH2:1][c:30]1[n:21][cH:17][n:23][c:32]2[c:31]1[n:22][cH:18][n:40]2[C@@H:37]1[O:24][C@H:39]([CH2:20][O:26][P:43](=[O:5])([O-:11])[O:27][P:42](=[O:4])([O-:9])[O-:10])[C@@H:35]([OH:14])[C@H:33]1[OH:12].[O:2]=[C:28]([O-:6])[C:29]1=[CH:16][C@@H:38]([O:25][P:41](=[O:3])([O-:7])[O-:8])[C@@H:34]([OH:13])[C@H:36]([OH:15])[CH2:19]1,1,2,2.63
ecoli_263,[NH3+:1][C@@H:21]([CH2:14][CH2:11][O:8][C:18](=[O:4])[CH2:13][CH2:12][C:17](=[O:3])[O-:7])[C:19](=[O:5])[O-:9].[NH3+:2][C@@H:22]([CH2:15][SH:16])[C:20](=[O:6])[O-:10]>>[NH3+:1][C@@H:21]([CH2:14][CH2:11][S:16][CH2:15][C@H:22]([NH3+:2])[C:20](=[O:6])[O-:10])[C:19](=[O:5])[O-:9].[O:3]=[C:17]([O-:7])[CH2:12][CH2:13][C:18](=[O:4])[O-:8],1,2,0.06
ecoli_264,[CH3:1][S+:22]([CH2:14][CH2:12][CH2:10][NH3+:4])[CH2:16][C@H:29]1[O:21][C@@H:28]([n:30]2[cH:8][n:18][c:24]3[c:23]([NH2:2])[n:17][cH:7][n:19][c:25]32)[C@H:26]([OH:5])[C@@H:27]1[OH:6].[NH3+:3][CH2:9][CH2:11][CH2:13][CH2:15][NH3+:20]>>[CH3:1][S:22][CH2:16][C@H:29]1[O:21][C@@H:28]([n:30]2[cH:8][n:18][c:24]3[c:23]([NH2:2])[n:17][cH:7][n:19][c:25]32)[C@H:26]([OH:5])[C@@H:27]1[OH:6].[NH3+:3][CH2:9][CH2:11][CH2:13][CH2:15][NH2+:20][CH2:14][CH2:12][CH2:10][NH3+:4],1,2,0.12
ecoli_265,[NH2:1][C:36](=[O:5])[c:37]1[cH:18][n+:49]([C@@H:45]2[O:29][C@H:47]([CH2:24][O:31][P:51](=[O:6])([O-:10])[O:33][P:52](=[O:7])([O-:11])[O:32][CH2:25][C@H:48]3[O:30][C@@H:46]([n:50]4[cH:20][n:27][c:39]5[c:38]([NH2:2])[n:26][cH:19][n:28][c:40]54)[C@H:42]([OH:13])[C@@H:44]3[OH:15])[C@@H:43]([OH:14])[C@H:41]2[OH:12])[cH:17][cH:16][cH:23]1.[O:3]=[CH:34][CH2:21][CH2:22][C:35](=[O:4])[O-:9].[OH2:8]>>[NH2:1][C:36](=[O:5])[C:37]1=[CH:18][N:49]([C@@H:45]2[O:29][C@H:47]([CH2:24][O:31][P:51](=[O:6])([O-:10])[O:33][P:52](=[O:7])([O-:11])[O:32][CH2:25][C@H:48]3[O:30][C@@H:46]([n:50]4[cH:20][n:27][c:39]5[c:38]([NH2:2])[n:26][cH:19][n:28][c:40]54)[C@H:42]([OH:13])[C@@H:44]3[OH:15])[C@@H:43]([OH:14])[C@H:41]2[OH:12])[CH:17]=[CH:16][CH2:23]1.[O:3]=[C:34]([O-:8])[CH2:21][CH2:22][C:35](=[O:4])[O-:9],1,3,2.99
ecoli_266,[NH2:1][C:39](=[O:5])[c:40]1[cH:20][n+:52]([C@@H:48]2[O:31][C@H:50]([CH2:26][O:34][P:55](=[O:7])([O-:13])[O:36][P:56](=[O:8])([O-:14])[O:35][CH2:27][C@H:51]3[O:32][C@@H:49]([n:53]4[cH:22][n:29][c:42]5[c:41]([NH2:2])[n:28][cH:21][n:30][c:43]54)[C@H:47]([O:33][P:54](=[O:6])([O-:11])[O-:12])[C@@H:46]3[OH:17])[C@@H:45]([OH:16])[C@H:44]2[OH:15])[cH:19][cH:18][cH:25]1.[O:3]=[CH:37][CH2:23][CH2:24][C:38](=[O:4])[O-:10].[OH2:9]>>[NH2:1][C:39](=[O:5])[C:40]1=[CH:20][N:52]([C@@H:48]2[O:31][C@H:50]([CH2:26][O:34][P:55](=[O:7])([O-:13])[O:36][P:56](=[O:8])([O-:14])[O:35][CH2:27][C@H:51]3[O:32][C@@H:49]([n:53]4[cH:22][n:29][c:42]5[c:41]([NH2:2])[n:28][cH:21][n:30][c:43]54)[C@H:47]([O:33][P:54](=[O:6])([O-:11])[O-:12])[C@@H:46]3[OH:17])[C@@H:45]([OH:16])[C@H:44]2[OH:15])[CH:19]=[CH:18][CH2:25]1.[O:3]=[C:37]([O-:9])[CH2:23][CH2:24][C:38](=[O:4])[O-:10],1,3,0.73
ecoli_267,[CH3:1][C@@H:34]([OH:6])[C@H:40]([NH3+:4])[C:35](=[O:7])[O-:10].[NH2:2][C:33](=[O:5])[c:36]1[cH:19][n+:49]([C@@H:45]2[O:28][C@H:47]([CH2:23][O:30][P:51](=[O:8])([O-:11])[O:32][P:52](=[O:9])([O-:12])[O:31][CH2:24][C@H:48]3[O:29][C@@H:46]([n:50]4[cH:21][n:26][c:38]5[c:37]([NH2:3])[n:25][cH:20][n:27][c:39]54)[C@H:42]([OH:14])[C@@H:44]3[OH:16])[C@@H:43]([OH:15])[C@H:41]2[OH:13])[cH:18][cH:17][cH:22]1>>[CH3:1][C:34](=[O:6])[C@H:40]([NH3+:4])[C:35](=[O:7])[O-:10].[NH2:2][C:33](=[O:5])[C:36]1=[CH:19][N:49]([C@@H:45]2[O:28][C@H:47]([CH2:23][O:30][P:51](=[O:8])([O-:11])[O:32][P:52](=[O:9])([O-:12])[O:31][CH2:24][C@H:48]3[O:29][C@@H:46]([n:50]4[cH:21][n:26][c:38]5[c:37]([NH2:3])[n:25][cH:20][n:27][c:39]54)[C@H:42]([OH:14])[C@@H:44]3[OH:16])[C@@H:43]([OH:15])[C@H:41]2[OH:13])[CH:18]=[CH:17][CH2:22]1,1,2,2.92
ecoli_268,[CH2:3]([SH:46])[C@H:57]([NH3+:5])[C:47](=[O:8])[O-:13].[NH2:4][c:52]1[n:39][cH:27][n:41][c:54]2[c:53]1[n:40][cH:33][n:60]2[C@@H:58]1[O:42][C@H:59]([CH2:37][O:44][P:62](=[O:10])([O-:17])[O:25][P:64](=[O:12])([O-:20])[O:45][P:63](=[O:11])([O-:18])[O-:19])[C@@H:56]([OH:24])[C@H:55]1[OH:23].[O:6]=[C:26]([O-:7])[C@H:28]([CH2:35][c:49]1[cH:31][cH:29][c:48]([OH:22])[cH:30][cH:32]1)[NH3+:38].[OH:1][C@@H:51]([C@H:36]([OH:21])[CH2:34][O:43][P:61](=[O:9])([O-:14])[O-:15])[C:50]([CH3:2])=[O:16]>>[CH3:2][c:50]1[n:38][cH:28][s:46][c:51]1[CH2:36][CH2:34][O:43][P:61](=[O:9])([O-:14])[O-:15].[CH3:3][C@H:57]([NH3+:5])[C:47](=[O:8])[O-:13].[NH2:4][c:52]1[n:39][cH:27][n:41][c:54]2[c:53]1[n:40][cH:33][n:60]2[C@@H:58]1[O:42][C@H:59]([CH2:37][O:44][P:62](=[O:10])([O-:16])[O-:17])[C@@H:56]([OH:24])[C@H:55]1[OH:23].[O:11]=[P:63]([O-:18])([O-:19])[O:45][P:64](=[O:12])([O-:20])[OH:25].[O:6]=[C:26]=[O:7].[OH2:1].[OH:21][CH2:35][c:49]1[cH:31][cH:29][c:48]([OH:22])[cH:30][cH:32]1,1,15,4.03
ecoli_269,[O:1]=[c:33]1[cH:20][cH:21][n:49]([C@@H:45]2[O:29][C@H:48]([CH2:24][O:31][P:52](=[O:5])([O-:10])[O:32][P:51](=[O:4])([O:8][C@H:35]3[O:27][C@H:46]([CH2:22][OH:11])[C@@H:42]([OH:17])[C@H:37]([OH:12])[C@H:40]3[OH:15])[O-:9])[C@@H:44]([OH:19])[C@H:39]2[OH:14])[c:34](=[O:2])[nH:25]1.[O:3]=[P:50]([O-:6])([O-:7])[O:30][CH2:23][C@H:47]1[O:28][CH:36]([OH:26])[C@H:41]([OH:16])[C@@H:38]([OH:13])[C@@H:43]1[OH:18]>>[O:1]=[c:33]1[cH:20][cH:21][n:49]([C@@H:45]2[O:29][C@H:48]([CH2:24][O:31][P:52](=[O:5])([O-:10])[O:32][P:51](=[O:4])([O-:8])[O-:9])[C@@H:44]([OH:19])[C@H:39]2[OH:14])[c:34](=[O:2])[nH:25]1.[O:3]=[P:50]([O-:6])([O-:7])[O:30][CH2:23][C@H:47]1[O:28][C@H:36]([O:26][C@H:35]2[O:27][C@H:46]([CH2:22][OH:11])[C@@H:42]([OH:17])[C@H:37]([OH:12])[C@H:40]2[OH:15])[C@H:41]([OH:16])[C@@H:38]([OH:13])[C@@H:43]1[OH:18],1,2,2.76
ecoli_270,[NH2:1][C:33](=[O:3])[C:35]1=[CH:21][N:49]([C@@H:45]2[O:29][C@H:47]([CH2:24][O:31][P:51](=[O:6])([O-:9])[O:32][P:50](=[O:5])([O-:8])[O:30][CH2:23][C@H:46]3[O:28][C@@H:44]([n:48]4[cH:19][n:26][c:37]5[c:36]([NH2:2])[n:25][cH:17][n:27][c:38]54)[C@H:39]([OH:11])[C@@H:41]3[OH:13])[C@@H:42]([OH:14])[C@H:40]2[OH:12])[CH:20]=[CH:16][CH2:18]1.[O:4]=[C:34]([O-:7])[CH:43]([OH:15])[CH:22]=[O:10]>>[NH2:1][C:33](=[O:3])[c:35]1[cH:18][cH:16][cH:20][n+:49]([C@@H:45]2[O:29][C@H:47]([CH2:24][O:31][P:51](=[O:6])([O-:9])[O:32][P:50](=[O:5])([O-:8])[O:30][CH2:23][C@H:46]3[O:28][C@@H:44]([n:48]4[cH:19][n:26][c:37]5[c:36]([NH2:2])[n:25][cH:17][n:27][c:38]54)[C@H:39]([OH:11])[C@@H:41]3[OH:13])[C@@H:42]([OH:14])[C@H:40]2[OH:12])[cH:21]1.[O:4]=[C:34]([O-:7])[C@H:43]([OH:15])[CH2:22][OH:10],1,2,0.76
ecoli_271,[CH2:2]([C@H:27]([NH3+:7])[C:58](=[O:9])[O-:15])[c:61]1[cH:31][cH:33][c:62]([OH:21])[cH:34][cH:32]1.[CH3:1][S@+:57]([CH2:3][C@H:80]1[O:50][C@@H:76]([n:83]2[cH:36][n:46][c:66]3[c:64]([NH2:5])[n:44][cH:29][n:48][c:68]32)[C@H:70]([OH:22])[C@@H:72]1[OH:24])[CH2:40][CH2:41][C@H:79]([NH3+:8])[C:60](=[O:11])[O-:16].[NH2:4][C:59](=[O:10])[C:63]1=[CH:39][N:85]([C@@H:78]2[O:51][C@H:81]([CH2:42][O:54][P:87](=[O:13])([O-:19])[O:56][P:88](=[O:14])([O-:20])[O:55][CH2:43][C@H:82]3[O:52][C@@H:77]([n:84]4[cH:37][n:47][c:67]5[c:65]([NH2:6])[n:45][cH:30][n:49][c:69]54)[C@H:75]([O:53][P:86](=[O:12])([O-:17])[O-:18])[C@@H:74]3[OH:26])[C@@H:73]([OH:25])[C@H:71]2[OH:23])[CH:38]=[CH:28][CH2:35]1>>[CH3:1][S:57][CH2:40][CH2:41][C@H:79]([NH3+:8])[C:60](=[O:11])[O-:16].[CH3:2][c:61]1[cH:31][cH:33][c:62]([OH:21])[cH:34][cH:32]1.[CH3:3][C@H:80]1[O:50][C@@H:76]([n:83]2[cH:36][n:46][c:66]3[c:64]([NH2:5])[n:44][cH:29][n:48][c:68]32)[C@H:70]([OH:22])[C@@H:72]1[OH:24].[NH2+:7]=[CH:27][C:58](=[O:9])[O-:15].[NH2:4][C:59](=[O:10])[c:63]1[cH:35][cH:28][cH:38][n+:85]([C@@H:78]2[O:51][C@H:81]([CH2:42][O:54][P:87](=[O:13])([O-:19])[O:56][P:88](=[O:14])([O-:20])[O:55][CH2:43][C@H:82]3[O:52][C@@H:77]([n:84]4[cH:37][n:47][c:67]5[c:65]([NH2:6])[n:45][cH:30][n:49][c:69]54)[C@H:75]([O:53][P:86](=[O:12])([O-:17])[O-:18])[C@@H:74]3[OH:26])[C@@H:73]([OH:25])[C@H:71]2[OH:23])[cH:39]1,1,5,7.72
ecoli_272,[CH3:1][C:26](=[O:2])[NH:20][C@H:34]1[C@@H:29]([O:7][P:39](=[O:5])([O-:8])[O:25][P:40](=[O:6])([O-:9])[O:24][CH2:18][C@H:36]2[O:22][C@@H:35]([n:38]3[cH:17][cH:16][c:27](=[O:3])[nH:21][c:28]3=[O:4])[C@H:30]([OH:12])[C@@H:32]2[OH:14])[O:23][C@H:37]([CH2:19][OH:10])[C@@H:33]([OH:15])[C@@H:31]1[OH:13].[OH2:11]>>[CH3:1][C:26](=[O:2])[NH:20][C@@H:34]1[CH:29]([OH:11])[O:23][C@H:37]([CH2:19][OH:10])[C@@H:33]([OH:15])[C@@H:31]1[OH:13].[O:3]=[c:27]1[cH:16][cH:17][n:38]([C@@H:35]2[O:22][C@H:36]([CH2:18][O:24][P:40](=[O:6])([O-:9])[O:25][P:39](=[O:5])([O-:7])[O-:8])[C@@H:32]([OH:14])[C@H:30]2[OH:12])[c:28](=[O:4])[nH:21]1,1,2,2.37
ecoli_273,[CH3:1][C:32](=[O:2])[NH:24][C@H:40]1[C@@H:35]([O:30][P:48](=[O:8])([O-:13])[O-:31])[O:27][C@H:43]([CH2:23][OH:14])[C@@H:39]([OH:18])[C@@H:37]1[OH:16].[O:3]=[c:33]1[cH:20][cH:21][n:44]([C@@H:41]2[O:26][C@H:42]([CH2:22][O:29][P:47](=[O:7])([O-:12])[O:19][P:46](=[O:6])([O-:11])[O:28][P:45](=[O:5])([O-:9])[O-:10])[C@@H:38]([OH:17])[C@H:36]2[OH:15])[c:34](=[O:4])[nH:25]1>>[CH3:1][C:32](=[O:2])[NH:24][C@H:40]1[C@@H:35]([O:30][P:48](=[O:8])([O-:13])[O:31][P:47](=[O:7])([O-:12])[O:29][CH2:22][C@H:42]2[O:26][C@@H:41]([n:44]3[cH:21][cH:20][c:33](=[O:3])[nH:25][c:34]3=[O:4])[C@H:36]([OH:15])[C@@H:38]2[OH:17])[O:27][C@H:43]([CH2:23][OH:14])[C@@H:39]([OH:18])[C@@H:37]1[OH:16].[O:5]=[P:45]([O-:9])([O-:10])[O:28][P:46](=[O:6])([O-:11])[OH:19],1,2,2.68
